INSERT IGNORE INTO component_package (idpackage, name, isroot) VALUES
(1,'input',1);
INSERT IGNORE INTO core_asset (idcoreasset, name, path,size,isNewAsset,idpackage,content) VALUES
(1,'Weather Station User Manual.xml','input/Weather Station User Manual.xml',45,0,1,'PD94bWwgdmVyc2lvbj0iMS4wIiBlbmNvZGluZz0iVVRGLTgiPz4KPD9veHlnZW4gUk5HU2NoZW1hPSJodHRwOi8vd3d3Lm9hc2lzLW9wZW4ub3JnL2RvY2Jvb2sveG1sLzUuMC9ybmcvZG9jYm9vay5ybmciIHR5cGU9InhtbCI/Pgo8YXJ0aWNsZSB4bWxucz0iaHR0cDovL2RvY2Jvb2sub3JnL25zL2RvY2Jvb2siCiAgICB4bWxuczp4bGluaz0iaHR0cDovL3d3dy53My5vcmcvMTk5OS94bGluayIgdmVyc2lvbj0iNS4wIj4KICAgIDxpbmZvPgogICAgICAgIDx0aXRsZT5XZWF0aGVyIFN0YXRpb24gVXNlciBNYW51YWw8L3RpdGxlPgogICAgPC9pbmZvPgogICAgPHNlY3QxPgogICAgICAgIDx0aXRsZT5JbnRyb2R1Y3Rpb248L3RpdGxlPgogICAgICAgIDxwYXJhPlRoZSBzeXN0ZW0gc3VwcG9ydHMgdGhlIGZvbGxvd2luZyBtZWFzdXJlbWVudHM6PC9wYXJhPgogICAgICAgIDxzaW1wbGVsaXN0PgogICAgICAgICAgICA8bWVtYmVyIGNvbmRpdGlvbj0icHY6aGFzRmVhdHVyZSgnQWlyUHJlc3N1cmUnKSI+QWlyIFByZXNzdXJlPC9tZW1iZXI+CiAgICAgICAgICAgIDxtZW1iZXIgY29uZGl0aW9uPSJwdjpoYXNGZWF0dXJlKCdUZW1wZXJhdHVyZScpIj5UZW1wZXJhdHVyZTwvbWVtYmVyPgogICAgICAgICAgICA8bWVtYmVyIGNvbmRpdGlvbj0icHY6aGFzRmVhdHVyZSgnV2luZFNwZWVkJykiPldpbmQgU3BlZWQ8L21lbWJlcj48L3NpbXBsZWxpc3Q+CiAgICA8L3NlY3QxPgogICAgPHNlY3QxIGNvbmRpdGlvbj0icHY6aGFzRmVhdHVyZSgnQWlyUHJlc3N1cmUnKSI+CiAgICAgICAgPHRpdGxlPlVuZGVyc3RhbmRpbmcgdGhlIEFpciBQcmVzc3VyZSBHYXVnZTwvdGl0bGU+CiAgICAgICAgPHBhcmE+TG9yZW0gaXBzdW0gZG9sb3Igc2l0IGFtZXQsIGNvbnNldGV0dXIgc2FkaXBzY2luZyBlbGl0ciwgc2VkIGRpYW0gbm9udW15IGVpcm1vZCB0ZW1wb3IKICAgICAgICAgICAgaW52aWR1bnQgdXQgbGFib3JlIGV0IGRvbG9yZSBtYWduYSBhbGlxdXlhbSBlcmF0LCBzZWQgZGlhbSB2b2x1cHR1YS4gQXQgdmVybyBlb3MgZXQKICAgICAgICAgICAgYWNjdXNhbSBldCBqdXN0byBkdW8gZG9sb3JlcyBldCBlYSByZWJ1bS4gU3RldCBjbGl0YSBrYXNkIGd1YmVyZ3Jlbiwgbm8gc2VhIHRha2ltYXRhCiAgICAgICAgICAgIHNhbmN0dXMgZXN0IExvcmVtIGlwc3VtIGRvbG9yIHNpdCBhbWV0LjwvcGFyYT4KICAgIDwvc2VjdDE+CiAgICA8c2VjdDEgY29uZGl0aW9uPSJwdjpoYXNGZWF0dXJlKCdUZW1wZXJhdHVyZScpIj4KICAgICAgICA8dGl0bGU+VW5kZXJzdGFuZGluZyB0aGUgVGhlcm1vbWV0ZXI8L3RpdGxlPgogICAgICAgIDxwYXJhPkxvcmVtIGlwc3VtIGRvbG9yIHNpdCBhbWV0LCBjb25zZXRldHVyIHNhZGlwc2NpbmcgZWxpdHIsIHNlZCBkaWFtIG5vbnVteSBlaXJtb2QgdGVtcG9yCiAgICAgICAgICAgIGludmlkdW50IHV0IGxhYm9yZSBldCBkb2xvcmUgbWFnbmEgYWxpcXV5YW0gZXJhdCwgc2VkIGRpYW0gdm9sdXB0dWEuIEF0IHZlcm8gZW9zIGV0CiAgICAgICAgICAgIGFjY3VzYW0gZXQganVzdG8gZHVvIGRvbG9yZXMgZXQgZWEgcmVidW0uIFN0ZXQgY2xpdGEga2FzZCBndWJlcmdyZW4sIG5vIHNlYSB0YWtpbWF0YQogICAgICAgICAgICBzYW5jdHVzIGVzdCBMb3JlbSBpcHN1bSBkb2xvciBzaXQgYW1ldC48L3BhcmE+CiAgICAgICAgPHNlY3QyIGNvbmRpdGlvbj0icHY6aGFzRmVhdHVyZSgnSGVhdCcpIj4KICAgICAgICAgICAgPHRpdGxlPkhpZ2ggVGVtcGVyYXR1cmUgV2FybmluZzwvdGl0bGU+CiAgICAgICAgICAgIDxwYXJhPkxvcmVtIGlwc3VtIGRvbG9yIHNpdCBhbWV0LCBjb25zZXRldHVyIHNhZGlwc2NpbmcgZWxpdHIsIHNlZCBkaWFtIG5vbnVteSBlaXJtb2QgdGVtcG9yIGludmlkdW50IHV0IGxhYm9yZSBldCBkb2xvcmUgbWFnbmEgYWxpcXV5YW0gZXJhdCwgc2VkIGRpYW0gdm9sdXB0dWEuIEF0IHZlcm8gZW9zIGV0IGFjY3VzYW0gZXQganVzdG8gZHVvIGRvbG9yZXMgZXQgZWEgcmVidW0uIFN0ZXQgY2xpdGEga2FzZCBndWJlcmdyZW4sIG5vIHNlYSB0YWtpbWF0YSBzYW5jdHVzIGVzdCBMb3JlbSBpcHN1bSBkb2xvciBzaXQgYW1ldC48L3BhcmE+CiAgICAgICAgPC9zZWN0Mj4KICAgIDwvc2VjdDE+CiAgICA8c2VjdDEgY29uZGl0aW9uPSJwdjpoYXNGZWF0dXJlKCdXaW5kU3BlZWQnKSI+CiAgICAgICAgPHRpdGxlPlVuZGVyc3RhbmRpbmcgdGhlIFdpbmQgU3BlZWQgR2F1Z2U8L3RpdGxlPgogICAgICAgIDxwYXJhPkxvcmVtIGlwc3VtIGRvbG9yIHNpdCBhbWV0LCBjb25zZXRldHVyIHNhZGlwc2NpbmcgZWxpdHIsIHNlZCBkaWFtIG5vbnVteSBlaXJtb2QgdGVtcG9yCiAgICAgICAgICAgIGludmlkdW50IHV0IGxhYm9yZSBldCBkb2xvcmUgbWFnbmEgYWxpcXV5YW0gZXJhdCwgc2VkIGRpYW0gdm9sdXB0dWEuIEF0IHZlcm8gZW9zIGV0CiAgICAgICAgICAgIGFjY3VzYW0gZXQganVzdG8gZHVvIGRvbG9yZXMgZXQgZWEgcmVidW0uIFN0ZXQgY2xpdGEga2FzZCBndWJlcmdyZW4sIG5vIHNlYSB0YWtpbWF0YQogICAgICAgICAgICBzYW5jdHVzIGVzdCBMb3JlbSBpcHN1bSBkb2xvciBzaXQgYW1ldC48L3BhcmE+CiAgICAgICAgPHNlY3QyIGNvbmRpdGlvbj0icHY6aGFzRmVhdHVyZSgnR2FsZScpIj4KICAgICAgICAgICAgPHRpdGxlPkdhbGUgV2FybmluZzwvdGl0bGU+CiAgICAgICAgICAgIDxwYXJhPkxvcmVtIGlwc3VtIGRvbG9yIHNpdCBhbWV0LCBjb25zZXRldHVyIHNhZGlwc2NpbmcgZWxpdHIsIHNlZCBkaWFtIG5vbnVteSBlaXJtb2QgdGVtcG9yIGludmlkdW50IHV0IGxhYm9yZSBldCBkb2xvcmUgbWFnbmEgYWxpcXV5YW0gZXJhdCwgc2VkIGRpYW0gdm9sdXB0dWEuIEF0IHZlcm8gZW9zIGV0IGFjY3VzYW0gZXQganVzdG8gZHVvIGRvbG9yZXMgZXQgZWEgcmVidW0uIFN0ZXQgY2xpdGEga2FzZCBndWJlcmdyZW4sIG5vIHNlYSB0YWtpbWF0YSBzYW5jdHVzIGVzdCBMb3JlbSBpcHN1bSBkb2xvciBzaXQgYW1ldC48L3BhcmE+CiAgICAgICAgPC9zZWN0Mj4KICAgIDwvc2VjdDE+CjwvYXJ0aWNsZT4K');
INSERT IGNORE INTO component_package (idpackage, name, isroot) VALUES
(2,'css',0);
INSERT IGNORE INTO core_asset (idcoreasset, name, path,size,isNewAsset,idpackage,content) VALUES
(2,'imports.css','input/css/imports.css',6,0,2,'QGltcG9ydCAidGhlcm1vbWV0ZXIuY3NzIjsKQGltcG9ydCAicHJlc3N1cmUuY3NzIjsKQGltcG9ydCAid2luZC5jc3MiOwpAaW1wb3J0ICJ0YWNoby5jc3MiOwoKYm9keSB7IGZvbnQtc2l6ZTogMThweDsgfQo=');
INSERT IGNORE INTO core_asset (idcoreasset, name, path,size,isNewAsset,idpackage,content) VALUES
(3,'main.css','input/css/main.css',48,0,2,'QGltcG9ydCAiaW1wb3J0cy5jc3MiOwoKYm9keSB7Cgl3aWR0aDogMTAwJTsKCWJhY2tncm91bmQtY29sb3I6ICNjY2M7Cglmb250LWZhbWlseTogVmVyZGFuYSxzYW5zLXNlcmlmOwoJbWFyZ2luOiAwcHg7Cn0KCiNib3JkZXIgewoJbWFyZ2luOiAwcHg7CglwYWRkaW5nOiAyMHB4IDBweDsKCWJhY2tncm91bmQtY29sb3I6ICNjY2M7Cn0KCiNmcmFtZXdvcmsgewoJYmFja2dyb3VuZC1jb2xvcjogI2NjYzsKCW1hcmdpbjogMHB4IGF1dG87Cgl3aWR0aDogMTAwN3B4OwoJdGV4dC1hbGlnbjogY2VudGVyOwp9CgpoMSB7Cgl0ZXh0LWFsaWduOiBjZW50ZXI7Cn0KCmgyIHsKCXRleHQtYWxpZ246IGNlbnRlcjsKCW1hcmdpbjogMHB4OwoJbWFyZ2luLWJvdHRvbTogNDBweDsKfQoKLmRpc3BsYXkgewoJZmxvYXQ6IGxlZnQ7CgliYWNrZ3JvdW5kLWNvbG9yOiAjODA4MDgwOwoJbWFyZ2luOiAxcHg7CglwYWRkaW5nOiAyMHB4IDBweDsKfQoKLmNsciB7CgljbGVhcjogYm90aDsKfQoKI3dhcm5pbmcgewoJY29sb3I6ICNlZjIxMDI7CgltYXJnaW4tdG9wOiAzMHB4OwoJZm9udC1zaXplOiAxLjVlbTsKfQo=');
INSERT IGNORE INTO core_asset (idcoreasset, name, path,size,isNewAsset,idpackage,content) VALUES
(4,'pressure.css','input/css/pressure.css',35,0,2,'LnByZXNzdXJlIHsKCXdpZHRoOiA0MDBweDsKfQoKI3ByZXNzdXJlIHsKCXBvc2l0aW9uOiByZWxhdGl2ZTsKCXRleHQtYWxpZ246IGNlbnRlcjsKCWJhY2tncm91bmQtY29sb3I6IHdoaXRlOwoJd2lkdGg6IDQwMHB4OwoJaGVpZ2h0OiA0MThweDsKCXBhZGRpbmctYm90dG9tOiAxMHB4Owp9CgojcF9tYWluIHsKCXBvc2l0aW9uOiByZWxhdGl2ZTsKfQoKI3ByZXNzdXJlIGZvcm0gZGl2IHsKCXBvc2l0aW9uOiBhYnNvbHV0ZTsKCXRleHQtYWxpZ246IGxlZnQ7Cgl0b3A6IDM2MHB4OwoJbGVmdDogNDVweDsKfQoKI3BfcGljIHsKCWJhY2tncm91bmQtY29sb3I6ICNmZmZmNzg7Cgl3aWR0aDogMjgycHg7CgloZWlnaHQ6IDI4MnB4OwoJbWFyZ2luOiAwcHggYXV0bzsKfQoKI3BfcGljIGRpdiBkaXYgewoJd2lkdGg6IDI4MnB4OwoJaGVpZ2h0OiAyODJweDsKfQo=');
INSERT IGNORE INTO core_asset (idcoreasset, name, path,size,isNewAsset,idpackage,content) VALUES
(5,'tacho.css','input/css/tacho.css',56,0,2,'LnRhY2hvIC5iYWNrZ3JvdW5kIHsKCWJhY2tncm91bmQ6IHVybCgiLi4vaW1hZ2VzL3RhY2hvLnBuZyIpIGJvdHRvbSByaWdodCBuby1yZXBlYXQ7Cn0KCi50YWNobyAubnVtYmVyIHsKCXdoaXRlLXNwYWNlOiBub3dyYXA7CglvdmVyZmxvdzogdmlzaWJsZTsKCXdpZHRoOiA1NXB4Owp9CgoudGFjaG8gLnRleHRfMCB7Cglwb3NpdGlvbjogYWJzb2x1dGU7CglyaWdodDogMzEwcHg7Cglib3R0b206IDUwcHg7Cgl0ZXh0LWFsaWduOiByaWdodDsKfQoKLnRhY2hvIC50ZXh0XzIgewoJcG9zaXRpb246IGFic29sdXRlOwoJcmlnaHQ6IDM0NXB4OwoJYm90dG9tOiAxNTBweDsKCXRleHQtYWxpZ246IHJpZ2h0Owp9CgoudGFjaG8gLnRleHRfNCB7Cglwb3NpdGlvbjogYWJzb2x1dGU7CglyaWdodDogMzEwcHg7Cglib3R0b206IDI1MHB4OwoJdGV4dC1hbGlnbjogcmlnaHQ7Cn0KCi50YWNobyAudGV4dF85IHsKCXBvc2l0aW9uOiBhYnNvbHV0ZTsKCWxlZnQ6IDMxMHB4OwoJYm90dG9tOiAyNTBweDsKCXRleHQtYWxpZ246IGxlZnQ7Cn0KCi50YWNobyAudGV4dF8xMSB7Cglwb3NpdGlvbjogYWJzb2x1dGU7CglsZWZ0OiAzNDVweDsKCWJvdHRvbTogMTUwcHg7Cgl0ZXh0LWFsaWduOiBsZWZ0Owp9CgoudGFjaG8gLnRleHRfMTMgewoJcG9zaXRpb246IGFic29sdXRlOwoJbGVmdDogMzEwcHg7Cglib3R0b206IDUwcHg7Cgl0ZXh0LWFsaWduOiBsZWZ0Owp9CgoudGFjaG8gLnVuaXQgewoJcG9zaXRpb246IHJlbGF0aXZlOwoJYm90dG9tOiAxMDRweDsKfQoK');
INSERT IGNORE INTO core_asset (idcoreasset, name, path,size,isNewAsset,idpackage,content) VALUES
(6,'thermometer.css','input/css/thermometer.css',96,0,2,'LnRoZXJtb21ldGVyIHsKCXdpZHRoOiAyMDBweDsKfQkKCiN0aGVybW9tZXRlciB7Cglwb3NpdGlvbjogcmVsYXRpdmU7Cgl0ZXh0LWFsaWduOiBjZW50ZXI7CgliYWNrZ3JvdW5kLWNvbG9yOiB3aGl0ZTsKCXdpZHRoOiAyMDBweDsKCWhlaWdodDogNDE4cHg7CgltYXJnaW46IDBweCBhdXRvOwoJcGFkZGluZy1ib3R0b206IDEwcHg7Cn0KCiN0X21haW4gewoJcG9zaXRpb246IGFic29sdXRlOwoJaGVpZ2h0OiAyOTdweDsKCXdpZHRoOiAxMThweDsKCW1hcmdpbjogMHB4OwoJdG9wOiA1NXB4OwoJbGVmdDogNTVweDsKfQoKI3RoZXJtb21ldGVyIGZvcm0gZGl2IHsKCXBvc2l0aW9uOiBhYnNvbHV0ZTsKCXRleHQtYWxpZ246IGxlZnQ7Cgl0b3A6IDM2MHB4OwoJbGVmdDogMzVweDsKfSAKCiN0X3VwcGVyIHsKCXBvc2l0aW9uOiBhYnNvbHV0ZTsKCWxlZnQ6IDE3cHg7Cgl0b3A6IDM1cHg7CgloZWlnaHQ6IDE5M3B4OwoJd2lkdGg6IDMxcHg7CgliYWNrZ3JvdW5kOiB1cmwoIi4uL2ltYWdlcy90aGVybW9tZXRlcl91cHBlci5wbmciKSB0b3AgY2VudGVyIG5vLXJlcGVhdDsKCW92ZXJmbG93OiBoaWRkZW47Cn0KCiN0X3VwcGVyX3JlZCB7Cglwb3NpdGlvbjogcmVsYXRpdmU7CgloZWlnaHQ6IDE5M3B4OwoJd2lkdGg6IDExcHg7CgltYXJnaW46IDEwcHggMTVweCAwcHggNXB4OwoJYmFja2dyb3VuZC1jb2xvcjogcmVkOwp9CgojdF91cHBlcl93aGl0ZSB7Cgl3aWR0aDogMTFweDsKCXBhZGRpbmctYm90dG9tOiA1cHg7CgliYWNrZ3JvdW5kOiByZWQgdXJsKCIuLi9pbWFnZXMvdGhlcm1vbWV0ZXJfaW5uZXJfdG9wLnBuZyIpIGJvdHRvbSBjZW50ZXIgbm8tcmVwZWF0OwoJbWFyZ2luOiAwcHg7Cn0KCiN0X3VwcGVyX3doaXRlIGRpdiB7CgliYWNrZ3JvdW5kLWNvbG9yOiB3aGl0ZTsKfQoKI3Rfc2NhbGUgewoJcG9zaXRpb246IGFic29sdXRlOwoJaGVpZ2h0OiAyMzVweDsKCXdpZHRoOiA1NXB4OwoJbGVmdDogMzJweDsKCXRvcDogMHB4OwoJcGFkZGluZy10b3A6IDBweDsKCXBhZGRpbmctbGVmdDogMHB4Owp9CgojdF9zY2FsZSAubnVtYmVyIHsKCWhlaWdodDogMTdweDsKCW1hcmdpbjogMHB4OwoJbWFyZ2luLWJvdHRvbTogMTdweDsKCW1hcmdpbi1sZWZ0OiAyNXB4OwoJcGFkZGluZy1sZWZ0OiAwcHg7Cgl0ZXh0LWFsaWduOiByaWdodDsKCXdoaXRlLXNwYWNlOiBub3dyYXA7Cn0KCiN0X3NjYWxlIC51bml0IHsKCWhlaWdodDogMTdweDsKCW1hcmdpbjogMHB4OwoJbWFyZ2luLWJvdHRvbTogMjVweDsKCW1hcmdpbi1sZWZ0OiAwcHg7Cgl0ZXh0LWFsaWduOiBsZWZ0OwoJd2hpdGUtc3BhY2U6IG5vd3JhcDsKfQoKI3RfbG93ZXIgewoJcG9zaXRpb246IGFic29sdXRlOwoJdG9wOiAyMjhweDsKCWxlZnQ6IDBweDsKCWhlaWdodDogNTJweDsKCXdpZHRoOiA1NXB4OwoJYmFja2dyb3VuZDogcmVkIHVybCgiLi4vaW1hZ2VzL3RoZXJtb21ldGVyX2xvd2VyLnBuZyIpIGJvdHRvbSByaWdodCBuby1yZXBlYXQ7Cn0K');
INSERT IGNORE INTO core_asset (idcoreasset, name, path,size,isNewAsset,idpackage,content) VALUES
(7,'thermometer_blue.css','input/css/thermometer_blue.css',96,0,2,'LnRoZXJtb21ldGVyIHsKCXdpZHRoOiAyMDBweDsKfQkKCiN0aGVybW9tZXRlciB7Cglwb3NpdGlvbjogcmVsYXRpdmU7Cgl0ZXh0LWFsaWduOiBjZW50ZXI7CgliYWNrZ3JvdW5kLWNvbG9yOiB3aGl0ZTsKCXdpZHRoOiAyMDBweDsKCWhlaWdodDogNDE4cHg7CgltYXJnaW46IDBweCBhdXRvOwoJcGFkZGluZy1ib3R0b206IDEwcHg7Cn0KCiN0X21haW4gewoJcG9zaXRpb246IGFic29sdXRlOwoJaGVpZ2h0OiAyOTdweDsKCXdpZHRoOiAxMThweDsKCW1hcmdpbjogMHB4OwoJdG9wOiA1NXB4OwoJbGVmdDogNTVweDsKfQoKI3RoZXJtb21ldGVyIGZvcm0gZGl2IHsKCXBvc2l0aW9uOiBhYnNvbHV0ZTsKCXRleHQtYWxpZ246IGxlZnQ7Cgl0b3A6IDM2MHB4OwoJbGVmdDogMzVweDsKfSAKCiN0X3VwcGVyIHsKCXBvc2l0aW9uOiBhYnNvbHV0ZTsKCWxlZnQ6IDE3cHg7Cgl0b3A6IDM1cHg7CgloZWlnaHQ6IDE5M3B4OwoJd2lkdGg6IDMxcHg7CgliYWNrZ3JvdW5kOiB1cmwoIi4uL2ltYWdlcy90aGVybW9tZXRlcl91cHBlci5wbmciKSB0b3AgY2VudGVyIG5vLXJlcGVhdDsKCW92ZXJmbG93OiBoaWRkZW47Cn0KCiN0X3VwcGVyX3JlZCB7Cglwb3NpdGlvbjogcmVsYXRpdmU7CgloZWlnaHQ6IDE5M3B4OwoJd2lkdGg6IDExcHg7CgltYXJnaW46IDEwcHggMTVweCAwcHggNXB4OwoJYmFja2dyb3VuZC1jb2xvcjogYmx1ZTsKfQoKI3RfdXBwZXJfd2hpdGUgewoJd2lkdGg6IDExcHg7CglwYWRkaW5nLWJvdHRvbTogNXB4OwoJYmFja2dyb3VuZDogYmx1ZSB1cmwoIi4uL2ltYWdlcy90aGVybW9tZXRlcl9pbm5lcl90b3AucG5nIikgYm90dG9tIGNlbnRlciBuby1yZXBlYXQ7CgltYXJnaW46IDBweDsKfQoKI3RfdXBwZXJfd2hpdGUgZGl2IHsKCWJhY2tncm91bmQtY29sb3I6IHdoaXRlOwp9CgojdF9zY2FsZSB7Cglwb3NpdGlvbjogYWJzb2x1dGU7CgloZWlnaHQ6IDIzNXB4OwoJd2lkdGg6IDU1cHg7CglsZWZ0OiAzMnB4OwoJdG9wOiAwcHg7CglwYWRkaW5nLXRvcDogMHB4OwoJcGFkZGluZy1sZWZ0OiAwcHg7Cn0KCiN0X3NjYWxlIC5udW1iZXIgewoJaGVpZ2h0OiAxN3B4OwoJbWFyZ2luOiAwcHg7CgltYXJnaW4tYm90dG9tOiAxN3B4OwoJbWFyZ2luLWxlZnQ6IDI1cHg7CglwYWRkaW5nLWxlZnQ6IDBweDsKCXRleHQtYWxpZ246IHJpZ2h0OwoJd2hpdGUtc3BhY2U6IG5vd3JhcDsKfQoKI3Rfc2NhbGUgLnVuaXQgewoJaGVpZ2h0OiAxN3B4OwoJbWFyZ2luOiAwcHg7CgltYXJnaW4tYm90dG9tOiAyNXB4OwoJbWFyZ2luLWxlZnQ6IDBweDsKCXRleHQtYWxpZ246IGxlZnQ7Cgl3aGl0ZS1zcGFjZTogbm93cmFwOwp9CgojdF9sb3dlciB7Cglwb3NpdGlvbjogYWJzb2x1dGU7Cgl0b3A6IDIyOHB4OwoJbGVmdDogMHB4OwoJaGVpZ2h0OiA1MnB4OwoJd2lkdGg6IDU1cHg7CgliYWNrZ3JvdW5kOiBibHVlIHVybCgiLi4vaW1hZ2VzL3RoZXJtb21ldGVyX2xvd2VyLnBuZyIpIGJvdHRvbSByaWdodCBuby1yZXBlYXQ7Cn0K');
INSERT IGNORE INTO core_asset (idcoreasset, name, path,size,isNewAsset,idpackage,content) VALUES
(8,'wind.css','input/css/wind.css',35,0,2,'LndpbmQgewoJd2lkdGg6IDQwMHB4Owp9CQoKI3dpbmQgewoJcG9zaXRpb246IHJlbGF0aXZlOwoJdGV4dC1hbGlnbjogY2VudGVyOwoJYmFja2dyb3VuZC1jb2xvcjogd2hpdGU7Cgl3aWR0aDogNDAwcHg7CgloZWlnaHQ6IDQxOHB4OwoJcGFkZGluZy1ib3R0b206IDEwcHg7Cn0KCiN3X21haW4gewoJcG9zaXRpb246IHJlbGF0aXZlOwp9Cgojd2luZCBmb3JtIGRpdiB7Cglwb3NpdGlvbjogYWJzb2x1dGU7Cgl0ZXh0LWFsaWduOiBsZWZ0OwoJdG9wOiAzNjBweDsKCWxlZnQ6IDQ1cHg7Cn0KCiN3X3BpYyB7CgliYWNrZ3JvdW5kLWNvbG9yOiAjODg4OGZmOwoJd2lkdGg6IDI4MnB4OwoJaGVpZ2h0OiAyODJweDsKCW1hcmdpbjogMHB4IGF1dG87Cn0KCiN3X3BpYyBkaXYgZGl2IHsKCXdpZHRoOiAyODJweDsKCWhlaWdodDogMjgycHg7Cn0K');
INSERT IGNORE INTO component_package (idpackage, name, isroot) VALUES
(3,'images',0);
INSERT IGNORE INTO core_asset (idcoreasset, name, path,size,isNewAsset,idpackage,content) VALUES
(9,'n_0.png','input/images/n_0.png',7,0,3,'77+9UE5HChoKAAAACklIRFIAAAEaAAABGggGAAAAzrPvv73vv70AAAAGYktHRADvv70A77+9AO+/ve+/ve+/ve+/ve+/vQAAAAlwSFlzAAALEwAACxMBAO+/ve+/vRgAAAAHdElNRQfvv70IGA8vNe+/ve+/vVAAAAAddEVYdENvbW1lbnQAQ3JlYXRlZCB3aXRoIFRoZSBHSU1Q77+9ZCVuAAAC77+9SURBVHjvv73vv73YgQnvv70gDEVBde+/ve+/ve+/vQTvv70iKO+/ve+/vW4ETR/vv73vv70BAAAAAAAAAAAAAAAAAAAAAAAAAAAAAAAAAAAAAAAAAAAAAAAAAAAAAAAAAAAAAAAAAAAAAAAAAAAAAAAAAAAAAAAAAAAAAAAAAAAAAAAAAAAAAAAAAAAAAAAAAAAAAAAAAAAAAAAAAAAAAAAAAAAAAAAAAAAAAAAAAAAAAAAAAAAAAAAAAAAAAAAAAAAAAAAAAAAAAAAAAO+/vVHvv70jYEV3BCxE77+977+9IDQcecmYHT4b77+9AO+/vRJeNO+/vTkw77+9By8a77+9Yu+/ve+/vUsG77+9QWTvv70MQu+/ve+/vSA0BAXGrCA077+9DELvv71VCe+/vUFk77+9BkLvv73vv70gNO+/vQwYKu+/ve+/vUVo77+977+9QWgQGRAaRAbvv71BZBAaR1AuMO+/vR3vv71BZBAa77+9SiA0Iu+/vREaRAbvv70hKDDvv70X77+9QWQQGu+/vUogNCLvv70+ERpEBgxnUGDvv70jQu+/vciAIe+/vSrvv73QiO+/vXtDaBAZMO+/vSIDQu+/ve+/ve+/vQgKXjEgNCIDQu+/vciAYRYZEO+/vXLvv71xJwgKXjEgNCIDQiMy77+9AO+/vUFkQGjvv70C77+977+9ERpEBu+/vcaqBEIjMu+/vRoM77+9yIDvv70EBe+/vRnvv73vv71AZEBo77+9SiA0Iu+/vUxBaEQG77+9Jigw77+9EnwcIgNCY1UC77+9ERlnB0IjMiA0IgNC77+977+977+9IDReMSA0IgPvv73vv71EBu+/vUZkQGjvv70FRmRAaEQG77+9xqoEFO+/ve+/vUQG77+9RmRAaHIDIzIgNCIDQmNVAgrvv71GZEBoRAbvv70mNzAiA0IjMiA0ViXvv71gaEQG77+9RmTvv707P0rvv71jQGhEBu+/ve+/ve+/vSpB77+9Ie+/ve+/vQ/vv73vv71VIzIgNFtjIzJgdRJHAAAAAAAAAAAAAAAAAAAAAAAAAAAAAAAAAAAAAAAAAAAAAAAAAAAAAAAAAAAAAAAAAAAAAAAAAAAAAABg77+9Ce+/vRdXXO+/vS5JDwAAAABJRU5E77+9QmDvv70K');
INSERT IGNORE INTO core_asset (idcoreasset, name, path,size,isNewAsset,idpackage,content) VALUES
(10,'n_1.png','input/images/n_1.png',9,0,3,'77+9UE5HChoKAAAACklIRFIAAAEaAAABGggGAAAAzrPvv73vv70AAAAGYktHRADvv70A77+9AO+/ve+/ve+/ve+/ve+/vQAAAAlwSFlzAAALEwAACxMBAO+/ve+/vRgAAAAHdElNRQfvv70IGA8xEu+/ve+/vVDvv70AAAAddEVYdENvbW1lbnQAQ3JlYXRlZCB3aXRoIFRoZSBHSU1Q77+9ZCVuAAAFfklEQVR477+977+977+9W++/vWdlGe+/veGfju+/vSjvv73vv71lVmoR77+9FRHvv73vv71I77+9WmIx77+9GCEhHSwZ77+977+9ZETvv73vv71FR++/vQoLTO+/ve+/ve+/ve+/vURL77+977+977+977+9C++/vRLvv71R0oIyKe+/vRrvv73vv70m77+9WDbvv70u77+977+9aRsO77+977+9Re+/vX4eWHzvv71hfRcv77+977+977+977+977+9WAAAAAAAAAAAAAAAAAAAAAAAAAAAAAAAAAAAAAAAAAAAAAAAAAAAAAAAAAAAAAAAAAAAAAAAAAAAAAAAAAAAAAAAAAAAAAAAAAAAAAAAAAAAAAAAAAAAAAAAAAAAAAAAAAAAAAAAAAAAAAAAAAAAAAAAAAAAAAAAAAAAAAAAAAAAAAAAAAAAAAAAAAAAAAAAAAAAAAAAAADvv71sY3Vo77+977+9ai/vv70A77+977+9Xl1dVO+/vW7vv70SDu+/vWxP77+977+977+9zqnvv71dXVPvv71XLe+/vXjvv70JEzDvv71J77+977+977+9b++/vS3vv70877+9c++/vXAB77+977+9PlPvv73vv70677+977+9Xu+/vVxF77+9We+/ve+/vS1877+977+9Qe+/ve+/ve+/ve+/ve+/vVvvv70nV3/vv73vv71U77+977+977+9Xlvvv70o77+977+9SgdVR1Tvv71V77+977+977+9V1nvv73vv71877+9flU9WO+/vS/vv73vv71Kb++/ve+/vVU9MCPvv70sTRXvv70X77+977+9TO+/vT1fSEHvv73vv73vv73vv73vv73vv73vv71v77+977+977+9SC7vv73vv73ur77vv70Y77+977+9KO+/ve+/vWXvv73vv73vv73vv70K77+966ut77+9U2bvv73vv73vv73vv71kSlZ/77+977+977+9fiHvv73vv71+be+/ve+/vUPvv73jqpsbA++/vWvvv71cHu+/vT7vv73vv70+77+977+977+977+9Rwjvv716XXV5dX3vv73vv73mjbssTe+/ve+/vceq77+9Qgrvv71Y77+977+977+977+977+9Au+/ve+/vSlBHVLvv73vv70677+977+9IO+/ve+/ve+/vW3vv70O77+977+977+9WFA3N++/ve+/vVp977+9eu+/ve+/vQJVT++/ve+/ve+/vX44Je+/ve+/ve+/ve+/vWYk77+9Xe+/ve+/ve+/vQ8177+9L++/vSPvv73vv73vv70Y77+9e2x5V3Xvv71U77+977+9O++/ve+/vR3vv71X77+9d++uvjvvv70KWO+/vQ7vv73vv71UX++/vc6YEu+/ve+/vRnvv73Lg++/ve+/ve+/vSfvv71+77+977+9AFXvv73vv70xWzR377+977+9PVPvv73vv73vv73vv73vv70CPe+/ve+/vWgs77+977+9bWZyee+/ve+/vV1177+977+977+9aTnvv70B77+977+9Vu+/ve+/ve+/vVbvv73vv73vv73vv70aXV/vv71n77+9C++/vWc2BnRv77+977+977+977+9Oh3vv73vv73Guu+/vTc377+9XQzvv70DPe+/ve+/vUjvv70t77+977+9WWMh3Yvvv70+Nwkr77+9XE7vv73vv73vv70+77+9QHLvv71L77+977+977+9d07vv73vv71ceO+/ve+/vU/vv71277+9Vu+/vU5J5oSZfe+/ve+/vXHvv73vv70TG1Pvv71XN++/ve+/ve+/vXXvv73IqX1eYyvvv73vv73vv73vv73vv70D77+9L++/vQ8IKe+/vdK577+9de+/vXUrP++/ve+/vVx2TO+/ve+/vRvvv73vv73vv70QUu+/ve+/vQXvv70777+9P86sXHZVN1Uf77+977+9O1FI77+977+977+9N++/vWDvv714ShJzB3Z/77+977+9Tu+/vSwhBWosfu+/ve+/ve+/vS5L77+977+9St2l77+977+977+977+9VCEF77+9He+/vTjvv71/77+977+977+9J++/ve+/vdWZ77+977+9AO+/vQkr77+9XO+/vWos77+977+977+9Au+/ve+/ve+/vQXvv71nCCnvv73vv73vv73vv709civvv71a77+9G++/ve+/ve+/ve+/ve+/ve+/vUBhBTZU77+9NO+/ve+/ve+/ve+/vVzvv71pTGnvv70177+977+9HGEF77+9Pu+/vTjvv73vv73vv73vv70P77+9LjVuczzvv71xJzVAW++/ve+/vX9477+977+977+977+977+9Pu+/vTjvv73vv70lQgosO++/ve+/vU7vv73Xue+/ve+/vRXVq++/vcOEE1jvv71c77+9a++/vS7vv73vv70ZSWXvv73vv73vv73vv73vv73vv73vv70EIQXvv70dVV3vv71g77+9fUos77+9N++/vQLYrQ7vv73vv73vv73vv70O77+9E++/vS8t77+9XHZM77+977+9ViEF77+9Pe+/ve+/vWbvv70677+9e++/vWbGpe+/vXPvv73vv70L04B1bmN1UnVh77+977+9I++/ve+/vXpf77+90rTvv70JK3BA47K077+9NO+/ve+/ve+/vVgg77+9XNS4R9qZ77+9QHtVJ0/vv700D++/vUwqd07vv70t77+9N3JZGu+/vXsr77+9Y33vv71U77+93L5A77+977+977+977+91bFZUAdM77+977+9Z++/vT81Lu+/ve+/ve+/vVxuaQwOHy3vv73vv71K17TYmMul1Z/vv71zJBjvv73vv71s77+977+9XG5tbGI8Tgjvv73VuHTvv71J77+977+977+9be+/vRvvv70OWO+/ve+/ve+/vXvvv73vv71Ubmvvv70WbWsc77+977+977+9KGDvv71j77+977+9ZD7vv704Su+/vUpdYGHvv71X77+9Tu+/ve+/ve+/vVzvv70G77+977+977+977+977+9MRIAAAAAAAAAAAAAAAAAAAAAAAAAAAAAAAAAAAAAAAAAAAAAAAAAAAAAAAAAAAAAAAAAAAAAAAAAAAAAAAAAAAAAAAAAAAAAAAAAAAAAAAAAAAAAAAAAAAAAAAAAAAAAAAAAAAAAAB7vv73vv70JHxnvv71X77+977+9WO+/vQAAAABJRU5E77+9QmDvv70K');
INSERT IGNORE INTO core_asset (idcoreasset, name, path,size,isNewAsset,idpackage,content) VALUES
(11,'n_10.png','input/images/n_10.png',19,0,3,'77+9UE5HChoKAAAACklIRFIAAAEaAAABGggGAAAAzrPvv73vv70AAAAGYktHRADvv70A77+9AO+/ve+/ve+/ve+/ve+/vQAAAAlwSFlzAAALEwAACxMBAO+/ve+/vRgAAAAHdElNRQfvv70IGA80EADvv73FjQAAAB10RVh0Q29tbWVudABDcmVhdGVkIHdpdGggVGhlIEdJTVDvv71kJW4AAAV+SURBVHjvv73vv73vv717yJ9lHe+/ve+/ve+/ve+/ve+/ve+/vXBF77+977+91KLvv73vv70QQzvvv73vv73vv71U77+977+9IiIiLArJgu+/vUTvv70R77+9Cu+/vSIDE++/ve+/vU7vv71oJywa77+977+9Q++/vQrvv73vv73vv70MKjoo77+9BR3vv73MkVbvv73vv70/77+977+977+977+9aO+/ve+/vS3vv73vv73vv73vv70f77+977+977+977+977+977+9fe+/ve+/vXVf77+977+9KgAAAAAAAAAAAAAAAAAAAAAAAAAAAAAAAAAAAAAAAAAAAAAAAAAAAAAAAAAAAAAAAAAAAAAAAAAAAAAAAAAAAAAAAAAAAAAAAAAAAAAAAAAAAAAAAAAAAAAAAAAAAAAAAAAAAAAAAO+/ve+/vR5V77+9Kgbvv73vv70h1Yfvv73vv71UB++/ve+/ve+/vVPvv70CLO+/ve+/ve+/vVHvv717Ki5Hfu+/ve+/ve+/vR/vv70kY1jvv73vv71X77+9flY977+9Ou+/vXrEv++/ve+/vT9OPwtwTDZW77+9Ve+/vThK77+9cu+/vc+V77+9A++/vcWZ77+9Fe+/vU/vv71YZFbvv70n77+9EDjvv73vv73vv70F06PPlTPvv73vv73vv73vv73vv73vv71177+9BO+/vSww77+977+9fu+/ve+/ve+/vVxT77+977+977+9YO+/vUzvv70CZzTvv70KPe+/ve+/vcSC77+977+977+977+977+977+977+977+9Ru+/ve+/ve+/vXZK77+977+977+9Ou+/ve+/ve+/vSww77+977+977+977+977+9Ze+/vVjvv73jqqdU77+977+9bO+/ve+/ve+/ve+/ve+/ve+/ve+/vTbvv70CD++/vT5Z77+977+977+9NRXvv73vv71F77+977+977+9au+/vVjvv70t77+9be+/vRcvKCrvv73vv73vv71vaiwOP1jvv73vv73vv71z77+9a++/vVsWFO+/ve+/vVVPawxGPlHvv73vv73vv71t77+9Cu+/vQsbIwDvv70WFO+/ve+/vVdXVe+/vRYr77+9cu+/vdS577+9cioUd++/vSgu77+977+9bu+/vd6a77+977+977+977+91bPvv70vLu+/vVzvv71QPV7vv73vv73vv70Z77+916sPNF4r77+9aWbvv73vv73vv70Y77+91LkAVd2/em5j77+9cW7vv73vv73vv71L77+9C++/ve+/ve+/vRTvv71677+977+977+977+977+977+9Dwvvv73MhdOj77+9EQDvv73vv73vv73vv73vv71TU++/ve+/ve+/ve+/ve+/ve+/ve+/vdW977+9Cu+/ve+/ve+/vXHvv73vv73vv70XFO+/ve+/vVV777+9Lmjvv71IYX3vv71cPe+/vXpZY++/vcu3FhTvv73vv71XH++/vU4UK++/ve+/ve+/ve+/ve+/vUPvv73vv73vv73vv73vv73vv71777+977+9BVh577+977+9aHTvv73vv73vv73vv73vv70I77+9G0UK77+9GAXvv71677+9VCTvv71s77+9MOOrqseKFO+/vXFZ2rnvv73XpiIxZ++/ve+/ve+/vcar77+9G++/ve+/ve+/vRQ43Jvvv70fNXbvv73vv73vv71c77+9XteY77+977+9Olnvv71H77+977+9PtaD77+9c++/ve+/ve+/ve+/vRprJnMfbe+/vVbvv71sXBvvv71f77+977+977+9aNWrG298bm/vv73vv73um6tvNO+/vQoeKlpY347vv73vv71P77+9XlN9b0Fx77+9U++/ve+/ve+/ve+/vVjvv70K77+977+977+9cxvvv73vv71+77+977+977+977+9eFfvv706Cu+/vVPvv70C77+977+9Xlt9e0Hnsrfvv71o77+977+9Xi5SYFtjFO+/ve+/vWLvv73vv73vv73fqXtT77+9CO+/ve+/ve+/vQrUuCzvv70K77+977+977+9Djbvv70I77+9fe+/ve+/ve+/vXzvv70Cde+/vSzvv73vv70277+9a++/vcuM77+977+977+977+977+977+9OO+/ve+/ve+/ve+/vU4Q77+977+977+9fTTvv70/Oe+/vTEdfe+/ve+/vUh0fu+/vTbvv73vv71v77+9Ke+/vT4uVmBT77+9wrTvv70177+9du+/vTNj77+916l7Oe+/vTjvv73vv73vv73vv70B77+9BWrvv70jfWFrfx1977+9Z1djFGB777+977+9NWAd77+9WN2n77+977+977+9fu+/ve+/vS3vv71Hek/vv70IBmsuQE0F77+977+9Cwrvv73vv73vv71+77+977+977+977+9FNa377+9C++/ve+/vdOfP++/vVh7OTDvv73vv73vv73vv73vv71T77+9zKkL77+9Q2MG77+9A++/vVPvv73vv73vv71x1Ysa77+977+9b++/vV7vv73vv71k77+9Vu+/vTbvv70afe+/ve+/ve+/vVjvv73vv71T77+977+977+977+9Le+/vXfvv73vv71c77+93Ljvv73vv70Z77+9Je+/vQp677+9He+/vXXvv70x77+977+9Oe+/vRPvv73vv71eOe+/ve+/vXHvv73vv71LRAoc77+9Xu+/vV3vv70/77+9HnHvv71aXA4077+977+9XNWYM9K577+9A++/vUTvv70a77+977+9WH9Zy7UhBxpv77+9NjfmlK5o77+9QQI477+977+9H2Pvv71yR2ND3Ykdelvvv70b77+9H23vv73vv70uS++/ve+/vTpbXO+/vVzvv70dUVhu77+977+977+9Hl5d77+9GO+/ve+/vSImYO+/vRMaF++/ve+/vVJdWj1bJO+/ve+/vW1D77+977+977+977+9bBUHAAAAAAAAAAAAAAAAAAAAAAAAAAAAAAAAAAAAAAAAAAAAAAAAAAAAAAAAAAAAAAAAAAAAAAAAAAAAAAAAAAAAAAAAAAAAAAAAAAAAAAAAAAAAAAAAAAAAAAAAAAAAAAAAAAAAAAAAAAAAAAAAAAAAAAAAAAAAAAAAAAAAAAAAAAAAAAAAAAAAAAAAAAAAAAAAAAAAAADvv70977+9PwBnHu+/vQIoO++/ve+/vQAAAABJRU5E77+9QmDvv70K');
INSERT IGNORE INTO core_asset (idcoreasset, name, path,size,isNewAsset,idpackage,content) VALUES
(12,'n_11.png','input/images/n_11.png',6,0,3,'77+9UE5HChoKAAAACklIRFIAAAEaAAABGggGAAAAzrPvv73vv70AAAAGYktHRADvv70A77+9AO+/ve+/ve+/ve+/ve+/vQAAAAlwSFlzAAALEwAACxMBAO+/ve+/vRgAAAAHdElNRQfvv70IGA80Iu+/vXjvv70KAAAAHXRFWHRDb21tZW50AENyZWF0ZWQgd2l0aCBUaGUgR0lNUO+/vWQlbgAABO+/vUlEQVR477+977+977+9Te+/vV5XGe+/ve+/ve+/ve+/vWtS77+9NO+/ve+/vVVb77+9Fu+/vWhs77+9fiLvv70g77+9du+/vQvvv70WQdyVbu+/ve+/vUbvv70SxJULN2bvv73Wle+/vUIUKu+/vVVR77+9FTVW77+977+9fjRNW2Pvv70xSVzvv70zOO+/ve+/vdy3YxTvv73vv70PAu+/vXvvv70977+9PM+Ze0/vv73vv70tAAAAAAAAAAAAAAAAAAAAAAAAAAAAAAAAAAAAAAAAAAAAAAAAAAAAAAAAAAAAAAAAAAAAAAAAAAAAAAAAAAAAAAAAAAAAAAAAAAAAAAAAAAAAAAAAAAAAAAAAAAAAAAAAAAAAAAAAAAAAAAAAAAAAAAAAAAAAAAAAAAAAAAAAAAAAAAAAAAAAAAAAAAAAAAAAAAAAAAAA77+9bx3vv71B77+92rbvv71HFtqv77+9UO+/vW/vv73vv70Lfe+/vW7vv73vv70DC++/vQ7vv73vv73vv73vv71C77+9LSvvv71377+977+9Me+/vS3vv70fXiHOkwtzeHzvv73vv73vv70d77+9D++/ve+/ve+/vdqqJ8ua77+9PXh977+977+977+9G++/ve+/vX9W77+977+9Nu+/vTdVH++/ve+/vTDvv73vv70r1Z3vv73vv73vv70CPljvv73vv70+W++/vTdl16oH77+9N1cX77+977+977+9T1QP77+977+9Vm/vv73vv70z77+977+977+977+977+977+977+977+977+9WTzvv70n77+977+977+9f++/vWLvv71Q77+977+977+9UnXvv73vv71xaWLvv73vv73vv71777+9XHRH77+9D1Qn77+977+9VO+/vVfnq49Ub++/ve+/vVRv77+9WO+/vVXvv71VX++/vXxOTWzHqg9P77+9361+MO+/vR/vv73vv73vv71q77+977+9Ge+/vUszPy9NHu+/vU7vv73vv73qo5Pfne+/ve+/ve+/ve+/vTPvv71X77+9d1bvqr5S77+9fe+/ve+/vVTvv73vv73vv73vv73vv73vv70dHu+/vW7vv70uVHfvv73vv73vv73Wme+/ve+/ve+/ve+/ve+/vSnvv73vv71677+977+9fe+/vXp4Yu+/vWfvv71477+9xLHvv71677+977+977+9S++/ve+/ve+/ve+/ve+/vQnvv73vv73vv73vv71136/vv71Y77+977+977+9Vxbvv73vv73Yoe+/ve+/vULvv71z77+9Pl/vv71B77+92YXvv73vv71n77+977+977+9V1bvv71/Ke+/vQsL77+9bSzvv71fZS7vv73vv73vv71ux7zvv73vv73vt5ZO77+9A++/vRnvv73vv73vv71177+9Dy0c77+9U++/ve+/vRVu77+977+977+977+9OXxs77+9Du+/ve+/vR4f77+9egrvv73vv73vv71W77+9Y30h77+977+9K++/ve+/vTQXayvkuLbvv70d77+9bu+/ve+/ve+/ve+/ve+/vXZ777+9V++/ve+/vTg777+9XWfvv73vv70iCHbvv73vv71777+977+9bXc7dywdZO+/vWEv77+977+9QdmrC23vv70v77+9X++/vXc277+9ee+/vQZl77+9Xu+/vRjvv73vv73vv73vv70d77+977+9Gu+/ve+/vQ7vv70XVxhj77+9P++/ve+/vQsr77+9c25h77+9Xlpo77+9U35Xd2nvv71HJ27vv71977+977+9WWzvv73vv73vv73vv73vv73EnO+/ve+/vW5zZ2Xvv73vv71x77+977+9ee+/vXDvv71677+9enTvv71X77+977+977+977+977+977+977+9L++/vR/vv73vv70+77+977+9Tu+/vUbvv73vv73vv73vv73vv71f77+9du+/vT/vv73mu50j77+9x68m77+9c++/vce377+9P++/ve+/ve+/ve+/vWfvv70X77+977+977+9E++/vWNz77+977+9ae+/ve+/ve+/vWzvv73vv71p77+9J++/vUMz77+977+977+977+97que77+977+9x7ct77+9T1Xvv71pc++/vXrvv73vv73vv73vv71/Zu+/vX1+Yu+/ve+/vXnvv73vv70sKls7Whvvv70v77+977+9Ve+/ve+/ve+/vRN0fO+/vX1m77+9f27vv708Uu+/ve+/ve+/ve+/vXXvv71d77+9fj5jfe+/ve+/vR3vv71D77+9T++/vT9O77+9f++/vX5YfXMW77+926o/TO+/ve+/vVnvv71+Me+/vT09ZRvvv73vv71m77+9Dk/vv73vv73vv73vv73vv71Y77+977+9Z1wW77+977+977+977+977+977+9c++/vQXvv70q77+9FO+/vRbvv73vv73vv73vv71u77+977+9Te+/ve+/vV/vv719y7Hvv73vv73vv70rLO+/vUvvv73TuWXvv70477+977+977+977+9Hu+/ve+/ve+/vdud77+9TnkAAAAAAAAAAAAAAAAAAAAAAAAAAAAAAAAAAAAAAAAAAAAAAAAAAAAAAAAAAAAAAAAAAAAAAAAAAAAAAAAAAAAAAAAAAAAAAAAAAAAAAAAAAAAAAAAAAAAAAAAAAAAAAAAAAAAAAAAAAAAAAAAAAAAAAAAAAAAAAAAAAAAAAAAAAAAAAAAAAAAAAAAAAAAAAAAAAAAA77+9Oe+/vQUqMibvv71iPe+/vQAAAABJRU5E77+9QmDvv70K');
INSERT IGNORE INTO core_asset (idcoreasset, name, path,size,isNewAsset,idpackage,content) VALUES
(13,'n_12.png','input/images/n_12.png',10,0,3,'77+9UE5HChoKAAAACklIRFIAAAEaAAABGggGAAAAzrPvv73vv70AAAAGYktHRADvv70A77+9AO+/ve+/ve+/ve+/ve+/vQAAAAlwSFlzAAALEwAACxMBAO+/ve+/vRgAAAAHdElNRQfvv70IGA80OUIdXe+/vQAAAB10RVh0Q29tbWVudABDcmVhdGVkIHdpdGggVGhlIEdJTVDvv71kJW4AAAXvv71JREFUeO+/ve+/ve+/vVvvv73vv71VGe+/veGfp2owcmoKRy1rUksb77+9Du+/ve+/vQHvv73MogI7SUVZQQfvv714UXcFUVR3BhVGJSJRESUU77+9UkRmWRLvv71gWVY6We+/vTRG77+9Me+/vXTvv73vv70wXe+/vW8ac++/ve+/ve+/ve+/ve+/vWPvv73vv70877+977+9fe+/vV8X77+9Ht691rvvv71377+9AgAAAAAAAAAAAAAAAAAAAAAAAAAAAAAAAAAAAAAAAAAAAAAAAAAAAAAAAAAAAAAAAAAAAAAAAAAAAAAAAAAAAAAAAAAAAAAAAAAAAAAAAAAAAAAAAAAAAAAAAAAAAAAAAAAAAAAAAAAAAAAAAAAAAAAAAAAAAAAAAAAAAAAAAAAAAAAAAAAAAAAAAAAAAAAAAAAAAAAAAO+/ve+/ve+/vS0E77+977+9dHHvv73vv716W3Xvv71wAA/vv70nV1dO77+977+977+977+977+9W++/vRdW77+9FSJgJR49Je+/vcWe77+977+977+9BdWr77+9C++/ve+/ve+/ve+/ve+/ve+/vUk2O++/ve+/ve+/vVVr77+9w4UO77+9U++/ve+/vWHvv73vv73vv71zU3V177+977+977+977+977+9au+/vVAC77+977+9VHVJ77+977+9GQln77+9c0Pvv73vv71p77+9A++/vXTvv73vv73MnO+/vTM777+9R1Tvv73vv71O77+977+977+9zpgx77+9N++/veurjdO/77+9aGBBB1d3Ve+/vWwU77+977+977+9Oe+/vR/vv70fTO+/ve+/vSsa77+9WgDvv73vv73vv73vv73vv73vv73vv73vv71T77+977+906Lvv71C77+9T++/vQ8IK++/ve+/vXXvv71T77+977+9Ne+/ve+/vXPvv73NndWF77+9S++/ve+/ve+/ve+/vRrvv73vv73vv71SfX1KHu+/ve+/vUg426fvv73Rlu+/vdWZ77+9M++/vXXfoUbDgz3vv70577+90bLvv73vv73vv73vv73vv71l77+9c3vvv73vv73vv71j77+977+9bxNa77+9Bhbvv71pZnJi77+977+9Ge+/ve+/ve+/ve+/vSzvv71mWmLvv71577+977+9bBVaYCEXVz9q77+9Ze+/vRbvv71/Wn3vv71RFwLvv73vv70h77+9Yu+/vRHvv73vv70b77+977+9XO+/ve+/ve+/ve+/ve+/ve+/ve+/vQM877+977+9au+/vW7vv71bfX8FCe+/ve+/ve+/ve+/vRvvv71Z77+9KO+/ve+/vWJObu+/vXB+U++/ve+/vV1HU++/vXku77+977+9I++/ve+/vWIO77+977+9PiXvv73vv71b77+9xLPvv71k77+977+977+9WO+/ve+/ve+/vWnvv70KLGV177+9ONG577+977+9fzV277+9flHvv73vv73vv70L77+9Tljvv73vv71fCO+/ve+/vT3vv70677+977+9Ju+/ve+/vQkz77+977+9Ms2S77+977+9Hl5tE1rvv70GFu+/ve+/vWl277+977+9esOM77+9X13vv71Ybe+/vT7vv714Ie+/vUbvv70o77+9bi5r77+9PO+/vV1ebWvvv716fe+/vTp3GnPvv73vv70C77+9dmjvv73vv73vv73vv73vv70nG0dQ77+9dgXvv73nj43Dv++/vXTvv71F77+977+977+9Qe+/vTfvv70zfmLvv73vv71q77+977+977+977+9PSXvv73vv73vv71m77+9BRbvv73vv71R77+977+977+9Ue+/vVnvv70MZ++/vXfvv71a77+977+977+9LArvv73vv73vv73vv73vv73vv73vv70X77+9Ge+/vS0rSDrvv71VRwvvv73vv70TLO+/veqpjWMoLu+/ve+/ve+/vS3vv73vv70aO1cXNO+/ve+/ve+/vWfvv70X77+9BRbvv73vv73vv73LjSLvv73vv70C77+977+977+9Ie+/vRdV77+9E1JgKe+/vTRaHy5pXj1nR++/ve+/veqNjUPdrSrvv70FHTh977+977+977+977+977+9We+/ve+/vRvHm++/vVfvv73vv70+YwPvv73vv73vv73vv70LGu+/vXbvv73vv715Cu+/vTvvv71N77+9Ru+/ve+/ve+/vWkbPDDvv73vv71mJGdVb2rvv71L77+977+977+977+9aWnvv73vv71xYu+/vS1CCyzvv73vv706ee+/ve+/ve+/vXvvv73vv73vv73vv70B77+926vvv71P77+9Ae+/ve+/ve+/ve+/vSXVuxpvEe+/veydmu+/vW/vv73vv73vv70W77+9Ke+/vWIgLO+/ve+/ve+/vXPvv73vv73vv70677+977+977+977+9MTZU77+977+9Pte4Ru+/ve+/ve+/ve+/ve+/vWYkGu+/ve+/ve+/vWzvv73vv73vv73vv70z77+977+91Kjvv71877+977+9bX5377+977+9Ge+/vWrvv71xDu+/ve+/ve+/vTsa77+9D1fvv73vv73vv70sLjbvv70B77+9ckjvv71O77+9E++/vVc177+9Mn7NjHF+V11e77+90Lgn77+9Ku+/vQZYzJrvv70277+977+977+9Vu+/vWEz77+977+9MCXvv71N77+9ck3vv70Bdu+/ve+/ve+/veKzqzdPy63Ht++/ve+/vWE5zqpubjR5bu+/vWjvv73vv73vv73vv73vv71UPWrvv71oe++/ve+/ve+/ve+/ve+/ve+/ve+/vQ8bXe+/ve+/vQkt77+977+9cxtb77+9Gxrvv73vv71bfgHvv73vv71p77+9c1Xvv70sMxpgUSc177+977+9WV/vv73vv716wowx77+907jvv73vv71p77+9c2fvv73vv70B77+977+977+9Rhvvv73cre+/vdW377+9dzdqQu+/vQkpcF/vv702Ou+/vT9UXVpd77+977+977+9c3N177+977+9Au+/ve+/vXQe77+9eAPvv73vv71p77+9NCfvv70h77+977+977+9Wu+/vTjvv73vv73vv71577+977+9Te+/ve+/vVDvv709dnDvv73vv73vv71577+977+977+9bu+/vRLvv71iNzscI2Tvv71K77+9ae+/vVzvv71i77+9RHNt77+9UO+/vRU5SO+/ve+/vSFva+OWh++/vRvvv73vv73vv73vv73vv71pWlPvv73vv71xJO+/vV3vv70E77+9Cm7vv70EAAAAAAAAAAAAAAAAAAAAAAAAAAAAAAAAAAAAAAAAAAAAAAAAAAAAAAAAAAAAAAAAAAAAAAAAAAAAAAAAAAAAAAAAAAAAAAAAAAAAAAAAAAAAAAAAAAAAAAAAAAAAAAAAAAAAYO+/ve+/vR87N2NE77+977+9CngAAAAASUVORO+/vUJg77+9Cg==');
INSERT IGNORE INTO core_asset (idcoreasset, name, path,size,isNewAsset,idpackage,content) VALUES
(14,'n_13.png','input/images/n_13.png',13,0,3,'77+9UE5HChoKAAAACklIRFIAAAEaAAABGggGAAAAzrPvv73vv70AAAAGYktHRADvv70A77+9AO+/ve+/ve+/ve+/ve+/vQAAAAlwSFlzAAALEwAACxMBAO+/ve+/vRgAAAAHdElNRQfvv70IGA81E++/ve+/ve+/vXYAAAAddEVYdENvbW1lbnQAQ3JlYXRlZCB3aXRoIFRoZSBHSU1Q77+9ZCVuAAAG77+9SURBVHjvv73vv73vv71J77+977+9dR3vv73vv73vv71Z77+9ck7vv71zJe+/vSjvv71N77+9FVjvv73vv70lUkhC77+9JTTvv70t77+9BO+/vUXvv70WRe+/vSlo77+977+9BAUhQcmoUO+/vXLvv71MJVHvv71y77+9Tu+/vWNiDi1+77+9Qu+/ve+/ve+/ve+/vT/HvO+/ve+/vQUHDjzvv73vv73vv73vv717fu+/ve+/vW8qAAAAAAAAAAAAAAAAAAAAAAAAAAAAAAAAAAAAAAAAAAAAAAAAAAAAAAAAAAAAAAAAAAAAAAAAAAAAAAAAAAAAAAAAAAAAAAAAAAAAAAAAAAAAAAAAAAAAAAAAAAAAAAAAAAAAAAAAAAAAAAAAAAAAAAAAAAAAAAAAAAAAAAAAAAAAAAAAAAAAAAAAAAAAAAAAAAAAAAAAAO+/ve+/vW0jAmbavTrvv73vv71Q77+9WBzvv716264677+9eu+/ve+/vV0c77+9eu+/vXZRYF7vv71z77+9Yu+/vWPvv70M77+977+9C++/ve+/vTZTbO+/vU7vv71eLyJgFV/vv73vv73vv73vv70i77+9wp9vVUfvv73vv73vv70dBsOL77+9bO+/vUt1zJLvv70cWx1dPVnvv70kMmDvv70977+906sHJkY2N++/vQpYdSTvv73vv73vv71s77+92JxX77+9JC5gVe+/vU0U77+9WxbTqV1E77+977+977+977+9BO+/vXjvv70677+977+9e++/vVTvv73vv71Gf++/ve+/ve+/vWHvv70BcxxX77+9YmJk77+9fHVJde+/ve+/ve+/ve+/ve+/ve+/vT5fPTpRbO+/vRIV77+977+977+9w6vvv73vv70U77+977+977+9H++/vQpYD++/vU3vv71s77+977+977+977+9dhTVq++/vWYwL++/vQrVoe+/vTNQ77+977+9b++/vUnvv714de+/vWLvv70F77+977+9Tu+/vS5s77+9SXxBde+/ve+/ve+/ve+/vQ7vv73vv71aPTVRbG5dfA9g77+977+977+977+9N++/vT4tKzbvv73vv70AK++/vVDvv73vv716Zknvv73vv73vv70677+9ce+/vRbvv71s177vv73vv73vv71Z77+977+9Me+/vQJW77+9eDnvv71f77+977+9WO+/vVpr77+977+977+9Re+/ve+/ve+/vVjvv70C77+9Yu+/vVfvv71o77+977+9Wjbvv73vv73vv73vv73vv73vv73vv73vv71eV++/ve+/ve+/vW3vv73vv73vv70tKmBV77+9Nu+/ve+/vSwrNu+/vV1M77+9Nu+/vQtY77+977+9E++/vWZT77+977+977+977+9be+/vVZKM++/ve+/ve+/ve+/ve+/ve+/ve+/vQFL77+9Wu+/vTVeWu+/vXtReADvv73vv73vv73vv71377+9Pu+/vXBlde+/ve+/ve+/ve+/ve+/ve+/vVjevu+/ve+/vWMLAO+/vW1T77+9Ve+/vXrvv73vv71cWO+/vVcy77+9Fe+/vTFRbO+/vV59YFFw77+9CmkG77+9Su+/vUR1UO+/ve+/vSVT77+9MxZ/77+9d1UP77+9DO+/ve+/vV3vv71P77+9bhJf77+9WAIH77+9Ze+/ve+/ve+/veWhiWLvv71nUQHvv71O77+9D++/vS5fUmjvv71rPO+/ve+/vQlgZQ9O77+9bO+/vVrvv73vv73vv71ZVC/vv71/B3jvv71677+9cVXvv71ea3zvv71X77+9Au+/ve+/vRtN77+9f++/vQzvv73vv73vv73vv73vv71NN++/vS/vv71OFBcw77+977+977+977+977+977+9LcuK77+9H0QF77+9Yu+/ve+/ve+/vSXvv73vv73vv71777+9Au+/ve+/ve+/vVvvv73vv73LnxZFaQdRAe+/ve+/ve+/ve+/vTTvv73vv73vv710a++/ve+/vV56Vu+/vXjvv73vv73vv73ao3rrkqnvv71J1YHvv73vv73vv73vv70hMmDvv71D77+9cxrvv73vv73vv71GNzdXXxEXMO+/vc6NTXtT14Q677+9Ce+/vWzvv73vv73vv73vv73xhLWK77+977+977+9CloK77+9Su+/ve+/vRjvv708VH3vv71x77+977+9de+/vXLvv71a77+9QO+/vdmWQ++/vUzvv71ObRxf77+9N29KATMdUX3vv73vv71jC++/vVXvv70VFzDvv71u77+9BxvXgC4rNu+/ve+/ve+/ve+/vWzvv714I++/vcKJYnPvv71iKu+/vQJ0YCXvv70277+977+977+977+9G++/vRPvv73vv70077+9YXjvv71xHGHjkqnvv73vv73vv70u77+977+9c++/ve+/vRQa77+9Uu+/vVfvv70sRi/vv71Y77+9d1dv77+977+9Xe+/vSA2YO+/vT3vv73vv70177+977+977+977+9JhRg77+9Cu+/vTfvv71+N1FsLlhM77+9AFYy77+977+977+9be+/vXvvv71dRe+/vTY9Gljvv73vv73vv73vv71977+977+9fO+/ve+/vVPvv73vv73vv71qHGEA77+9Yu+/vVY/b3on77+9b++/vVPvv70FzLVvdVbvv73JlmXvv73vv71aUQHvv73Yrjrvv73vv71iSe+/vXnvv73vv71pdhED77+9YGpkc2Nj77+977+9Tu+/ve+/vQzvv73vv73vv71vXDXvv73vv70a77+977+9U33vv71677+977+9JH5EZO+/vRzvv70377+977+9TDXvv71/We+/vSAuYO+/vQMbF++/vT/vv73vv71+77+977+977+9C++/vWvvv73vv73vv70vE++/ve+/vTFRAe+/ve+/vUctf++/ve+/ve+/ve+/vVtT24sKWO+/vVUTI++/vUfvv73vv70177+9U++/vSZYde+/ve+/ve+/ve+/vdqzeu+/ve+/vcmN77+9bzZVd++/vQzvv73vv70t77+977+9Gxvvv73vv73vv71ubu+/ve+/vSwuYO+/vV0a56Sm77+9Ce+/vSQqYFU7Ve+/vU8U77+9S++/ve+/vRt377+9AO+/vXbvv71E77+977+977+977+9eO+/ve+/ve+/vRkM77+9Pw9V77+9Ne+/vdmcXRvXiO+/vd64cO+/vV7vv70BcxxZfe+/ve+/vWML77+9VO+/vREXMO+/vRvvv73vv70a77+977+9y4rvv73vv70CVu+/ve+/vWLvv71077+9RO+/ve+/ve+/ve+/vWjvv73vv71t77+977+977+9be+/ve+/ve+/vVHvv73vv71477+977+9FUkzGF5+77+9Vwc0Gu+/vWtN77+9Pu+/ve+/vVF8d++/ve+/vciAOe+/ve+/vX7vv71077+977+977+977+9ae+/vQLvv73as++/ve+/vQMT77+977+9U++/ve+/vUrvv71tHO+/ve+/vWzvv73YnO+/ve+/vUoB77+95L6JYnNL77+977+9XgHvv73vv71qBu+/ve+/ve+/vT/vv73vv73vv73vv71L77+9WmdW77+9Ni5Af1hk77+9HO+/vVXvv70277+9JO+/vVXvv70b77+9We+/ve+/ve+/vVA9OlFs77+9FBXvv73vv73vv73vv70bZ++/ve+/vSo0T++/vQlYL++/vW/vv73vv71cXn3vv73vv73vv70PYGXvv700Dlzvv73vv73vv71j77+9Au+/ve+/vQ9VFy4K77+977+977+9AF4qB1fvv73vv70BAAAAAAAAAAAAAAAAAAAAAAAAAAAAAAAAAAAAAAAAAAAAAAAAAAAAAAAAAAAAAAAAAAAAAAAAAAAA77+977+977+9F++/vcWs77+9Pe+/vX8CAAAAAElFTkTvv71CYO+/vQo=');
INSERT IGNORE INTO core_asset (idcoreasset, name, path,size,isNewAsset,idpackage,content) VALUES
(15,'n_2.png','input/images/n_2.png',5,0,3,'77+9UE5HChoKAAAACklIRFIAAAEaAAABGggGAAAAzrPvv73vv70AAAAGYktHRADvv70A77+9AO+/ve+/ve+/ve+/ve+/vQAAAAlwSFlzAAALEwAACxMBAO+/ve+/vRgAAAAHdElNRQfvv70IGA8xLFLvv71NTwAAAB10RVh0Q29tbWVudABDcmVhdGVkIHdpdGggVGhlIEdJTVDvv71kJW4AAATvv71JREFUeO+/ve+/ve+/vU3vv73vv71XGe+/ve+/ve+/ve+/ve+/ve+/ve+/ve+/vVRTWu+/ve+/ve+/ve+/vS3vv73vv71PLCguBFdu77+91Z3vv70LEVwVN++/vXUr77+9RO+/vWpw77+9S9eCIBXRtlrvv70V77+977+9Clo/77+977+9Te+/ve+/ve+/vXRx77+977+9UGbvv73vv70J77+9Qu+/ve+/ve+/vTLvv73vv73vv73vv73vv70z77+977+977+977+977+977+9AgAAAAAAAAAAAAAAAAAAAAAAAAAAAAAAAAAAAAAAAAAAAAAAAAAAAAAAAAAAAAAAAAAAAAAAAAAAAAAAAAAAAAAAAAAAAAAAAAAAAAAAAAAAAAAAAAAAAAAAAAAAAAAAAAAAAAAAAAAAAAAAAAAAAAAAAAAAAAAAAAAAAAAAAAAAAAAAAAAAAAAAAAAAAAAAAAAAAAAA77+977+977+9eu+/ve+/vQt577+977+977+977+977+977+9cu+/vWvvv71xdO+/ve+/vVsW77+93LHvv71+YiHvv73vv73vv70c77+977+977+977+9Xsiz77+9R++/ve+/vTXvv71ZGu+/ve+/vRfvv70PV0d877+9OSgb77+977+977+977+977+9QnVP77+977+977+977+9au+/vTpf77+977+977+9PR/vv73vv73vv73vv71Jf++/vUzvv73vv73vv73vv73vv71N1Yvvv73vv71877+977+9cO+/ve+/ve+/vVLvv73vv73vv70977+977+977+9N++/vdem77+9B++/vX/vv716b3VX77+977+977+9F9W577+977+977+9K9WbJ8+/77+9Z++/ve+/vVTvv71V77+9GO+/ve+/vQ/vv73vv73vv71WP++/ve+/vVbvm7YuV++/vU7vv73vv73vv73vv73vv71Y77+977+9eseM77+977+977+977+9aW/vv71V77+9Xe+/ve+/ve+/vQ9V77+977+9eu+/vV49MH3drh7vv70877+977+977+9O++/ve+/ve+/ve+/ve+/ve+/ve+/vScn77+977+977+977+977+977+977+977+9bO+/ve+/ve+/ve+/ve+/ve+/ve+/vV3vv71677+977+9Ye+/ve+/ve+/ve+/vXho77+93Zh+77+9X++/ve+/vVgf77+9du+/vTrvv73vv71f77+977+977+977+9LO+/ve+vjk1977+9Ju+/vR1T77+977+977+977+977+977+977+9Pe+/ve+/ve+/ve+/ve+/vRvvv73vv70677+977+977+977+9O++/ve+/vT/vv71Q77+9fO+/vd+FPO+/vRbvv70vzaReau+/vUbvv73vv73vv70j77+977+9dc+X77+9WCfvv73vv73vv73vv73vv71C77+9F++/vWh7ae+/vV7vv73vv71v77+9Eu+/ve+/ve+/ve+/vX7vv73vv73vv73vv71+bu+/vU4sXFltL++/vV/vv73vv71+77+9AO+/vX9k77+9f3tdFe+/vXbvv73vv73vv73vv73vv71aGO+/vTsX77+9Hz/vv70x77+977+9Vu+/ve+/ve+/ve+/ve+/ve+/vRnvv73vv70/77+977+9E++/vT4277+9aXDvv70Lzadm77+9Ae+/ve+/ve+/vX8aBg5677+977+9ZyF977+977+977+977+977+9PX9p77+9clcX6r28RmxXFu+/vV5YKO+/ve+/vWrvv73vv71G77+9Le+/ve+/ve+/vUEf77+9eX7vv73vv70v77+977+9WFxZ77+9f9ec77+9I++/vVLvv71f77+9fu+/ve+/vWE/77+9c++/ve+/ve+/vVYnDzvvv70T77+977+9Wu+/vVPvv73vv71677+977+977+9fADvv73vv73vv71XT0/vv71n77+977+9Vu+/vVvvv70EbVTvv73vv73vv73vv71b77+977+977+977+977+9dO+/ve+/ve+/vTNT77+9b++/vWda7ZGc77+977+9WO+/ve+/vdWJ1K3vv73vv709Me+/ve+/ve+/ve+/vVPvv71jM++/vW/vv71+Pe+/vRPvv73vv73vv73vv71cPV7vv71u77+977+977+977+977+977+9R++/ve+/ve+/ve+/vSDvv73vv71M77+977+9E++/vTPvv70XWu+/vW5t77+92rPvv73vv73vv73vv73vv73vv71H77+9cu+/ve+/ve+/vWnvv73vv71t77+977+9Ze+/ve+/ve+/vXPvv71b77+9f0/vv73vv70d77+977+977+9flA9OmXvv71Vf++/vX42C++/ve+/ve+/ve+/ve+/ve+/ve+/vQbvv71TU++/vdGJ77+977+977+977+9U++/vUjvv73vv711Y++/vXnvv73vv73vv73vv73vv73SvO+/ve+/ve+/vR3vv71Yfn3vv70Pz7Xvv73vv716du+/vX1i77+9bO+/ve+/vTTvv73vv73vv71PF++/ve+/ve+/ve+/ve+/vU1ePW0v77+9Pe+/vUZ8S++/vW9Z77+9HO+/vVrvv71/S++/ve+/vVln77+9eu+/vSbTl37vv71ycu+/ve+/vV7vv73fse+/ve+/vSdMAwAAAAAAAAAAAAAAAAAAAAAAAAAAAAAAAAAAAAAAAAAAAAAAAAAAAAAAAAAAAAAAAAAAAAAAAAAAAAAAAAAAAAAAAAAAAAAAAAAAAAAAAAAAAAAAAAAAAAAAAAAAAAAAAAAAAAAAAAAAAAAAAAAAAAAAAAAAAAAAAAAAAAAAAAAAAAAAAAAAAAAAAAAAAAAAAAAAAADvv73vv73vv70yRu+/vSQuEUnvv70+AAAAAElFTkTvv71CYO+/vQo=');
INSERT IGNORE INTO core_asset (idcoreasset, name, path,size,isNewAsset,idpackage,content) VALUES
(16,'n_3.png','input/images/n_3.png',8,0,3,'77+9UE5HChoKAAAACklIRFIAAAEaAAABGggGAAAAzrPvv73vv70AAAAGYktHRADvv70A77+9AO+/ve+/ve+/ve+/ve+/vQAAAAlwSFlzAAALEwAACxMBAO+/ve+/vRgAAAAHdElNRQfvv70IGA8yCTLvv73vv73vv70AAAAddEVYdENvbW1lbnQAQ3JlYXRlZCB3aXRoIFRoZSBHSU1Q77+9ZCVuAAAF77+9SURBVHjvv73vv73vv71byKVVGe+/ve+/vX86yZg1TgcZ77+9FO+/ve+/ve+/vTTvv73vv73vv73MlA5oJywiIkLvv70oOwvvv71dURTvv71dRUlQ77+9Re+/vQHvv70QO1BR77+9SGFOdDAzK1NK1JTvv73vv73vv73vv71MF++/vQZn77+977+977+977+9SO+/ve+/vX7vv71577+977+9Xhfvv73vv708e++/vWfvv70KAAAAAAAAAAAAAAAAAAAAAAAAAAAAAAAAAAAAAAAAAAAAAAAAAAAAAAAAAAAAAAAAAAAAAAAAAAAAAAAAAAAAAAAAAAAAAAAAAAAAAAAAAAAAAAAAAAAAAAAAAAAAAAAAAAAAAADvv70jThMC77+977+977+9f++/ve+/vWpbdU3vv73vv73vv73vv73vv70CVO+/ve+/vUPvv70O77+977+9HzXvv73vv73vv73vv71u77+977+977+977+9Lu+/ve+/vUo877+977+9Mu+/vWh2fu+/ve+/ve+/vUd1TnVKde+/vR5McO+/vV7vv73VjQvvv73vv73Or++/vVPiuaE6Qu+/vWDvv73vv70eaO+/ve+/vWUM77+9Du+/ve+/vVTvv71UG++/vTvvv71b77+977+977+9Pe+/vRJg77+9c++/vU3vv73Zq1nvv711Ze+/ve+/ve+/vUPvv71h77+977+9AO+/vceB77+9PtW777+977+9VD9bQe+/ve+/vVp9Ukjvv73vv71hD0Lvv73vv73vv73vv71XB1Vv77+977+9We+/vTrvv73vv70b77+977+977+977+9VldUG31d77+9Iu+/vVfvv71PQ++/vTtm77+9cO6dnhvvv73vv71UZwgp77+977+9LHLvv73vv73vv715Xu+/ve+/vUZh77+9Ue+/vX4z77+977+9XkTvv71zde+/ve+/vREk77+977+977+9N++/vXQeU31/77+977+9NO+/vdS3Vu+/ve+/ve+/vVHvv73vv71YGAhINO+/vXhrde+/ve+/vUt577+977+9Nm7vv73vv71m77+9VC/vv70qZO+/vWgeYEh0Uu+/ve+/vXp+de+/vTbOr++/ve+/ve+/vV7vv73vv71R77+977+9PgdY77+977+9au+/vVPvv70/77+9zqvvv71ePe+/vTEF77+977+977+977+977+93aPvv73vv73vv73vv73vv73vv71v77+9Xu+/vdi8ee+/vcy277+9Eu+/ve+/ve+/vXAK77+9aHbvv73vv716RGPvv73vv71b77+977+9Nu+/ve+/ve+/ve+/ve+/ve+/vVXvv70TYEnvv71p77+9Mm3vv70577+977+977+977+977+9Vu+/vWxsDl0n77+977+9UjZU77+977+9Pl3vv73vv71xJO+/ve+/vRnvv73vv73vv73vv70hdRzvv71r77+9Tu+/vWNt77+977+977+977+977+9NO+/ve+/vWbvv71xVWPvv73vv73vv73vv701Plvvv73vv73vv71U77+9Re+/vW7vv71g77+977+9Wu+/ve+/ve+/vWd1Qe+/ve+/vUZ9CO+/vT7vv70P77+9XlJ977+977+977+977+977+9ChLvv73vv73vv73vv73vv70M77+977+977+9Gybvv73vv71eX31mZu+/ve+/vVJ9a0pc77+9Flbvv73vv70cVH3vv73vv71677+977+9Fe+/vXJu77+977+9Wn1YSO+/ve+/ve+/ve+/ve+/vWbvv70a77+9yI/vv73OrA7vv73vv73vv71jZ++/vXVmdV3vv73vv70pAQEs77+977+9dTHbh0nvv73vv73vv73vv73WmO+/vTrvv70x77+9dWLvv70mBRY477+977+977+977+9aytIOlsaO++/ve+/vWjvv71kBkMnFjrvv716Vu+/ve+/ve+/ve+/ve+/ve+/vTPauO+/ve+/ve+/ve+/vSvVjxvvv71W77+9CS3vv73vv70577+9Gu+/ve+/vQLvv73VpdWn77+977+9Ggfvv70ZXgHvv73vv73vv73vv70877+977+9cnVJKzvvv73vv73vv73vv73vv73Ciu+/vRPvv73vv73vv73vv71Ba++/vTc0du+/vR/euO+/vWHvv73vv71r77+977+977+977+977+9Qu+/vUTvv70i77+977+9cX7vv73Nmybvv73vv73vv73vv73vv73vv73vv705OlcILe+/ve+/vSPvv71nNG5877+9Te+/vTDvv707VzDvv70677+977+9aRRg77+9Yxs777+977+9bhzvv70+Z++/ve+/ve2NrQ8bGgsM77+9SO+/ve+/vc6a77+9RXN7N++/ve+/vRLvv70f77+977+9TO+/vQdgSe+/vTXvv70tfO+/vTHvv700N++/vVzvv71Y77+9bztm77+9AO+/vXRy77+977+9FSTvv71fNe+/vSt/X++/ve+/vXbcgw7vv73vv73vv71WP++/vX7vv73vv73vv71zT2MF77+9Be+/ve+/vX/vv71i77+977+977+977+9G1cHH1zvv73vv70677+9emLvv73vv70ZbX3vv71xROmVjTU6INGw77+9Ne+/ve+/vSkJLXfvv73Cve+/vRrvv71l77+977+9Gu+/ve+/vdWf77+9Fu+/ve+/vdOqF1YfbUzvv71vau+/ve+/ve+/vdyh77+977+977+9Ii7vv716TABLWu+/ve+/ve+/ve+/ve+/ve+/vUZdZk4977+977+9Rl1ofWPvv70h77+9Qu+/vW/vv71g77+9Fu+/vTc177+9PO+/ve+/vXpt77+977+977+9Q++/ve+/ve+/vVLvv715aHpuY++/vXx9dUrvv73vv71LdWtj77+9z6rvv71BXiDRsO+/vVc0Fu+/vR0z77+9X++/vUsb77+9RC9vHO+/ve+/vXnvv73vv71sE1pg77+9P++/vcum77+977+977+977+91a3vv73vv71m77+9EVJg77+977+977+9E++/ve+/ve+/vS9VP28U77+977+977+9cO+/vWkF77+9de+/vUXvv73vv73vv73vv71u77+977+977+9JwodMO+/vWvvv73vv71N77+977+9B0g277+9Fi5gJR5X77+9Wu+/ve+/ve+/vWY777+977+977+977+9OO+/ve+/vUghAu+/ve+/ve+/vRrvv71ZbO+/vSZN77+9QXbvv70QAAAAAAAAAAAAAAAAAAAAAAAAAAAAAAAAAAAAAAAAAAAAAAAAAAAAAAAAAAAAAAAAAAAAAAAAAAAAAAAAAAAAAAAAAAAAAAAAAAAAAAAAAAAAAAAAAAAAAAAAAAAAAAAAAAAAAAAAAAAAAAAAAAAAAAAAAAAAAAAAAAAAAAAAAAAAAAAAAAAAAAAAAAAAAAAAAAAAAAAA77+977+977+9N9yAR2cjDO+/vVgAAAAASUVORO+/vUJg77+9Cg==');
INSERT IGNORE INTO core_asset (idcoreasset, name, path,size,isNewAsset,idpackage,content) VALUES
(17,'n_4.png','input/images/n_4.png',12,0,3,'77+9UE5HChoKAAAACklIRFIAAAEaAAABGggGAAAAzrPvv73vv70AAAAGYktHRADvv70A77+9AO+/ve+/ve+/ve+/ve+/vQAAAAlwSFlzAAALEwAACxMBAO+/ve+/vRgAAAAHdElNRQfvv70IGA8yHF9DLiAAAAAddEVYdENvbW1lbnQAQ3JlYXRlZCB3aXRoIFRoZSBHSU1Q77+9ZCVuAAAG77+9SURBVHjvv73vv73vv71b77+977+9dR3vv73vv73vv716XE9577+977+977+9aU0pQjDvv71I77+9Au+/vWjvv70kMSrvv70yEDoQFhTvv71FQV1077+9RVA3FVFBXRgYSC0kGBgK77+977+9We+/ve+/vUJzK++/ve+/ve+/vWbvv71m77+977+9du+/vRvvv71i77+977+977+9M++/vemurxfvv73vv708Fw/vv70Z77+977+9O++/vX/vv71fAQAAAAAAAAAAAAAAAAAAAAAAAAAAAAAAAAAAAAAAAAAAAAAAAAAAAAAAAAAAAAAAAAAAAAAAAAAAAADvv73vv709d++/ve+/ve+/ve+/ve+/ve+/ve+/vREfG++/vULvv73vv73vv71ebe+/ve+/vSUOYO+/ve+/vTEb77+9bO+/ve+/vTZVXxYL77+9Gg7vv73vv71ZXe+/ve+/vSLvv73vv73vv70x77+9AO+/ve+/vTsoMs++flvvv71a77+9LSZgGe+/ve+/vVNo77+9V++/vVbvv73vv73vv70RFe+/vXTvv73vv71377+9Nlfvv71X77+9Xu+/ve+/vX3vv73vv71U77+9Le+/vV0+UmARJ1df77+977+977+9GO+/ve+/vVZ9Vlzvv73vv73vv73vv73vv71c77+9PlFs77+977+9CljWvu+/vSUT77+977+977+9VGpPcQHLuHnvv73vv708WO+/ve+/vVjvv70BXmTvv73vv73vv73vv73vv71O77+977+9c++/vVrvv71W77+9Ve+/vVXvv73vv73vv73vv71F77+977+977+977+977+977+9Znt1Q3Xvv73vv73vv71F77+977+9endjW3te77+977+977+977+977+9Ze+/ve+/vQ7vv71+MVFsLu+/vQ7vv73vv70977+977+9Nk0U77+977+977+9Cu+/vXNU77+977+977+977+9Be+/ve+/vXpVdeycqe+/ve+/ve+/vW3vv717Gu+/vVMAO++/vQrvv73vv73vv71eJO+/ve+/ve+/ve+/ve+/ve+/vUUdXn3vv716YO+/ve+/ve+/vSIqYBl7zKZQV04U77+977+9Vmvvv70FLGvvv71E77+977+977+977+977+9b39R77+977+9e++/ve+/vQd677+9Ou+/vTpy77+977+9D++/vT5WPe+/vVgk77+977+977+9Bu+/ve+/ve+/vVQXN++/vUh8ee+/vT5xAe+/vTrvv73vv71E77+977+977+9fEfvv73vv71EBSxj77+977+977+977+9Oe+/ve+/ve+/ve+/vQfvv70CVsO277+977+977+9H++/ve+/vRoP77+9AQt677+9N++/vVrTuAHvv73vv70V77+9P++/ve+/vUjvv71YY++/ve+/vVFfGWARZ1U/b3rvv73vv73vv73vv71McQHvv70677+977+9Qu+/vUTvv73vv73vv718UVzvv73vv73vv71W77+9N++/vSXvv70rNu+/vRAV77+977+9NdWP77+977+977+9FO+/vWvvv73vv73vv71e77+9Au+/vXHvv73vv70Y77+9XO+/vVgwBu+/vXAl77+9yrY077+9LO+/ve+/vTPvv70677+977+9EO+/ve+/vcauFO+/vU4777+977+9Wu+/ve+/ve+/ve+/ve+/vdWn77+9BSzvv73vv73VnRPvv73vv70+UQHvv73av++/vSzNvGLvv73vv71Uag9xAe+/ve+/ve+/vUTvv73vv71cfe+/ve+/vXoC77+9Yu+/vSIebnTvv707bu+/ve+/vQ/vv70+2Lhp77+9We+/vQHvv71p77+9Ve+/vWrvv73vv73vv71177+9Be+/vQIWdUjvv71B1r1NH1sAWNia77+9Rlfvv71577+9ZmPvv71OKe+/vWQCS++/ve+/vUTvv73vv71r77+977+977+9IFHvv71yYzF477+9PO+/vVggPnrvv71U66Oz77+977+9HhIZ77+977+9N1U/bHrvv73vv73vv73vv71ccQHvv70677+977+9SO+/vXXvv73vv73vv70kKmDvv70p77+977+977+977+9Vyo077+9VD9pNEsHWO+/vUMTI++/vT9Vb++/ve+/vRMV77+977+9Ly8v77+977+977+9Exvvv73vv707ckTvv70B77+9U++/ve+/ve+/ve+/vQcs77+977+977+9JU0vEl9WbRAX77+977+9de+/vUXvv73vv71b77+9Fe+/vWtEBSxj77+977+977+977+977+9FO+/vSfvv73vv70KWArvv71p77+977+9Lu+/ve+/vRXvv719RAUs77+977+9E9Oo77+9ZtOtde+/vWJXZu+/ve+/ve+/vXVv77+9Qe+/vSlz77+9Whsa77+977+9PO+/vThPBe+/ve+/vU7vv73vv71UPe+/ve+/ve+/vTbvv70XF++/ve+/ve+/vRoP77+9Te+/vQl1EBNY77+9Xu+/vcWN77+9CSsV77+977+9Z1Mp77+9XmApN07vv71s77+9NlpOHCkqdgV+FV/vv70ebFzvv7174pyp77+9Oe+/vUJzf2NRGWDvv73vv73vv73vv71677+977+9Fm7vv70+Li5gUQdV77+9aO+/vQHvv71XbO+/vRIV77+977+9Ne+/ve+/ve+/vXHvv73vv73vv73vv71xElwDdGApdzR977+977+92Y3vv73vv73vv71hMXjvv73vv71I77+9OMK6OVPvv73vv70DGgvvv71bRAYs77+977+977+977+9TS8SX1Pvv70vLmBR77+9Nm5R77+977+977+977+9Be+/ve+/ve+/ve+/vXjvv73miolic++/vWwqBe+/ve+/ve+/ve+/ve+/ve+/ve+/vVYdKCpeDBbvv713D09UJ1Tvv73vv70z1brvv73vv73vv719T++/vQgD77+9Tjvvv73vv71x04vvv71XVO+/vRcX77+977+977+977+9C++/ve+/vSfvv73vv70K77+9Au+/ve+/vVfvv73vv73vv712Tu+/vXl6Nu+/ve+/vUNc77+977+977+9Rjbvv71W77+977+91orvv70X77+977+977+977+934nvv73vv73vv707cmTvv73vv71/NRbvv70fERfvv73vv70zG++/ve+/vUwtEm/vv73vv70SF++/ve+/ve+/ve+/vVXvv71PFO+/vU3vv71G77+9AAvZtzrvv73vv71p77+977+9bBMV77+9Gu+/ve+/ve+/ve+/vV3vv73vv71O77+977+9FhXvv73vv73vv70mRjbvv71W77+977+977+9ERXLsu+/ve+/ve+/vXV/77+9I++/ve+/vXPvv71a762Obe+/ve+/ve+/vS4UWO+/ve+/ve+/vVcbD++/ve+/vRvvv73vv71WfUZc77+977+977+9b++/ve+/ve+/vX3vv73vv73vv73vv70HLG1tde+/vUTvv73vv73vv73vv71G1JQbWO+/vS0T77+977+977+9Rl/vv73vv71F77+977+95ZeJ77+977+977+9Ou+/vXHvv73vv71KU++/vXMbPW7vv71rLCrvv71C77+9Tu+/ve+/ve+/ve+/ve+/vURj77+9ZiXvv70/77+977+9FmAh77+977+9NlR377+9YO+/ve+/vUzvv73vv70U77+977+977+9zKZI77+977+977+9GAoD77+9btOs77+977+977+9aO+/vQXPm18l77+977+9be+/vc+q77+9G++/ve+/vQEAAAAAAAAAAAAAAAAAAAAAAAAAAAAAAAAAAAAAAAAAAAAAAAAAAAAAAAAAAAAAAAAAAAAAAAAAAAAAAAAAAAAAAAAAAAAAAAAAAAAAAAAAAAAAAAAAAAAAAAAAAAAAAAAAAAAAAAAAAAAAAAAAAAAAAAAAAAAAAAAAAAAAAAAAAAAAAAAAAAAAAAAAAAAAAAAAAAAAAADvv70577+9Axh877+9dhljS++/vQAAAABJRU5E77+9QmDvv70K');
INSERT IGNORE INTO core_asset (idcoreasset, name, path,size,isNewAsset,idpackage,content) VALUES
(18,'n_5.png','input/images/n_5.png',17,0,3,'77+9UE5HChoKAAAACklIRFIAAAEaAAABGggGAAAAzrPvv73vv70AAAAGYktHRADvv70A77+9AO+/ve+/ve+/ve+/ve+/vQAAAAlwSFlzAAALEwAACxMBAO+/ve+/vRgAAAAHdElNRQfvv70IGA8yM++/ve+/vRN5AAAAHXRFWHRDb21tZW50AENyZWF0ZWQgd2l0aCBUaGUgR0lNUO+/vWQlbgAAB2hJREFUeO+/ve+/ve+/vcuv77+9RRkH77+9bxFaLO+/vSLvv73vv71rPCDvv71qae+/vQI577+977+977+9eikmVlHvv70u77+977+9aO+/ve+/vX/vv70lxoXvv73vv73CjRrvv70QLQnvv70i77+977+9Ru+/vWDvv70JCu+/ve+/vVBo77+9Qktr77+9Sinvv71SF++/vRLvv73vv703b3vvv71Ne3rvv73vv71877+977+9eWfvv71977+977+9M++/ve+/vcybAAAAAAAAAAAAAAAAAAAAAAAAAAAAAAAAAAAAAO+/vXR0Qe+/vTlJ77+9TO+/vSHJhSLvv73vv71777+9CO+/ve+/vVVJ77+9J1nvv73vv73vv71JLkvvv70077+977+9JO+/ve+/vQdo77+977+9JCc777+9Hk8yKh4477+9Uu+/vdO777+977+977+977+977+9fEo877+90LTvv70t77+977+9IRnvv70WEe+/ve+/vU/vv70c77+9LO+/vT4iHu+/ve+/ve+/vUnvv71UCu+/ve+/vSTvv71EBO+/ve+/ve+/vSHvv71m77+9eO+/ve+/ve+/ve+/ve+/vTzvv73vv71o77+977+9de+/vS1M2a9RcO+/ve+/ve+/vRzvv73vv73vv73vv70977+977+9RQTvv71L77+9ae+/vQ4n77+9Wxnvv70277+9IhHvv73vv71TCy/vv73vv73vv73vv73vv70A3ptkS++/vWNiAu+/ve+/ve+/ve+/vRvvv71vDN+WZO+/ve+/ve+/ve+/vUbvv71s77+9FO+/ve+/vVwhIu+/ve+/vVtTTgx3Fe+/vQfvv70D77+9Pe+/vX5277+9XD/vv73vv71j77+9HUlORO+/vRto77+9d++/vVnvv71L77+977+9Bu+/ve+/vUZWVD5f77+977+9eO+/vRZW77+93oHvv70377+9QTHvv73Zo2nvv71I77+9Qe+/ve+/vWXSsu+/ve+/ve+/vWIC77+9Gknvv73KrO+/vW/vv70SH++/vci677+977+9Tl3vv73vv73vv70pT03vv73vv70T77+9PO+/ve+/vXDvv71o77+977+9xozvv70r77+977+977+9Q2ICWtiV77+977+977+977+977+9Ye+/ve+/ve+/vW7vv73vv70kM++/ve+/ve+/vRAR77+977+9CkNmNA/vv73vv73vv73vv70e77+92bE377+977+9fWvvv73Ygu+/ve+/ve+/vU1iAu+/ve+/ve+/ve+/vcqsZkfvv70IAe+/ve+/vWjvv73vv71W77+9zYbvv73vv703YO+/vUQvz6ds77+935zvv73vv70gfu+/vWDvv73vv71o77+977+9RQHvv71p77+977+977+9MXwyZe+/vQbvv70077+977+977+977+936Tvv73vv707AFrvv71o77+977+9NF0z77+9P++/ve+/ve+/ve+/vR7Nue+/vXRKS3tt77+977+977+9YFbvv71RTEAL77+9V2Y177+977+9fEI8QAtX77+977+977+9blfvv73ZlO+/vSoRAX3vv71I77+977+977+9O1Dvv71Mcu+/ve+/ve+/ve+/ve+/vSfvv71+77+977+9HO+/vRPvv71AI3cM77+977+977+9QjHvv70477+9MTHvv73vv73vv73vv73vv73vv71w77+9eSJiKu+/vd6eGE8P77+977+9aO+/ve+/vSYc77+977+9JO+/vUY2DllCfUg8QAsXCik0e1Lvv70vAO+/ve+/ve+/vUrvv70577+977+9Z++/vWEq77+9RzPvv73vv73ljackTnVB77+9JUkOJO+/ve+/ve+/ve+/ve+/vXTvv70m77+977+9JCcqY++/vcevJu+/ve+/ve+/ve+/vX1JHu+/ve+/vS3vv73vv70JWDrvv73vv73vv70v77+9TjJr77+92IokLyTvv70aL++/vQEKZu+/ve+/ve+/vd6Feu+/ve+/ve+/vRZGBu+/ve+/ve+/vUJzUDxAK++/vRwy77+977+9IB4mI3s077+9HUlm77+977+9ZO+/ve+/vSQvJ3lYTEzvv719Ae+/vT/vv70u77+9HO+/vRnvv73KoiTvv70qy6fvv71J77+9ERHvv73vv73vv73vv73vv718Xe+/ve+/vVvvv73vv70VQC9z77+9fO+/vVJo77+9JlknIu+/ve+/ve+/vUke77+9FO+/vSfvv70sFBHvv73vv70XUi5WdhXvv73vv73vv70D77+9clfvv71na++/vRQP77+9O++/ve+/ve+/ve+/ve+/vSFj77+977+9A++/ve+/vcqMZnfvv70r77+9A++/vXBz77+90Jzvv73vv70a77+9c++/vSBMHi8Ky5ox77+977+9SHnvv73vv71g77+9R++/vQTvv711be+/vV9XZjZb77+977+9V0Tvv73vv73vv73Xge+/vUvvv70fSO+/vWnvv71TLUnvv71V77+977+9SV4VFe+/ve+/vXfvv73vv71S77+92awXD++/ve+/vcuVQnPvv71o77+9Fu+/vSXvv71bKTTvv70SD++/vcq677+9Twvvv70nHu+/vSc277+9J++/ve+/vVI2f++/vXTvv70tTnIsyZ/vv70E77+977+977+9JA9UZjXvv70rRQhg77+9Vu+/vVxD77+9KjZ377+977+977+977+90oledg/vv71Q77+9dHzvv73vv73vv70877+977+9JO+/ve+/vQrvv73vv73vv73vv70377+977+977+977+977+95pmI77+9YWbvv70b77+977+977+9XC4i77+977+977+9Uy5Wdu+/vWrvv70RD++/ve+/vXfvv70s77+977+9Kh7vv73vv73vv73vv71C77+9Yu+/ve+/ve+/vQPvv73vv70o77+9GkJX77+977+9Te+/ve+/ve+/vQTvv73ennrvv70leTbvv71nOu+/vUZSLmNuFhPnkq7vv73vv71zPO+/vTXvv73vv73vv71977+9YHYDCgrvv73vv71Mcn9l77+9JO+/vRMR77+9Tu+/vXUw77+977+977+9FiV5a++/ve+/ve+/vUt8QAPvv71O77+9Je+/vS/vv70HaGV777+9Z2tW77+9B2hh77+9Qu+/vWzvv73vv70B77+9fO+/vVJoXk3vv70D77+9cO+/ve+/ve+/vWx6WF7vv718Zlzvv73vv70c77+9de+/vR52JO+/vT7vv70177+977+9J++/vTwjJu+/ve+/ve+/vUl2Ve+/vVB3J1kqIu+/vWjvv71rd++/vVkp77+9CF84ZmxV77+9Ie+/vceS77+9EBXvv73vv73vv70k77+9TO+/vQvvv71cREAL77+9J++/vUfvv73vv73vv70QD++/ve+/vVfvv73vv71qfiweWu+/vd6e77+977+9Le+/ve+/ve+/vQdoZUtlRu+/vULvv73vv70c77+977+977+9JO+/vUzvv70l77+977+9Iu+/vRXvv73vv73vv73rlZTvv73vv71nO8auTnIk77+9H++/vSzvv73vv73vv70p77+977+9Xe+/ve+/vX1J1ooIaO+/ve+/vSTvv70q77+9Zkvche+/vdKJBu+/vQ7vv73KmiQX77+9GVvvv73vv70a36/vv70E77+977+977+977+977+977+9fF4877+977+9HArvv71bMGRs77+9eO+/vVbvv73vv70277+9eSbvv71CJkBv77+9VQrNv++/ve+/vUg877+9WTbvv70577+9c0nvv70kGe+/ve+/vXfvv70k77+977+977+9djEBfV3vv703Du+/ve+/vduUZO+/ve+/vTDvv73vv73vv719Ke+/ve+/vd+U77+977+9MWNvH++/vT04WE4B77+977+9J++/ve+/ve+/vVHvv70wHu+/ve+/vXTvv70k77+977+9Yu+/ve+/vQhoYWXvv73vv71v77+977+9Cu+/ve+/vR1D77+9Tz8RD++/ve+/vQ8r77+977+9UO+/vS/vv70HaGFB77+9Ryrvv71mW++/ve+/ve+/vQhoYW3vv70DHe+/ve+/vWtJ77+977+9B2hh3qDvv70cT++/vUbvv71M77+977+9Fu+/vTgjM0Tvv70ZLu+/ve+/ve+/vWR277+977+9Dwrvv71f77+9BAAAAAAAAAAAAAAAAAAAAAAAAAAAAAAAAAAAAAAAAAAAAAAAAAAAAAAAAAAAAAAAAAAAAAAAAAAAAAAAAAAAAAAAAAAAAAAAAAAAAAAAAAAAAAAAAAAAAAAAAAAAAAAAAAAAAAAAAAAAAAAAAAAAAAAAAAAAAAAAAAAAAAAAAAAAAAAAAAAAAAAAAAAAAAAAAAAAAAAAAADvv71c77+9L++/vUFjTlUyUnsAAAAASUVORO+/vUJg77+9Cg==');
INSERT IGNORE INTO core_asset (idcoreasset, name, path,size,isNewAsset,idpackage,content) VALUES
(19,'n_6.png','input/images/n_6.png',20,0,3,'77+9UE5HChoKAAAACklIRFIAAAEaAAABGggGAAAAzrPvv73vv70AAAAGYktHRADvv70A77+9AO+/ve+/ve+/ve+/ve+/vQAAAAlwSFlzAAALEwAACxMBAO+/ve+/vRgAAAAHdElNRQfvv70IGA8zB++/vT3WjQAAAB10RVh0Q29tbWVudABDcmVhdGVkIHdpdGggVGhlIEdJTVDvv71kJW4AAActSURBVHjvv73vv73vv73vv73vv71lGQfvv73vv73vv73ZjzNn77+9bh7vv70r77+977+9KS0bSkYlaUnvv73vv71KFBIUPe+/vUHvv73vv70QBEFET++/ve+/vR4E77+977+9EArvv70e77+977+9Ru+/vUTvv71w77+977+9VmPvv70cde+/ve+/ve+/vSnvv71077+9dnZODz7vv71877+977+977+9fS/vv704e++/vWAc77+977+977+977+977+9cO+/ve+/ve+/ve+/vXPvv70JAAAAAAAAAAAAAADvv73vv70mRO+/ve+/ve+/vVwES++/vSfvv73cmmQ677+9Z++/vXwz77+9JUkeEQpQ77+9QO+/ve+/vSTvv70Wfy4sNh3vv70SX3pVcxnvv73vv71x77+9AFXvv713Gu+/vVdEw4Xvv70mESwpb0nvv71k77+977+977+9Qe+/ve+/vcKLSQ4377+9LyV5WDxoNFTvv73vv71RW++/ve+/vWPvv70B77+977+9SHIo77+93aPvv71H77+977+977+977+977+977+977+9Te+/ve+/vXXvv73vv70k14oH77+977+9Cifvv73vv70177+9G++/vVwmHu+/ve+/ve+/vSQv77+977+9Fe+/vW7vv70AVX7vv71pNCfvv71M77+9B++/ve+/vU7vv73vv73vv71o77+9EO+/ve+/vSxN77+9SWYb77+9K++/ve+/vREPGgpV77+9Zu+/vVHfkmRePEDvv73dne+/ve+/vQbvv71w77+9Oe+/vWbvv70677+977+977+9xqrvv73vv70k77+977+9B++/vRMVbk/vv71077+9a++/vVwqHjQaKu+/vdypb++/ve+/vSVoNO+/ve+/vU7vv73vv70kd++/vQfvv73vv71ucVUz77+9Ge+/vU80QO+/ve+/ve+/ve+/ve+/ve+/vU3vv73vv73vv71E77+9ZUnvv73UqO+/vSfvv71ePGg0VFhI77+977+977+9O3/vv71477+9StON77+977+9We+/vQBV77+977+977+977+9Kx8VD0YnKtyb77+977+977+9Ue+/vRnOrQHvv73vv73vv73vv71K77+9TO+/ve+/ve+/vU48QO+/ve+/vTfGpu+/vUnvv70TCueLlyrvv73vv73vv71JPjNSW++/veG8mt+JB++/vXB577+977+9xqrvv71w77+9XO+/vXli77+9Zu+/vU/vv71c77+9fjbDiXvvv73vv70w77+977+9JEca77+977+9Ge+/vWABGNuO77+977+977+9ce+/vQpQ77+977+9Tu+/vXk677+9Fe+/ve+/ve+/vUTvv71fdO+/vQ8mOSYeNBoqzKR977+93ooMX3UD77+9be+/vTM6PSIa77+977+9Dzrvv73vv70977+977+977+9RO+/ve+/vUnvv70a77+977+9RO+/vUZD77+977+9Ge+/vXoa77+9Le+/vWnvv70ia++/ve+/ve+/vTE6HRQKUO+/vQvvv70/77+9d++/vXjvv70Ka++/ve+/ve+/vWk077+977+9cO+/vTnvv70h77+977+9XDxOJXnvv73vv73vv71j77+9Cgc0GsayLO+/vVPvv73vv73vv73vv71cNBrvv70s77+9fe+/vdWqJDfvv70H77+9dCjvv73doznvv71kQjRY77+9UDU+77+977+977+93pTvv71m77+977+9UDU+XdWo77+977+9aXtoNBTZmmR977+9Pu+/ve+/ve+/ve+/vQHvv73vv70677+9B++/vRzvv70F77+977+977+977+9ZO+/vS4a77+977+9O++/vTzvv71oNH/vv73vv71XeO+/vdij77+977+977+9TO+/ve+/ve+/ve+/vUk277+9B++/ve+/vQrvv70l77+9Q++/ve+/vT3vv71l77+9Ae+/vdyU77+9Pu+/ve+/vUUDVO+/vUnvv73vv70877+977+9Cl0wOjHvv71HO++/vXVJJsWDRkPvv73vv70MTwPvv716W++/ve+/ve+/vQEqbO+/vU7vv71EA1Tvv71R77+92bxXNBjvv73vv73vv73vv70kZxvvv73vv71E77+9RkPvv73vv70k77+9G++/vW3vv70BKu+/ve+/ve+/vWtjdDokGu+/ve+/vRfvv71/77+977+9E++/vQHvv71WNO+/ve+/vUbvv71+77+977+9PzYuTivvv73vv73vv718diTvv71fQe+/ve+/ve+/vSsZ77+977+9GHUq77+9ae+/vWgo77+977+9UVsTB++/vQPvv71a16/vv73vv707T1jvv71QZDLJk++/ve+/vUTvv71d77+9Qe+/ve+/ve+/ve+/vSQHOu+/ve+/vWbvv73vv71QZU9nRXPvv71o77+9Ku+/vU3vv73vv73vv70p77+9ABXvv73vv70077+9b++/vQbvv70TVQ5mOO+/vXzUriRrxYNGQ++/ve+/ve+/ve+/ve+/vQxPDwPvv73vv73vv70Z77+977+9LRrvv73KhzIc77+9Ne+/vWjvv70jGu+/vU5U77+977+9UDvvv73vv70XDxoKFe+/vU/vv73vv73vv70taR/vv70JGgrvv73vv73vv71JVjXvv71XJ++/vUU8QO+/ve+/vUnvv73vv73vv73vv73vv71P77+9A1Tvv73vv73vv71oPiUa77+9TlR5LO+/vVPvv73vv73vv70G77+977+9Kk/vv719Tu+/vQ7vv70A77+977+9bu+/vU4zYu+/ve+/ve+/vUrvv71q77+93p7vv7120aDvv71Q77+977+9Tu+/vXrRoO+/vVBhfe+/vSfvv71b77+9JR7vv71K77+9K++/vVMZ77+977+9Bhjbne+/vUbvv70177+9AFUm77+9PO+/vWg0x5NcIh7OlT0aXm1l77+9Zxrvv73vv70k77+9xYNGQ++/vRczPO+/vTfvv73vv73vv73vv70GOCc377+977+9T++/vVs0QO+/vT3vv71GMxvXr2B077+977+9fe+/ve+/vVzvv70rxYNGQ++/ve+/vSTvv71s77+9NyVZIR7vv73vv71U2odgPe+/ve+/vVzvv70S77+977+9V24UCu+/vWLvv70IaO+/vU/vv73vv73vv71ofTLvv70D77+977+977+977+9R0Pvv73vv73FpjJqRzwhDBTZkGFDeHR0OiQa77+977+977+977+93qNZ77+977+977+9Je+/ve+/vd6c77+9eELvv70i77+9aGg577+9ZG/vv70HxYNGQ++/vWVJ77+90qjvv71leO+/vRs0Gsa277+9ZF/vv70+77+9ZO+/vXjvv71K77+9Q++/vQ7vv70FKxoqPdSobUnvv70R0aDvv71Q77+9YO+/vXY277+9Ne+/vUHvv73vv71K67S977+9Se+/vSca77+977+9L++/vX9wb++/vXjvv73vv73vv73vv70977+977+9D++/vQfvv70w77+9ZO+/ve+/ve+/ve+/vVo8WO+/vVDvv71M77+977+977+977+977+9aXtoNBR5Pu+/ve+/vUbvv73vv70kG++/vQNU77+977+9Ge+/ve+/vREKUO+/vUnvv73vv73vv73vv70077+9xYPRiQrvv70y77+977+9N2p177+977+977+9Qe+/ve+/ve+/ve+/vSTvv710VjrXiQfvv71wRe+/vQ/vv73vv70VD1Dlh51Gc++/vWgwOlHvv70M77+9Xu+/ve+/ve+/vWjvv71o77+9cmRxBTNqW++/vV4JFFnvv73vv71YXO+/ve+/vTlyUyXvv73vv73vv70Mb2vvv71/77+977+9Ie+/ve+/vUkO77+9CBjvv73vv70kf2vvv71oTifvv71277+977+977+977+977+977+977+977+9Je+/vXTvv73nj5Pcsu+/vWDvv73vv73vv73vv73vv70mBFDvv73vv71JPBEMAAAAAAAAAAAAAAAAAAAAAAAAAAAAAAAAAAAAAAAAAAAAAAAAAAAAAAAAAAAAAAAAAAAAAAAAAAAAAAAAAAAAAAAAAAAAAAAAAAAAAAAAAAAAAAAAAAAAAAAAAAAAAAAAAAAAAAAAAAAAAAAAAAAAAAAAAAAAAAAAAAAAAAAAAAAAAAAAAAAAAAAAAAAAAAAAAAAAAAAAAO+/ve+/ve+/vR/vv71+77+9Ee+/ve+/vcuoAAAAAElFTkTvv71CYO+/vQo=');
INSERT IGNORE INTO core_asset (idcoreasset, name, path,size,isNewAsset,idpackage,content) VALUES
(20,'n_7.png','input/images/n_7.png',30,0,3,'77+9UE5HChoKAAAACklIRFIAAAEaAAABGggGAAAAzrPvv73vv70AAAAGYktHRADvv70A77+9AO+/ve+/ve+/ve+/ve+/vQAAAAlwSFlzAAALEwAACxMBAO+/ve+/vRgAAAAHdElNRQfvv70IGA8zGTYy77+977+9AAAAHXRFWHRDb21tZW50AENyZWF0ZWQgd2l0aCBUaGUgR0lNUO+/vWQlbgAABz9JREFUeO+/ve+/ve+/vc2L77+9VxkG77+9Kybvv71kJu+/vSRNP++/vUk7ae+/ve+/ve+/vSpVY1vvv71CLWLvv73vv70LQe+/ve+/ve+/vW7vv70D3Lp077+977+9wqXvv71x77+977+9KGrvv70i77+9VVpS77+9JW3vv73vv71JNG0+aCbvv71M77+9Se+/ve+/vTPvv73vv73vv70577+977+977+977+9B++/ve+/ve+/ve+/ve+/vX53F++/ve+/vTxf77+9JAAAAAAAAAAAAAAAUGXvv70I3rk277+977+977+9Ae+/vUnvv70k77+9J3kl77+977+9JAtJLu+/vQbvv73vv73vv70k77+977+977+977+977+977+9RO+/ve+/vUkeFO+/vTvDu0Tvv71/2aUk77+9bu+/ve+/ve+/vSQH77+977+9SXLvv714FApU2JFkd++/ve+/ve+/vXgUClQ477+977+977+977+9dC7vv71z77+9UTRQYe+/vTN/Ou+/vRXvv70oGu+/ve+/ve+/vTFbSu+/ve+/vSTvv73vv71RNFDvv73vv71sMe+/vQrvv70oGu+/vXBv77+9Bxrvv713Z++/vUkMMO+/vTfvv73vv73vv73vv73vv70777+9aO+/vWjvv73vv717Ou+/ve+/vUbvv73vv73vv70i77+9O++/vUnvv73vv71H77+9QO+/ve+/vTrvv73vv70TUGBv77+977+9Jifvv73vv70c77+977+9Eh9WNDDvv71y77+977+9JyctJTkqHkUDFe+/ve+/vX4r77+977+977+9SycUCu+/ve+/ve+/vSTvv71vzK/vv71G77+9QO+/ve+/vTpzbwQrGihxIMmj77+977+9fO+/ve+/vWjvv73vv73vv73vv73vv73pvLnvv70e77+9BkY777+977+9Ct+tSe+/ve+/vQNU77+9VO+/ve+/vTh9VTRWNFDvv71AZ++/vUU077+9Bu+/vSwnee+/vTE/KRrvv73Ck++/vcumCxk+S++/ve+/vQZG77+977+977+977+9Se+/vTfvv73vv71C77+977+9VO+/vU8y15jvv73vv71b77+977+9Bu+/ve+/ve+/vQg+77+977+9Be+/vSga77+977+9e++/ve+/vWBFA2Va77+9Te+/vSbvv73vv71oFApU77+9WGPvv73vv73vv70277+9KBrvv71wOMmu77+977+9YO+/vW3vv70BKu+/vSDvv713aO+/vRLvv70VClTvv73vv71Z77+9JO+/vQhWNFBkJe+/vS06Z++/vVtUNFBhc++/ve+/vXV+O++/ve+/ve+/vU8AUznvv71h77+977+977+977+9M8+k77+9dzBWNDDvv73vv70k77+9Ne+/vSfvv73vv70oHkUDVVrvv73vv715I1jvv71A77+9R++/vX4pb0U077+9Bu+/vSx077+9S++/vQEqPO+/ve+/ve+/vXrvv71JHhPvv70VClTYnO+/vVpjfinvv71NYhQK77+977+977+977+9ezLvv73vv70t77+977+977+977+9L++/vWYb77+977+9Ge+/ve+/vUDvv73vv71o77+9O++/vW8nOSUeRQMVWu+/ve+/vW8k77+977+9aBQKVGnvv71u77+9au+/vREMFHki77+977+9f++/ve+/vXoc77+9YkUDRR5P77+977+9Me+/vRTvv73vv70VChTYnO+/vQPvv73vv71+77+977+9MDkUCu+/vXIj77+9za7vv73vv71H77+9QO+/ve+/ve+/vXxmbe+/vQMw77+9bUnvv71n77+977+977+977+9JO+/vS0eKxrvv70w77+977+9ee+/ve+/vRtcUu+/vWhgKu+/vTtF77+977+977+9HEUDU9mR77+9F2lvSH5GPO+/vQYqXEnvv71G77+977+977+977+9Bkrck++/vQjvv70WX2wrGijvv71v77+977+9ae+/vXLvv70jVlA0MO+/vcW177+977+9ZdO8eO+/vQrvv71l77+977+9MytJPi8aKxrvv73vv73vv71qZu+/vWgUClTvv73vv73vv73vv70UClDvv71zaR/vv71yIe+/vR3isaLvv70KN++/vWXvv71S77+977+977+9UTRQYTbvv73vv71W77+977+9KxpFA1U+2pnvv70577+9ce+/vSga77+9cFdn77+977+977+9D++/vQPvv73vv71377+977+9Ru+/vSQ7RWNFA1Xvv73bmO+/ve+/vXAyJUDvv71l06XGiu+/vVjvv73vv73isaLvv70KK2l/77+977+9Ru+/vXrvv71/a++/vQgo77+9M8mv77+9PO+/ve+/ve+/vVnvv71Y77+9QO+/ve+/vUnvv712fu+/vUfvv73vv73vv70y77+9d++/vcuiASocSu+/vRvvv70f77+977+977+9VjRQZCbvv73vv70z77+9Wu+/ve+/ve+/ve+/vU50CuWPolE0UOWJtN+VeV0077+9Birvv73vv713SQUw77+977+9074R77+977+9QQFhRQNT77+977+9M38j77+9H8SjaO+/vcKbSe+/vTXvv71zSRbEo2jvv73vv70DSe+/vTXvv70777+9bUUjAu+/vXzvv70z77+9Su+/ve+/ve+/vSgaGG1TZ++/vTvRoGjvv73vv73vv70xO++/ve+/vTnvv70AFe+/ve+/ve+/vWPvv73vv73vv70WD1Y0VO+/vT1VOhh7Hu+/vWgo77+9Ke+/vcOd77+9fu+/veS8iFA077+977+9Ze+/vVXvv70p77+9aO+/vXA977+9LSDvv73vv73vv700Cu+/ve+/ve+/vTPvv73JrO+/vRHvv70j77+9YEVD77+977+9Se+/vW3vv73vv73vv70577+9KBrvv71c77+9cDjcpGPvv71PMO+/ve+/vQJ3ZzheZX/vv73vv73Fg++/ve+/ve+/ve+/vQzvv71S77+977+977+9B0VD77+977+977+9VjUt77+977+9ASo877+977+977+9B++/ve+/ve+/ve+/vRsrGu+/vVrvv70Eypfvv714Fe+/ve+/vScy77+977+9N++/ve+/ve+/ve+/vWjvv73vv73vv73vv70jWe+/ve+/ve+/ve+/ve+/vT9QNO+/vTjcmO+/ve+/ve+/vUDvv70v77+9fSPvv71y77+9A++/ve+/ve+/ve+/vQp7Ou+/ve+/vUleEw/vv73vv70KN++/vX4pb3fvv71977+9Qe+/vVDvv71w77+9W0AsJe+/vSgeYO+/ve+/vSQ/77+977+977+9M28n77+977+9eO+/ve+/ve+/ve+/ve+/vSRXGu+/vQtJfi4eFApV77+9NmZ/77+9cO+/vTYoGkbvv70777+9Jzvvv71tFQ/vv73vv70KC0nvv70177+9M++/vT0EUGA+77+9X++/vX5Z77+9W++/ve+/ve+/ve+/vQrvv70ZNu+/vWrvv73vv714UDRUWO+/ve+/vd+Nb++/vVA077+9OO+/ve+/vUPvv73vv71eEQ/vv73vv70Kd3Xvv71K77+9eFA0VDjvv73vv73vv73vv70/Tu+/ve+/vRVQNEzvv70MT++/vW51Pe+/vQvvv71B77+9UGFn77+977+9Ne+/vTNJ77+977+9A1R4OO+/ve+/vWdW77+9fFo8WO+/vVDvv71QZ342w4nvv73vv71oGG3vv70z77+977+977+9MDlQNO+/ve+/vdu+cyE+77+9RO+/vVDvv71IY++/ve+/ve+/ve+/ve+/vUnvv71oGGtT77+977+977+9J++/vUrvv71LblA0TG0177+9ezQvJTkqHu+/ve+/vTfvv71+77+977+977+9aO+/ve+/ve+/vcqza++/vT0/Me+/ve+/vXNJBe+/vS8577+9YQvvv73vv70kLyZ5Oe+/vU/vv70C77+9O9yZ77+977+9N3NEHAAAAAAAAAAAAAAAAAAAAAAAAAAAAAAAAAAAAAAAAAAAAAAAAAAAAAAAAAAAAAAAAAAAAAAAAAAAAAAAAAAAAAAAAAAAAAAAAAAAAAAAAAAAAAAAAAAAAAAAAAAAAAAAAAAAAAAAAAAAAAAAAAAAAAAAAAAAAAAAAAAAAAAAAAAAAAAAAAAAAAAAAAAAAAAAAAAAAAAAAAAA77+9B++/vQrvv73vv71Y77+9MO+/vUTvv70AAAAASUVORO+/vUJg77+9Cg==');
INSERT IGNORE INTO core_asset (idcoreasset, name, path,size,isNewAsset,idpackage,content) VALUES
(21,'n_8.png','input/images/n_8.png',8,0,3,'77+9UE5HChoKAAAACklIRFIAAAEaAAABGggGAAAAzrPvv73vv70AAAAGYktHRADvv70A77+9AO+/ve+/ve+/ve+/ve+/vQAAAAlwSFlzAAALEwAACxMBAO+/ve+/vRgAAAAHdElNRQfvv70IGA8zMHTvv71z77+9AAAAHXRFWHRDb21tZW50AENyZWF0ZWQgd2l0aCBUaGUgR0lNUO+/vWQlbgAABnZJREFUeO+/ve+/ve+/vVvvv73vv71lHe+/ve+/vTpq77+9O2Tvv70sKy0LNe+/vTQw77+9KO+/ve+/ve+/vUrvv70idwTvv73vv711Eu+/ve+/vUhBQgdS77+9FWjvv71URO+/vUhQKBLvv73vv70p77+9TEsnMxrKjErvv70077+9TDPvv71x77+977+977+9BO+/ve+/ve+/ve+/vXnvv70V77+9c13vv71Y77+93rPvv73vv73vv73vv73vv71TAAAAAAAAAAAAAAAAAAAAAAAAAAAAAAAAAAAAAFvvv709RADvv73vv73vv73Vp++/vV9VG++/vQHvv73vv70T77+9J1d+77+9Plnvv73vv73WiAZY77+977+977+9VjRP77+9bO+/ve+/vRIK77+9DO+/vVfvv73vv70p77+9J++/vRvvv70D77+9WlddOlEyT1bvv70TETDvv73qkYnvv73vv73vv73vv71dRO+/ve+/ve+/vSdK77+9dytbKu+/vS1277+977+977+9ee+/ve+/vRMn77+9IR9o77+977+977+977+977+9Ayzvv73vv70TJXNH77+9Fu+/vQDvv70+77+9YDVzde+/ve+/ve+/ve+/vRHvv70bFxTvv71RIgJG77+977+977+9E++/vXkl77+9Xe+/vQDvv73vv73vv705Be+/vUR1ce+/vXbvv70AI15T77+9Ze+/ve+/ve+/vVUiAkbvv71dbe+/vSjvv73PiQcY77+9V++/vdOJ77+977+977+9agZY77+977+9F2zvv73vv71e77+9IiJg77+9TtWDEyXvv73vv71677+977+977+9UWdUD08U77+9Ve+/vQFG77+977+977+977+977+9H01+77+977+9W0Tvv73vv71977+977+9L3Pvv71KCQEM77+90oLvv73vv73vv71477+9UQdV77+977+9KO+/ve+/vcSzXNuL77+9be+/vRHvv73vv70n77+9be+/ve+/ve+/ve+/vRLcllkz77+9Ku+/vXjvv73vv71m77+9EA8wYu+/ve+/vUPvv73vv70TJXPvv73vv73vv71l77+9f++/vWR+Xu+/vVo877+977+977+9YO+/vSUb77+9PSbvv73vv73vv73vv73vv73vv73vv70R77+977+9eO+/vcyLRWRFA++/ve+/ve+/ve+/vTbvv70577+9Oe+/ve+/vWICRu+/ve+/vTZO77+9ZG5r77+977+9Hu+/ve+/ve+/vSdK77+9X++/vWbvv73vv70kImDvv71eTe+/vWjvv71e77+9AO+/vQ5qNu+/ve+/ve+/vTkl77+977+9ajcRAe+/vc6bWO+/ve+/ve+/vTpTPO+/ve+/vQPvv71+77+9fe+/ve+/vXXvv70h77+9Lyjvv71z77+9A++/vTrvv73vv71577+9ZO+/vRTvv73vv73vv70X77+9eD4677+9Omzvv73vv70377+9NSICRu+/vXViNe+/vXHvv73vv70A77+977+9Me+/vTUTJXPvv71477+9ZVg0bO+/ve+/ve+/vQFG77+9Vj3vv71ZM1slN++/vXnvv704f++/ve+/ve+/vTUDDDrvv73ZgW/vv71WM09U77+977+9yIoGRu+/vVDvv73vv73vv71377+977+977+91b/vv70E77+9Fs2mOSvvv71H77+9C3Pvv70tMO+/vT3vv71m77+977+977+9Mu+/vVk877+977+93atvNe+/vTjvv704EQHvv73vv73vv73vv70o77+9a++/vQrvv70CGHLvv71E77+9PFLvv70lHmDvv71hC++/vUzvv73vv73vv70TETDvv71m77+977+977+9K++/vU/vv70HGHVkdcuc77+977+9W3Va77+977+977+977+9Ee+/vS/vv70y77+977+977+9SRTvv70W26Xvv73vv70F77+977+9Blbvv73bmgoV77+9VzLXigdY77+9CyZK77+977+9HAQHLO+/ve+/vVp8b2Z/EQHvv70uWVA077+9EQ8w77+977+9D++/vX8x77+9EO+/vTw377+9R++/ve+/vWzvv73vv73vv73vv71z77+9XVXvv70hImDvv71vJ++/vUvvv71V77+977+9Bxh1Yu+/ve+/vUTvv71sEg8w77+9f82aOVpE77+977+9fe+/vQcmSu+/ve+/vWrvv73vv73vv71RF0/vv73vv71d1Znvv70BRh3vv73vv71m77yiWSfvv73vv701ImAr77+977+977+977+9dnFh77+9TxEB77+977+977+9WO+/ve+/vVPvv71bPO+/ve+/ve+/ve+/vX7vv73vv73vv71qRxEBI++/ve+/vX7vv73vv71o77+9KSJg77+977+9TR/vv71y77+9eO+/vWXvv73vv71E77+9PO+/ve+/vXnvv70SHO+/vWDvv710be+/vU4BBn3vv73vv73vv71E77+9bBAPMGrvv73vv73qiZLvv73vv706VETvv73vv71jF2zvv73vv71T77+9ISJg77+9du+/vR8XFO+/ve+/vUQE77+9Ou+/ve+/vX/vv71k77+9Fw8wau+/ve+/vQXvv73vv70377+9CBjvv73vv73vv71/77+9fW/vv73vv71qbxEBI++/vVnvv73vv73vv73vv71477+9Ue+/vTV9du+/vUMZWQIs77+977+9C1YzF1Q777+9CBh1S2bvv70A77+977+9C1YzN++/vQcY77+977+977+977+9BVNF77+9JhEB77+977+9aXZO77+9Mwvvv73vv73vv70O77+9Axhy7oKV77+9V++/vQPvv70677+977+9bUHRvEJE77+977+977+9VO+/vSdK77+9PBEB77+9MO+/vXLvv70d77+977+977+9AUbvv73vv71g77+9dFnvv71WRO+/ve+/ve+/ve+/ve+/vQvvv73vv71dIgJG77+977+977+977+977+9Zxbvv73vv73vv70A77+9Zm0vAu+/ve+/vSsr77+9Pe+/ve+/ve+/vcer76+sdADvv73vv73vv70XbO+/vR7IsHFgCT7vv73vv73vv71W77+9TgHvv71i77+96rqJ77+977+977+977+977+9Tu+/vWHvv73RsAxvaHrvv73vv70lKysd77+9IVNH77+977+977+9Ok4877+977+9M++/ve+/vQnvv70T77+9AO+/ve+/ve+/vX4wUTIfFQ8wak3vv73vv71E77+9bO+/vQ4RETDvv70L77+9TF8RDzDvv73vv73vv703C++/vWbvv73vv73vv70RT82aeWLvv71k77+9FRHvv70MN07vv73Mn++/vSPvv70D77+9Om3vv73vv73vv7171Y4iAu+/ve+/vQvvv73vv73vv71977+9RMmcKiJgGTZO77+977+9Cu+/vUvvv73DlB1E77+977+9cGfvv70z77+977+9fh/vv73vv73vv71y77+9AMuy77+977+9Kmbvv73vv71+HygWFlkjAu+/ve+/ve+/ve+/vV3vv73Tq2Pvv73vv70FfO+/vVjvv73vv73vv71q77+9GAAAAAAAAAAAAAAAAAAAAAAAAAAAAAAAAAAAAAAAAAAAAAAAAAAAAAAAAAAAAAAAAAAAAAAAAAAAAAAAAAAAAAAAAAAAAAAAAAAAAAAAAAAAAAAAAAAAAAAAAAAAAAAAAAAAAAAAAAAAAAAAAAAAAAAAAAAAAAAAAAAAAAAAAAAAAAAAAAAAAAAAAAAAAAAAAAAAAAAAAADvv73vv70CaT/vv70j77+9Je+/vQAAAABJRU5E77+9QmDvv70K');
INSERT IGNORE INTO core_asset (idcoreasset, name, path,size,isNewAsset,idpackage,content) VALUES
(22,'n_9.png','input/images/n_9.png',12,0,3,'77+9UE5HChoKAAAACklIRFIAAAEaAAABGggGAAAAzrPvv73vv70AAAAGYktHRADvv70A77+9AO+/ve+/ve+/ve+/ve+/vQAAAAlwSFlzAAALEwAACxMBAO+/ve+/vRgAAAAHdElNRQfvv70IGA80BBp1Ee+/vQAAAB10RVh0Q29tbWVudABDcmVhdGVkIHdpdGggVGhlIEdJTVDvv71kJW4AAALvv71JREFUeO+/ve+/ve+/ve+/ve+/ve+/vTAMREEg77+977+977+9zI0D77+977+9M1gj77+9b++/vXEAAAAAAAAAAAAAAAAAAAAAAAAAAAAAAAAAAAAAAAAAAAAAAAAAAAAAAAAAAAAAAAAAAAAAAAAAAAAAAABEOR0BxLpTdu+/ve+/vSA+Mm4077+977+977+9bO+/ve+/vUIDXTfvv70td++/ve+/vQk877+977+9aO+/vc+B77+9dAJmRkZoID8yETssNCAyQgMi77+977+977+9QgNZ77+977+977+9W++/vQHvv70RGhDvv73vv71dFRoQGe+/vQHvv73vv70nNO+/vWdg77+977+9U2hAZO+/vQY877+977+9BhAZ77+9Ae+/vREa77+9Hu+/vRF7KDQgMkID77+9SkID77+977+9PxhERmhAZO+/vQbvv70hMO+/vXdNaO+/vS1GaEBk77+9BkTvv71uOQwQGe+/ve+/ve+/ve+/ve+/vSnvv70CIiM077+9JDQgMnZIaEBk77+9Bu+/vQJjd++/vQZERmjvv71TSWhAZO+/vdCA77+9CAoUBcaOCArvv73vv73QgO+/vRIOFO+/ve+/vRNCAyIjNCAyCArvv73vv73vv73QgFvvv73QgO+/vSA0IDJCAyLvv71DZ1xgzLvQgFvvv73QgO+/vSA077+977+977+9FhoQGe+/ve+/ve+/ve+/ve+/vWvvv70B77+9ERrvv71UQmgQGXMsNCAy77+9SBQF77+977+9Cgrvv70MPhbvv71KCAoiY17vv70GRAbvv73vv70oMO+/vVRoQGTvv70R77+9VEJoEBlzKTQgMggKIu+/vdCAf++/ve+/ve+/ve+/vRbvv73vv70gMggK77+9DELvv73vv70gNO+/vQvvv73vv70TGhAZ77+9Bk8l77+9Bu+/vTFjGAJEBu+/ve+/vSgwZu+/ve+/ve+/vRHvv70HDANB0q3vv70877+9Ru+/vR8tDAfvv73vv70acwQsf0IBAAAAAAAAAAAAAAAAAAAAAAAAAAAAAAAAAAAAAAAAAAAAAAAAAAAAAAAAAAAAAAAAAAAAAAAAAAAAAAAAAAAAAAAAAAAAAAAAAAAAAAAAAAAAAAAAAAAAAAAAAAAAAAAAAAAAAAAAAAAAAAAAAAAAAAAAAAAAAAAAAAAAAAAAAAAAAAAAAAAAAAAAAAAAAAAAAAAAAAAAMO+/vQMVGldc77+977+977+9XAAAAABJRU5E77+9QmDvv70K');
INSERT IGNORE INTO core_asset (idcoreasset, name, path,size,isNewAsset,idpackage,content) VALUES
(23,'tacho.png','input/images/tacho.png',271,0,3,'77+9UE5HChoKAAAACklIRFIAAAEaAAABGggGAAAB77+977+977+9LAAAAAlwSFlzAAALEwAACxMBAO+/ve+/vRgAAAAHdElNRQfvv70IHgozGu+/ve+/vTHvv70AAAAddEVYdENvbW1lbnQAQ3JlYXRlZCB3aXRoIFRoZSBHSU1Q77+9ZCVuAAAgAElEQVR477+977+9fXd8W++/ve+/ve+/vXPvv73vv73vv73vv70sb++/vXsmce+/vXAmJO+/vVDvv71AS0MD77+9Ze+/vQJt0pHvv71ACT8oUGhL25QWSgtt77+977+9fBkBCu+/vRVG77+9TGfvv71477+9U17vv71lS++/vV7vv73vv73vv73vv73vv70MTu+/vSFLcmIneu+/ve+/ve+/vXx177+977+9ec6777+9Oe+/vUso77+9FOOImEjvv71ICO+/vV3vv73vv73vv73vv73vv73vv73vv70f77+977+9W0RHQQAo77+977+9wr3vv73vv73vv73vv71677+9KB9Bw7vvv71+RN2t77+9fsSmQSHvv73Eiu+/vR/vv715ZDhQE0Lvv70D77+9QO+/ve+/ve+/ve+/ve+/ve+/vUvvv71L77+9ZlFCSUtD77+977+977+9Q++/vS/vv70K77+9BhAY77+9H1NKLx8V77+977+977+977+9Ogvvv70/e++/ve+/ve+/ve+/vQ7vv718He+/vSA1Uzrvv73vv71377+977+9xobvv73vv73vv71eXO+/vSdt77+9cO+/vTDvv73vv70Xdu+/vQpxA++/ve+/ve+/vX7lu45W77+9We+/vRjvv73vv70777+9T2zvv73vv70A77+9UAzvv70M77+9ee+/vQYK77+977+977+9Yu+/ve+/vTjvv71Kb++/vQo577+9OFnvv73vv71TfO+/vXzvv73vv73vv73vv71rfjZs77+9BmtM77+9VGPvv70Jf++/ve+/ve+/vT8s77+9dn7vv70P77+9M0ZC77+9ae+/vT4LxKUQ77+9fuWNru+/ve+/vdSxGGIK77+977+977+9S2/vv73vv71i77+9Ce+/vS06S1IPNu+/vR5977+9W2/GqjEA77+977+977+9KXrvv73vv717dwoy77+977+977+9V++/vRxvCu+/vWjvv70ade+/ve+/ve+/vRrvv73vv73vv73vv708fB3vv73vv701D++/vS0b77+9377vv73JhW8M77+977+977+9V++/ve+/ve+/vULvv70h77+9Vu+/vSJWTO+/vXfvv73vv73vv70577+9cj3vv73vv71WQXBt77+977+9Lx0r77+977+977+977+977+977+9JT88XRTvv73vv71hUG3vv71q77+9Lj9NVsKOVe+/ve+/ve+/vSTvv71odu+/vWVh77+9H++/vQUZS0Tvv73vv71gDO+/vSDvv71077+9aQPvv73vv73vv73vv70hG++/ve+/vc6bPdaG77+9QVVWNu+/ve+/ve+/ve+/vXrvv70hG0Qw77+9RCg977+9MUrvv73vv70H77+9e++/vQbvv712Nx8b77+9BjVb77+977+9B++/vX7vv70KN++/vRwi77+977+9Cuq2tnwR77+977+9Y2prN++/ve+/ve+/vWDvv73vv73btm17aO+/vS4777+977+977+977+977+977+977+977+9VWMcPgs9eu+/ve+/ve+/vSFH2ZkW77+977+977+9EHjvv73vv73vv70Hx6pB77+9TC9377+977+977+977+977+9DO+/ve+/vWdyaO+/ve+/ve+/ve+/ve+/veWNu++/vQFXzLvvv73vv70D77+977+977+9P++/vRtEde+/vXzvv70OGe+/ve+/vXjvv73vv70fHu+/ve+/vS5777+977+977+9DO+/vSHvv73vv71INx/Kqu+/ve+/ve+/vVg177+977+977+977+977+977+9SmIY77+9IBrvv71A77+9de+/vXzvv73vv73vv73vv71H77+9GHfvv70977+977+977+9aStGMu+/vQYzYe+/vT/vv70beUtlM++/vU7vv73vv71F77+9GFNTAzfvv70G3Ypw77+977+977+977+9fHUWNO+/vWzvv71x77+9YO+/ve+/vVBH77+977+9H3xj77+9E++/ve+/vVIY77+977+977+9fWHvv71l77+9biXvv705aUh477+9Vu+/ve+/vU9bZe+/vQPvv71mYe+/ve+/vVlXLO+/vXlW77+9VTrvv71QNe+/ve+/ve+/vXIueu+/ve+/vQvvv73vv73vv70+fk3vv73vv71+QsiXz5Dvv71B77+977+9xb3vv70AADxGB1Mp77+9cGR977+9Oe+/ve+/vSpiO++/ve+/vW7vv71hOUbXoO+/vRjvv73vv703KN6g77+9CO+/vci577+9fu+/ve+/vWLvv73vv73vv70x77+9TO+/vWca77+977+9TQHvv71TSitixplsNe+/vQ8+77+977+977+9JwDvv70QQu+/vV8r77+977+9TATvv70IJ++/vTvvv73GhO+/vRB177+9LO+/ve+/vUnvv70KV++/vSUK77+977+9DwRO77+977+977+977+977+9Zycc6ImoQe+/ve+/ve+/ve+/vQvvv73vv73vv73vv73vv73vv71v6LS177+9B++/ve+/vVzvv73vv71nB++/vdO777+9R9mPARDvv70mDO+/vXAbUnLvv71i77+977+977+977+9OgPvv71A2LbOqVN7fXNvSFw977+977+9Pu+/vQ7vv71IIe+/vScH77+977+9He+/ve+/ve+/vVdX77+9LRhZ77+977+9E3zvv73vv71vfDDvv71gGe+/vTEbN27vv71777+977+9D++/ve+/ve+/ve+/vQMmf1RBKe+/vRTvv73vv71tWXd0MAwO2pjvv73vv73vv73vv71f77+977+977+9d3hjEh3vv71MAe+/ve+/ve+/vV/vv73vv71w77+977+9UO+/ve+/ve+/vRXvv73vv73vv73vv70GLu+/vW7vv73vv73vv70aHCzvv716Wu+/ve+/ve+/vX/vv70I77+977+977+977+9Pkjvv73vv70IYu+/vXsUYgpZf++/vW8/OO+/ve+/vUIWJ++/ve+/ve+/vTNl77+977+977+977+9fX/vv73vv71HJU7vv71577+977+977+9ee+/ve+/ve+/vSdvXm/vv708U++/vTAA77+9Y8eO77+977+9fO+/vSkz77+9HO+/ve+/ve+/vQUvJWThtKXvv70OFlpiAGDRokVNA++/ve+/vSTvv71bPxhLU2Fp77+977+9V++/ve+/vSjvv71U77+977+9aWPZmDzvv70s77+977+9Lu+/vQkh77+9O++/vTHvv702Qe+/vSDvv70U77+9ZWPvv73vv73vv70YchTvv70zPu+/ve+/ve+/vX9W77+9CysvcB8YBu+/vXvvv73vv70PXz8J77+977+977+9zo3lg73vv73vv73vv70cdDoHfibvv70dXjobMw8jWGXvv71pHu+/vca077+9Tnjvv709DO+/vRnvv73vv71BLe+/ve+/vWpf77+977+977+9bMyn77+9L++/vR5uNO+/ve+/vQ7vv70dPO+/vWfvv73vv702Jl5D77+977+977+9He+/vT9677+977+977+9T3zZmO+/vXR8cVoY77+977+9bu+/vXsKf2kc77+977+977+977+977+977+9eO+/ve+/vQd+Vu+/ve+/vUln77+9AE/vv73vv70Vxb0tXTHvv73vv73vv71277+977+9V++/vTLvv71rQynvv71hTe+/vR/vv71177+977+977+977+977+9Rjoee3Xvv71HYe+/vRBDWO+/ve+/vW/vv73dvT8WCtm877+977+9bQAEUQUiAQh+77+977+9VVsiNe+/vQLvv70A77+977+9B++/vTgBQBJJEHLvv71RdO+/ve+/ve+/vXcaG04GRtOQbmMLf929Je+/vQ/vv73vv70O77+977+9CiDvv70CAO+/ve+/vVnvv73vv71P77+977+977+977+9RDwp77+9O++/vc27flbvv73vv73vv71lBcKzHu+/ve+/vRzvv73vv71a77+9Tw/vv71W77+9c++/ve+/vXkFK3AM77+977+977+9Sy3vv70CAO+/ve+/vRDvv702fRTvv73vv73vv73vv71A77+9DHPvv70LJCQSb++/vUUb16Pvv70e77+9UHrvv73vv71/77+9TkrdlnPvv73vv70xZw7vv73vv70h77+9TgHvv70dO3ZkR9GXFQPvv73vv70477+9ee+/ve+/ve+/ve+/vQMaf04HQOi4gVbvv71D77+977+9fXwwB++/vSwA77+9Ru+/vc6n77+977+977+977+9QBRM77+9AC7vv73vv71cBgBh77+9EO+/vQ5hDGPvv70U77+977+9SO+/vXHUq++/vSIM77+9C++/ve+/vSrvv71EUu+/vVXvv70t77+9Ou+/ve+/ve+/ve+/ve+/vVnvv70577+977+977+9NFXvv71UI9GzYkbvv73vv73vv71E77+977+977+977+977+977+9dTrvv73vv73Nlhrvv73vv73vv73vv71NR++/vRzvv71Zd9K077+977+9Zx/vv73vv73vv73vv71rau+/vQoF77+977+977+9TCnNiu+/vTzvv71677+977+9G++/vUPvv71hM++/ve+/vXPvv700d1nvv70KVyzvv73vv73vv71X77+977+9VO+/ve+/ve+/vS7vv70K77+9RBjvv71qMe+/vQtQX9CFTk9977+977+977+9Wu+/ve+/ve+/ve+/ve+/ve+/vW1r77+9V++/vQHvv70pAO+/ve+/vRXvv73vv70A77+977+977+9L++/vVPvv70A77+977+91avvv70O77+977+9LGjvv73vv73vv71e77+977+9Tx5oMDXvv71z77+9Dn/Ml13vv70ZcO+/ve+/vXbvv70fVjzvv73vv73vv71H77+9P++/vdq3HO+/ve+/vcqK77+977+9PBQp77+9QlHvv73vv70Lf++/ve+/vUXvv73vv73vv70kYe+/vUQ477+9awkHRRXvv73vv73vv73vv71ePe+/ve+/vSNvbO+/ve+/ve+/ve+/vS91fQbvv70PQx4VUkprYz0v77+977+9Je+/vVzvv71y77+9Iz/vv73vv73vv70kLO+/vQzvv73vv70Panfvv71yG3c+77+977+977+9TW/vv73vv71877+9Vzfvv73vv73vv70A77+9UEoL77+9Yk4Y77+9IUvvv70kLu+/ve+/ve+/ve+/ve+/ve+/veq8te+/vTLvv71qXDDvv73vv70Z77+9B++/vd61P++/ve+/ve+/vXtf77+977+9ZiPvv71h77+977+977+977+9AO+/vVJKS++/vWbvv71677+977+9J++/vS7vv70w77+9WQLvv73vv71rJ++/vVl777+9H38zRe+/vUw2Xu+/vTJk77+977+9Ue+/vT3vv73vv70nL++/ve+/ve+/vU/vv73vv71s77+9Y0RBPSBIcO+/vUrvv73vv70R77+9Cu+/vTvvv71OWe+/vUvvv73vv73vv71i77+9Iu+/vUDvv71iIlDvv73vv73vv73vv73bnh/vv73vv73vv717W++/vT7vv70SXCMI6bO977+9fe+/ve+/vS0f77+9Ie+/vWZlLFw1e++/ve+/ve+/ve+/vQXvv73vv73vv70YAEjvv73vv70KVk/vv71/Ve+/ve+/vSnvv73vv70qDDkJWVNT77+9H++/ve+/ve+/vUvvv73MnTt377+9cO+/ve+/ve+/vV7vv70XTF3vv70p77+977+9CwUi77+9CUbvv73vv73vv73vv70r77+9Vu+/vXjvv718Xe+/vVDvv70UFRV1RxQ/77+977+9z5wzL++/vRtz77+9au+/vXPvv71J77+9Ssis77+977+977+977+977+977+9GA4977+9Zu+/ve+/vWch77+9SS3vv706RzFD77+9CUzvv70iA1vvv70877+9azdeCu+/vVDvv70877+977+9Y++/vQkh77+9XzFnPe+/ve+/ve+/ve+/ve+/vWnvv70WRO+/vVbvv73vv70COe+/ve+/ve+/vREwQu+/vWU677+9IkMxJHLvv73vvo/vv73vv73Igu+/vTnEnO+/vShW77+9Pu+/vU3vv71WUO+/ve+/ve+/vXFB77+9RO+/vQooCu+/vRNwcx4rGe+/vSt477+977+9F++/ve+/ve+/vQNtVnjvv73vv707EWgw77+9fO+/ve+/vTzvv73vv73Mse+/vVvvv73vv73vv73vv71b77+9Cg7vv71Q77+977+9fu+/ve+/vW/vv71iVO+/vQvkro7vv70dBzo3Hx3vv70Z77+9Me+/ve+/vXk/Pe+/ve+/vXHvv73vv71U77+977+977+977+977+977+977+9Uyjvv73vv71nMic1FO+/vR3vv73evu+/vdGz77+977+977+9Pxzvv718Yu+/ve+/ve+/ve+/vWNO77+977+977+977+9Wu+/ve+/ve+/vTbvv73vv71E77+977+9YQbvv73vv70dAO+/vQp3ce+/ve+/vQ9eP++/vce/77+977+9Tk4o77+977+9ek3vv73vv70rf++/vemBve+/vTbvv73vv73vv73vv70tZADvv73vv70D77+977+9N3Rw77+977+9cwjvv73vv73vv73vv71H77+977+977+977+9NO+/vQ7vv71577+9H++/vXLvv73vv70WfO+/ve+/vU9f77+936s3b++/vQt677+977+977+977+977+977+977+977+9H0bvv70HI++/vR4I77+977+9QO+/ve+/vQfvv73vv70e77+9Hu+/vXN5cO+/vQDvv73vv73vv73vv73vv71zH8+YB++/vXAv77+9P++/vWHvv71g77+9GO+/vTnvv71W77+9Mu+/ve+/vSDvv71cJTHvv73vv73vv73vv70+aGnvv70McCZu77+9MO+/ve+/ve+/ve+/vd+477+977+9E0t+77+9XzhSTGrvv73vv73vv70r77+977+9Cu+/vSIS77+9LO+/vSlp77+9d++/ve+/ve+/vT9eM3lNae+/vTTvv71lz5NTau+/vXYGP23vv73vv73pv5vvv71977+9N++/vUfvv73vv73vv70GISfvv71aSu+/ve+/vVFFAkfvv70gACAZ77+977+9ecuv77+977+977+977+9Xe+/ve+/vW9PT1rvv71S77+977+9Y25R77+9Am5aZzvvv71777+977+977+977+977+977+977+9yaPvv71b77+9FWHvv71H77+9Eu+/vREx77+9373vv73vv71177+977+9Ve+/vRzvv73vv70A77+977+977+9YRvvv70bbO+/vWLvv71ly6fvv73vv73vv70LV185z7AyUSdOZ0Tvv700amYFOB91chZ677+977+977+977+977+977+9L++/ve+/vWTvv73Ovxx577+977+9OQDPkFzvv70f77+9AO+/vQDvv73vv71xKO+/ve+/vRh0GU5k77+9CTHvv70H77+9Unhv77+977+9C++/vXTvv70kSO+/vQwABgTvv73vv70hBO+/vX9W77+97J2v77+977+977+977+977+977+9JQBKQO+/vQzDhDsKA++/vV1NJG99T3Tvv713Ge+/vSvvv73PnO+/vRbvv70P77+9UT9gXFDvv73vv73vv73GpX3vv73vv73vv70AXV7vv73vv71zERITZ0Hvv705ce+/vcSa77+9MmfcoO+/ve+/vW3vv70h77+977+9cx5277+977+9U++/vRBC77+977+977+977+9bwDvv7130L3Kgx3vv71dT++/ve+/ve+/vUAI77+977+9Oe+/ve+/vTlYJDnvv70377+9du+/vV3vv71277+9Ge+/ve+/vT3vv71W77+9Au+/ve+/ve+/vQXvv71G77+9eu+/ve+/vRQxWu+/vTcY77+9Zijvv719J++/vXEZCCF/Cjnvv73vv70JOe+/ve+/vWAw77+977+9amQCIGvXru+/ve+/vcu0AQDvv73vv70P77+9Zyhx77+977+9Eu+/vRrvv73vv73vv73vv70iTz/vv73vv73vv71f77+9BQo377+9aFTvv73vv73vv70U77+9A3twPO+/vVsA77+977+977+9CmHvv71lSkVFRe+/vThiCgB8A++/ve+/ve+/ve+/vRDvv705Ne+/vQghHwDvv71a77+9GMKgb++/vRk5Q++/ve+/vWLvv70qCu+/ve+/vVF/Me+/ve+/vcWRMu+/vQAQQQ9t77+9Tu+/ve+/ve+/vSoq77+9Ze+/ve+/vVLvv73vv705DCPvv71PH0d7e3vvv70dRu+/ve+/vVbvv70paw/vv73vv70177+9G++/vRvvv73vv70OQFbvv71Y77+9c0Lvv70fR8ucSHLvv73vv70C77+9cO+/vQoU77+9Ckjvv70qUS4o77+9YVg4be+/ve+/ve+/vSXvv73vv71pBm3vv70yQe+/vcKqRUkCAu+/ve+/ve+/ve+/ve+/ve+/vQZtXjPvv73vv71b77+9Ou+/vXHvv73vv71Y77+977+977+9R++/ve+/vW1r77+977+977+9ZT7vv73vv73vv70y77+977+977+977+9UF5e77+9PBrvv73NmBBT77+9Du+/ve+/vXBJWXjvv71477+977+9ee+/ve+/ve+/ve+/vV7vv71wYe+/ve+/vUxl77+9RCVKYu+/vUQM77+9HX59IO+/vQXvv73vv70AdXFW77+977+9au+/vR8wbjHvv70477+9de+/ve+/ve+/ve+/ve+/vR3vv71n34o+JO+/ve+/vX7vv73vv70mVu+/ve+/ve+/vXDvv70zMmPvv73vv71BPO+/vS4A77+9YTJEVHjvv71kzoJL77+977+9Wu+/ve+/vduX77+9M++/ve+/vWlFaQLvv73vv70J77+9Rj7vv73vv73vv70877+977+9We+/ve+/ve+/vV8477+977+977+90r7vv70/77+977+9z4Pvv71b77+977+9Z++/vUXvv71f0ptv77+9OSXvv73vv711x75VEkZUMgwrdu+/vWhgK++/vUHvv73vv73vv73vv73vv73vv73vv70HGjrvv71OBe+/vWLvv70u77+977+9D1pa77+977+9Dyvvv73vv73vv73vv71H77+9P++/vTZLVDQKCntv77+93Yjejhnvv73vv70gb++/vWzvv73vv70vfHDvv73vv70fXzZJ77+9WCYVKe+/vVTvv73vv705L21x77+9CO+/ve+/ve+/vd+ObXrvv73vv71HDmzvv73vv70EGHHvv73vv71fW23vv73vv70u77+9aCjvv73vv70p77+977+977+977+9L++/ve+/ve+/ve+/ve+/vVg577+9R++/vcmSXO+/vUjvv70jVu+/ve+/vRwc77+977+977+9Z++/vS9177+9e++/vT9+77+977+977+977+977+977+9Oe+/ve+/vUpZ77+9dwA/HO+/ve+/vRnvv71efV3vv70t77+977+9fu+/vT1fL++/vdug77+977+977+977+9yKDvv73voLvvv73esO+/ve+/ve+/ve+/ve+/ve+/ve+/ve+/vUPvv713HER3NMyJau+/vQIA77+977+9X2Xvv73vv73vv71777+9XO+/ve+/ve+/ve+/ve+/vTzvv73vv715ae+/vWXvv73vv73vv73vv73vv73vv73lvZcOPu+/vXEQ77+9MO+/ve+/ve+/ve+/ve+/ve+/vXIJwp3vv71edEvvv71r77+977+977+977+977+977+9VUnvv71hz4Lvv73vv73vv70S77+9Itmq77+9d++/vTHvv73vv73vv73vv71RClEYBu+/vW0x77+977+977+9fVPvv71377+9yqseWlnvv73vv70i77+9ZO+/ve+/vSUWC2VkQe+/ve+/ve+/vTd+77+9e++/vS1JWhzvv70777+977+9EGIa77+9MeGgpWg+77+977+9XDnvv71n15bvv73vv73vv70R77+977+977+977+9Bu+/vUhF77+977+977+9bFh+77+977+9B++/ve+/vSjvv70c77+977+9HwJI77+9BWIE77+9S++/ve+/vV4x77+977+9M+SThO+/vXXvv73vv71G77+977+9XD3pjrlz77+9Te+/vXPvv71FRgDvv70JIU8Pzpjvv71nAu+/vQk2bNiwdO+/vTss77+977+92LBs77+9Ve+/vWYmfz1B77+9Su+/ve+/ve+/vWrvv73vv71F77+9eu+/ve+/ve+/vTk377+9PH1Zeu+/vQjvv73vv73vv73vv71HWO+/vSfvv70GYe+/vSYL77+9dmDdunXvv70P77+977+9JWDvv73vv70WfOOSnO+/vScr77+977+9ce+/ve+/vVzvv73vv73vv73vv70V77+9Uyfvv73vv71W77+9Eu+/vSbvv70077+9AdiM77+9MO+/vc6d77+9fHrvv70HXTZP77+9Nu+/ve+/ve+/vRvvv73vv73vv70n77+9du+/vQRxOu+/vTB/77+9Ze+/vWcn77+9HFY9Pe+/ve+/ve+/ve+/vSpL77+9Vn1l77+977+9zZPvv73vv71uWmbvv70Z77+977+9F0oE77+9Ce+/vTdByIpJ77+9bu+/vS4nL2/vv73vv70fYO+/vXx277+9AHx7UO+/vXLvv73vv73Koe+/vTXvv70H77+977+9JBfvv73vv71STu+/vU3vv73vv71hAO+/vRNnCu+/ve+/vWdd77+977+9S1JGE1YM77+9MnLvv71JJWnvv71m77+9REkTbjHvv71IICPvv71J77+9c++/vWnvv73vv73vv70zRu+/vU/vv73vv73vv73vv73vv73vv70S77+977+977+977+9ClhkKu+/vSjvv711GUvvv708NHQ477+977+9Bx9cQQjvv73Hl++/vSHvv71sKC4uHu+/ve+/vdCS77+977+9JmlSZu+/ve+/vQvvv70TbRjvv73vv71a77+9Ikjvv70VzJQmQDbvv70177+9PO+/ve+/vXsA77+9Au+/vQrvv73vv73btm3vv70iOXnvv70A77+977+9CXHvv70i77+9RCHvv70JMEFJLO+/vSFV77+977+9JXbvv70TAO+/vT3soZTvv73vv70877+9Xu+/vVTvv708Ve+/ve+/vSUR77+9Jypf77+9EO+/ve+/vSnvv710STlKfe+/vWTvv70W77+9JO+/vTAz77+9Ie+/vWUMK2Dvv70R77+977+977+9AkV+77+9GO+/vdKLRSpp77+9aCJuVT4K77+9Iu+/vUDvv73vv73vv73vv71j77+977+9M3Dvv73vv73vv73vv73vv73vv71/CmA9Ae+/vR8fx7Pvv73vv70M77+9N2sA77+9LgUD77+9FndtGe+/vWLvv73vv70LegPvv70g77+9Bybvv71CRh/vv70B77+9f++/vTnvv707PwRw77+977+977+9ZExX77+977+977+977+977+977+9Ge+/ve+/ve+/vR4m77+9Zu+/ve+/ve+/ve+/vT5m77+977+9H++/vTjvv70cLR1+77+9M2Hvv70S77+9fO+/ve+/ve+/vWxz77+9PV3vv71hzI3vv70XL14z77+9RWYJPBZva++/ve+/ve+/vQUnLGPvv70+dHsaW++/ve+/ve+/ve+/vRlDKX1577+977+977+9Twp177+977+9O++/vXXvv706DnR5Gibvv712fwfvv70dbO+/ve+/vR09ae+/vXPvv71rKioq77+977+9Ghnvv70TSVvvv707D++/ve+/vT3vv73vv73vv718E1IA77+977+9Kj0tHe+/ve+/vSofHjpvX3l577+9du+/vSop77+977+9Xe+/ve2Wtu+/ve+/vcOVbu+/vXfvv70x77+9x7lp77+977+9YO+/ve+/ve+/vXsM77+9L1DIou+/ve+/vRwVYz7vv709HDXvv71H77+9bnNW77+9JhpjbO+/ve+/ve+/ve+/ve+/vR1fHD7vv71tHHU8JjRTOxw377+977+977+9J++/ve+/ve+/vcaiSO+/vVgR77+9B1BnO++/vWxqb++/ve+/ve+/vW8M2al1dXUJ77+977+977+9YBBFCe+/vT/vv71277+977+977+977+977+977+9Te+/vVMTxqBxBnrvv73vv73vv73vv73vv71377+9cMOO77+9On7ZjO+/vR7vv71zCsKYX++/vVB977+977+9D++/ve+/vQJfZe+/ve+/ve+/ve+/ve+/ve+/vU7vv70n77+9GO+/ve+/vQlwfnrvv71n77+977+9UNWeF++/ve+/vTBs77+9MDTvv70B77+9ehDvv70877+977+9X34177+9C3/vv73vv71v77+977+92rrvv70977+9Xe+/vU5PA++/ve+/ve+/vRfvv70/77+977+9YQvvv71J77+9WlRUdCd5HC48Ghjvv73vv717GlXvv71/YHvDi++/vR/vv73vv73vv73vv73vv706bgo+77+977+9Sj/vv71/77+91I7vv70Vfzrvv73vv71Z1Y5P77+977+977+977+9f1BK77+9I++/vQRpI++/ve+/vcS777+977+9Tz/vv73vv73vv73vv71Obe+/vXPvv73vv73vv70ONX7vv71L77+977+93rXvv73vv73vv70KO++/ve+/vQpbGe+/ve+/vRdf77+9He+/ve+/vUQpbQ/vv73vv73vv73vv73vv71577+977+9W1/vv73Dru+/vTfvv73vv71JSwV4P++/ve+/ve+/ve+/vWzvv73vv71/f++/vVnvv71rGGHvv73vv70t77+93LJv77+977+9U++/vQ7vv70wVDcAcO+/ve+/vW/vv73Lr2x/77+977+9J3vvv71wBcaBRe+/ve+/vRw6XO+/vdyr77+977+977+977+977+9b1bvv73vv71n77+977+9a++/ve+/vUXvv71d77+9fO+/vWHvv71seD5577+977+9P++/ve+/ve+/ve+/vRfvv73vv73esnvvv73vv71PUwU4H++/ve+/ve+/ve+/ve+/vdeOBz9577+977+9Xe+/ve+/ve+/vUQ4de+/ve+/vTTvv701eEDvv73vv70277+9We+/vSzvv70u77+977+9H1zvv73vv71fLe+/ve+/ve+/vV4lTjzvv73vv73vv73egO+/vR7vv73vv73cte+/ve+/ve+/vXvvv70L77+977+977+9REsY77+977+9AO+/vVBK77+9Ye+/vWEz77+977+977+9XyLvv73vv73vv70Z77+977+935Dvv73vv71v77+977+9HjM277+9DO+/vTt8Y++/ve+/vShgCu+/vR5jK++/vca2J9q+77+977+977+977+977+977+90IXvv73vv71HRnjvv73vv70XQO+/vQLvv73vv70wHijvv71fLCxb77+9cu+/vS/vv73vv73vv71HV0/vv71f77+977+977+9KjIW77+9eO+/vQEX77+977+9He+/vW3vv73vv73Xve+/ve+/ve+/ve+/ve+/vSPvv704PkN477+977+977+977+9MO+/vQUj77+9JXh6Bu+/vXEYf07csO+/vWfvv73vv71+Cu+/vTh5HA8MO++/vQzvv71OX++/vXLvv73vv71XXu+/ve+/vW4q77+977+977+9Fu+/vRk577+9dlE077+9cwgE77+977+977+9Ve+/vX1R77+977+977+977+977+977+977+977+977+977+9Vu+/vTgc77+977+977+977+9AlAMYDvvv71YTAhG77+9SzAyY3ZuAO+/ve+/vQR0HO+/vcqt77+977+977+9ecKd77+9fS0Y77+977+977+977+9E++/vSTvv71hKM6e77+977+9MSUlU1si77+9ClTvv70lIggE77+977+977+9FAzvv73vv70pR33vv73vv712OO+/ve+/vQod77+9expqa09477+977+9PUowHe+/ve+/vQzvv73vv73vv73vv73vv73vv70Z77+977+977+9MB/vv73vv71b77+9IilK77+9AO+/ve+/vT8CW35577+9R++/vTvvv73vv70q77+9Du+/ve+/vVBQ77+9b3Tvv71t77+9Q2g/77+977+9dmh/77+9UwoK2o/vv70gAQkSQighJGzvv70n77+955yzaxjvv73vv70PJ++/ve+/ve+/vTzvv73vv70HZu+/vRbvv71D77+9Q9C3PTDvv71FBe+/vcWj77+977+9DEvvv73vv70B77+977+977+9EEt+NXHvv71U77+9Ge+/ve+/vUl177+9z6rvv73vv714Nu+/vWgQE2dM77+94oyJMybOmDhj4oyJM2bvv71R77+977+977+906jvv73vv70o77+977+9ISnvv73vv73vv73vv714Cj/vv71bPAnvv73vv73vv70bbUfvv73vv70B77+977+9fu+/ve+/vWrvv73vv73vv70dAEDvv71s77+977+977+9Lmx+77+9C++/vQBMB++/ve+/ve+/vVnvv70oAFrvv70IOlkPK++/vUfWr1/vv73vv73vv73vv70z77+9XQBv77+977+977+977+9xYsX77+9Se+/ve+/ve+/vX3vv73vv73vv73vv70FLdad77+9bADvv71eUHzvv73vv73vv70eUE/vv73vv73vv73Nmzfvv73vv73Dse+/vXLvv73vv70e77+977+9Zu+/vSTIhjMZ77+9bt2677+9F++/ve+/ve+/ve+/vSBA77+9LQ7vv73vv70Wfu+/ve+/vS9LZFnvv71p77+9fO+/vWIw77+9Qu+/vd2/fO+/vQXvv73vv70f77+977+977+9ce+/vQwiTWzvv70677+977+977+9QS/vv70afgXvv73vv71C77+977+9fO+/vX3vv71uA3Xvv70CdO+/vRxQAH/vv73vv71BA++/vTRgZD0T77+977+977+9NGDvv71D77+977+9y4sGNO+/vSoRIe+/vTDvv73vv73vv70U77+9Gjvvv710zoJ7Ays077+977+977+977+977+9LEx877+977+977+977+9WzPvv70AEAIQQQ7vv71ECe+/ve+/ve+/vTIo77+9y7AiHO+/ve+/vSfvv70A77+977+9Eu+/vSDvv73vv73vv70DPu+/ve+/vUAA77+9H33vv73vv73vv70B77+9eO+/ve+/vWXvv73vv70H77+977+9UUrvv73vv70R77+9AWAZTe+/ve+/vWjvv73vv70AEEMJ77+9WAbvv70277+91asS77+977+9BFlaQu+/vTJd77+9Ue+/vQkq77+9Xu+/ve+/vVfvv71Vcu+/vVwtS1Dvv70oFRLvv73vv70hLBkIcAoKQkF977+9O2h1dXrvv73vv70e77+977+977+977+9WO+/vd2977+977+9Fu+/ve+/ve+/vWHvv71ZHO+/vWZne++/ve+/ve+/ve+/ve+/vTos77+977+977+9Gy7vv70t77+977+9MO+/vWLvv71Y0YYKGy5d77+9bu+/vWfvv71fKynvv73vv70TDjQDGD/vv73vv73JkUTvv70l77+9NGg1SWzvv70uSWJISlcXZOWllO+/vSVn77+9JO+/ve+/vVI0We+/vVRN77+9PEHvv70mUgjvv73vv71c77+9JiwjJkJGDAZ9IGEgAAEhLDt4Oifvv70L77+9IO+/ve+/vSVgCFIu77+9Q++/ve+/ve+/vRd0Uxfvv73vv73bvGbvv73vv71h77+9dljvv73vv73vv71WS0d377+977+9aGzvv71ub++/ve+/vW5zN++/vXp8be+/vQ7vv73vv70jJO+/vcaE752d77+977+977+977+977+977+977+977+977+977+90rzvv70J77+9J++/ve+/vUzvv73vv73vv70z77+93bfvv70777+977+977+977+9EANA77+977+9QmJy77+9OC8tVzc1Jy9jRmFuYXFuSmlq77+9Ok/vv70kN++/vTTvv71kVu+/vWrvv73vv73vv70JQ1gQMFFl77+9Du+/ve+/ve+/ve+/ve+/vQDvv73vv73vv706Az1877+977+977+977+9dDTvv73vv717au+/vXXvv73vv73Guu+/ve+/ve+/vS3vv73vv71DHe+/vc6q77+977+9QCs6YAcQ77+9Ne+/ve+/ve+/ve+/vRLvv73vv73vv73vv73vv73Ql++/vT8v77+9Ce+/vUbvv73uvYA8cVzvv73vv73vv70cKDrvv73vv71yRGnvv70F77+977+9Je+/ve+/vUvvv70n77+9KsqYZu+/vdWV77+977+977+9OSIl77+9Y0QCKRgI77+977+9Fu+/vTjvv71PORrvv73vv73vv71T77+977+977+9b3VU77+977+9TEfMlU3Hqirvv71qdzXvv71277+9Nu+/vTprXe+/ve+/ve+/vRpAa9euXe+/ve+/ve+/ve+/vVfvv73Vn++/vUzvv70L77+977+977+977+977+977+9EO+/vRDvv73vv70xMHAJUiFNN++/ve+/vTNyVTMLSzIXTynvv706Z0pmeXbvv71+77+9Ui/vv71iJQIlYQhL77+9Ce+/vXrvv73vv73vv700EO+/ve+/vR4wB1vvv71V77+9yo49Xe+/ve+/ve+/ve+/ve+/ve+/ve+/ve+/ve+/vVzbve+/ve+/ve+/vXbWohfvv73vv73vv73vv71P77+977+977+9Ee+/ve+/ve+/vQo077+977+977+9BO+/vR4A77+9MXo5Qe+/vUxoU3Pvv71l77+9ee+/ve+/ve+/vSZNWTgjb1Fx77+9fu+/vUYv77+9ZiUCJREQ77+9TO+/vRx177+977+977+9QO+/vQt777+9HDTvv70rPUdbd++/vR3vv73vv704WFPvv73vv71ZW23vv73OmlN+I1rhjYXvv73vv71577+9CATvv71+77+977+977+9Ulp1TkHvv71v77+9VlRUZO+/ve+/ve+/vRvvv73vv70qGe+/vWRk77+977+9M/OVs6ZMLVg6d++/ve+/ve+/vQrvv70aDO+/vUlS77+9MO+/vQgY0YTvv70o77+977+9AO+/vT7ehR5fK1dl77+977+977+977+977+977+977+9I++/ve+/ve+/vVXvv71277+9NDnvv70c77+977+9RXgl77+9R++/vV4AagDNlNKsMQcKIe+/vU4A77+9DnBv77+977+9Uu+/vUrvv73Ehu+/ve+/ve+/vcunTe+/ve+/vXJW77+977+977+9SXPvv716aTYrFe+/ve+/ve+/ve+/ve+/vVnvv70i77+9CH1b77+9bH5z77+9aD/vv7052rrvv73vv71A1a7vv70q77+9N++/vW1s77+9PNS8Cu+/vWjvv73vv73rr7/vv71H77+9Nm16OhJ1NdqqTDtDHu+/vQlAaizvv71Q77+977+91Jnvv71mFF03f++/vWXvv73vv71MX++/ve+/vSItEO+/vQTvv70LXu+/ve+/vUt+77+9Rx1+M++/ve+/ve+/veuoqH/vv73vv70je++/vXfvv71A77+977+9J++/vTnvv73vv71VW++/ve+/ve+/vcq077+9NO+/vWjvv70z77+977+9VW0A77+9Ee+/ve+/ve+/vSFv77+9OhPvv73vv73vv73vv73vv73vv73vv73vv71m77+9LO+/ve+/ve+/ve+/ve+/vXnZqilSOe+/vXBRSu+/vXAk77+9P++/vd2eZu+/ve+/vXl777+977+9Ux/vv705XHnvv73Vuu+/ve+/vS8qP3Dvv71j77+977+9RlUkLyzvv70QQloBZAB4Gu+/ve+/vWjvv73vv73vv70V77+977+977+9Mu+/vSVTSu+/ve+/vVDvv73vv73vv718Su+/vSUJOnHvv71ALO+/ve+/ve+/vTLvv73vv73vv70H77+9O9CLJu+/vTHvv70+77+9B++/ve+/ve+/ve+/vW3vv73vv73vv71777+94Yit77+9dQ8877+9CjhsGO+/ve+/vQpgGe+/ve+/ve+/vQJMKUTvv70V77+9Re+/vXPvv73vv71T77+9aNW877+9FcW577+977+9Mu+/vVADViDvv70DJgxiBULvv70S77+9USQo77+9JEjTilM02boK77+9B++/vUrvv73vv73vv71T77+977+977+9VH7vv73vv70obB0C77+9EkJGBO+/ve+/ve+/vVgBaxPvv73OnnEX77+9f++/vT7vv71677+977+9KV0CecqU77+977+9ZWXvv71W77+9L++/ve+/vVlp77+977+9U2QFQhEjIwLvv70g77+977+9Ue+/vVgoI++/vSRPMD9d77+977+9IE3vv73vv71W77+9bu+/vUrvv73vv70VaXLvv70H77+977+9dmzvv70s77+9E++/ve+/ve+/vUcC77+977+977+9aT3vv719NWMjcO+/vTNiL++/vRTvv73vv73vv714ZtqcKQVTb13vv73vv73vv71pSe+/vScm77+9M++/ve+/vVzvv71nIu+/vToe77+9Qe+/vRzvv73vv73vv71b3qrvv71f77+977+977+977+91LTvv73vv73juK0lUu+/vVx177+9Ve+/vX4w77+977+977+9fe+/ve+/vSDvv70RRirvv70H77+90ajvv73vv71a77+9V++/vSnvv71677+977+977+9Fe+/vU3vv71f77+977+9IE5n77+977+9OA7vv70YAu+/ve+/vTvvv73vv71jfO+/vWpf77+977+9UQMnUQpqUAEH77+9zYPvv71T77+9QwBmBu+/vUMA3owQMMi6GeKykuSSou+/ve+/vVXvv71fOlV/eRwwY0ACAQsJFCRLOU0SNO+/ve+/vTwT77+977+9QO+/ve+/vSZUcu+/vX3vv73vv71l77+977+977+977+977+977+9dHtA77+9Qu+/ve+/ve+/vceFAAMA34rvv71N77+977+977+9T1Xvv70lJ2csLUrvv73vv73vv71QW++/ve+/vRHvv73vv70BM++/ve+/vREoSO+/vXzvv73vv71U77+977+9yKAr77+9KlHvv73vv70277+9Nu+/vRF5AO+/ve+/ve+/vQBZOSJoCCFvAEBqau+/ve+/ve+/vTHvv71e77+9VBfvv70kL++/vWTvv71xde+/vX5pTu+/vTRfKGTvv70ZY++/vQoKNu+/vRTvv73nqafvv71fMu+/vSjvv73vv73vv73vv70Z77+977+90ocQ77+977+977+977+977+977+9w5E077+9Au+/ve+/ve+/ve+/ve+/ve+/ve+/vSXvv71Y77+977+977+977+9Xu+/ve+/ve+/ve+/ve+/vSIrEO+/vQVyCO+/vRHvv70xJyErJmphEu+/ve+/ve+/ve+/ve+/ve+/vSzvv73vv73vv73vv71m77+977+977+9WkTvv73vv73vv73vv73vv70gKQ7GpO+/vQAAIABJREFUHhI077+977+977+977+9ae+/vVtI77+977+9Au+/vTY1JWlWXu+/ve+/vVk577+9GVrvv71Q77+9TO+/ve+/vUYT77+9RAIp77+977+9Be+/ve+/vTnvv70ZybkL07PUuUse77+9eO+/vXp/77+977+977+977+9JO+/vScA77+9fu+/ve+/ve+/vSJ5wqrvv73vv73vv71n77+977+9UxIz77+9ZSpLM3Tvv70MIe+/ve+/vQFz77+977+9FO+/ve+/vWrvv70mK1Zm77+9C0sT77+977+977+9SQbvv70S77+977+9wrgzQe+/vQUA77+9Pe+/ve+/ve+/ve+/vWMy77+9Mu+/ve+/vUAv77+9LE7vv73vv70q77+9AhVhBe+/vXhP77+9a8OYEUEjShYmS++/ve+/vTTClClK77+9PHnvv70RZwjvv70V77+9Qu+/ve+/ve+/vT1FIGYgcO+/ve+/vWox77+977+9Vu+/vVPvv70qUe+/ve+/vWVE77+9Hjwf77+977+9QEQkAiXvv70V77+9Ke+/ve+/vRDvv71SE2ojU1Hvv71ff++/vSvvv73vv73vv71iDu+/vVXvv70gyJgkS0hNTe+/vUlV77+9JShY77+977+9IWxcNe+/vScSC2Tvv73vv70M77+9NF12RnpWYkbvv71y77+9JO+/ve+/ve+/vXTvv71N77+977+977+977+9DhpzNe+/ve+/vQzvv70F77+9Su+/vUDvv71QCO+/vRESAWEJQxjvv73vv73EnE8iEBAWLFgGDO+/vUg9NO+/vQHvv71kyZLvv71iHe+/vX4+77+9aO+/vTEANO+/vX8P77+977+9YXYa77+977+9S++/ve+/ve+/vVck77+9SO+/ve+/vXcA77+977+9BO+/vT8XA++/vWMh77+9KO+/ve+/vWvvv73vv73vv71I77+9IghK77+9OD87VO+/vXR6X1BQQikh77+977+9O++/vdChQ++/ve+/vX3Tl35K77+9KO+/vTZN77+9SQQ777+977+977+977+9TnNX77+977+977+977+977+9eu+/ve+/vQla77+977+9Qu+/vQDvv73vv73vv70e6LS2Wu+/ve+/vXbvv73vv73vv70ZUUnRl19+77+9P3lUVe+/vQrvv71tD++/vRPvv718Pe+/ve+/vX7vv73Ome+/ve+/ve+/ve+/ve+/vSd4Ge+/vUocH++/ve+/ve+/ve+/ve+/vQLvv70uF++/vRs577+977+9WWkJ77+977+977+9ae+/ve+/ve+/ve+/vScXeGYo77+9fA7vv70lIO+/ve+/vQHvv70G77+977+9bO+/vT5l77+9N++/ve+/ve+/vTTvv73vv71BJ++/ve+/vThw77+9Ne+/vT3vv73vv71177+9Tu+/ve+/vVbvv71Ja0vvv73vv73vv70IN96ZTO+/ve+/vQBAKX12UNCsWu+/ve+/vRYA77+977+977+9a++/vRjvv73vv73vv71E77+977+977+9aTVZW0/vv73Zq++/vXp9Ju+/ve+/ve+/ve+/ve+/vTrvv71S77+977+977+9d1Dvv73vv73vv73vv73vv71bV2fvv73vv71UOe+/ve+/vXY8HO+/ve+/vRXvv73vv71m06ZNzaHvv73vv70R77+977+9de+/vXXvv73vv73vv73OjgPvv73vv73vv71OGB3vv70dbu+/ve+/vXJ8IN6b77+9CjRBH++/ve+/vTZzde+/ve+/vW3vv73mhr09Xe+/vVPvv70YI1NNS++/vS7vv71/77+977+9T++/vQRN77+977+9Cu+/vW0c77+977+9Qe+/ve+/vQRP77+977+977+977+977+977+977+9Re+/ve+/vXDvv73vv73vv70UCATvv70G77+9ZVzvv73vv70a77+9J2xG77+977+9Azbvv71p77+977+977+977+977+977+9bXHvv73vv73vv70eCe+/ve+/vcuHBQrvv73vv73vv70A77+977+9U0/vv70SYduD77+9O92W77+977+977+977+977+9G++/vX9x0rzvv73vv73vv70z77+9fu+/vRsH77+9WO+/vTE8BzdnQ++/ve+/ve+/vVjvv70X77+9a++/vWo/Nh7vv73vv73vv73vv70wIu+/vRzvv73vv73vv73vv71/Ae+/vWVY77+9NO+/vX4T77+977+9Mu+/vQfvv71t77+977+977+977+9XO+/ve+/vV3vv71h77+9ec++eu+/vUHvv70z77+9E1dTY++/vWIH77+977+977+9Ux/vv73vv73vv73vv71U77+9ee+/ve+/vS7vv71577+9Nu+/vdOKCANmf++/vdOfXg8J77+977+9Su+/vQ8a56eUPhAK77+977+977+9CO+/ve+/vSvvv73vv71L77+977+977+9I++/vT/vv70/Ie+/vWvvv73vv710bu+/vXbvv71CAR0T77+977+977+9LXkDLmrvv73vv71xB00f77+9Hu+/ve+/ve+/vWFtTe+/vUcKR20d77+9Eu+/ve+/ve+/ve+/vUM/XwJwU1jvv73vv707PwTvv73vv73vv73vv73vv71B77+9dTQi77+90IPvv73vv73vv73vv73asDXIg0EQQA7vv70mLFQo77+9I++/vQpy77+9BO+/vSluX++/vWZjRe+/vUdvVVbvv71677+98YS5um5LZGrvv73vv73vv70577+90pjvv73vv70KAO+/vV1677+9YO+/vQwO77+977+9EkAg77+977+977+977+9Qu+/ve+/vXTvv73vv71GYu+/vRx5AT1Y77+977+9Ce+/vQlyPu+/ve+/ve+/ve+/vXPMn++/ve+/vUTvv70R77+977+977+9PkVp77+9eDgnbXHvv73vv73vv71ree+/vWFv77+9Z2/XnDrvv73vv73vv73vv73vv70mUu+/vQBA77+9b++/ve+/ve+/ve+/vU7vv70C77+977+9Qe+/vQnvv73MtB99JW5m77+9XQrvv70lUjQf77+977+9Ge+/ve+/vcqm77+977+9MO+/ve+/ve+/ve+/vTNT77+9Z++/ve+/vQvvv73vv70u77+9CO+/vRfvv71PHe+/vW5abe+/ve+/vWh877+977+977+9E3tf77+977+9au+/vXLvv73vv73vv70W77+9Xu+/vX7vv70AAHvvv73vv71dPmfOnC1Ddmbvv70JAAAAGzdu77+9d++/ve+/ve+NuEnvv70QzZ/vv73vv70pKs2+Zlbvv73vv71Vc++/ve+/vS7vv71Tz5LKhVoSX0cc77+9dO+/vREIeu+/ve+/ve+/ve+/vR0xfWLvv70477+977+977+9YydO77+977+9eDTvv71977+9GGAwX0cpfXNYPO+/vSLvv70IAO+/ve+/vXvvv73vv73vv70TT0RTBe+/vSlc77+977+977+977+9ae+/vdOm77+977+977+9X3jvv70lU++/vS/vv73vv71Z77+977+977+977+977+977+977+977+977+977+977+9OjkLbe+/vT3vv73vv73vv73vv71+77+977+977+9XW9WHu+/vX93f++/ve+/vR7NkQXvv70GAe+/vR3vv73vv71/77+977+977+9USY177+9P++/vQJnRAlHTVnvv71MKVZm77+9T0vvv71s1rRZ15YXXDlj77+9fu+/vTpu77+9Thzvv73vv73vv705aO+/ve+/vcq377+977+9Q++/vRPvv70/OXrvv73vv73vv73Gk13vv73vv73vv73Diu+/vRNb77+977+977+977+90rDvv70077+977+9aS4Acu+/vSbvv70077+9zYdi77+9ZO+/vdSS77+977+9b++/vSpZeMWM77+9Ze+/ve+/vXnvv71YRnTvv71K77+977+977+977+977+977+977+977+977+90ZNH77+977+9XO+/ve+/ve+/ve+/vde977+9Te+/ve+/vVElM++/vRg0Ie+/ve+/vQnvv73vv73vv71/77+9Qe+/vU/vv73vv705bVLvv73vv73vv70FS0tK77+9Fmh077+9DFYk77+9XhQ5bHjvv70DTznvv70KWO+/ve+/vXHvv717yLjvv73vv71A77+977+9A++/vTHvv73vv715662377+977+977+9Cy9s77+9BDAR77+9Ju+/vQbvv71bIhXSgknvv73vv73vv71JSe+/vRTvv70UXjktb++/vdSy77+977+9Se+/vWLJhe+/ve+/vV/vv71YfG1cbe+/vT7Hke+/vR0KJ2rvv73vv71u77+977+977+9RO+/vRHvv70RWBHvv73vv73vv73vv73vv71dRynNj++/ve+/vWLvv71877+9AiAh77+9Uu+/ve+/vUTvv71SJO+/vRfvv70n77+9F++/vV5aWjxpQVnvv73vv73vv71i77+9XG3vv708TyRn77+9ExpA77+9QO+/ve+/vTvvv70m77+9MdeJ77+977+977+9Y++/vQ4d77+977+977+977+977+977+9ZHdFfXXvv73vv70e77+9EO+/vWIcTz/vv73vv73vv701a++/vWzvv71U77+977+9FDQAAHsH77+9Igo1Fu+/vRbvv73vv73Fu++/ve+/ve+/vRjvv70A77+9aErvv73vv71d77+977+977+9V++/ve+/vXBSSe+/ve+/vSnvv71zCu+/ve+/vdO177+977+93K9S3I/vv73vv73vv70cF++/vRzvv73vv73vv73bqe+/ve+/ve+/vTXvv71W77+977+977+977+977+9H++/vT1077+977+977+9cXvrqa5977+9QO+/ve+/vQgHYu+/ve+/vRw777+9Czo/AzDvv73vv73vv73vv73vv73vv71C77+9HQfvv73vv73vv70CCO+/vQAA77+9AO+/ve+/vQfvv71n77+9IRMp77+9Rhvvv71NfgZvRiFXCQ/vv71FOiRqM++/vTkp77+977+977+977+9eWllBe+/ve+/ve+/vXlp77+9Ugrvv70iRe+/vSzvv71V77+9au+/ve+/vVEQ77+9Ee+/ve+/ve+/vQjvv71x77+9BD5UCyEQ77+9Ujdv77+9Nl8377+977+9bO+/vTbvv70rLe+/ve+/vcqm77+977+977+977+9be+/vXrvv73vv73vv73vv73Vve+/vXw764CT77+9Aijvv73vv70m77+977+9Ke+/vXZCID3vv71vHU7vv70PAhnvv73vv70H77+977+9BBRJ77+9ADTvv71k77+9Azw7fO+/vXvvv70w77+9Xu+/vXjvv73vv73vv70oZ0pJMEgZ77+9UkEgyIt5BO+/vUECMREwYu+/vVAoFu+/vWLvv70V77+9BAJGSFhGSBgiAEMEBCAhPUrvv70MJe+/ve+/ve+/vS9h77+977+9Lxjvv70pTznvv71Bf++/vQsGKO+/ve+/ve+/vUDvv73vv70Pcu+/ve+/vQTvv71XAO+/vWPvv73vv73vv70yTEDvv70QPlQiIGrvv70GLO+/ve+/ve+/ve+/vUweXu+/vSvvv73vv73vv70x77+977+977+977+977+977+9R++/vUQZ77+9Ve+/vV7vv73vv73vv70L77+977+977+9R++/vWAAb++/vQDvv71j77+9VHM177+977+9OyPvv73vv73vv73vv70j77+977+977+9be+/vS/vv73vv70p77+9X++/ve+/ve+/vSN277+9JH0xcO+/vWdD77+9XSgD77+977+977+9dnTvv71JZTnvv70d77+977+9LO+/ve+/vSnvv73vv70J77+9LQPvv73vv70ayJwT77+977+9JO+/ve+/ve+/ve+/vVbvv70D77+9FO+/ve+/vQDvv73vv73Yi++/vXNV77+9NE4XDjFxFu+/vSkO77+9OO+/vUET77+9OGjvv70UB03vv73ioIlT77+94qCJ77+9WFA8ThPvv73vv73vv73vv71THDTvv73vv70n77+977+977+977+977+977+9WFDvv70277+9H++/ve+/ve+/ve+/ve+/ve+/vSHvv73vv73Ln++/ve+/vRsJIe+/vRNCEO+/ve+/vSfvv708QQjvv73vv71/Xwrvv71UAG/vv70B77+9a+Kgme+/ve+/vRoh77+977+977+977+9Du+/vVbvv71lAO+/ve+/ve+/vREiAO+/vQA477+977+977+977+9bFLvv73vv70Q77+9Cxo177+9AiLvv73vv70o77+9Zx7vv71S77+9GcmgaQpsXe+/vXjvv71IcwoO77+977+977+9Tu+/ve+/ve+/ve+/vVcCeO+/vWdz77+977+977+9A++/vcyV77+977+977+977+977+9Ae+/vX5B77+977+9AgDvv73vv73vv73vv70C77+9Iu+/vWxe77+90I4dO++/vdGXLO+/vQ5x77+9Nw7vv73vv70D77+977+9DO+/vSErx5sk37x5cynvv70377+9aO+/vQoT77+977+9EypOMyDvv73vv71AWgxg77+9RGjvv73vv71oVBsM77+977+9AFx/xp/vv71SSu+/ve+/vW3vv73vv71J77+977+9QUbvv73vv70n77+9Le+/vWHDhksHee+/ve+/ve+/vXoaCnVVUe+/vUQ277+977+9aCnvv71677+977+9Wu+/ve+/vTAIU2dc77+977+977+9e2fvv71nK++/ve+/vVJbO++/vdue77+977+977+9OGgG77+9fy3vv73vv71+UHo/77+977+9Z++/ve+/vWXvv73GjXMv77+9YO+/vVMD37vvv71OOO+/vXky77+977+9M37vv700Oe+/ve+/vTzvv73vv73vv73vv73vv71777+9C++/ve+/vWjvv73vv71E77+977+977+977+9Cu+/vQoAZCjvv73vv73vv70v77+9KGg4LgxhQu+/vQwA77+9bu+/vQJoJO+/ve+/vVNY77+92Ivvv70u77+9Oe+/ve+/ve+/vWF/YAHvv73vv70W77+977+914B277+9OO+/vVnGge+/vTvvv714C3E677+9Qu+/vXkg77+977+977+9aG0aAHkD77+9UVFRYe+/vUNkWHpmAO+/ve+/vRcdaADvv71nAAPvv73vv73vv70hPAoK77+977+9Umfvv71FAe+/ve+/ve+/vSvvv705fgbvv73vv70LGjRn77+977+9ce+/vQzvv71v77+977+9MHTvv73vv70477+9Aw4G77+9Te+/vRQx77+9Xu+/ve+/ve+/vQHvv710XnDvv70I77+977+977+9AO+/ve+/vX59Be+/ve+/ve+/vQkcBH1ZHQQARFBCCDFEShHvv70CEe+/ve+/ve+/vQELIu+/vVfvv71sAlxf77+9M++/vUfvv73vv73vv73vv71177+9AxcCAO+/vQAC77+977+9VMWf77+977+9UFNT77+9WFRUZB7vv73vv71cGC43IWQ177+9V0Pvv71+A31ZQc+1FBFBCe+/vUQO77+9VAbvv71Eyqrvv70J77+9RO+/vUzvv73vv70rRUrvv71W77+9Ilcp77+9Qu+/vWUp77+977+9Ge+/vcyob2wF77+977+977+9cdus77+9Tu+/ve+/vWvvv73vv70O77+977+9Mzvvv71B77+977+9HnA4Au+/ve+/vQwPAC/vv73vv70T77+977+9cu+/ve+/vVwC77+9HWPvv73vv73vv70fMBs2bFjvv71u3brvv73vv70BA++/ve+/vXtJ77+9CHnvv70GWu+/vVbvv73vv71JEO+/vWnvv700de+/vTJN77+9USYkJibvv70TVO+/vRrvv71UIe+/vSp1Su+/vTxZKhbvv70YSkDvv70ACkQpRe+/vXLvv73vv73vv70KWO+/vSbvv73vv71lcztcdu+/ve+/ve+/ve+/vWzvv73vv71777+9Tu+/ve+/ve+/ve+/vWbvv73vv73vv73vv73dgTZrN2fvv73vv73vv70DHu+/ve+/ve+/vTkXACIAOgEkEULvv70cOGMmaQghT++/vW9lGyoqKu+/ve+/ve+/vcuN77+9RO+/ve+/ve+/vSchOSFJ77+977+977+977+9Mu+/ve+/vVXvv73vv73vv73vv73vv73vv73vv73vv73vv70kbVrvv71e77+977+977+9SBMlau+/vU7vv70S77+9Uu+/ve+/ve+/vQQy77+977+9VRAB77+977+9zJV+77+9Uu+/vVDvv73vv73vv73vv73vv71O77+9G++/vVB377+977+977+9eu+/vX7vv73vv73vv73vv71x77+977+977+977+9be+/ve+/ve+/ve+/vS7vv73vv73vv73vv73vv71uae+/ve+/ve+/vW12W++/vWht77+977+977+9bO+/ve+/vQZ3SALvv71jDO+/ve+/vQAW77+977+977+9GRPvv70QQn4D77+9AQDvv73vv73vv71UJCcn77+977+9ECwiKO+/vUxI77+9Xu+/vRPvv70n77+977+9ctKyE++/vQrvv73vv73vv73vv73vv73vv73vv71kbUZC77+9Nlvvv73vv700SO+/vRI9K2c1AjEjI0Lvv70YLCMGAUMICBgI77+977+977+977+9Ku+/vQAoKArvv73vv70877+9aCDvv70DF++/vVFX77+9Ru+/vQErZ++/ve+/vTt677+9XO+/ve+/ve+/vV5Td1tPe2drY3Pvv73vv73vv73vv73vv71277+977+977+9a++/ve+/ve+/vUzvv712WAfvv73vv73vv73vv73vv70AXDvvv73vv73vv705aAghPwwF77+9YO+/ve+/vSRq77+977+9N2ZgSe+/vSotWe+/ve+/ve+/vSUtTu+/vUzvv73vv73vv73vv71c77+977+9ajDvv70WJBt077+977+9JHnvv71YJdaxclbvv71IWAUEEBLvv73vv70gIO+/ve+/vUHvv71G77+9C++/vSB477+9QyDvv70e77+9Tu+/ve+/ve+/ve+/vXpM77+9Vmvvv73vv73vv71cYzZ2NO+/ve+/ve+/ve+/vTfvv73vv73vv73vv73vv71G24nvv71GX++/ve+/vRk9ADxjCO+/vTEFTu+/ve+/ve+/vXwb77+977+977+9bO+/vQc777+977+9WS/vv70AUFdX77+977+977+9z7fvv70BWO+/vUjvv70qLUnvv73vv73vv73vv70o77+977+977+977+977+977+9y53vv71vKO+/ve+/ve+/vRVp77+977+92bJEWTrvv70Q77+9BBLvv73vv70I77+9cFgpEivvv704DhRBGu+/vRwC77+9R11cL++/ve+/vXZyXS7vv73vv73vv71W77+9aDBVdu+/vTbvv71WN9a3Hmpv77+9ORoCTzcANxDvv73vv73Hg++/ve+/ve+/vW8B77+977+9AFzvv73vv73vv71L77+9Hwfvv73vv73vv71M77+977+977+9MlDvv71x77+977+9N++/vSzvv73vv73vv73vv73vv73vv73vv71B77+977+9I0pL77+9Vu+/vWVmJe+/ve+/vS/InVpk77+977+9V++/vTJV77+977+9Ku+/vWrvv70pAjEjZ++/ve+/vRgM77+9MQfvv73vv70A77+977+977+977+9D3rvv73vv73vv70GO11N77+9xp7vv73vv73atu+/vW01Cu+/vVXNjS0HWu+/ve+/vQfvv73qvadc77+977+977+977+977+9WO+/ve+/vU4ASe+/vXsASe+/ve+/ve+/vUBS77+9ee+/ve+/vS7vv71/X0rvv71HdwJr167vv70hxoAhAO+/ve+/vRxoCu+/ve+/vcKs77+977+977+977+9Je+/vQtK77+977+9Su+/vVPvv73vv70z77+9Je+/vQRJ77+9QCpQEe+/vQjvv73vv73vv71uFMuyAFgi77+9GCwnIhLvv73vv70o77+9REHvv708R++/ve+/ve+/ve+/vSpMP++/vV7vv71z77+977+977+977+9ZGHvv73vv71le++/ve+/vX7vv73vv73vv73vv70e77+9DO+/vSFKHgvvv70tJjbvv70A77+977+9Pu+/vXYpJgM9ZGlZ77+977+977+9Au+/ve+/vcKS77+977+9U++/ve+/vc6Z77+9OS87P3Hvv71SJ++/vWTvv73vv70iOm9SJWzvv73vv71zCFLvv73vv715D++/vVwP77+977+977+9Ve+/ve+/vXYd77+977+9f++/vWRl77+977+977+977+977+977+977+9WmdtSO+/ve+/vWPvv73vv71rC0Ff77+9Fu+/vduG77+9Lnnvv71+77+977+977+9ZgBg77+9Ae+/ve+/vXLvv70qCu+/vTHvv70q77+977+977+9S9Gi77+977+92ZNKU++/vSVlKkokKu+/ve+/vREy77+9cSFZIgHvv73vv713UO+/ve+/ve+/vTtlPu+/vTjvv71S77+9dO+/ve+/ve+/vdqq77+977+9Cu+/ve+/vW1Gfxs677+977+977+977+9GBg577+977+9Ye+/vUYJ77+977+9AO+/vVfvv73vv70KMATvv70477+9FEnvv711U0vvv70Y77+9TSnvv73vv71g77+977+9PO+/vUA/Q++/ve+/vWTvv70S77+977+9CAg7IWtB77+977+9bmAJAwHSpBLvv70iNUHvv73vv71ML07vv71mJCQl77+9Szvvv71Y77+977+9yLt2de+/ve+/vQrvv71mOGIR77+9KSoq77+9Rl9h77+977+9YxHvv71j77+9AEwJ77+9KgDvv71577+977+9Ue+/vVLvv70MSO+/vQpE77+977+9wqTvv71FRTlLZxTvv73PnO+/ve+/vSjdoCrvv73vv71JF8m4V0Xvv73vv709QkJ4Ai3vv73vv71IWe+/vVQrTkrvv73vv71T77+9au+/vQ7vv71Cfjzvv71B17bvv70j77+9du+/ve+/vSDvv70xCgp+AmAP77+9ee+/vRBKKSXvv71D77+9VAHvv70177+9XO+/vU4gEO+/vULvv70y77+9QV5cIu+/vSrvv73vv73vv73vv71sUu+/ve+/ve+/ve+/ve+/vRUn77+91aXvv70LRDJWM2Hvv73vv71QJBDvv70Q77+977+9Tu+/ve+/vUgoSVUl77+977+977+977+977+977+9JO+/vVbvv71PeULvv70gDO+/ve+/vce677+977+9EyM777+9PO+/ve+/vQgh77+9L++/vdKf77+9M++/vRBC77+9AWQB77+977+977+977+9O3/vv70F77+977+977+977+9ZGYrSu+/vUtTFu+/vSzvv73vv71sTu+/vWVlJe+/vXLvv71O77+977+977+9BXII77+9C++/ve+/vS7vv70KCXjvv71Ece+/vUDvv70gV++/vUXvv708MSsTEu+/ve+/ve+/vVLvv71E77+9OO+/ve+/ve+/vWvvv71FVe+/vdCUTjPvv71277+977+9G0lDCCkEUBvvv71VEwvvv73vv73OhO+/vVDvv70077+977+9OO+/vcmFZe+/ve+/vWUv77+9LU7vv73vv73SiTMFQu+/ve+/vSQ377+977+977+9Cljvv70QAXJUU++/vQID77+9LWLvv71S77+9Uu+/vVTvv73vv73vv73vv71UXe+/ve+/ve+/ve+/vRwtcEJz77+9fwdwd++/ve+/vU0k77+9UQsA77+9X3/vv73vv71N77+9NkXvv73vv73vv73vv71Aae+/vUkuK++/ve+/ve+/vWJWyYLvv71TMxZnGVTvv73vv71q77+977+9ETLvv73vv73vv73vv70VEzkS77+977+977+9Ku+/ve+/ve+/vWlaWe+/vVQp77+9JhZKDu+/vRXvv718Uu+/ve+/vRlRGe+/ve+/ve+/vSHvv73vv71DQu+/vU5K77+9YwYaQu+/ve+/vQBuA++/vU3vv70277+9LVrvv703dSYk77+9InVucUnGsu+/vSXvv71LZmVe77+977+977+9LO+/vcqF77+9C++/vX4ZHXBE77+9EDVSZe+/vUJR77+9NO+/vREw77+9Ke+/ve+/vSAT77+9Bu+/vWZXde+/ve+/vSta77+9OFR3dA/vv71nRz3vv71Hee+/vW0A77+977+93q7vv73vv73vv73vv73vv73vv73vv71KS0lbVO+/vTVl77+977+977+977+9We+/ve+/vUlS77+9MO+/ve+/vVjvv71FX9SdFQjvv71IICM6cSZb77+9OEc777+9MHtqbmbvv73SlEx1We+/vUxo77+9VV3vv73vv70o77+9Ae+/vRQSBjvvv71E77+9EEJqARQC2J7vv73vv73miIoj77+9EO+/ve+/ve+/vQtKUy7vv71UUHbVlO+/vQUlWe+/vSly77+9MO+/ve+/vVhx77+977+977+9aTEdKRLvv71Z77+9Yn1577+9M9e577+977+9CXh5LhgQKToPNW/vv70d77+9TTvvv70nV1g4Vu+/vTDvv71zSe+/ve+/vW9p77+9LCF/77+9fu+/ve+/ve+/vUlX77+9Klgy77+9OO+/vVzvv70V77+9CVhGFAfvv70gEkdKVTRTWSrvv70zeQMH77+9Eu+/ve+/vTog77+977+977+977+977+96o6DUUfvv71fAXADIe+/ve+/vVLvv70eM++/vRBCTABSQlZ3VO+/ve+/vWEhVO+/vVnvv73vv71577+977+9SycZZk8tSu+/ve+/ve+/vUkyBSIm77+977+977+977+9ce+/ve+/vSJTWSLvv73vv73asxxu77+9Qu+/ve+/vWNydAcdHR5Hc++/ve+/ve+/vQBuAO+/vR5rSe+/vTLvv73qjpgy77+9Qe+/vT1Z77+977+9W++/vXlpae+/ve+/ve+/vUXvv73vv70T77+9Bu+/vUggRRwwI3tVCu+/ve+/vSzvv70U77+9Pe+/ve+/ve+/ve+/vS3vv70C77+9Li4Q77+977+977+9dHVHaRg/CmAKIe+/ve+/vVLvv70R77+9IUwI77+9DO+/ve+/vRDvv71bLwHvv73PlSTvv73vv73vv73vv70pNExaMCnvv708M11ZJO+/ve+/vSrvv70CYVwt77+9M++/vRkR0YhSBAXvv73vv73vv71J77+9M++/vQwGw5Lvv70saWHvv71877+9EO+/vX7vv73vv73vv73vv706Vu+/vVPvv71A77+9KVLvv71UKu+/vSotXTcpJytncXHarO+/vUzvv70k77+977+9TSDCuO+/vRvvv70xKGAhEkjvv70TG++/ve+/ve+/ve+/vUnvv70Z77+977+9GO+/vVLvv70nFCjvv71R77+9aNev77+9HxISW++/vQIKIe+/ve+/ve+/vWl177+9aknvv73vv73vv73vv73vv73vv71YWO+/vTp1eu+/vXbvv71WI0rvv70b77+977+9GsasEu+/vSJJUe+/ve+/vcyi77+9Ke+/ve+/vWnvv73vv73vv73Ruu+/vV8P77+9XBYZaO+/vTVA77+9STDvv70aAO+/ve+/ve+/vVkU77+9Wkou77+977+9MzJTZu+/vRfvv70v77+977+9Sk/vv73vv73vv70CWdyO77+9VO+/vRAhUQoT77+9HO+/vVRlUe+/ve+/vUlZ77+977+9RUlZ77+977+977+9Je+/vSIG24YJITfvv70ONO+/ve+/vQU8WQzvv711Mu+/ve+/ve+/ve+/ve+/vXrvv73vv73vv71f77+977+9NM2g77+977+977+9Nu+/vS9O77+9UWBQTe+/vcmFGnIhT0Dvv73vv73vv70SQO+/vUjvv70g77+9FO+/ve+/vWYk77+9Z++/ve+/ve+/ve+/vUvvv73vv70rEO+/vSRyae+/vWHDhu+/ve+/vRYC77+9e++/vTIe77+977+9bRoICzQH77+977+977+9ce+/vVTgqqvvv73vv70vCikjSDLvv70T77+9U++/vdOy77+977+9Jmfvv73vv71oNe+/vRQBS+KAie+/ve+/vUrvv73vv71L77+9dGXvv73vv71kw6zvv71MXW7vv706cmnvv71u3brvv71f77+9Nu+/vQjvv73vv73vv73vv71gCAs0V++/vRYQ77+977+977+9X34GfO+/veGHv++/vUbvv70k77+977+9Ke+/ve+/vTPvv73vv73vv73vv716ae+/vUgUV0sxVFMsUQgT77+9TFXvv73KkO+/vV/vv71PSO+/ve+/vWRQJ0YjbTYe77+9V++/vQIu77+9f2Hvv71pcu+/ve+/vTzvv71aDGB777+9Lu+/vSDJoE7vv70nJEw177+977+9SzLvv73vv70q77+9MO+/vREQQVzvv73vv73QmxJTKRIlWSLvv73vv70k3ZhYN++/vWzvv70cLVLbumsAJyLvv70U77+977+977+9cdGkGe+/vV4AOO+/ve+/ve+/ve+/ve+/vTYD77+977+977+9fmvvv70vVO+/vQlxUu+/vSQrVe+/vTHNoC1JT++/vWTvv71ETDzvv70Xa2Lvv73vv70o77+9CUzvv73vv71Y77+977+977+9V++/ve+/ve+/ve+/ve+/vVki77+9YlVkFXYMBu+/ve+/ve+/vRvvv73vv70e77+9y60B77+977+9Gzfvv70Y77+9JGbvv70V77+9aQl5ae+/ve+/ve+/vWnvv70C77+9XO+/vWXvv73vv73vv70Z77+977+9CiPvv71O77+9Ke+/ve+/vRTvv70mJybvv71o77+977+9LFlUce+/vTdDXtSMUe+/vWki77+977+9P++/vUDvv70Q77+9Um1B77+9LDNFI0rvv71L77+9Me+/vTYyVu+/ve+/ve+/vUrvv70iJUfvv73vv70ZMlMjN++/vTdv77+977+9YO+/vXRPWO+/vSHvv73vv73vv71ZD0ZqAO+/vTlIJGJZ77+9Vu+/ve+/ve+/vSg377+9FcKE77+977+9OQfvv71GK0kVJ++/vTPvv71V77+9fDHvv73vv71ICu+/vStX77+9Tx3vv73ClTTvv70CQE1NTWQz2qvvv70oUiUa77+9Ulvvv73vv70077+9JO+/ve+/vWRiRk5Y77+9MN67YwkcRgjvv70wSe+/vSzvv73vv73vv70USe+/vQlaZe+/vcyi77+9Oz1q77+9Nu+/vR8iCuiVlkLvv73vv73vv73vv70lJe+/ve+/vVJV77+977+9Wknvv71QyIjvv70677+9KgoM77+977+9KiZZ77+977+9SEnvv73vv73Rpe+/vQzvv73vv73vv71oIu+/ve+/ve+/vTTvv73vv73vv73cptGbISJE77+977+9FCbvv71rJSlyGe+/vSIk77+977+9zonvv70SMhLvv71Eeu+/vVbvv73vv73vv73vv73vv710Shhl77+9XtSOHTteC++/ve+/vTwsaAgh77+90ZxI77+9QTAC77+9XO+/ve+/ve+/vQoa77+9Pl0tShYL77+977+92IIyTgxi77+9WArvv70R77+9aFUSXe+/vUgkSe+/vdSLWu+/vWhR77+9QE96OEnvv70jAHjvv73vv70H77+9F8mD77+9PARG77+9JNGoZO+/vRzvv70sQ++/vRIlCVlGFO+/ve+/vXPvv73vv70kAgXvv73vv71k77+9E++/ve+/vSzvv71a77+9Vu+/vQJx77+9czrvv70A77+9I++/vTwSaQUUViIVJ++/ve+/ve+/ve+/vQRZ77+9UipQMwwR77+9e++/vRx7USpJ77+9SO+/vUjvv70r77+977+9NO+/vVIm77+977+9DO+/vRnvv70477+9NAEi77+9WO+/ve+/vRQl77+9KO+/ve+/vVIRIyXvv71Vee+/vVpF77+977+9CzQC77+9UO+/ve+/ve+/vVXvv70q77+9VO+/veShiO+/ve+/ve+/ve+/ve+/vTJz77+9QEPvv70K77+9WO+/ve+/ve+/ve+/vdKEBO+/vTDvv70V77+9Ve+/vXkATe+/ve+/vVJL77+9cu+/vVLvv71XJgjvv71JEe+/ve+/ve+/ve+/ve+/vQ/vv71O77+9PTbvv71ZBe+/ve+/vSXvv73vv73vv71MLxNo77+9ElYhYEjvv70APu+/ve+/vQrvv71gGTHvv73vv70a77+977+977+9E++/vX7vv73vv73vv70Z77+9Me+/ve+/vR/vv73vv71/77+977+9Pe+/ve+/ve+/vRByee+/vXRXJA/vv715GRhd77+9RO+/ve+/ve+/vVLvv70i77+9Uu+/ve+/vRlC77+9eC/vv70HEhIxFGzvv71ILU1IVGjvv73vv73vv73IgnxD77+9fx7Yq++/vQDvv73vv73vv73vv71ERO+/vRkvGO+/vUgo77+977+9ZErvv71YIxIxUkLvv73vv73vv73vv71hEDMsZELvv71AJlbLpVLvv73So++/vQsR77+977+9MQNBMxsAJk/vv70cUWZO77+9CDbvv70gGu+/vWpZ77+9RAxh77+977+977+9RAQMWCJh77+977+9yYJO77+9Lu+/ve+/ve+/vSIK77+9BO+/vXwA77+9OnVqXUTvv70mDyLvv71G77+977+977+9ahMVQu+/ve+/vSVxI++/ve+/ve+/ve+/vTAQMzJGJe+/vSlVCnXvv70uXe+/ve+/vXnvv73YgCYRAO+/vUzvv73vv70S77+9SCxQMmrvv71UIu+/ve+/vSVS77+9UiBg77+9Uu+/vTxKGiJk77+9RC7vv70I77+9Su+/vUzvv71hRO+/vdqxUU9SACgqKu+/vShG77+9BAzvv70I77+977+9CAjvv71xUu+/ve+/vSLvv73vv71YMO+/ve+/ve+/ve+/vUTvv70I77+9UBjvv70VBgzvv71B77+977+9H++/vXsP77+977+977+977+977+977+977+977+90ojvv70o77+9Ru+/vWks77+9Tu+/vXTvv70UAO+/ve+/vQLvv73vv70h0Jjvv73vv719f++/ve+/vQXvv73vv70UUCgU77+9OO+/ve+/ve+/vU8PLgReXAHvv73vv73vv70C77+9bgzvv71m77+977+977+9BQHvv73vv73vv73vv73vv704fUnvv70zB++/vdK4PQQafRFw77+9P1Hvv70KXO+/vQnvv73vv73vv73vv71ZFe+/vX5a77+9Me+/ve+/vQtA77+9BVbvv73vv73vv71mAgDvv73vv70+77+977+977+9Dj8AUXNz77+9FkBEdgoh77+977+977+977+946qC77+977+9Sn3vv73vv71o77+9RV3vv71777+977+9ZwBKLe+/vXpPDgDvv73vv73vv71M77+977+977+9Hivvv71+N++/vXvvv70e77+977+9eynvv73vv71477+977+9J++/ve+/vQDvv70B77+9OG/vv73vv73vv71zTi8X77+9WmM377+9B++/ve+/vTEAOHLvv71ITiQ3Mu+/vToC77+977+9bu+/ve+/ve+/vWNz77+9LRwX77+977+977+977+9Te+/ve+/vSB8QVfvv73vv70z77+9e++/vTbvv73vv73vv73vv71pHxvvv70cBe+/vWPHjhVHJGks77+9B++/ve+/vW4fde+/ve+/ve+/ve+/vc+D77+977+986aYgggEPUFf77+977+977+9BF7vv70HLu+/vRgWHxsY77+977+9Ae+/vW3btmVHcu+/vSQgSFTvv73vv70jHu+/vS/vv70OcEEfOD5A44uw77+9PQVpEO+/ve+/vSfvv70L77+9PGDvv70O77+977+977+9Ye+/vRjvv73vv71S77+9Girvv711ZSQ377+9Au+/ve+/ve+/ve+/vRF777+9TW1277+977+977+9IO+/ve+/ve+/vVrvv73vv71h77+9BH1w77+9Le+/ve+/vWXvv71b3L1m77+9IxDvv73vv70PFu+/vUnvv73vv71G24Dvv70/77+9du+/ve+/vW7vv73vv73vv73vv714ZzDvv73vv70xfO+/vWAOHALvv73vv73vv718Hu+/vWbvv73vv71t77+9WCJLGe+/ve+/ve+/vW9PCu+/vXpHAk1k77+9MO+/vSx177+9fHDvv73vv70DVu+/ve+/ve+/vXN8MBDvv73vv71zb++/vVA/77+9Tu+/ve+/ve+/vQk4LO+/ve+/vXZnWmTvv71iN27cuDx077+9a2xAA++/ve+/vR0+77+977+977+977+977+977+977+977+977+977+9Ae+/vRzvv73vv71777+977+9MzzcnD1o77+9du+/vW1OW++/ve+/ve+/vW8/77+9aWQi77+977+9d9+977+9Hz/Dge+/vQoAKioqDO+/vTzvv71N77+9AB/vv710O++/vdaOXl/vv73vv73vv707KUUw77+9Re+/vVN777+9D2fvv73vv73vv73vv707LT7vv73vv70eDO+/vU7vv70e77+977+977+9PGTvv708HGh+DgDvv73vv73vv70R77+9P++/ve+/vQTvv71rClgtNu+/ve+/ve+/ve+/vWZ1Bnrvv73vv73vv70677+977+9TADvv73vv73vv71a77+9He+/vW57Z++/ve+/ve+/ve+/ve+/ve+/veOIuhrdsO+/vTDvv73vv73vv73vv73vv70R77+977+9dQTvv71e77+977+9bW/vv714Ojp677+977+977+9QO+/vRfvv73vv71z77+9alM3Zwvvv71477+977+977+977+9Ru+/ve+/ve+/vSF0IO+/vVHWoWzvv73vv71I77+9MO+/vRge77+977+925xcd++/ve+/vW/vv73vv73vv71u77+98YG4ijoH77+977+9AFzvv73vv73vv70H77+9LO+/ve+/ve+/ve+/vUfvv73Wg++/vUVmBO+/vV3vv71277+9QO+/vWXvv70M77+9finvv71w77+9e++/ve+/vW7vv73vv71l77+9dQR6eO+/ve+/vVXUuVBN77+977+977+977+9eNu8Zlvvv73vv71qd++/ve+/vQ7vv70bEUbvv73vv71677+977+9wqjvv73vv70B77+9fwHgpptu77+9ekTvv73vv71ba++/ve+/ve+/vS5Lde+/ve+/ve+/ve+/ve+/vWvvv73vv714N++/ve+/vRc177+9XhN1Bnrvv70mR13vv73vv73vv71e77+977+977+9am46enp8Ze+/vTQvZO+/vRs7dHEAACAASURBVO+/vTgiaFbvv71a77+9AADvv73vv73vv71L77+977+9VEU177+977+9Tnfvv71R77+977+9bu+/ve+/ve+/vTQ777+977+9Ixjvv717UWNK77+977+9DzZfZ++/ve+/vTbvv71sXnPvv73vv73vv70y77+9be+/ve+/ve+/ve+/ve+/vUDvv71p06bvv73vv73vv71Ib++/ve+/vUbvv73vv73vv712Wh3vv73vv71ud0vvv73vv73vv73vv73vv73vv71Z77+9VU3vv73vv712e1s93a5277+977+9aW8077+977+977+9SFXvv70177+9XO+/ve+/vWnvv71oDGEAQF1dXULvv71e77+977+977+977+9a3Pvv73vv706bMaWLu+/ve+/ve+/veWdlO+/ve+/ve+/vRjvv71m77+9LWDvv71N77+9Bkvvv73vv71077+977+977+9be+/vXLvv73vv71tfe+/vXc277+9Tu+/vR0KaO+/vQFAfn7vv70fI1VRbTXvv71077+9Oe+/ve+/ve+/vS0nWmxVPe+/vX4T77+9Be+/vXEVNQZS77+977+9O2jvv73vv73vv71j77+977+9Nu+/vTrvv73vv707Wy3vv73vv70haiPvv71Sejxs77+9UEfvv73vv73vv73JgFbvv73vv70z77+977+9bUHvv73vv73vv73vv71uMnccNlpr77+977+9XXUeL++/vUvvv70x77+9Mu+/vX4T77+9Yu+/ve+/vW4zNx3vv73vv710VNuMcCDCgO+/vU9v77+977+9XWVJQO+/vRrvv73vv73vv70077+9Lu+/ve+/vTh0O3Dvv73vv73vv71PKQAIOjtg77+9MTvvv73vv73vv71NR1ts77+977+9cWkTcylD77+977+977+977+9O++/vTzGnu+/ve+/ve+/vW7vv70hc++/ve+/vS0aA3jvv73ntb8f77+9Pu+/ve+/vSPvv73RtCNM77+92L/vv73vv70r77+977+977+977+9N++/ve+/vTbvv70ec1tn77+977+9UHNPdV3vv73vv73vv73vv73vv716ae+/ve+/vQMnWu+/vXke77+977+9FxZfG2fvv73vv73vv71q77+9aTzvv71j77+9cnZEV++/vXvvv71AEdG4PUzvv71o77+9AVUGAO+/vd2tAO+/vVnRhA/vv70KcHTvv71YKu+/vVrvv70O1JkP77+9de+/vRvvv73vv71NDEBDA++/vRHvv70ONu+/vR5z77+9dRzvv71qbzXvv73vv71a77+9dO+/vX/vv73vv71R77+9C++/vULvv70DJl8377+9RWfvv73Sl2rvv71777+9cgAsJO+/vQMAXwPvv70K77+977+9Ee+/ve+/ve+/ve+/ve+/ve+/vXtbZO+/ve+/vV1a77+977+9bO+/vSJd77+9FCXvv70C77+9QAA277+9FDRC77+977+977+9HGhz77+9eGs6DzTvv70ba3fvv703dx87eDQ6KQPvv73vv707PwR+77+977+977+9W++/ve+/vRHvv73vv73vv71s1Zvvv73vv70277+9Pu+/ve+/ve+/vXpONjY3bu+/vTEd77+9Ne+/vU/vv71d77+977+977+977+9Ri3vv714W++/ve+/ve+/vUNd77+977+9J++/vRnvv707du+/vVQ777+9URnvv73vv70ZMO+/vTQi77+9Pe+/vTRv3rwpEe+/ve+/vTZw77+9Bm9Xa++/vWl/XUvvv73vv71a77+9Tnfvv73vv73Hu++/vWoqUu+/vWQ7au+/vWk/fO+/ve+/ve+/vXl7V++/ve+/ve+/vWY33IhiCe+/vVNPPe+/vUrvv708au+/vTQ3N++/vQoAe++/ve+/vTkW77+9y7buga/vv73vv73vv73vv73vv73Suu+/ve+/ve+/vcihOu+/vQHvv73vv73vv73vv70F77+9Xu+/ve+/vXwcCmFQ77+977+9Uzdn77+9Le+/vUpv77+9aX9jQ2vNju+/vXbvv73vv70T77+9Livvv73vv73vv73vv71x77+9xrkD77+9S0XUoDEYDF9WY3nvv73vv70XZ0fvv73vv70+77+977+977+977+9c++/vdSp77+9L++/vRvvv73vv73vv73vv70cdO+/vQPvv70gT++/vUsnRu+/vWM477+9OBdM77+9On/vv73vv73vv73vv71k77+977+9XQrvv73vv73vv701Ue+/vSUA77+977+977+977+977+977+9Ou+/vR5L77+977+9DgDvv73vv71yy75o77+977+977+9Pm9Xc++/ve+/ve+/ve+/vVjvv71577+9aU9D77+977+977+977+977+9NO+/ve+/ve+/ve+/vRnSju+/vRAIeu+/ve+/ve+/vcad77+977+9b++/vWw9eO+/ve+/ve+/vWlrR++/ve+/ve+/vWc3XNGo77+977+977+9fnrvv70AKe+/vTHvv73vhJXvv71S77+9Fu+/vRMFAO+/vQDvv70j77+9QDN8Cu+/vS7vv71M1bFTKjzvv70kYVVS77+9Ee+/vWTvv73vv70kMu+/ve+/vVAQL++/vXzvv73vv73vv70977+9Vu+/ve+/vVxhPVTvv73vv71obU3vv71n77+9Nu+/ve+/ve+/vW3vv73vv71bwpo1a++/ve+/vTE3Yu+/ve+/vSsR77+9JgQc77+977+9U++/ve+/vRIs0Z7vv71w77+9Cu+/ve+/vTg/77+977+9IULvv73vv70VCsWszJAhLxETMO+/vWcFPe+/ve+/vQfvv73vv73vv70s77+977+9Bxvvv704du+/ve+/ve+/ve+/ve+/vXTvv708Xu+/ve+/vQLvv73vv71fWu+/vXrvv73dr++/ve+/vWp/77+977+9HO+/ve+/vUbvv707fu+/ve+/ve+/vVsHYEM077+9Te+/vX7vv73vv73vv71dRxo077+9RO+/ve+/vWk1Mu+/vULGqu+/vXrvv73vv70C77+9eDpZAAHvv71HXQErbe+/vVd677+9THsaaltObG1pbO+/vXbvv73vv73LiFZE77+977+977+977+9V199JnTvv70P77+9bkxAQykV77+977+9zZ/vv70ECgDvv711O2FV77+9Wu+/ve+/vUrrkqTvv71CI2Tvv70zS++/vTRBJ++/vWDvv71UDiF7ce+/vSrvv73vv73vv70F77+977+9Ge+/vVDvv73vv73vv71I27bvv73jp47vv71o77+977+977+977+977+977+9akYrYu+/ve+/ve+/ve+/vU8X77+9dFRp77+9IxnOhwFMR1/vv71wRSwMY++/ve+/vXMn77+9PyLvv704Hi7vv71jWknvv710ee+/vUgGCu+/ve+/ve+/ve+/vQIO77+9cwjvv70eau+/vXfvv70K77+977+9XO+/vVt3Nx/vv73ct++/ve+/vXjjh4015qqe77+977+9Ge+/vUDvv70kdHl577+977+9IUEgH++/ve+/vQnvv71077+9ChhgFC8G77+9I0o+EWRAUlQgMu+/vRcmLSwu77+9WTrvv71k77+977+9Ge+/vWUZBu+/vWTvv71c77+9JQLCku+/ve+/vTwz77+9B++/ve+/ve+/ve+/ve+/ve+/ve+/vVV177+977+977+9f+qzqiMn77+977+9bO+/vW/vv73vv73vv71gO++/vXEQUe+/vWMGKu+/ve+/ve+/vT9RSn8+77+9L0fvv70TA++/ve+/ve+/vT7vv70oRSvvv70177+977+9Zntn77+977+9be+/vXTvv708b++/vSl/77+9P8ObZVBN77+977+9RXrvv73vv73vv70uaxjvv71877+977+9O++/ve+/ve+/ve+/vVV377+9Hu+/ve+/vXbvv73Qke+/vR/vv7080r7vv73vv73vv73vv71ga++/vSNG77+9eX5AP++/vTzvv70bRO+/vQt1IQPvv73vv70EOO+/ve+/ve+/vRLvv71U77+946GCOu+/ve+/ve+/ve+/ve+/vTrvv71/e28eJ0d177+9e++/vU7vv73vv73vv73vv73vv70zPe+/ve+/vTTvv71G77+977+9EAMyBu+/vceO77+977+9EAjvv70kF1AcLwHvv70a77+977+977+9Te+/ve+/vRDvv701Me+/ve+/vXDvv73Eie+/ve+/vQsELu+/vdi+Tu+/ve+/vRg7eEEs77+9GCEk77+9NFpm77+9fe+/ve+/ve+/ve+/ve+/ve+/vUfvv73vv73vv71BEhIa77+977+9SO+/vScK77+9TlUvVe+/ve+/vW8/77+9c++/ve+/ve+/vQoV77+9bu+/vV8Y77+9yplT77+9z7EdG07vv71/77+9bu+/vTbvv73vv73vv70877+977+9fc+977+9e9eef++/ve+/vXLvv70/77+977+977+977+9MQt9EXwYbN2677+977+9LVvvv73vv708V++/vV/vv71PAz3vv71Xd++/vUx9Ge+/vX/vv73vv73vv73vv70DGxFe77+977+9f++/vdqN77+9N++/vXfvv73vv71vPW9477+9WRvvv70XRe+/vXzDkk/vv70Q77+977+9Tgnvv71Y77+9SVtOExVz77+9OVh977+977+977+91Lbvv70Xdj7vv73vv73vv70X77+9fjZ5QO+/ve+/ve+/ve+/ve+/ve+/vSI577+9C3/vv70+RSnvv73vv70YTe+/ve+/ve+/vX/vv73vv73vv73vv716662/WO+/ve+/ve+/vRDvv71veO+/vTg4dGZ877+94bec77+977+977+977+977+9Wu+/ve+/vX9177+9HF9E77+977+9ZX7vv71SZ++/vS5N77+9Qmfvv73vv73vv73dhWcq77+977+9P++/vWfvv73vv71/Ne+/vWfvv71n07trOwo7Ue+/vTjvv73vv70GU++/ve+/vUZP77+9L++/ve+/vXwG77+9Vw4577+977+9JwJA77+9bEJyaH3vv73vv70Dbz7vv71Nbzpn77+9RRs2Ji7vv73vv719ayXvv70QIQLvv70gCCtj77+9Ntux77+9Uu+/ve+/vRwKVTPvv70c77+9bW/vv73vv70277+977+9X++/vTDvv73vv73vv73Pp++/ve+/vS3vv71bBxbvv71/77+977+977+9AO+/vXDvv70/S++/ve+/ve+/ve+/vTlTX++/ve+/vU1kZijvv73vv73vv73vv70A77+9bS7vv73vv71QAEZlJ2bchu+/vTYqY++/ve+/vWJ9PFfvv71d77+977+9MHXvv70Z77+9b++/vR8K77+977+9RO+/vX7vv71L77+9WO+/ve+/vTNnLO+/ve+/vUPvv71Lbu+/ve+/ve+/vRwr77+9UHnvv73vv717X96177+9fe+/ve+/vX55cO+/ve+/vXJ1F++/ve+/ve+/ve+/vRzvv73vv73vv73vv73vv73EjhsEDu+/ve+/ve+/ve+/ve+/ve+/ve+/vRMlCnbvv70Q77+977+9Ve+/vQROFjjvv70B77+9fhZhAHfvv709FCYP77+9Pu+/vRfvv73vv70JUu+/vRM+A++/ve+/vRsCZ++/vV7vv71377+977+977+977+977+9Gll977+977+977+9ee+/ve+/vUYl77+977+977+9PXzvv70IRAQh77+977+977+9eWzboi5sWG7vv73WrSLvv703D++/ve+/vUsv77+9R++/vV/vv73vv717YNeO77+9eybvv70677+977+977+9bO+/ve+/vXXvv70z77+977+9dTcL77+977+977+9LwHchO+/vRJMFEBuTDrvv70fCu+/vXd8du+/ve+/ve+/ve+/vSgDdxlLTxoURg/vv71zQxTvv73vv73vv73vv71m77+977+977+977+9WtCvND7vv73vv70+77+9I1zvv73vv71O77+977+977+977+9XWjvv71S77+977+9bO+/vRp777+9Zu+/vV9c77+977+977+977+977+977+977+9MO+/vWnvv73vv73EpmjKv++/vRPvv73vv73vv70H77+977+9ee+/vUBE77+9Pe+/vXsc24IL77+92q7vv73vv73boArvv73mlLVpe++/vTLvv73vv70377+977+977+977+977+9e++/vRzvv70377+9Pe+/ve+/ve+/ve+/vTJpHTBLKO+/ve+/vQfCr++/vRF8Cu+/vQXvv70FxZnvv73Wju+/ve+/ve+/ve+/vRfcskxIU++/vQXvv73vv71AcQ9w77+9Le+/vX51H++/vSPvv73vv73XuO+/vX46fELvv73vv73vv70S77+9BW9Q77+9axHvv73vv73vv73vv708Me+/vVA4Ee+/vUYS77+9SDDvv73vv73vv71y2JsQ77+9Qu+/vRM477+977+9RAAHHu+/vRDvv71x77+9P++/ve+/vTjvv73vv71NBQ7vv71g77+9OlXvv73vv71T77+977+9ZkXvv73vv73vv71a77+9Vinvv73vv71qQe+/ve+/vWvvv71J77+977+977+9BO+/vSHvv73vv73vv704ckLvv73vv71X77+977+9z7xq77+977+977+9I343Cu+/vX/vv73vv70E77+9MO+/vTgD77+9ZWA077+9eu+/ve+/ve+/ve+/vX8777+9Ke+/ve+/ve+/ve+/vVvvv73vv73vv73vv73vv73vv71QShzvv73vv73vv702dWQHVO+/vRzvv71wAi/vv73vv70kCe+/ve+/vQvvv71IeE7vv714Iu+/ve+/vXhC77+977+9M++/vXfvv70K77+9Oe+/vTnvv71y77+977+977+9LnXvv71LHdiuRR3Xou+/vWM677+93bId77+9alHvv71tcRQtHlxL77+977+9Fk/vv73vv71x77+9Je+/vSzvv719P++/ve+/ve+/ve+/ve+/vV0+elPvv71FfwJcee+/ve+/vT3vv73vv73vv73vv70ff++/vdWZ77+9161fZ++/ve+/ve+/vSfvv71/J20v77+9QTrvv73vv73vv73vv71eMQ4yZy7vv71iPe+/vRrvv70777+9F++/ve+/ve+/ve+/vRXDoe+/vXPvv70JAB4AR0BEQu+/ve+/ve+/ve+/vSfvv73vv73vv73vv73vv73vv71Bfs2T77+977+9We+/ve+/vVxc77+9cV4777+9IO+/ve+/vQVx77+9G0/vv73vv70AchJSDsem77+9Ou+/ve+/ve+/ve+/vVlELe+/vUxY77+977+9H++/vTlvAO+/vSLvv73vv73PvO+/vTlv77+977+9Mjbvv70377+977+977+9H0/vv70KDO+/ve+/vT3vv73vv73vv70b77+9AO+/vQ4f77+977+977+977+9Be+/ve+/vSxj77+9Oe+/ve+/ve+/vWzvv73vv70U77+977+977+9Au+/vR5577+9K++/vQc+77+9Eu+/ve+/vV3vv70+du+/vSfvv73vv73vv71p77+9f++/vRc1eu+/ve+/ve+/ve+/vU/vv70I77+9ewLwp4CLbwMu77+9MO+/vQnvv73vv71877+9RClQ77+9Ae+/vSJASO+/ve+/ve+/vVMnx4E7KUbvv710asON77+9AiZmNEzvv71o77+977+977+9MDHvv71hYkbvv73vv73EjO+/ve+/vRkKEzMaJmY0TO+/vWjvv73vv73vv73vv70wMe+/vWFiRu+/vcSM77+977+9GQoT77+9Ie+/vU5YTExMJ13vv73vv73vv73vv73vv73vv73vv70Hfu+/vV3vv73vv70f77+977+9Be+/ve+/vSDvv73vv71qdl/vv73vv71Hw7RI77+977+977+9Agfvv73vv73vv73vv71r77+9Au+/ve+/ve+/vQ7vv73vv70JGQAQQ3ty77+9FO+/vXRnSwFIdO+/vUUA77+9AHgBeO+/vX7vv71s77+9Z++/ve+/vQHvv70AVADvv70AFADvv70AZDtbDkARQO+/vVI6de+/ve+/vX/vv71J77+977+977+9BGZ/A1ga77+9S++/vS8BXO+/vSnvv70b77+9S++/vTEx77+9MC3vv73vv71P77+9Se+/vceq77+977+977+9K++/ve+/vTfvv73vv73vv71/77+9D++/ve+/vTPvv73vv71a77+977+977+977+9R++/ve+/ve+/ve+/vSx0YjrZuu+/ve+/vR5777+9c++/vV5877+9Dw53TtyLVR9/I++/ve+/vTPvv73vv73vv702YO+/ve+/vTLvv73vv73vv70O77+977+9WQDvv73Qngfvv73vv73vv71fTlLvv71UIe+/vUrvv73vv73vv710Je+/vU5XE++/ve+/ve+/vUgkGu+/vWhUCwQCLe+/ve+/vWd6PB5bEAQXAGzvv73vv70M77+9EO+/vc2m77+977+977+9XC7vv73vv71C77+977+9LxQK77+9bDYb77+9Zu+/ve+/vVwuF++/ve+/vXLvv70n77+9fO+/vQJY77+977+977+977+977+9He+/vWnvv70eeBFYFQQGFgzvv73vv73vv70tfO+/vWvvv70j77+977+977+9Gu+/vQrvv71r77+977+977+977+9Rx99dO+/vVkJ77+9aO+/ve+/ve+/vWEQ77+9dgB/DO+/ve+/ve+/ve+/ve+/vQB+Cu+/vWfvv73vv73vv73vv70r77+9ee+/vXvvv71v3rx5Yu+/vV0/77+9LCLvv73vv70r77+977+977+977+9ce+/vXfvv73vv70/77+977+977+9ce+/vXgKb3Ip77+977+977+9AH4E77+9W++/vdKfM++/vVoOD++/ve+/ve+/vUJ70aPvv71oT++/vXYs77+9DgDvv73vv73vv73vv70b77+9Nzo6Gj/vv71tdnR0NH7vv70377+9D++/ve+/vTrvv73vv71Y77+9Yx7vv71fAUgzK++/vc2zW3DSoXIh77+9fznGiu+/vQDvv71L77+977+9xqLvv70n77+977+9aWxsLO+/vWXLlu+/vTrvv73vv71Y77+9eQPvv71977+9PO+/ve+/vW8za2Xvv71ZERofH++/vQjvv71PH++/vXE/B++/ve+/vW3btgoyNO+/vUbbtm0bfO+/vXvvv73vv73vv71277+977+9az3vv73vv70B77+9Lu+/ve+/ve+/vRPvv73vv70cSe+/ve+/ve+/ve+/vTNAbQrvv73vv73vv71Zbu+/vS8AJO+/vTvvv73vv73vv73vv70fOe+/vTvvv70G77+977+977+977+90Z/vv73vv73vv70U2Y1dXiHYlVdeee+/ve+/ve+/ve+/vX8H77+977+9KO+/vWYBfO+/vVLvv7137K6xHO+/ve+/ve+/vS9R77+977+9GO+/ve+/ve+/ve+/ve+/ve+/vVfRi++/vXHvv71r77+9PxdffO+/ve+/vcyyVu+/ve+/veeetx9D77+9Ne+/vTvDuO+/ve+/ve+/vWvvv73vv73vv70GSu+/ve+/vWtv77+977+977+977+9X3zvv73vv73vv70M77+9Q8yjOQZtfQdw77+9Se+/ve+/ve+/vVBXRQfvv73vv71dYHt+Xu+/vTcfeu+/vQdv77+977+977+92I0777+977+977+9Qw/vv73vv71u77+9Ge+/vUfvv73vv73vv70I77+9wqXvv71PWu+/vQLvv70H77+977+9C++/vWV377+977+977+9JTZA77+9MO+/ve+/vS/vv73vv73Kt++/ve+/vXHvv70K77+9bhswPz0I77+977+9D++/vQNV77+9Eu+/vRnvv73vv73vv73vv70+77+9IHPvv73vv71sPzbvv73vv73vv73vv73OqwDvv71877+9DO+/vSnvv73vv73vv73vv73vv71N77+9P++/ve+/ve+/ve+/ve+/vTs3X8yjeSXvv73vv71VAO+/vTrvv73vv71P77+977+977+977+9XX9/77+977+977+9FNOc77+977+977+977+977+9Lx/vv73vv71P77+9Fm4B77+977+9Mu+/ve+/vQww77+977+9Uu+/ve+/vQDvv73vv73vv70+77+9cjTvv71377+977+9F3Hvv70m77+977+9ZlXvv73vv714dO+/vXXvv73vv71J77+9dg5nU3sBbGTvv73bpw9cbjjvv70hVAFcyqoL77+9Yu+/ve+/vW/vv73vv71jU++/ve+/ve+/ve+/vTDQnO+/vXBZD++/vXXvv73vv71+Je+/vRZMJ1NXXXXvv70ncO+/vRbvv71PM9CsfO+/vXzvv70ID++/vS7vv71xCO+/vQJM77+9VO+/ve+/ve+/vTrvv71N77+977+9yr3vv71xCsKlH++/vVEWPu+/vV3vv73vv71/77+977+9HBrNte+/vXFo77+977+9Fzvvv73vv73vv708Mz4AQe+/veefie+/vT0XTXvvv70jftSt77+977+977+9ayPvv73vv73vv71177+9W++/ve+/vTzvv73vv70d77+977+9ae+/ve+/vS3vv706AnTvv73vv73vv73vv71Z77+977+9Rm8H77+977+9YQ59Gu+/ve+/vXcaQARdIO+/ve+/ve+/vUPvv70fAjwQPAIk77+977+9LHDvv71cLwTvv70I77+977+977+9EXhFVDhFEDjvv70XOO+/vSMcR++/vd6XA++/ve+/vR/vv73vv71dOO+/vQvvv73vv71w77+9Uu+/vXVs17RtV++/vTRXM2xHM3Xvv70277+9LU7vv71t77+9MC0XLcOGCQM2Gu+/vQE4Xe+/vdu177+977+977+9Ke+/vTLvv73vv73vv71377+977+977+977+9Zw9z77+9O++/ve+/vRtPCQNd77+9Ie+/vXwM77+9Xy8s77+977+977+9bu+/ve+/ve+/vR4577+977+9Eu+/vXcS77+9ABnvv73vv73vv70s77+977+977+9Ijzvv70sKO+/ve+/ve+/vXk877+9X++/ve+/ve+/vSQR77+95JG877+9T++/vXsVOSBL77+9T++/vUVZFERJ77+9Be+/ve+/ve+/vSg+xaso77+9T++/vSRZEnnvv73vv70Ifwhg77+9CO+/vQdtM++/vQLvv71LHWo577+9a++/vS1TazXvv73vv73vv71r77+9bmhm77+9blnvv71lWi3vv73vv70yzabvv73vv73vv71W77+9bu+/ve+/ve+/ve+/vSbvv71t77+977+9DO+/vW3Yhu+/ve+/vVrvv73vv71YMO+/vRZ077+9QQst77+9UO+/ve+/ve+/ve+/vX4LIXRKAe+/ve+/vW7vv73vv73vv73vv73vv71777+9MO+/ve+/ve+/ve+/ve+/ve+/ve+/vWZpAO+/ve+/vQDvv71sQe+/vcuPP++/ve+/vQrvv71cc++/vUvvv73vv73vv73vv73tmYjvv71D77+9BO+/vRVleD0C77+977+9LCjvv73vv73vv717fWLvv70bEMOKX++/vXjvv73esO+/vScHfe+/vSfvv73vv70V77+9X++/ve+/vRXvv71P77+9Sl7vv71HUiTvv73vv70VT0Dvv73vv70B77+9K++/vXjvv73vv71577+977+9OFHvv71577+977+977+9Ze+/ve+/vUvvv73vv70IRCIc77+9QClIe9a7I0U5FO+/vQLvv73vv73vv73UhU1Nau+/vTpt77+9TUfvv711x7Jb77+95Zqu77+9HO+/vWo6eks1NUNtGS3vv71l77+977+977+977+977+977+977+9Te+/ve+/vTUaWkNrNDVD1Zvvv73vv73vv73Qq1rDrO+/vVXVm1bvv73vv710Glbvv73vv70MG++/vdWCbtSh77+977+9FgBr77+9J++/ve+/vT3vv73vv70ff++/ve+/vWvvv73vv73vv71hAGcuOO+/ve+/vVI677+9QO+/vRvvv70c77+9Y92P77+977+977+9Pu+/vW7duu+/vQoG77+9K0AJQe+/vQzvv73vv73vv73vv73vv73vv73vv70qQu+/vRPvv73Cge+/vRDvv708Ce+/ve+/vRtT77+93rDilYPvv73vv70vEO+/ve+/ve+/vQF/KBDvv719ASXvv73vv73vv71hWe+/ve+/ve+/vSLvv70FRe+/vQseMe+/vUvvv73vv71J77+9TEReIgIncSInE++/ve+/ve+/vRMBBBzvv70I77+977+9ChQE77+977+9O3oq77+977+977+9Y0NAXe+/vXvvv71w77+9Q23Yrgnvv71tUe+/vTVd77+9Me+/vem2qO+/vWjvv71h77+977+9ZjVs77+9bNiaWTcbeu+/ve+/vWpV77+91qw277+9Rk1V77+977+9elNt77+977+93qprCu+/ve+/vWzvv71m77+9KO+/vTXvv71k77+9zKrvv73Zqu+/vUDvv71wYXQ8IGsB77+9ViR477+977+9xqLvv73Wre+/vS7vv713Lzg0TikdYu+/vTk577+977+9DO+/ve+/vSzvv71/77+9Vu+/vWAoFGrvv71A77+977+977+9TyTvv73vv70J77+977+9SX4x77+977+977+977+9NyhGfAEp77+977+977+9USXvv73vv70CYV80FApGwqFwNBrvv73vv70j77+9eCDvv71E77+9Pk9IVu+/ve+/ve+/ve+/ve+/ve+/vVcICl4x77+9eUU/JxIPJ++/vR7vv71EJDwnHu+/vQkBB0II77+9f++/vTnvv70QQRBP77+977+92rYFAO+/ve+/ve+/ve+/vQUFBe+/vXPvv71uQ++/vXEtONSi77+9Y++/ve+/ve+/ve+/vVsKV++/vVRX77+977+9du+/vQog77+9ae+/vVp177+977+9VxpF77+9XC9V77+977+9au+/vVbvv71X77+9au+/ve+/ve+/vVrvv73RtO+/vU3vv70s77+9de+/ve+/vTXcitmwau+/vRbvv73vv73vv70AYHbvv71WFHhq77+977+9HArvv73vv70L77+977+9Be+/vXZSSjcx77+9HO+/vXZ+H3jvv73vv73vv73vv73vv71A77+9H++/ve+/vS3vv70b77+9GMSf77+9Hu+/ve+/vVzLj3Pvv73vv73vv71S77+977+9Cu+/vVjvv71u77+977+977+9Yu+/vR/vv71i77+977+977+9DETvv71977+977+977+9F++/ve+/vVLvv71QOB4K77+977+9IV80EO+/vUV8QW/vv70T77+9Ru+/vRwV77+9UkTvv73vv71h77+9IwQ477+9a++/vTg8J++/vQNPeCLvv70jXAciXE8g77+977+9MHJB77+9wqUuHGrDhUMd77+9au+/vWTvv71OClt1G++/ve+/ve+/vTArVu+/vVXvv71U77+90qrvv71l77+93qw0a82yWlPvv73vv71q77+9WixXau+/vXpF77+9Ve+/ve+/ve+/vVrvv73vv71balbvv73vv70C77+977+9K++/ve+/ve+/ve+/vXLvv71UKu+/ve+/vQ/vv73vv73vv70H77+977+977+9DDTvv73vv73vv71dC++/ve+/vQjvv73vv71577+977+9K++/vRXvv70BO1/vv73vv73vv73vv71t27bvv73vv70K77+9D++/vRwK77+9Bu+/vQgIKCEx77+9C3Pvv71ASEkF77+93r5w77+977+9Fwnvv73vv71i77+9aDIeSu+/ve+/ve+/vVQo77+9S++/vSNK77+9E++/ve+/vUVFDO+/vRjvv70k77+977+9Se+/ve+/ve+/ve+/vQzvv73vv73vv70jQjvvv71p77+9Eu+/vRjvv73vv70Y77+9KHXvv71277+9MRsO77+977+977+9YO+/vQY1Xe+/ve+/vSzvv73VrO+/vVMz77+9VkXvv70b77+9Zu+/vVHvv73vv71q77+9Wu+/vVQq77+977+9anXvv71aau+/ve+/vVPvv71yzapb77+9albvv71iQ++/vQTvv73vv71Qa++/vUNn27Zt77+977+9N2/vv73vv73vv70c77+977+9G++/vQfei3rEi++/vdO777+977+9c++/ve+/vQPvv704A82x77+977+977+9e++/vX3vv73vv73vv73vv73vv73vv70C77+977+9IDzEh2AoIUYjEU9fOO+/vVsV77+9Bwfvv73vv73vv71ALBJPR8OJeCLvv70KRX1pf9Sf77+977+977+977+9Yu+/vSIGOQ/vv70jEu+/vQVHBO+/vRPvv70VD++/vRAi77+9bO+/vQoA77+9He+/vT1Q77+977+9ATltAFHvv73vv71hOE3vv71Zde+/vWHvv73vv71q77+9YO+/vRtZ77+977+977+9Ngrvv71c77+9XC0US++/vWLvv71c77+9TVXvv73vv73vv71q77+9OVnvv70Y77+977+977+9Ve+/vU3vv71rKwg677+977+9e++/vVtv77+977+977+977+9Au+/ve+/vQDnp49w77+9x54HMu+/vTPvv73MhU5777+9e++/ve+/vVVB77+977+9Ue+/ve+/vS8C77+9egEo77+9eD/vv73vv70k77+977+9E2Lvv70f77+977+977+977+9Ve+/vXhwKO+/ve+/vQrvv73vv73vv71MKjrvv71IBu+/ve+/vTF/Ru+/vXjvv71yUO+/ve+/vV4h77+9e3gfEe+/ve+/vQjvv73vv73vv71UeAbvv70T77+977+977+9dhLvv712TVjUoO+/vdOk77+9XXPqrZJT77+977+9UmNa77+977+9Z++/ve+/ve+/vVQhV++/vU8XC++/ve+/vVLvv70+Xi3vv70nGxVj77+977+9wqBz77+9FVd877+9H++/vT9/77+977+9dwLvv73vv70FB++/vUfvv73vv70lDu+/ve+/vX0Y77+9B++/vXnvv71FDArvv73vv73vv70Q77+977+977+92Kvvv73KpO+/ve+/vWQyPBBOBlYpUU/vv70c77+977+9IgQ577+9U++/ve+/ve+/vQwsPQRPO++/vdKoZu+/ve+/vXrvv71o77+977+977+9Vl7vv73vv73vv73VqWrvv70877+977+9FXPvv73vv71O77+9aO+/ve+/vSbvv73vv71D77+9We+/vTnvv73vv709aO+/vVsbKO+/vXtO77+9HAoh77+977+9du+/ve+/vUPvv73vv73vv73vv70v77+977+977+9W3/vv70MH2Q777+9G++/ve+/vUjvv70X77+977+977+9QErvv73Gle+/ve+/vWhoTTwRH0rvv71SA++/ve+/ve+/vU8Ide+/vUUAIRwD77+9Eu+/ve+/vVLvv73vv73vv70+BO+/ve+/vV07LHTvv73vv71U77+9UBwv77+9awfvv71F77+977+9Zu+/vRXvv71UyKHvv70SWngl77+977+977+9dO+/ve+/ve+/vV966623LlzLqkwp77+977+977+977+9Ie+/vXwK77+9VxcUfxntgZDvv73vv717Ge+/vRTvv71DCe+/ve+/vUgwLO+/vUMR77+9QCwVXu+/vU7vv73XpO+/vX3vv73vv73vv70Dfe+/vdCqWDIw77+977+9ejMMLisZOu+/vXQr77+9TjVz77+977+977+9bHFqNu+/ve+/vT3vv73vv70WD++/vXLVg++/ve+/vTFV77+9Wu+/vVrvv71VURvvv70wBXPvv716OXfvv709cX7vv70+RSnvv73vv71pAxpC77+9GO+/vcujHu+/vdatWy/esmXvv70z77+9Lu+/ve+/vQcp77+977+9LxDvv73Ho2llIB7vv70n77+977+977+977+977+977+9dDTvv71JR1bvv73vv73vv73vv73vv73vv71/77+9E++/ve+/vUXvv70Q77+9Ze+/ve+/veCygu+/ve+/vXLvv73vv71pV++/ve+/ve+/ve+/ve+/vQkjWz9Y77+9Vibvv73vv71ydu+/vVjvv73vv70vFu+/vXvvv73vv73vv71YOe+/vU3vv73vv71GMe+/vUMT77+977+977+977+9LBvvv71s3brvv73vv70tW++/vTzvv73vv71477+9Uu+/ve+/vQYKIe+/vUIAC++/vTV8EGhP77+977+977+9ci/vv70PQSXvv73vv70TKW8m77+9F1nvv73Xl1zfl8qs77+9xIcG77+9Qu+/ve+/ve+/ve+/ve+/vS/vv73vv73vv71i77+977+9CgEicR7vv70TEe+/ve+/vQwuKxo6DnXvv70F77+9Ne+/vW7vv73vv71h77+977+977+9Pmvvv73Vie+/vWzvv71gce+/vTg+Ne+/ve+/vR7vv73vv73vv73vv73vv73vv71W77+9F3Lvv73vv73vv73Viu+/ve+/ve+/ve+/vTwA77+977+9BWUX77+9cu+/vdGe77+977+9EO+/vTUA77+977+9Lu+/ve+/veabtzzvv73vv73vv70PLO+/ve+/vS8FXzAo77+9fHFvJhwK77+977+9Ru+/vWvvv73vv73vv73vv73vv71EZu+/vT8+77+977+9RO+/vSPvv73vv71qX9SbEe+/vULvv73vv71536Hvv70iAkJ4Bu+/vVNC77+9Y++/ve+/vdK51qvvv73TpArvv73vv73vv71pK++/vR5sTlfvv71VZu+/ve+/vdmZ77+977+9VD5fOljvv73vv73vv71X77+977+9ZlHvv73vv73vv73vv73vv71sDu+/ve+/vRRW77+9fO+/vc23PO+/ve+/ve+/vVsXFH/vv71S77+977+9UwY077+977+9F++/vV5vek7vv71t27ZtWiYd77+9OAxB77+9T++/vRfvv70G77+977+977+9dzDvv70K77+9TyZjG9Op77+977+977+977+9QDI4GE8FB3xR77+9HO+/ve+/ve+/vXIvAicx77+977+9NO+/vXJs77+9PO+/vcup77+977+9dlnvv71q77+977+9U++/vXx977+9OFvvv73vv73vv73vv71m77+977+977+977+977+9XH1v77+977+9T++/ve+/vWpxJu+/vSbvv70PAWdJ77+977+977+9E++/vXnvv73vv73vv70C77+977+9CiseNO+/ve+/ve+/vQvvv70+77+977+9L++/vRxM77+9Te+/ve+/vXgi77+9SGAwFgvvv70k77+977+9M++/vRLvv73vv71MfO+/vVAmPBxPBVbvv73vv73vv71+ae+/vXvvv73LvXDvv71j77+977+9ae+/ve+/vQtyOQrvv73ilI0ZM++/vR5sTFfvv70V77+977+9B++/vWcL06Pvv71877+977+9Uu+/vTbaqO+/vRMH77+977+9Su+/vSnvv73vv70o77+977+977+9AO+/ve+/ve+/veGnlO+/vVYkaAgh77+9AO+/vS0o77+9JO+/vXvvv71L77+977+9bjXvv73vv71+Xyrvv70fWu+/veqPn9mX77+9P3tVfM2GVe+/vQrvv73vv73vv73vv73vv73vv70yJAfvv70Y77+977+977+977+9e2E677+977+9YzgK77+9WiXvv73vv73vv73vv71m1L3vv73vv73vv73vv73vv70977+977+977+977+9cjPFl++/vTPvv70D1Zlmbu+/vSAa77+9KO+/ve+/vR3vv73vv70W77+977+977+977+977+977+977+9DxNOEmTeuRAy77+9X3/vv73vv70eee+/vW8u77+9MO+/ve+/vTvvv71M77+9N++/ve+/ve+/ve+/vcikBkZWJe+/vQ4O77+977+977+977+9AuuUqO+/vU9U77+9MCfvv73vv70ADDBM77+9Kg4vABAIcXjvv70I77+977+9CB7vv73vv73vv73vv73vv73vv73vv73vv73vv73vv70nFgzvv73vv73vv70+aWrvv70rZ3fvv71Kde+/vdenT++/ve+/ve+/vU04de+/ve+/ve+/vV/vv70/77+977+9I92Txo0RQu+/vUkp77+977+9Ze+/ve+/vRBCPu+/vXYP77+9Q++/ve+/ve+/vTvvv73vv73vv73vv71/77+9HMOkdHxg77+977+977+977+9THg477+9Du+/ve+/vce8GSkg77+9OO+/ve+/ve+/vTIq77+977+9We+/vWI6Skjvv70cGmXvv71y77+9VO+/vUpuSe+/vTbvv73vv73vv710dV9h77+977+9fyJb77+92r0cw6k777+977+9yrvvv73vv70HC++/vT9AKe+/vd6yBQoh77+9QwDvv73vv73vv71sGe+/ve+/ve+/vTAEae+/vWrvv71Dfe+/vVQsHVp777+9MEnvv71JRAJHeO+/ve+/vWF6HTkc77+92rQTTu+/vUcO77+9Su+/ve+/ve+/ve+/vWwz77+977+9IBpL77+977+9HO+/vTfvv70o77+9f++/ve+/vUBDCO+/vQJgXu+/ve+/vUMPPXTvv70S77+9S++/vSovJu+/vQxuTCZTZ2Xvv73vv71n77+977+9Dw8K77+9NyTvv70C77+9Su+/ve+/ve+/ve+/vSTvv71F77+937jUpu+/ve+/vUNz77+9btmY77+9Zu+/vX3vv71UdU9h77+977+9b3w6P++/vSvvv73vv73vv70o77+967uX77+9d++/ve+/vUMP77+977+9blrYr2YL77+9dO+/vQEKIe+/vRoA77+9d++/vS1xT18O77+9IGwa77+9PzwQSERi77+977+9ZCp6Vjrvv71/77+9QGzvv73Iqu+/ve+/ve+/ve+/ve+/vVBSWS0F77+9OO+/ve+/vX3vv73vv70kFiYx77+977+9cMqE77+9NO+/vWoV77+977+9dtCc77+977+9Te+/ve+/ve+/vUzvv73vv73vv71mCzPvv73vv73vv71K77+977+977+9Ou+/vRZ2Tu+/ve+/ve+/vUs377+977+9CD3vv73vv73vv73vv70+fu+/vTnvv71F77+977+9ZgDbuu+/ve+/ve+/vXcsIWTvv73vv73vv70h77+9E++/vWDvv71P77+9xJPvv70K77+9ZO+/ve+/vUxy77+977+9A++/ve+/ve+/ve+/ve+/vUjvv73Pv++/vRfvv71mDnkxPBFY77+9xLTvv71G77+977+977+977+9Ew4cOCJAIO+/vSDvv70K77+9CCHvv70n77+9ZEUO77+9FDkQ77+977+9ybAkZ++/ve+/ve+/ve+/vTlL77+977+977+977+9Zn3vv73vv71D77+9GXrvv70tW++/vTxz77+9Pe+/ve+/ve+/vTvvv73vv71JV++/veOEkM2U77+9bUsG77+9Z++/vX3vv73vv70LIXPvv71t77+977+9NEXvv70AACAASURBVHDvv70ddzzvv70k77+977+977+977+9Ryx477+91Z5oJO+/vR1M77+9Yu+/vVLvv73UuQPvv73VmwZjI++/ve+/ve+/ve+/vVjat++/vRvvv73TvFcIEO+/vcidXAzvv71i77+9ThZwBO+/vSFE77+9Oe+/vXMCJxBZ77+9ee+/ve+/vQgB77+9Jwc9XlkJeGQ577+9PSFRKu+/vcSAM++/ve+/ve+/vQgdT++/vT7vv73vv73vv70777+977+9LFXUve+/vcu2Z++/vX3vv73vv70XXnjhj5ckdFrvv70Zb2Rk77+9I++/ve+/ve+/vX/vv70k77+977+9BO+/ve+/vTXvv70FUu+/vWQkFhxOJO+/vWfvv73vv70y77+9UGljfybvv70+77+977+9bu+/ve+/vRF877+977+9CO+/vRfZsu+/vUw977+977+9WNShFgzvv70J77+9KjkF77+9YGvvv73vv73vv70+We+/vT0zVe+/vT8677+977+977+9XsiXX++/ve+/ve+/ve+/vdSc77+9f++/vQDvv73vv70Jaynvv702IyMjHx4dHe+/ve+/ve+/ve+/vRPvv73vv713bB7vv71eAX7vv70d77+977+9bwPvv73vv70v77+9b++/vWrvv73vv70x77+977+977+90qHvv73vv71LBBlu3bsh77+9Igjvv70S77+977+9aCwy77+977+977+977+977+9Tw7vv73vv70q77+9bnhVZCTvv71K77+9FO+/vQ7vv71CJe+/ve+/vUvvv71FQhwC77+977+9Ue+/ve+/ve+/ve+/ve+/vR4P77+977+9Fe+/vS8pUu+/ve+/vX0B77+9ZyLvv73vv71L77+977+977+9H++/vSBY77+977+9CkId77+977+9Qe+/vT1T77+9Lu+/vUVnae+/ve+/vTfvv73vv71/77+9J++/ve+/vVx6fhjvv73vv73vv715HwQ2Xe+/ve+/vR7vv70/XgHvv73vv70H77+977+9X++/vWRaBX7vv71h77+977+9Iu+/vQvvv70b77+9CjLvv70+BBPvv71QJu+/ve+/ve+/ve+/ve+/ve+/vd6Q77+977+9PncwOu+/vXZVcGPvv73Pv++/vRvvv73SglcI77+9UO+/vWlZ77+9ce+/vU4zeAvvv71d77+9VTNr77+9Nu+/ve+/ve+/ve+/ve+/ve+/vUR5dO+/vXTvv73vv73vv73vv71i77+9Uu+/ve+/ve+/vVDvv71NN2ZRXwrvv71077+977+977+9Pu+/ve+/vXrvv73vv71W77+9Wu+/vRbvv73vv73vv71tGu+/vWPvv71ZD2YATngVaGZU77+9du+/vW3btl3vv71577+977+9Je+/vUwiE0sE77+9SO+/ve+/ve+/vWdi77+977+9He+/ve+/ve+/vR0Ibkrvv73vv70h77+9e++/vQAROO+/ve+/vUpM77+9JG/vv71OFBPvv71QInDvv70j77+977+9EV4h77+9T3Lvv70Q77+9Xn3vv71j77+9Eu+/vQLWvXtpYO+/vW3btmvvv73vv73vv71577+977+9B++/ve+/vT4m77+977+9QHPvv73vv70A77+977+9AO+/ve+/vTDvv73vv73vv73vv706BQrvv70P77+9AO+/ve+/vQJX77+9cO+/vSUY77+9fXjvv70kVu+/vTsYGRkeCG3vv73vv73vv73vv71B77+9CO+/ve+/vSzvv71p2YVSAO+/vUEAYQk877+977+977+9IEEx77+9LFfvv73vv70GNu+/vTdv77+977+93Ifvv73vv71T77+9P++/ve+/vQfvv70E77+9Ru+/vQNV77+9a++/ve+/vTkO77+9P++/vcih77+977+9yYR8B++/ve+/vV1FSzFpFVnvv71uSO+/vUEEYu+/vUQmFg/vv73vv73vv73vv73vv73vv70fHzpvMDIy77+977+9Qe+/vWnvv73vv712LNiuSQpH77+9VTPvv73vv70077+977+977+977+977+977+9RGV077+9THHvv70377+977+977+9S0V1V++/vVLvv73vv71NQB3vv70xTO+/vT5B77+9cO+/vVNK77+977+9de+/vXgz77+93ZDvv73vv73vv73vv73vv73vv71uXU9nBSQX77+9MQTvv70XXl8s77+977+977+9A++/ve+/vXDvv73vv73Iqu+/vQbvv70b1qwK77+9Ee+/vWPvv71hWnnvv70KAO+/vTnPhgJe77+977+9AOqCuDYRbEvvv71hCj7vv73vv71777+9dmgQ77+977+934Lvv71L77+9dO+/vXo3aO+/ve+/vQsLdxzvv73Mny8o77+9at26de+/vT7vv71r77+977+9AmRPOBQO77+9Pe+/vVAg77+9Lh5K77+977+9Cwrvv71KB++/vUbvv73vv71Bb0hM77+9Te+/ve+/vSDDtO+/vWAjcBLvv73vv71+EhITfO+/vTvvv71NB++/vUbvv71C77+977+977+977+977+9UCDvv70u77+977+9ZDzvv71QWBcg77+977+9Y++/ve+/ve+/ve+/vU5d77+977+9Ne+/vXBi77+977+977+977+977+977+977+977+9Ae+/vXo0Njfvv71ATCjvv73vv73vv73vv73vv70Uf3BNJBBdF++/ve+/vQ/GlVXvv71n77+9G++/ve+/ve+/ve+/ve+/vQnvv71O77+9Mu+/vWVace+/ve+/vTkJMu+/vSdBKe+/ve+/vT0D3rjvv70qHu+/ve+/vQ9GAu+/vXXvv70/77+977+977+977+977+9Eu+/ve+/vR9SIB7vv73vv73vv71I77+9Ye+/ve+/ve+/ve+/vc+u77+97rqh77+977+9aO+/ve+/ve+/ve+/ve+/vSc/77+977+9Je+/vcuI77+9Ze+/ve+/vSfvv73SihgYDnkSG2NKZjjvv70M77+977+977+9IX9ITu+/vR4+77+977+977+9DA4ca11iWu+/ve+/ve+/vRHvv73vv73vv73vv70DXEhO77+9ce+/vT/vv70M77+9Y0pmOO+/vUlsVO+/ve+/ve+/vU/vv71X77+9fu+/ve+/vXdDRHvvv71w77+9dO+/vTd+77+9e++/ve+/ve+/vR47Ju+/ve+/vTXvv73vv73vv73vv73vv70APO+/vVXvv70077+977+977+9ZV/vv70FCO+/vQHvv70/EU8FfO+/vTPvv73vv73vv70F77+977+977+9CwYjZ++/vV8VPDPZp++/vVfvv71y77+977+977+9Ae+/vRPvv73vv71MTCta77+9Y++/ve+/vRbvv70d77+9VltZZ1bbq03vv71f77+9T1R277+977+977+9Dzzvv73vv73vv71X77+977+9Xe+/vUIxZ3nvv71877+9S++/vXvvv70V77+9Ae+/ve+/vWvvv73vv71SOnvvv70e77+977+977+9O++/ve+/vXbvv73vv717DnlA77+9A++/vRLvv71L77+9SDDvv73vv70E44OJUCbvv73vv70K77+9Y++/ve+/vScg77+9eO+/ve+/vc6wAmbvv71MKz/vv70iImTvv71HAmLvv73vv715Mu+/ve+/vW8w77+9CGXSkWB8MBIMZAJ+Ke+/vQcUBe+/vQbvv73vv73vv71Q77+9Ye+/vWdOKHQi77+977+9GUDvv73vv71o77+977+977+977+9e++/ve+/vSHvv70Ffwzvv71p77+9KxNPRO+/vUpG77+9Q34h77+9Ce+/ve+/vWhQSnh9Qu+/ve+/vTjvv73vv73vv71LTO+/vRhsCE9ESO+/vUJ8Qu+/vQ9KCW9QTEbvv71CPCNz77+9Ie+/vSoZ77+9eCJOC++/vQvvv70YfC9D77+9DgPvv70777+9fe+/ve+/vUAD77+9C++/vTtve++/vdu277+977+9bl8L77+9CkAK77+977+977+977+977+977+977+9U++/vWvvv71KfE3vv73vv73vv70X77+9ZO+/vWEpJSlC77+977+977+9ISwv77+9dO+/ve+/vWtIO1/vv70IIS4s77+977+977+9JxPvv71677+977+977+9Snzvv71PCe+/vQnvv708fUFfOGgFIO+/ve+/vRUKC++/ve+/vSXvv71cfyLvv715x7wY77+977+977+977+977+977+9zKZN77+977+977+9Au+/vXBE77+977+977+977+9aCgyGA/vv73vv73vv71MJO+/ve+/ve+/ve+/ve+/vVjbm++/vVjvv73vv71077+977+9UFzbq++/vTE+77+977+977+977+9fe+/vUg877+96o+GIu+/ve+/vXjvv70/HBEja2MBz6ZN77+977+9au+/vW3vv73vv73kgqLvv73vv70u77+9dO+/ve+/ve+/ve+/ve+/ve+/vXs677+977+9WnDvv70GRE7vv73vv73vv73vv73LvO+/vR/vv70ifSEpFQrvv71J77+9L8aFQ8ug77+9Vibvv71TVAQcETgJHu+/vU/vv71iXAjvv71JJSTvv73vv70BKe+/vSfvv71KPy9677+977+977+9Mwrvv73vv73vv71qOizonp8mc++/ve+/ve+/vX3vv70t77+9O1dcce+/vU96ee+/vS94B++/vXA/77+9YEwKBiPvv71k77+9H++/vQ/vv71iyZAnGQxKSUkR77+977+9SDzvv70jPO+/vRzvv71M77+977+9VyPvv70jPETvv70h77+9EO+/vVJSCnnvv73vv73vv70v77+9DO+/vUPvv73vv73vv703Ge+/vUnvv71wP++/vQvvv73vv73vv73vv73vv73vv70u77+977+977+977+977+9Hnvvv73vv70D77+9eS/asmXLj3t2BV8A77+9AW8TRe+/ve+/vQ/vv71QYl4xEFXvv71I77+9L0U977+9EBQk77+9HTIxb++/ve+/vXTvv71qeE7vv73vv70rRBHvv73vv71f77+9ehQxEvSKgagMJUYJH++/ve+/vSLvv71n77+977+9C++/ve+/ve+/ve+/vd++cO+/ve+/vQfvv70LNO+/ve+/vTUAPF1F2avvv73vv73vv73vv71eXe+/ve+/vQDvv71C77+9RCUgQ0lI77+977+977+977+9Iu+/ve+/vQof77+9Ze+/ve+/vQkQCQfvv715M0zvv73vv71XAw4CRCLvv71+Tu+/vUPvv70i77+977+9Xj7vv73vv704JS1DSUjvv70S77+9RiFd77+9w6bvv70OE++/vV1F77+9Djvvv73Zo3lX77+9Tjrvv71+77+977+9NzYJcO+/vXBA77+977+9JV8w77+977+9Q++/vWAs5IuGQ3JC77+9S1FB77+9fO+/ve+/ve+/vSDvv71jVu+/vXR6eDXvv73vv73vv73JkDkf55eiQkhOKCFfNBwKBWPvv73vv70S77+977+9JV8iHBDvv70977+9U3MYNu+/ve+/vXhAc2nvv73vv73vv73vv73vv70L77+9DO+/ve+/vQBX77+977+9Mu+/ve+/vT7vv71SQO+/vV7vv73vv73vv73vv70y77+977+9Mu+/ve+/vXZzNu+/vTfvv710Gnk1Iu+/vQ7vv73vv73Lte+/ve+/vStQ77+9H++/vRTvv71177+9V++/ve+/vXIe77+9ehk+He+/vQrvv70eD2jvv73vv73vv70577+9c3bvv706bO+/ve+/ve+/vRc5KS4477+977+9THwJ77+9CwQ8fEASOS/vv71DIATMm2E677+9cjXvv70hEO+/ve+/vXIePiDvv71cICATX0JwPGnvv73vv73vv71e77+977+977+9Du+/vQ7Dhu+/vQ8L77+9I++/vX7vv71777+977+977+9O++/vTNC77+977+96J6AKAclJSwo77+977+9Eu+/ve+/ve+/ve+/ve+/ve+/ve+/vUliYRPvv71pGj5J77+9wqfvv70vFtK4UtSV77+9ITfvv70rUj0gej0qee+/vUfvv73vv70wbBg4Hu+/vQTvv713Nm3vv70026vvv71Z77+977+9RDzvv70o77+977+9Se+/ve+/vcuSJHgkLy8LHk7vv709RO+/ve+/ve+/vQpnYRPvv71pGD451KYCJ0Lvv709RBY877+9R++/ve+/vSMJEgTvv71vChzvv71TUjF677+9ce+/vTBsCBwdNO+/vQtoRe+/vVnvv70bUhA1C++/vWtA77+9AO+/ve+/ve+/vSpLcWMp77+9CAEHQgkh77+9AwFB77+9R++/vTMxLe+/vSDvv73vv73vv73vv71O77+9AAdK77+977+977+977+9Ye+/vSAeGTTvv70877+977+9F++/vWfvv70JAO+/ve+/ve+/vXZt77+977+9A1/vv70FEO+/ve+/vTTvv71w77+977+977+9FioW77+9aRtj77+9Jy4E3rUGGAjvv73vv73vv71R77+977+9Cu+/vSXvv70Da++/vQpISgc077+9ae+/ve+/vVfvv73vv73vv70E77+9W++/vQUEQXDvv70tZWJieu+/ve+/vSII77+977+977+9Ai4fAu+/ve+/ve+/ve+/vVEB77+977+9FO+/vXkB77+977+9fwLvv71zOu+/ve+/ve+/vWrvv70977+9AO+/vQHvv73vv71BKe+/vTTvv73vv73vv73vv73vv73vv70n77+9aDQkdkvvv73vv73vv70W77+977+9aEg/77+9BGrvv71hDu+/ve+/vQzvv71DXe+/ve+/vTcCbO+/ve+/ve+/vQHvv70Ice+/ve+/vUTvv73vv71mAwBaS3EhFAAl77+977+9R++/ve+/vXTvv73vv71BCF3vv73Kke+/vWYDd++/vRJ4dBdwUT8wEATvv73vv73vv71P77+977+977+977+9CwBJ77+9As2r77+9Azjvv73vv73vv73vv73vv71oEkDvv71XX17vv70SKu+/vRbvv73vv73vv73vv71a1KEWde+/vU0dasOlLgAK27Hvv73vv70D77+977+9Su+/ve+/vV5hxaUuHGrvv71dJyzvv70W77+967qWZUHvv70SCu+/vXffqe+/vQbvv70u77+9NwDan++/ve+/vU99C++/vTtSZ++/vXlQeemll1bvv73vv73vr4A6e1VX77+977+9Zu+/ve+/vRtNVdOaWu+/vWgaVUvvv71U77+9cnXvv702KFzvv73vv70w77+9Xu+/vQtc77+9NixX77+977+977+9Ok3vv71qNe+/ve+/ve+/vVQ177+9Vu+/vQrvv73vv73vv71e77+977+9X++/ve+/vXpP77+9Ye+/vWEd77+9I++/vWbvv70c77+9L++/ve+/vWLvv71W77+9e++/vSdwC++/vWDvv73vv73vv71G77+977+9LO+/vRvvv71cTe+/vRTvv71WSW1YFe+/ve+/vWrvv71NTVDvv73vv73vv71M77+9GWjvv70L77+977+9aO+/ve+/vduwKlbvv70q77+9Ne+/vVLvv703au+/vUbvv71ZLE0b77+977+9Pu+/ve+/ve+/ve+/vXdL77+9Hu+/vQpj77+9A++/vXkj77+9H33vv73vv71477+977+977+9Y3Dvv71B77+9XO+/ve+/ve+/vQDvv71yfu+/vUQl77+9YkHvv71saO+/vU0K16U277+9cDvvv70kE++/ve+/vRE2Ue+/vXDvv71NbWrvv702NNOC77+9UUnvv71wfu+/vSQGaO+/ve+/ve+/vRo/CBvvv73vv70ONDt277+9WDjvv73vv71jBgrvv73vv73vv70FRe+/ve+/vSXvv70LHu+/ve+/vUbvv71yTEvvv73vv73vv73vv71p77+977+977+9ak3vv71VNTXvv73vv70sfGI6Te+/vSbvv73VqWbvv70d77+9VTXvv71W77+977+9ae+/ve+/ve+/vS3vv70xLe+/ve+/vWhaBQ/vv71J77+9Hmnvv73OnWctKHrvv714PBoAMO+/ve+/vX1JLu+/ve+/vS1V77+9VO+/ve+/vdmaXi7vv71mSW3vv71l77+9cO+/ve+/vUVbLHxiOu+/ve+/vSbvv73vv71g77+9Te+/vWHvv71N77+9LO+/vTXvv71c77+9ae+/ve+/vVLvv71NHSZc77+977+9Se+/ve+/ve+/vQXvv73vv73vv73vv73vv73vv70377+977+977+9Xu+/vU9hPywp77+9NDnJqlBRK++/ve+/vVnUnO+/ve+/ve+/vVXTsBvvv73vv71LbdiOxazvv73vv70UD++/vSzvv73Uhu+/vWE3HM2u77+977+9U1VN77+9LFJRK3Dvv71V77+977+9TjPvv73vv73LsO+/vTBMGD/SuUcD77+9P3Xvv73vv71977+93b/vv71L77+977+9AVdtNFpq77+9Uu+/vVXvv71UV2vvv73vv71eLteMQlPvv73vv73vv73vv700XO+/vTXvv71SFj4x77+977+9cu+/vUst14Tvv700XO+/vSrvv70177+90Kzvv73vv71yXe+/vRXvv71V77+977+977+9LVVtNFp577+9Nmx677+977+977+937fvv73vv71BQyl9fkHvv73vv716eXPvv73vv70SXO+/vQzvv73vv73vv73vv716S++/vWnvv73vv73vv71qFu+/vXXvv71QUe+/ve+/ve+/vXTvv73vv73vv73vv71zXgrvv70K06nvv73vv71Q77+977+9czNN77+977+9VlHvv71b77+977+9ahbvv71a77+9Pu+/ve+/ve+/vVzvv73vv73vv73vv70y77+9J++/ve+/ve+/ve+/vRJ277+977+977+977+9C++/ve+/ve+/ve+/vXg0C18Y77+977+977+9P++/ve+/vV7vv70c77+977+9Zu+/vXJD77+9Zu+/vWpl77+977+977+9Fe+/vdqMWjfvv73vv73vv71c77+977+977+9UgcOa++/vWI677+977+9ODZc77+977+9dHXvv71Oza0bee+/ve+/vc2o77+9Ru+/vVBXK++/vQpd77+9Me+/vVbvv71RNQrvv73dqTM9Ue+/vQXvv73vv73vv70s77+9dO+/ve+/vQXNvDzvv71dd++/ve+/ve+/ve+/ve+/vWrvv71m77+9KuWNqlpr77+91LXKgXLvv70wXtKmCiVj77+9WTfvv73vv700XO+/vTXvv70WKO+/vVMtZO+/vUvvv71O77+9VDfvv71WyZhq77+977+977+9Qu+/vVkY77+9a++/vQNq77+9MVPvv70b1b1Z77+9eu+/ve+/vRzvv70F77+977+9aO+/vR8VNO+/ve+/ve+/vQDvv71dRTfvv73vv70X77+9WO+/ve+/vXs977+977+9cmrNpmkaeVVvTtSN0oHvv71R77+977+977+977+977+977+977+9a2l21bXvv71BXe+/vX41TO+/vVDvv73vv73vv71mLGpQza7vv701M9eq77+977+977+977+9Ue+/ve+/vRvvv70D77+93pwwTSPvv73Umu+/vXEKVi/vv73vv70OA25e77+977+9L++/vW7vv71077+977+9Sy/vv73vv73vv717eu+/vR/vv71bSO+/vSTvv71VKTXvv71O77+9Vnnvv71iZEsVI9us77+9BUvvv73vv73vv71yClDvv71QFkIx77+9CiET77+9Du+/vVwD77+9Xe+/vXXvv71gVe+/vWzvv71iZEvvv71V77+9Nmx177+9UiNP77+977+9FhIwe++/ve+/vQQA77+9XXfdhxYU77+977+977+9eu+/vWvvv71K77+977+977+9KyHvv70m77+977+977+977+977+90a0jIyPvv70aZEl377+9442oeixh77+977+977+9PEHvv71C77+977+977+9CO+/vSIS77+9KBAPJxBR77+9BO+/vRN5D++/ve+/vTR8TCs8ZO+/ve+/vRZ077+977+9Vu+/vVkr77+9PNCY77+977+977+9Ze+/vVMH77+977+9wr5yVe+/ve+/ve+/ve+/vVLvv71g77+9Oytw77+9w5bvv73vv73vv73vv73vv73vv73vv73vv71n77+9y5555pm/B++/vXsnBO+/ve+/ve+/vQTvv73Due+/ve+/ve+/ve+/ve+/vQLvv71yL++/ve+/ve+/vS/vv73vv70m26g677+9Okl4eERJ77+9Su+/ve+/vciiIsuiIsiC77+9L3AS77+9CE8ICAReZBbLtAJDJgvvv71r77+977+9Nmnvv73vv70777+91rjvv73vv70OFHLvv73EgVIj77+977+977+9Vnbvv70r6qSeN++/ve+/ve+DiSd777+977+9dO+/vX7vv73vv71/77+9F++/ve+/vSrvv73HtO+/vQDvv73vv73vv71T77+977+9H++/ve+/ve+/ve+/vXp4fRRP77+9aQkwWu+/vVXvv73vv702WW/vv73vv70qWn7vv73YnO+/vS42J2oVY++/vdWw77+9c++/vVAs77+9Ylrvv70h77+9Sx1q77+9OhpW2a0Y77+977+9YnPvv71WbE5NV++/ve+/vVjvv71ZHjNa77+9ZAvvv71KS++/ve+/vSd777+977+9dO+/ve+/vV0L77+9cO+/ve+/ve+/ve+/vXjvv70s77+9eO+/ve+/vXPvv71377+977+9Oe+/ve+/vQVnchZ677+977+9Ku+/vQptQu+/vSt7S++/veyBvDbvv70t77+9B9WqOWtqdu+/ve+/ve+/vWlFQ0bvv73vv71u1Zw1C++/vUE177+9TWZL77+977+9AVXvv73vv73vv70b77+9RO+/ve+/vSpN77+9Qn/vv71b77+977+977+9Ee+/ve+/vdeO77+977+977+9PHMU77+977+914Tvv71/AjDvv70M77+9Bu+/vXEO77+977+9Ze+/vTrvv73vv70KTTYb77+977+9ZF0L77+9awp+77+9CApHBe+/ve+/ve+/vXPvv70JAScR77+9cBLvv71wQHg2QRbvv70K77+9TNOq77+9JWPSnFHvv73vv73vv73Vve+/vTPvv73vv71j77+9Sm5X77+9WO+/vVdr1LLvv71p77+9Me+/ve+/vW0rEwBs2bLlpq1b77+9Xu+/vVVU77+977+9fnLvv71B04Hvv73vv70vSAzvv71yYmIiPDg4WO+/vWXvv71m77+977+9aO+/vdSNSmtQHu+/ve+/vRJPbe+/vVNKOEIPfe+/vSAA77+9L0YZbO+/vVZU77+9VDTvv73vv70pdXd977+977+9a3rvv73vv71vd++/vTjvv73vv71C77+977+977+9XDDvv73vv70TRmXvv73vv71W77+977+9MhMTE++/ve+/ve+/ve+/vQcXOjgAfu+/ve+/ve+/vXFd77+977+9B3jvv70b77+9P++/vSIB77+977+977+977+977+9dwAX77+9Me+/vRDvv73vv73vv706XzN6OXRM1I7vv73vv70VBCDvv70YbO+/ve+/vTFk77+9Q++/ve+/vXzvv71M77+977+9dmXvv73vv73vv70u77+977+9L++/vQvvv73vv73vv73vv71ace+/vQbvv73vv715Ge+/vVkoW++/vRjvv70/77+977+9Pe+/ve+/vVx677+9y5jvv73vv73vv70f77+9HO+/vXZoTu+/ve+/vRLvv73vv70vfu+/vXlWfifvv73gu4Dvv70/77+977+9QRHvv73vv71SLG8bAu+/vUxg77+977+9O++/vRPvv73Onj7vv71x77+9Uhrvv73vv73Vsjjvv71rUe+/vTEp77+977+9A0fvv73vv70jE0Jk77+9EwTvv70TOe+/ve+/ve+/vSM8QEE477+9Le+/vcu0XCBjU++/ve+/vdGwS25RHzfvv73vv73vv73vv71Ede+/ve+/vWRx365sae+/vSEDAO+/vWzvv708fu+/vQbvv73vv73vv70B77+977+977+9VgURwp7vv70LeALvv73vv73vv70X0aPvv70EIO+/ve+/vV7vv73vv71L77+9C0zvv70A77+9R2/vv73vv73vv71L77+977+93qfvv73MszEMOAbvv71YLnUc27Ec27FdM2Pvv71mKO+/ve+/vRjvv70977+977+9Uu+/ve+/ve+/vXTvv73vv71U77+9Y1Hvv71aMO+/vSZU77+977+9FO+/ve+/vda0Olob77+97J6eLu+/vduVLc68UCxW77+9V3Pvv70D77+9fGvvv70gc++/ve+/ve+/ve+/ve+/vQ/vv71+77+977+9S++/ve+/vXfvv71BTwjvv73vv73vv73vv73vv70I77+9x7ha77+9XgF2PA7vv73vv70B77+977+977+9Hnzvv73vv71XPGx+77+9yYlXThkdHU3vv73vv70j36Fr77+977+977+9NwEe77+9JxoK77+977+9Uu+/vdimVDJ1bibvv71677+9UGJkMBPvv70QS++/ve+/vXrvv71y77+977+9CgEiEBkc77+9Ce+/ve+/ve+/ve+/vXrvv73vv704cO+/vUNt2oJu77+977+9Zmbvv73vv73vv71+Y++/ve+/ve+/vTReGO+/ve+/vS7vv73vv73vv73vv71l77+977+9cu+/ve+/ve+/vVpjXO+/vTDvv70777+977+9Zu+/vU5d77+977+977+977+9FABgYwzvv73vv70M77+9Q++/vWHvv73vv715bz8Lay4Dzr4OSGw8Ce+/vTnciwnvv70I77+9M11F77+9Ae+/ve+/vQTPkADvv70GLu+/vRRO77+977+977+9PiETT++/vTfvv73vv73vv71zMu+/vVVnD8SG77+9ByMj77+9Pu+/vXpfzJsRFT7vv71J77+9BzwRWN6G77+9x6Hvv70Bzanvv70lfdqabe+/vW1OVEbvv71T77+9fe+/ve+/ve+/vS/vv73vv73vv73vv73vv718dU9l1p7vv70W77+977+977+977+9YQJw77+977+9K++/vQLvv71N77+977+9Ke+/ve+/ve+/ve+/vTc777+9WkYpfe+/vRDvv70BAO+/ve+/vRRtBO+/vSMA77+977+977+9Te+/vQDvv73vv73vv73Rmu+/vdSsbGrvv73vv71b77+9Zu+/ve+/ve+/ve+/vWrvv73ZqO+/vTrvv71Z77+9fu+/vWkEE96hdijvv73vv70oBQvvv73vv716ECrvv70WDO+/vStU77+977+9T++/vXfvv71M77+977+977+977+95Ka3F++/ve+/ve+/ve+/ve+/ve+/ve+/vWwj77+9cwoK77+977+977+9Dwvvv73vv70F77+9ee+/vUQgc8Kg77+977+977+9e++/ve+/ve+/vQDvv71K77+977+9AB4AcO+/vRLvv70gFzth77+9TO+/vT7vv73vv71hGe+/ve+/ve+/vXpLbRlmVdO1Wu+/vWhs0q3vv73vv70RakRT77+9Nd6Q77+9Eu+/vXzvv71Q77+977+9dijFvBvvv73vv73vv71iXO+/ve+/vS05dVozc3bvv715QO+/ve+/ve+/ve+/ve+/vQt7Ju+/ve+/vQd377+977+9F3Pvv73vv73vv71K77+9Me+/vR00yqMidO+/ve+/vX3vv73UpQc6dXhOOynvv70nPO+/ve+/ve+/vSxK77+9Vwgh77+9A++/vSc6RTcDaALvv71tCW4UxZPvv71HAW3vv701bEvvv70K77+977+9NlpG77+977+91Jrvv73vv73vv71Wa++/ve+/vXA9Wk7vv73vv73vv70DcWXvv73vv70XIu+/vcy8G++/ve+/ve+/vcW077+9Jhp277+9KWrvv73vv71sY++/vTpZHu+/vU/vv70P77+977+9T++/vVwq77+977+9F0vvv70977+9aXvvv71aMO+/vTpUAu+/ve+/vTB/77+977+9KUrvv70MNTrvv70c77+9YXI2fwPvv70jXUXvv71E77+977+9AF0gDu+/vSAMRu+/vSYD77+9WO+/vTsUS++/ve+/vcikUmcK77+977+9Nu+/ve+/ve+/vRscCG/vv73vv71877+9D3k3Ijfvv70oZu+/vQrvv71ieTEH77+977+977+977+977+9ZGlsYio377+9ezrvv73vv71R77+9FXfvv71y77+9eDnvv70WJ++/vWguce+/vQQAfwrvv71777+9ZO+/vVLvv71e77+9N1/vv73vv71EKe+/vQgh77+9GwA+77+9Ke+/vSjvv70wFu+/vWnvv73vv71QagLvv71bF++/vS3vv71wVO+/vWnvv73vv71W77+977+9MO+/ve+/vXrvv71yZlUv77+977+977+977+977+9On/vv73vv70vB++/vRgn77+9fghUAkc4Bhzvv73vv70A77+9S21q77+977+9NO+/vWrvv73ckjHTmlXvv70aU9Wx77+9dGHfge+/ve+/ve+/vcu5fO+/vUrvv73vv73vv700Ze+/vVRyWn3vv71577+977+977+9Se+/vQ/vv73vv70B77+977+9a3/vv71S77+9We+/vQ9YVO+/ve+/vcuz77+9Au+/vS91Fe+/vRzvv73vv71LbAscNkEYSkDvv70F77+9eCwWHu+/ve+/vQIj77+9ZO+/ve+/ve+/ve+/ve+/ve+/vcSa77+977+977+9cDwdWO+/vXkHRO+/vRDvv71lXgHPiSzvv71iOu+/vTBJQ++/vS47JX3vv73Kqu+/vRtT77+9fcWpwoHvv73vv73vv73Unmw+77+977+977+9U0dL77+977+9RO+/ve+/vSrvv70X77+9LQMvBgDvv70EcFnvv73vv70eSu+/vUVn77+977+9AE0HNu+/vXQSS++/vVzvv73vv73vv73vv70K77+977+977+977+9Eu+/vVQC77+977+9AO+/ve+/vRR80ZQ/77+977+9Dwzvv73vv73vv70b77+90qkzV++/vVfvv73vv70L77+9xJTvv70V77+9RO+/vVMC77+9bu+/ve+/vQHvv70dJu+/ve+/vUnvv71ozZofJk1mD++/ve+/vWZzL++/vWbvv73vv70LM++/vUQ577+9KO+/ve+/ve+/ve+/vRTMpe+/vWJmZmYC77+977+977+9ewB077+9R++/ve+/ve+/ve+/ve+/vWR877+9Se+/vTnvv73vv70HCCHvv73hlYFX77+977+977+977+977+91q1bL96yZe+/vTNLdH8pAAdTMGbvv71g4oKG77+9OG7vv73htIJuae+/vWZLLe+/vQ/vv73vv73vv71j77+9Ae+/ve+/ve+/ve+/ve+/vVIJHO+/vUFAWEh1Gu+/vUgU77+9PUfvv71r77+977+9NGnHizFn77+977+977+9Cu+/vQrvv73vv71s77+977+91ZZJ77+977+977+9W++/vV7vv73vv73vv73vv73vv73vv70HKO+/vSfvv73vv73vv73vv715NF3vv73NhwHvv73vv73vv713A++/ve+/vWVgN++/vQrvv71S77+977+9GX3Jge+/ve+/ve+/vdCq77+977+977+9eDIw77+9eu+/vSTvv70Y77+9Qu+/vUjvv73vv73vv73vv73vv71wTu+/vRzvv71DTe+/ve+/vUF1W++/vQrvv73vv73vv71ZM++/vU40Z2sH77+906Xvv73vv73vv73vv73vv73vv71c77+977+9XO+/vSRcd++/vXV/77+96KOP3r/vv73vv73DlNK/Pe+/vRw42aDvv70C77+9wqLvv71u77+9Omw4Fe+/ve+/veORpO+/vSoe77+9J++/ve+/ve+/ve+/ve+/ve+/vXQ077+9SUcG77+977+977+977+9YO+/vTfvv71677+9RO+/vRjvv71k77+9RwROAmFh77+9KR0eUe+/vVDvv70177+9cu+/ve+/vWHvv73dsj5r77+9E3rvv71277+977+977+9TBTvv73vv73vv71077+977+977+9XyxU77+9Fkvvv73vv71KXu+/vVRL77+977+9cgnvv73vv73vv73vv71lCQA2HG0977+9FQfvv70ObO+/vQEMdRXVtm3vv71277+977+9zZsn77+9E3ACfijvv73vv70cCe+/ve+/vXQo77+9GUgkw6vvv71977+977+977+977+977+977+977+977+977+9TH9kbSwVGO+/vUU977+9Uu+/vQ9O77+9WVwAIRzvv73vv70pARfvv73vv73Uhu+/vTrvv71R77+9KRszZk4db++/vVTvv73vv73vv70K77+977+977+9c1MH77+977+977+977+977+9fO+/vWDvv71oTNWrVu+/vVZtVe+/vQbvv73vv70E77+9bdu2Cm7evHk777+9UFfvv70477+9dO+/vWfvv73vv73vv73vv73vv73vv73vv73vv70A77+9dEHvv71V77+977+9fFnvv71U77+977+9GO+/vXgC77+977+9Kl8s77+9VjLvv71UcF0qER9JJe+/ve+/ve+/ve+/vQcy77+977+9YCwZGO+/vUfvv70ZOSQnBe+/vRDvv70kTiECJ++/vQMPQlguZ0Xvv71eKO+/vS7auRfvv73vv71o067vv73vv71W77+9Lu+/vdOt77+9Ou+/ve+/ve+/vSZKM8Wp77+9XH5mLFco77+9FnLvv73vv71KVu+/vS5ONkvvv70CGijvv70FLO+/vRDvv71Qxbrvv71P77+977+9Bz/vv713Qe+/ve+/vSnvv71/77+977+9eu+/vWvvv710Ae+/vWLvv73vv70oTzvvv73vv70m77+977+904rvv73vv73CqmBQ77+977+977+977+9TDgaWBPvv70E77+9Ju+/ve+/ve+/vX3vv73vv73vv73vv73vv71Q77+9LzwYSe+/ve+/ve+/ve+/vTd1KO+/vSMSD++/vTnvv71BZwXvv73vv71xLVjvv70777+977+9M++/vXFt77+9OlHvv70t77+977+9ZgszU++/vXzvv71g77+9Uu+/vV8t77+9B++/vUV977+9XjdL77+9MDzvv71c77+9Q3jvv71/Cu+/ve+/ve+/ve+/vQA2UUp377+977+9Ii0VaDrvv715Au+/ve+/vXEU77+9X3/vv73vv70eee+/vW8uM++/vSQdL0cMCu+/ve+/ve+/vRBU77+9SjwS77+9Zu+/ve+/ve+/vUQyMu+/vUwkVu+/vSLvv73vv71UdCDvv73vv73vv70K77+9AxlPxJMS77+9Qu+/vUFnJe+/ve+/vS47FSNnFe+/vWkj35jvv73vv73vv71T77+9XGVmOl8oHCzvv70r77+977+9Oe+/vWDvv73vv71Pa1nvv73vv701Ue+/ve+/ve+/vQAO77+93bvvv73vv71j77+977+977+977+9P++/ve+/vSPvv73vv73vv73vv73vv70nFmPvv73SigRNBzZvBu+/ve+/vQXFu0dHRy9d77+977+9be+/vRU6PO+/vSDvv70DUEIRKRLvv71I77+9QO+/vTMQTe+/vQfvv73vv73vv73vv71kIu+/vSoV77+977+9S0UG77+9R++/vQ4H77+977+9Tk9yLu+/vS5177+9Hh0u77+977+9cu+/vTQ777+9L++/vSfvv73vv73vv73vv71y77+9Me+/vVbvv73vv71a77+977+977+9Kmbvv73vv71C77+977+977+9SO+/vW7vv73vv73vv70cMu+/ve+/ve+/ve+/ve+/vQDvv71mSu+/vS/vv73vv73vv70sNWjvv73vv73vv719AO+/vdaI77+977+977+977+977+977+977+977+9O++/ve+/vQrvv71zOQlIPj9877+977+9FA7FpGQw77+977+9RO+/ve+/ve+/vUQiMjQfOgPvv73vv70/77+9CXvvv73vv71WK++/vceJ77+977+977+977+9EB4ceO+/vRAG77+9RQFL77+9a++/ve+/ve+/vWJR77+977+977+977+927Dvv71u77+977+9W++/vca077+9b0zNg0vvv71QGe+/vRQb77+977+977+9MV0r77+977+9WsmsNhto77+9AHPvv73vv71eFu+/vRPvv73vv73vv70977+977+9bjwnCe+/vXTvv70He++/vR/vv73vv71fZhvvv73vv73Lon4vC++/ve+/vWfvv73vv70P77+977+977+9F++/ve+/ve+/ve+/vWEA77+9Uwbvv73vv70DeO+/vWXvv73vv71u77+977+977+977+977+9ZWzbpO+/vQnvv71B77+9Be+/vRwOOu+/vXhiIBFO77+9E++/vXQk77+9Twfvv73vv73vv70nLCcl77+9FBMUMe+/vXl4H++/vQ8eDgAh77+977+9Vu+/vTwqWGwLAO+/vS7vv715YDHvv70m1azvv73vv70wS3bvv73vv703y43vv71RbmTvv71CNVspVO+/ve+/vULvv70wdVjvv73UoXUldmnvv73vv70X77+9We+/vQBGAO+/vQvvv70FAFYB77+9AVQA77+9QXvvv73vv73vv73vv73vv71A77+977+977+9bu+/ve+/vcy977+9PXzvv71Z77+9T1rvv71G77+9NwLvv71+G0jvv70w77+9AAB+fg/vv73vv70vAVZzXnHvv70E77+977+9C++/ve+/vWfvv73vv71W77+977+9bzfvv73vv73vv73YtU1oN++/ve+/vQDvv73vv71aE++/vWkpagDvv70C77+977+977+9L++/ve+/vXLvv73vv70/77+9JQJh77+9LxTvv70z77+9UCAT77+977+977+9Yu+/vWgyHkrvv71i77+9VDjvv71P77+977+977+977+9JyQn77+977+9HO+/vULvv73vv71577+9CEQmPBEIT0Rw77+9A0F7awNIOM2AYgPvv73vv73vv70F77+9C++/ve+/vXDvv70F77+977+91KYt77+9cjTvv73vv71177+977+9Kjvvv71W77+9LDdyRu+/ve+/vW3vv71q77+9au+/ve+/vS/vv71K77+9fO+/vVzvv73vv73vv73vv73vv71a77+9Ne+/vVbvv73vv71G77+9LSwT77+9CADvv70BcCfvv73vv70CY0cU77+9VyAAAARdSURBVD0fcA9WQe+/ve+/vQPvv73vv73vv73vv71bBgF577+9OQQz77+9Te+/vQbvv73vv71k77+9AQDvv73vv70h77+977+9F++/ve+/vRfvv70V76+i77+977+9LkTfuQY4OwHvv73vv70477+9L++/ve+/vXUbY++/ve+/ve+/vQPvv73vv70ET++/vUt777+9FVBKCQXvv73vv713XO+/ve+/vUglcFA477+9C++/vT4S77+977+9Uu+/vRvvv73vv73vv73vv703HggH77+977+9UCgaCu+/ve+/vSF/77+9H1QiHu+/vRzvv73vv71yQFTvv70A77+9Ee+/ve+/vSMo77+977+9eznvv73vv70hEBE8EUgn77+9A++/ve+/vQPvv70VPxfvv73vv704He+/ve+/ve+/ve+/ve+/vXTvv71i77+9dlswHe+/vTVs77+9Ne+/vQbvv70s77+977+9W++/ve+/vWhVzbpWMWrvv71y77+9Vu+/vdar77+9Wlnvv73vv73vv71GTS/vv70177+977+9au+/vWXvv71Ja27vv71V77+9Qu+/vS1i77+9HCzvv73vv71DAO+/vWkJ77+93rvWjX/vv70K77+9HwwE77+9exzvv73vv73vv71sDDhYA++/ve+/ve+/ve+/vV3vv73vv71xLe+/ve+/vQFfHO+/vXgl77+9A++/vQrvv70yWO+/vWPvv73vv71oUO+/vQXvv73vv70DCu+/ve+/ve+/ve+/vSpg77+9ae+/ve+/ve+/vVXvv73vv70xGywl77+9fiPvv73vv70ZNe+/vV13RXM5XO+/ve+/vVLvv70C77+9dSnvv73vv71LRQdUcu+/vSs7BF7vv70nXu+/vRMPEXgPL++/vTIv77+977+9IEjvv70kSe+/vSR6BFHvv70I77+977+977+9Re+/ve+/vQnvv71IeO+/ve+/ve+/ve+/vRx0CO+/ve+/vTwf77+977+9fQEdBO+/ve+/ve+/ve+/vXIz77+977+9c++/ve+/vQAo77+9zJDCpS51Qe+/vXMILi5177+9Fu+/vV3vv71a77+94ZqW77+9WO+/vWHvv73vv71h77+977+9adm2aTnvv71lOu+/vdOi77+9Y1Dvv70a77+9Q3Xvv71C77+9Ke+/ve+/vUFM77+9IxYP77+9cBxxCUA577+9LO+/vXxL77+9b3l/77+9P3POsO+/vXrvv73vv73vv71RBnjvv70977+977+9Nyzvv73vv73CsgHvv71C77+977+977+9djhV77+9d2Lvv73vv73vv73vv73vv71Y77+9Xu+/vci877+9WO+/ve+/ve+/ve+/vVIy77+977+977+9cyHvv71S77+977+9EgDvv73vv71y77+977+9fCbvv73YiRBCQO+/vX/vv73vv73vv73Pne+/vd6b77+977+9Du+/ve+/ve+/ve+/vdii77+947qSYzjvv73vv70777+9dkUp77+977+977+977+9Nnjvv702fu+/ve+/vRwFBSgFbTcpE++/vSUg77+9fxNKCHEJIe+/vXTvv71w77+9Q1kqT++/vVgk77+9J++/ve+/ve+/ve+/ve+/vThbO++/vV8ATgDWvBXvv73vv73fl++/vXUuW++/ve+/vXIAKO+/vT/vv73vv70S77+9JO+/ve+/ve+/ve+/ve+/vSrvv73vv705IB3vv70ydwjvv71Y77+977+9Ewbvv70xXlnvv70X77+9ITDvv73vv71977+9cgbvv71xK++/vQPvv73vv73vv73vv70W77+9KABLW++/ve+/ve+/vXxB77+9SwLvv70U77+9yJ5YFe+/ve+/vceGCe+/vSk2ee+/ve+/vRE577+977+9K++/vVfvv70GNu+/vR/vv73vv73vv73vv73vv73vv70SBzZd77+9bC9z77+977+9D++/ve+/vX3vv71t77+977+9DxPvv71JSe+/ve+/vQNv77+9Eu+/ve+/vV3vv73vv70977+9Me+/ve+/ve+/ve+/vc23Le+/ve+/vVzvv705GgAw77+977+9M++/vQR+77+9P++/vWbvv704Pe+/vRRw77+9J++/ve+/vT4KeO+/vcyg77+977+977+9LB3vv73vv73vv73vv71PPn/vv715SVEB1r7vv70K77+977+977+977+977+9RV3WoAEA77+9Be+/vSLvv73vv73vv73vv73vv73vv70D77+977+977+9fn7vv71s77+977+9W++/vW7vv70SXxZNe0xM77+9bu+/vU47Nznvv70rYO+/vd+B77+977+977+9JO+/ve+/ve+/ve+/vRvvv73vv71L77+977+9dwDvv71z77+9YO+/vcqI77+977+9PWjvv73vv73YgO+/vQDvv70qYDYB77+9au+/ve+/vSIg77+977+9D0Lvv70D77+9Cz8TEwMKExPvv73vv70lFlcwMTEx77+9MDExMe+/vTAxMTEx77+9MDExMe+/vTAxMTHvv70wMTExMe+/vTAxMTHvv70wMTExMe+/vTAxMTHvv70wMTEx77+9MDExMTHvv70wMTEx77+9MDExMe+/vTAxMTEx77+9MDExMe+/vTAxMTEB77+977+9D++/ve+/vSHvv70+77+9aEUAAAAASUVORO+/vUJg77+9Cg==');
INSERT IGNORE INTO core_asset (idcoreasset, name, path,size,isNewAsset,idpackage,content) VALUES
(24,'thermometer_inner_top.png','input/images/thermometer_inner_top.png',5,0,3,'77+9UE5HChoKAAAACklIRFIAAAALAAAABQgGAAAA77+977+9FlYAAAAGYktHRAAAAAAAAO+/vUPvv71/AAAACXBIWXMAAA7vv70AAA7vv70BFShK77+9AAAAB3RJTUUH77+9CBgMLRcH77+9R28AAABLSURBVHjajc2xCe+/vUAAQ9GI77+9N++/ve+/vQs477+977+977+977+9I++/ve+/vTNZXu+/vWwO77+977+9C3wIISTvv73vv73Ciu+/vWDCghNVC2Fv77+977+9Cnfvv71iOjjSrnvvv73zgJKk77+9X++/vQNGFO+/ve+/vQbvv73vv70AAAAASUVORO+/vUJg77+9Cg==');
INSERT IGNORE INTO core_asset (idcoreasset, name, path,size,isNewAsset,idpackage,content) VALUES
(25,'thermometer_lower.png','input/images/thermometer_lower.png',16,0,3,'77+9UE5HChoKAAAACklIRFIAAAA3AAAANAgGAAAALk/vv73vv70AAAABc1JHQgDvv73vv70c77+9AAAABmJLR0QA77+9AO+/vQDvv73vv73vv73vv73vv70AAAAJcEhZcwAADu+/vQAADu+/vQEVKErvv70AAAAHdElNRQfvv70IFg4YHu+/ve+/ve+/ve+/vQAAB++/vUlEQVRo77+91ZpfaBzvv70dx797ck4qTSLLku+/vTgS77+977+9Ee+/ve+/vSHvv71c77+9cFYqB++/ve+/vR7vv71C77+9JO+/vXbvv71E3INTYu+/ve+/vWJHMk1KCxUUWgRF77+977+9D++/vRo977+977+977+9BzlU77+9bVDvv706NO+/vR7vv71qO++/vWwr77+9Yu+/vWdLPu+/ve+/ve+/vW8fdmY177+977+977+9Otmq77+977+9YFjvv71udu+/ve+/ve+/ve+/vW9mZ34zBkkCAu+/vQDvv70EPCMFFwDvv71CCu+/vS0CAAHvv73Iq++/ve+/vRnvv73vv70hSe+/ve+/ve+/ve+/ve+/vUbvv73vv71wW++/vQBsw71ZakXvv70K77+977+9be+/ve+/vXtTVdWo77+977+977+9IErvv71g77+9BTwb77+9Z2YwcO+/vQ/NjU3vv70K77+977+92ITvv71e77+977+977+9N0Tvv70UJF3vv73vv70877+9JC3vv70uNe+/vUjvv73vv71F77+9Ni3vv73vv73vv73vv73vv71aX08Z77+977+9ZDLvv70dXO+/vQ/vv70y77+9TO+/ve+/ve+/ve+/vXrvv73vv73vv70D77+9V1vvv71L77+9RQrvv73vv73vv73vv71jY++/vd21K3Ag77+977+9cmJiIu+/ve+/vT3Cke+/ve+/ve+/vQTvv73vv71s77+977+977+9Xe+/ve+/ve+/ve+/vR84VyLvv73vv73LvEvvv73vv73vv70L77+977+90JcqZO+/ve+/vQbvv70H77+977+977+9c3R077+9cu+/ve+/vQHvv71sdHTvv73vv73vv73vv73vv70zTxw7Hu+/vWXvv70I77+977+977+9c++/ve+/ve+/vUjvv73vv73vv73Nu++/vT/vv70XPCTvv73vv73RsmLvv701SV4ieWHvv71wF++/vX1m77+9Qcuy77+977+977+9Z++/vR9877+9Dj3vv70y77+9LO+/vV0e77+9IBzvv73lmLpHXu+/vRc0PjQ077+9BO+/vR7vv71e77+9O2V577+9ZB1JI++/ve+/ve+/ve+/vVXvv71eee+/ve+/vTjIoe+/ve+/ve+/ve+/vSMv77+9S++/vQ5J77+9FRXvv70V77+9xozvv70ab++/ve+/vWrvv73vv73vv73vv71IJe+/vT/vv73vv70q77+977+9MO+/vTLvv73vv73vv73vv73vv708Gwc4MjLvv70p77+9R0Evce+/vUBS77+977+977+977+977+9Ju+/ve+/vWo977+977+977+9c++/vVbvv717SO+/ve+/vVNRBzxxdO+/ve+/ve+/vSlELGAZ77+9be+/ve+/vWvvv71/HRtNCsWIWu+/ve+/ve+/vVtORT1E77+9Nu+/vXvvv73vv70T15vvv73vv70t77+9Yu+/ve+/vWDvv73vv73vv71y77+977+9VkXvv70qIO+/ve+/vQHvv71BZnfvv70u77+977+977+977+9cz0ueHc577+977+977+977+9cB8aFe+/ve+/ve+/vWLvv71VCdCy77+977+9Ne+/vUNv77+9YX4Z77+9Cu+/ve+/vQlmHjHvv71LMhTvv73vv71yfikBe2UfFO+/vXtQ77+9ZAozV++/ve+/vSsV77+9f++/ve+/vWDvv70RE++/ve+/vcm+77+977+9U2jvv73vv70zDE1M77+9TO+/ve+/vWAfPc+L77+9E++/ve+/ve+/ve+/ve+/vUQA77+9Ke+/vQrvv709a++/ve+/vQZXGxfvv70TExME77+977+9xqZk77+9Tg7vv70dOwle77+9cO+/vTY877+9ZO+/ve+/vQPvv70577+977+95KGN77+977+977+9BQDvv73fv19v77+9AnAZ77+9Je+/ve+/ve+/ve+/vWEY77+977+977+977+977+977+9dx/vv73vv73vv73vv71idO+/vVrvv71vPnh377+977+977+977+9au+/ve+/vVooPO+/ve+/ve+/ve+/vXwv77+93Yoq77+977+977+977+9AgAy77+9DFpaWu+/ve+/vV1bb++/vTTvv70i77+977+977+977+9IO+/ve+/ve+/vRzvv70e77+977+977+977+977+977+9YwBAd3c3Nu+/vUXvv71U77+977+9Pu+/vXsU77+9V++/vQAAOjs7N++/vWpJfinvv70vXO+/vRLvv73vv73vv73vv73vv70A77+977+977+9Du+/ve+/vWsAfgbvv73vv71hGO+/vUBw77+9AO+/vVxe77+977+977+9OO+/ve+/ve+/vTdvAgBaW1s377+9cnHvv71O77+977+9OO+/ve+/ve+/vSzvv70DABoaGu+/vUnvv70s77+977+934rvv70MzrZtAEA677+977+9ZjTvv73vv70o77+977+977+9cjNZ77+9OD7vv70rUO+/ve+/ve+/vQDvv71C77+977+9Ke+/vd+KYwnvv70AHm3vv73Gs++/ve+/ve+/vT3vv70A77+977+9de+/vXQ2Mu+/ve+/vVtx77+977+977+977+9HwMATE9P77+977+9Ae+/vS7vv73vv73vv71Y77+9JFgb77+9N++/ve+/ve+/ve+/vVYcZe+/ve+/vXzvv70JAO+/ve+/ve+/vdSGVy7vv70v77+977+977+977+9Uu+/ve+/vTPvv70AACYnJzfvv73vv73vv73vv71N77+977+9bGdXdFVwY3Pvv70K77+9VloV3Lh+Pe+/vSpoeu+/vQXvv73vv716AABjY2Mb77+977+9Re+/ve+/ve+/vTfvv71cD2oeaSgPSxvvv70F77+9F++/ve+/vQcAcO+/ve+/ve+/vXB875CldgPvv73vv70RX++/ve+/vS/vv70877+9VO+/vTYa77+9cyQd77+9STnvv73vv70y77+9Ue+/ve+/ve+/ve+/vUPvv719PUnvv73vv71QPArvv73vv71yz5Hvv71e77+9K33vv73vv71fJe+/vX1a77+977+977+9Du+/ve+/vUnvv70v77+9du+/vQI4Uwjvv71IFmbvv70m77+9LS/vv73vv73vv70SN++/vUTvv71XK2fvv71M77+9eu+/vVBi77+9eU3Ds1I477+9Ge+/ve+/ve+/vQ/vv73CqX7vv70nYe+/ve+/ve+/vVbvv73vv73vv73vv717BQvvv71877+977+9Fe+/vT9n77+9Ze+/ve+/vX/vv73vv73LowB7ZR/vv73vv70/QO2QoRgB77+9d3nvv71P77+977+93Ijvv70MZxYD77+977+9d++/ve+/vdiJ77+9A0nvv71zJe+/vQfOrO+/ve+/ve+/vVrvv70k77+9FQYr3587Hnzvv70IR++/ve+/vS7vv73vv73vv71M77+9Fj3vv71OMHpWABTvv73vv71iBe+/vUTvv73vv70qPe+/vWnTjO+/ve+/ve+/vXNFYe+/vSRp77+977+9YHLvv71l77+977+9dRXvv73vv718Wu+/vR3vv71gNRhVd++/ve+/vT/vv71WZE/vv73vv719LFkmTe+/vRTvv73vv73vv70L77+9FO+/vWMM77+9dsim77+977+9DELvv73vv71U77+9MO+/ve+/vTEw77+977+977+9OO+/vSLvv70Z77+977+977+9Ej3vv71UKO+/vWMlIgHOoU1H77+977+9Kjrvv70Yx4ljx6s577+9Iu+/vRLvv73vv73vv70CTO+/ve+/vR8977+9Mu+/vRId77+9y4M2Ae+/vR3vv73vv73vv73vv73vv70c77+977+9W3pSNte/77+9SN6R77+9Pnh377+977+9E0QVYEUSTO+/vQnvv73vv73vjpHvv73vv73Qo++/ve+/ve+/vcmS77+9XO+/vR5NHe+/ve+/vVsQWgcwSe+/vUnvv70HX++/ve+/ve+/vRoeHg4v77+977+977+9fD7vv73vv73vv73vv73vv73Zr++/vUNv77+977+9XHJI77+9WO+/ve+/vWTvv73vv71M77+977+9BAjvv71VegBq77+9VUMa77+9HQDvv70ATAjvv71R77+977+977+977+977+9D3/vv71f77+977+9ETfmlpLvv73vv71MBu+/ve+/ve+/ve+/ve+/ve+/vURHRwdaW1vvv73vv73QgHQ6Ctu2USgUMDs777+977+977+9aUxNTWFychLvv73OnQvvv71vbmxC77+977+977+977+977+9f++/vTbvv73btu+/vXXvv70H77+977+977+9fu+/ve+/vX9N77+9Pu+/vQDvv73Sv++/vVFLDu+/vX4R77+9PidIV1Pvv71I77+9Ve+/vVkq77+977+9b++/ve+/ve+/ve+/ve+/vVfvv73vv73vv73vv73vv73vv73JgXdI77+977+9RO+/vTwGVRRad1ED77+9S1J4FO+/ve+/vVY4IhQo77+9Mkbvv73vv70g77+9TwQAYO+/ve+/ve+/vQfvv73vv70gLO+/ve+/ve+/vWLvv73vv70z77+977+977+977+977+977+9Re+/ve+/vTzvv73vv70+77+9BBdm77+977+9z65/77+977+9zZvvv73vv70wD9u277+9Tu+/vVHvv73vv73vv71477+977+9CU9ufww7H38C77+9fu+/vQsvHO+/vRZS27bvv70LMGAD77+9QNi277+977+977+9Fu+/ve+/ve+/vQM1KS3vv70s77+977+9Qu+/vSvvv73vv73vv71RY++/vSfvv70277+977+9D08Kbe+/vWQFbe+/vQAAAABJRU5E77+9QmDvv70K');
INSERT IGNORE INTO core_asset (idcoreasset, name, path,size,isNewAsset,idpackage,content) VALUES
(26,'thermometer_upper.png','input/images/thermometer_upper.png',8,0,3,'77+9UE5HChoKAAAACklIRFIAAAAfAAAA77+9CAYAAADvv70BSAAAAAAGYktHRADvv70A77+9AO+/ve+/ve+/ve+/ve+/vQAAAAlwSFlzAAAO77+9AAAO77+9ARUoSu+/vQAAAAd0SU1FB++/vQgfChc277+9WO+/ve+/vQAAAgNJREFUeO+/ve+/vdaxbu+/vVAY77+977+977+9Eu+/vRvvv71kZ++/vXgAGO+/vStUYu+/vRjvv70n77+9Cjzvv71DOnlBFlLvv70A77+9K1Tvv70SUXnKiO+/vVAFdhp8GGjSlFJ677+9Ou+/vVLvv73vv71077+977+977+977+9Jydf77+9T2Tvv71q77+977+9KO+/vULvv71t77+9P++/vc6NT++/vX7vv73vv73bue+/vR8d77+977+977+9Ru+/ve+/vSbvv73vv73vv73vv71S77+977+9Ue+/ve+/vVPvv73vv73Xq++/vT3vv73vv73vv71X77+977+9VO+/vXkiNTNN77+977+9CzXvv71t77+977+9bk/vv71877+9ee+/vTjvv70tKXjvv71x77+977+977+92K7vv73vv73vv73vv70XXgrvv73vv719OBxea++/vSTvv73LsnRd77+9Xu+/ve+/ve+/vV3vv73vv73vv70k77+977+977+9cDjvv71n77+9Z++/ve+/ve+/vR/vv73vv71J77+9ZW7vv73vv70h77+9NO+/ve+/vSxb77+9PUhT77+977+9cO+/vTg5WRwu77+977+977+977+977+9KO+/vXrvv73vv70XVu+/ve+/ve+/ve+/ve+/ve+/vR9See+/vVvvv70v77+977+9Ve+/vdu177+9G++/ve+/vVXvv73vv73vv70M77+977+9B++/ve+/vW3vv701S3dLK++/ve+/vUdJLyXvv71eNu+/vUh6LumdpO+/ve+/ve+/ve+/ve+/vX/vv70f77+91rbvv73vv73vv73vv70+Wz7vv73vv73vv71+G++/ve+/vQ5477+977+9de+/vS8C77+9Zw/vv71vG++/vV1JVe+/ve+/vW1J77+977+9Du+/vV/vv73vv71X77+977+977+9XNe077+977+9Hu+/ve+/ve+/ve+/ve+/ve+/vT45AwcODg4OTu+/vVhb77+977+9CBMMHDg4ODg4Ye+/vTBB77+9AAcHBwcHJ0wQJu+/ve+/ve+/ve+/ve+/ve+/vQkT77+9Ce+/vR0cHBwc77+9MEHvv71g77+977+977+977+977+977+9CRPvv70J77+9BDg4ODg4Ye+/vTBB77+9AAcHBwcHJ0wQJu+/vXZwcHBwcO+/vQRh77+9aQcHBwcHJ0zvv70VJjbvv73vv70JE++/ve+/ve+/ve+/vRvvv73vv70C77+9BHvvv70U77+9Cu+/vQAAAABJRU5E77+9QmDvv70K');
INSERT IGNORE INTO core_asset (idcoreasset, name, path,size,isNewAsset,idpackage,content) VALUES
(27,'index.html','input/index.html',111,0,1,'PD94bWwgdmVyc2lvbj0iMS4wIiBlbmNvZGluZz0iVVRGLTgiIHN0YW5kYWxvbmU9Im5vIiA/Pgo8IURPQ1RZUEUgaHRtbCBQVUJMSUMgIi0vL1czQy8vRFREIFhIVE1MIDEuMCBTdHJpY3QvL0VOIiAiaHR0cDovL3d3dy53My5vcmcvVFIveGh0bWwxL0RURC94aHRtbDEtc3RyaWN0LmR0ZCI+CjxodG1sIHhtbG5zPSJodHRwOi8vd3d3LnczLm9yZy8xOTk5L3hodG1sIiB4bWw6bGFuZz0iZW4iIGxhbmc9ImVuIiBkaXI9Imx0ciI+CjxoZWFkPgoJPG1ldGEgaHR0cC1lcXVpdj0iQ29udGVudC1UeXBlIiBjb250ZW50PSJ0ZXh0L2h0bWw7IGNoYXJzZXQ9VVRGLTgiIC8+Cgk8bGluayByZWw9InN0eWxlc2hlZXQiIHR5cGU9InRleHQvY3NzIiBocmVmPSJjc3MvbWFpbi5jc3MiIC8+Cgk8bGluayByZWw9InNob3J0Y3V0IGljb24iIGhyZWY9ImltYWdlcy9mYXZpY29uLmljbyIgdHlwZT0iaW1hZ2UvaWNvIiAvPgoJPHNjcmlwdCBzcmM9ImpzL3NldHRpbmdzLmpzIiB0eXBlPSJ0ZXh0L2phdmFzY3JpcHQiPjwvc2NyaXB0PgoJPHNjcmlwdCBzcmM9ImpzL3NjYWxlLmpzIiB0eXBlPSJ0ZXh0L2phdmFzY3JpcHQiPjwvc2NyaXB0PgoJPHNjcmlwdCBzcmM9ImpzL3NlbnNvcnMuanMiIHR5cGU9InRleHQvamF2YXNjcmlwdCI+PC9zY3JpcHQ+Cgk8dGl0bGU+V2VhdGhlciBTdGF0aW9uIC0gcHVyZS1zeXN0ZW1zIEdtYkg8L3RpdGxlPgo8L2hlYWQ+Cjxib2R5IG9ubG9hZD0iaW5pdExheW91dCgpOyI+Cgk8ZGl2IGlkPSJib3JkZXIiPgoJCTxoMSBpZD0ibWFpbl90aXRsZSI+ICZuYnNwOyA8L2gxPgoJCTxkaXYgaWQ9ImZyYW1ld29yayI+CgkKCQkJPGRpdiBjbGFzcz0iZGlzcGxheSBwcmVzc3VyZSIgY29uZGl0aW9uPSJwdjpoYXNGZWF0dXJlKCdBaXJQcmVzc3VyZScpIj4KCQkJCTxkaXYgaWQ9InByZXNzdXJlIj4KCQkJCQk8aDIgaWQ9InByZXNfdGl0bGUiPiAmbmJzcDsgPC9oMj4KCQkJCQk8ZGl2IGlkPSJwX21haW4iIGNsYXNzPSJ0YWNobyI+CgkJCQkJCTxkaXYgaWQ9InBfcGljIj4KCQkJCQkJCTxkaXYgY2xhc3M9ImJhY2tncm91bmQiPgoJCQkJCQkJCTxkaXYgaWQ9InBfcG9pbnQiIHN0eWxlPSJiYWNrZ3JvdW5kOiB1cmwoJ2ltYWdlcy9uXzkucG5nJyk7Ij48L2Rpdj4KCQkJCQkJCTwvZGl2PgoJCQkJCQk8L2Rpdj4KCQkJCQkJPGRpdiBjbGFzcz0idW5pdCI+ICZuYnNwOyA8L2Rpdj4KCQkJCQkJPGRpdiBjbGFzcz0ibnVtYmVyIHRleHRfMCI+ICZuYnNwOyA8L2Rpdj4KCQkJCQkJPGRpdiBjbGFzcz0ibnVtYmVyIHRleHRfMiI+ICZuYnNwOyA8L2Rpdj4KCQkJCQkJPGRpdiBjbGFzcz0ibnVtYmVyIHRleHRfNCI+ICZuYnNwOyA8L2Rpdj4KCQkJCQkJPGRpdiBjbGFzcz0ibnVtYmVyIHRleHRfOSI+ICZuYnNwOyA8L2Rpdj4KCQkJCQkJPGRpdiBjbGFzcz0ibnVtYmVyIHRleHRfMTEiPiAmbmJzcDsgPC9kaXY+CgkJCQkJCTxkaXYgY2xhc3M9Im51bWJlciB0ZXh0XzEzIj4gJm5ic3A7IDwvZGl2PgoJCQkJCTwvZGl2PgoJCQkJCTxmb3JtIGFjdGlvbj0iIiBtZXRob2Q9InBvc3QiIGVuY3R5cGU9InRleHQvcGxhaW4iIG9uc3VibWl0PSJyZXR1cm4gYXBwbHlQcmVzc3VyZSgpOyI+CgkJCQkJCTxkaXY+CgkJCQkJCQlTZW5zb3I6PGJyIC8+CgkJCQkJCQk8aW5wdXQgaWQ9InBfbWVhc3VyZSIgdHlwZT0idGV4dCIgbmFtZT0iIiB2YWx1ZT0iIiBzaXplPSI0MCIgbWF4bGVuZ3RoPSI0MCIvPgoJCQkJCQkJPGlucHV0IHR5cGU9InN1Ym1pdCIgbmFtZT0iIiB2YWx1ZT0iT0siLz4KCQkJCQkJPC9kaXY+CgkJCQkJPC9mb3JtPgoJCQkJPC9kaXY+CgkJCTwvZGl2PgoJCgkJCTxkaXYgY2xhc3M9ImRpc3BsYXkgdGhlcm1vbWV0ZXIiIGNvbmRpdGlvbj0icHY6aGFzRmVhdHVyZSgnVGVtcGVyYXR1cmUnKSI+CgkJCQk8ZGl2IGlkPSJ0aGVybW9tZXRlciI+CgkJCQkJPGgyIGlkPSJ0ZW1wX3RpdGxlIj4gJm5ic3A7IDwvaDI+CgkJCQkJPGRpdiBpZD0idF9tYWluIj4KCQkJCQkJPGRpdiBpZD0idF91cHBlciI+CgkJCQkJCQk8ZGl2IGlkPSJ0X3VwcGVyX3JlZCI+PGRpdiBpZD0idF91cHBlcl93aGl0ZSI+PGRpdiBpZD0idF9wb2ludCIgc3R5bGU9ImhlaWdodDogMTAwcHg7Ij48L2Rpdj48L2Rpdj48L2Rpdj4KCQkJCQkJPC9kaXY+CgkJCQkJCTxkaXYgaWQ9InRfc2NhbGUiPgoJCQkJCQkJPGRpdiBjbGFzcz0idW5pdCI+ICZuYnNwOyA8L2Rpdj4KCQkJCQkJCQoJCQkJCQkJPGRpdiBjbGFzcz0ibnVtYmVyIHRleHRfNSI+ICZuYnNwOyA8L2Rpdj4KCQkJCQkJCTxkaXYgY2xhc3M9Im51bWJlciB0ZXh0XzQiPiAmbmJzcDsgPC9kaXY+CgkJCQkJCQk8ZGl2IGNsYXNzPSJudW1iZXIgdGV4dF8zIj4gJm5ic3A7IDwvZGl2PgoJCQkKCQkJCQkJCTxkaXYgY2xhc3M9Im51bWJlciB0ZXh0XzIiPiAmbmJzcDsgPC9kaXY+CgkJCQkJCQk8ZGl2IGNsYXNzPSJudW1iZXIgdGV4dF8xIj4gJm5ic3A7IDwvZGl2PgoJCQkJCQkJCgkJCQkJCQk8ZGl2IGNsYXNzPSJudW1iZXIgdGV4dF8wIj4gJm5ic3A7IDwvZGl2PgoJCQkJCQk8L2Rpdj4KCQkJCQkJPGRpdiBpZD0idF9sb3dlciI+PC9kaXY+CgkJCQkJPC9kaXY+CgkJCQkJPGZvcm0gYWN0aW9uPSIuL2luZGV4Lmh0bWwiIG1ldGhvZD0icG9zdCIgZW5jdHlwZT0idGV4dC9wbGFpbiIgb25zdWJtaXQ9InJldHVybiBhcHBseVRlbXBlcmF0dXJlKCk7Ij4KCQkJCQkJPGRpdj4KCQkJCQkJCVNlbnNvcjo8YnIgLz4KCQkJCQkJCTxpbnB1dCBpZD0idF9tZWFzdXJlIiB0eXBlPSJ0ZXh0IiBuYW1lPSJUX1NlbnNvciIgdmFsdWU9IiIgc2l6ZT0iMTAiIG1heGxlbmd0aD0iMTAiLz4KCQkJCQkJCTxpbnB1dCB0eXBlPSJzdWJtaXQiIHZhbHVlPSJPSyIvPgoJCQkJCQk8L2Rpdj4KCQkJCQk8L2Zvcm0+CgkJCQk8L2Rpdj4KCQkJPC9kaXY+CgkKCQkJPGRpdiBjbGFzcz0iZGlzcGxheSB3aW5kIiBjb25kaXRpb249InB2Omhhc0ZlYXR1cmUoJ1dpbmRTcGVlZCcpIj4KCQkJCTxkaXYgaWQ9IndpbmQiPgoJCQkJCTxoMiBpZD0id2luZF90aXRsZSI+ICZuYnNwOyA8L2gyPgoJCQkJCTxkaXYgaWQ9IndfbWFpbiIgY2xhc3M9InRhY2hvIj4KCQkJCQkJPGRpdiBpZD0id19waWMiPgoJCQkJCQkJPGRpdiBjbGFzcz0iYmFja2dyb3VuZCI+CgkJCQkJCQkJPGRpdiBpZD0id19wb2ludCIgc3R5bGU9ImJhY2tncm91bmQ6IHVybCgnaW1hZ2VzL25fNi5wbmcnKTsiPjwvZGl2PgoJCQkJCQkJPC9kaXY+CgkJCQkJCTwvZGl2PgoJCQkJCQk8ZGl2IGNsYXNzPSJ1bml0Ij4gJm5ic3A7IDwvZGl2PgoJCQkJCQk8ZGl2IGNsYXNzPSJudW1iZXIgdGV4dF8wIj4gJm5ic3A7IDwvZGl2PgoJCQkJCQk8ZGl2IGNsYXNzPSJudW1iZXIgdGV4dF8yIj4gJm5ic3A7IDwvZGl2PgoJCQkJCQk8ZGl2IGNsYXNzPSJudW1iZXIgdGV4dF80Ij4gJm5ic3A7IDwvZGl2PgoJCQkJCQk8ZGl2IGNsYXNzPSJudW1iZXIgdGV4dF85Ij4gJm5ic3A7IDwvZGl2PgoJCQkJCQk8ZGl2IGNsYXNzPSJudW1iZXIgdGV4dF8xMSI+ICZuYnNwOyA8L2Rpdj4KCQkJCQkJPGRpdiBjbGFzcz0ibnVtYmVyIHRleHRfMTMiPiAmbmJzcDsgPC9kaXY+CgkJCQkJPC9kaXY+CgkJCQkJPGZvcm0gYWN0aW9uPSIiIG1ldGhvZD0icG9zdCIgZW5jdHlwZT0idGV4dC9wbGFpbiIgb25zdWJtaXQ9InJldHVybiBhcHBseVdpbmRTcGVlZCgpOyI+CgkJCQkJCTxkaXY+CgkJCQkJCQlTZW5zb3I6PGJyIC8+CgkJCQkJCQk8aW5wdXQgaWQ9IndfbWVhc3VyZSIgdHlwZT0idGV4dCIgbmFtZT0iIiB2YWx1ZT0iIiBzaXplPSI0MCIgbWF4bGVuZ3RoPSI0MCIvPgoJCQkJCQkJPGlucHV0IHR5cGU9InN1Ym1pdCIgbmFtZT0iIiB2YWx1ZT0iT0siLz4KCQkJCQkJPC9kaXY+CgkJCQkJPC9mb3JtPgoJCQkJPC9kaXY+CgkJCTwvZGl2PgoJCgkJCTxiciBjbGFzcz0iY2xyIiAvPgoJCQkKCQkJPGRpdiBpZD0id2FybmluZyI+CgkJCQkKCQkJPC9kaXY+CgkJPC9kaXY+Cgk8L2Rpdj4KPC9ib2R5Pgo8L2h0bWw+Cg==');
INSERT IGNORE INTO component_package (idpackage, name, isroot) VALUES
(4,'js',0);
INSERT IGNORE INTO core_asset (idcoreasset, name, path,size,isNewAsset,idpackage,content) VALUES
(28,'scale.js','input/js/scale.js',184,0,4,'CmZ1bmN0aW9uIGluaXRMYXlvdXQoKSB7Cglpbml0aWF0ZVNjYWxlcygpOwoJc2V0VGl0bGVzKCk7Cn0KCmZ1bmN0aW9uIGluaXRpYXRlU2NhbGVzKCkgewovLyBQVjpJRkNPTkQocHY6aGFzRmVhdHVyZSgnQWlyUHJlc3N1cmUnKSkKCXZhciBwYXJlbnQgPSBkb2N1bWVudC5nZXRFbGVtZW50QnlJZCgncF9tYWluJyk7CglzZXRTY2FsZShwYXJlbnQsIG1pblByZXMsIG1heFByZXMsIHByZXNTY2FsZSwgMTQpLAoJZnVuY3Rpb24oZCkgewoJICAgIGQzLnNlbGVjdEFsbChkLmFuY2VzdG9ycygpLm1hcChmdW5jdGlvbihkKSB7IHJldHVybiBkLm5vZGU7IH0pKQoJICAgICAgICAuY2xhc3NlZCgibm9kZS0taG92ZXIiLCBob3ZlcikKCSAgICAgIC4Jc2VsZWN0KCJyZWN0IikKCSAgICAgIC5zdHlsZSgiYm9kZXItY29sb3IiLCJibGFjayIpCgkgICAgICAgLnN0eWxlKCJzdHJva2UiLCJibGFjayIpCgkgICAgICAgIC5hdHRyKCJ3aWR0aCIsIGZ1bmN0aW9uKGQpIHsgcmV0dXJuIGQueDEgLSBkLngwIC0gaG92ZXI7IH0pCgkgICAgICAgIC5hdHRyKCJoZWlnaHQiLCBmdW5jdGlvbihkKSB7IHJldHVybiBkLnkxIC0gZC55MCAtIGhvdmVyOyB9KTsKCSAgICAKCSAgICBpZihob3Zlcj09ZmFsc2UpCgkgICAgCWQzLnNlbGVjdEFsbChkLmFuY2VzdG9ycygpLm1hcChmdW5jdGlvbihkKSB7IHJldHVybiBkLm5vZGU7IH0pKQoJICAgIAkgICAgICAuY2xhc3NlZCgibm9kZS0taG92ZXIiLCBob3Zlcikuc2VsZWN0KCJyZWN0IikuCgkgICAgCSAgICAgIHN0eWxlKCJmaWxsIiwgZnVuY3Rpb24oZCkgeyAKCSAgICAJICAgIAkgIAl2YXIgb3BlcmF0aW9uID0gZC5kYXRhLm9wZXJhdGlvbjsKCSAgCSAgICAJCWlmICggKG9wZXJhdGlvbiA9PSJ1bmRlZmluZWQiKSB8fCAoZC5kYXRhLm9wZXJhdGlvbj09bnVsbCkpIHJldHVybiAiI2NjY2NjYyI7CgkgIAkgICAgCSAgCWVsc2UgaWYgKG9wZXJhdGlvbj09KCJhZGQiKSkgcmV0dXJuICIjM2ZhYzU0IjsKCSAgCSAgICAJICAJZWxzZSBpZiAob3BlcmF0aW9uPT0oImRlbGV0ZSIpKSByZXR1cm4gIiNlNjMyM2QiOwoJICAJICAgIAkgIAllbHNlIGlmIChvcGVyYXRpb249PSJjaHVybiIpIHJldHVybiAiI0ZGODEwMCI7CgkgICAgCSAgICAJICB9KTsKCSAgICBlbHNlIGQzLnNlbGVjdChkLm5vZGUpLmNsYXNzZWQoIm5vZGUtLWhvdmVyIiwgaG92ZXIpLgoJICAgIHNlbGVjdCgicmVjdCIpLnN0eWxlKCJmaWxsIiwiIzY0OTVlZCIpOwoJICB9OwogIC8qKgogIHZhciBvcGVyYXRpb24gPSBkLmRhdGEub3BlcmF0aW9uOwoJICAgIAkJaWYgKCAob3BlcmF0aW9uID09InVuZGVmaW5lZCIpIHx8IChkLmRhdGEub3BlcmF0aW9uPT1udWxsKSkgcmV0dXJuICIjY2NjY2NjIjsKCSAgICAJICAJZWxzZSBpZiAob3BlcmF0aW9uPT0oImFkZCIpKSByZXR1cm4gIiMzZmFjNTQiOwoJICAgIAkgIAllbHNlIGlmIChvcGVyYXRpb249PSgiZGVsZXRlIikpIHJldHVybiAiI2U2MzIzZCI7CiAgKi8KICBmdW5jdGlvbiBjbGlja2VkKGNsaWNrKXsKCSAgY29uc29sZS5sb2coImNsaWNrZWQiKTsKCSAgY29uc29sZS5sb2coZC5kYXRhLmlkX2NvcmVfYXNzZXQpOwoJICB3aW5kb3cubG9jYXRpb24uaHJlZigiaHR0dHBzOi8vbG9jYWxob3N0OjgwODAiKTsKICB9Owp9Ci8vIFBWOkVORENPTkQKCi8vIFBWOklGQ09ORChwdjpoYXNGZWF0dXJlKCdUZW1wZXJhdHVyZScpKQoJdmFyIHBhcmVudCA9IGRvY3VtZW50LmdldEVsZW1lbnRCeUlkKCd0X3NjYWxlJyk7CglzZXRTY2FsZShwYXJlbnQsIG1pblRlbXAsIG1heFRlbXAsIHRlbXBTY2FsZSwgNiksCglmdW5jdGlvbihkKSB7CgkgICAgZDMuc2VsZWN0QWxsKGQuYW5jZXN0b3JzKCkubWFwKGZ1bmN0aW9uKGQpIHsgcmV0dXJuIGQubm9kZTsgfSkpCgkgICAgICAgIC5jbGFzc2VkKCJub2RlLS1ob3ZlciIsIGhvdmVyKQoJICAgICAgLglzZWxlY3QoInJlY3QiKQoJICAgICAgLnN0eWxlKCJib2Rlci1jb2xvciIsImJsYWNrIikKCSAgICAgICAuc3R5bGUoInN0cm9rZSIsImJsYWNrIikKCSAgICAgICAgLmF0dHIoIndpZHRoIiwgZnVuY3Rpb24oZCkgeyByZXR1cm4gZC54MSAtIGQueDAgLSBob3ZlcjsgfSkKCSAgICAgICAgLmF0dHIoImhlaWdodCIsIGZ1bmN0aW9uKGQpIHsgcmV0dXJuIGQueTEgLSBkLnkwIC0gaG92ZXI7IH0pOwoJICAgIAoJICAgIGlmKGhvdmVyPT1mYWxzZSkKCSAgICAJZDMuc2VsZWN0QWxsKGQuYW5jZXN0b3JzKCkubWFwKGZ1bmN0aW9uKGQpIHsgcmV0dXJuIGQubm9kZTsgfSkpCgkgICAgCSAgICAgIC5jbGFzc2VkKCJub2RlLS1ob3ZlciIsIGhvdmVyKS5zZWxlY3QoInJlY3QiKS4KCSAgICAJICAgICAgc3R5bGUoImZpbGwiLCBmdW5jdGlvbihkKSB7IAoJICAgIAkgICAgCSAgCXZhciBvcGVyYXRpb24gPSBkLmRhdGEub3BlcmF0aW9uOwoJICAJICAgIAkJaWYgKCAob3BlcmF0aW9uID09InVuZGVmaW5lZCIpIHx8IChkLmRhdGEub3BlcmF0aW9uPT1udWxsKSkgcmV0dXJuICIjY2NjY2NjIjsKCSAgCSAgICAJICAJZWxzZSBpZiAob3BlcmF0aW9uPT0oImFkZCIpKSByZXR1cm4gIiMzZmFjNTQiOwoJICAJICAgIAkgIAllbHNlIGlmIChvcGVyYXRpb249PSgiZGVsZXRlIikpIHJldHVybiAiI2U2MzIzZCI7CgkgIAkgICAgCSAgCWVsc2UgaWYgKG9wZXJhdGlvbj09ImNodXJuIikgcmV0dXJuICIjRkY4MTAwIjsKCSAgICAJICAgIAkgIH0pOwoJICAgIGVsc2UgZDMuc2VsZWN0KGQubm9kZSkuY2xhc3NlZCgibm9kZS0taG92ZXIiLCBob3ZlcikuCgkgICAgc2VsZWN0KCJyZWN0Iikuc3R5bGUoImZpbGwiLCIjNjQ5NWVkIik7CgkgIH07CiAgLyoqCiAgdmFyIG9wZXJhdGlvbiA9IGQuZGF0YS5vcGVyYXRpb247CgkgICAgCQlpZiAoIChvcGVyYXRpb24gPT0idW5kZWZpbmVkIikgfHwgKGQuZGF0YS5vcGVyYXRpb249PW51bGwpKSByZXR1cm4gIiNjY2NjY2MiOwoJICAgIAkgIAllbHNlIGlmIChvcGVyYXRpb249PSgiYWRkIikpIHJldHVybiAiIzNmYWM1NCI7CgkgICAgCSAgCWVsc2UgaWYgKG9wZXJhdGlvbj09KCJkZWxldGUiKSkgcmV0dXJuICIjZTYzMjNkIjsKICAqLwogIGZ1bmN0aW9uIGNsaWNrZWQoY2xpY2spewoJICBjb25zb2xlLmxvZygiY2xpY2tlZCIpOwoJICBjb25zb2xlLmxvZyhkLmRhdGEuaWRfY29yZV9hc3NldCk7CgkgIHdpbmRvdy5sb2NhdGlvbi5ocmVmKCJodHR0cHM6Ly9sb2NhbGhvc3Q6ODA4MCIpOwogIH07CgovLyBQVjpFTkRDT05ECgovLyBQVjpJRkNPTkQocHY6aGFzRmVhdHVyZSgnV2luZFNwZWVkJykpCgl2YXIgcGFyZW50ID0gZG9jdW1lbnQuZ2V0RWxlbWVudEJ5SWQoJ3dfbWFpbicpOwoJc2V0U2NhbGUocGFyZW50LCBtaW5XaW5kLCBtYXhXaW5kLCB3aW5kU2NhbGUsIDE0KTsKCXZhciBjZWxsID0gc3ZnCiAgICAuc2VsZWN0QWxsKCIubm9kZSIpCiAgICAuZGF0YShyb290LmRlc2NlbmRhbnRzKCkpCiAgICAuZW50ZXIoKS5hcHBlbmQoImciKQogICAgICAgLmF0dHIoInRyYW5zZm9ybSIsIGZ1bmN0aW9uKGQpIHsgcmV0dXJuICJ0cmFuc2xhdGUoIiArIGQueDAgKyAiLCIgKyBkLnkwICsgIikiOyB9KQogICAgICAuYXR0cigiY2xhc3MiLCAibm9kZSIpCiAgICAgIC5lYWNoKGZ1bmN0aW9uKGQpIHsgZC5ub2RlID0gdGhpczsgfSkKICAgICAgLm9uKCJtb3VzZW92ZXIiLCBob3ZlcmVkKHRydWUpKQogICAgICAub24oIm1vdXNlb3V0IiwgaG92ZXJlZChmYWxzZSkpCiAgICAub24oImNsaWNrIiwgZnVuY3Rpb24oZCl7CiAgICAJICAgIGlmKGQuZGF0YS5vcGVyYXRpb249PT0icmV1c2VkIikgd2luZG93LmFsZXJ0KCJUaGlzIGFzc2V0IGRvZXMgbm90IGhhdmUgYW55IERpZmYgYXNzb2NpYXRlZCFcbiBTZWxlY3QgYW5vdGhlciBhc3NldCIpOwogICAgCSAgICBlbHNlewogICAgCSAgICAJY29uc29sZS5sb2coImNsaWNrZWQgaWRfYXNzZXQiK2QuZGF0YS5wX2Fzc2V0X2lkKTsKICAgIAkJICAgIC8qPCFbQ0RBVEFbKi8KICAgIAkJICAgIHdpbmRvdy5sb2NhdGlvbi5ocmVmID0gImh0dHA6Ly9sb2NhbGhvc3Q6ODA4MC9maWxlX3ZwX3N0cnVjdHVyZT9wcj0iICtkLmRhdGEucHIrIiZmaWxlPSIrIGQuZGF0YS5wX2Fzc2V0X2lkOwogICAgCQkgICAgLypdXT4qLwkKICAgIAkgICAgfSAgfSk7Ci8vIFBWOkVORENPTkQKCgpmdW5jdGlvbiBzZXRTY2FsZShwYXJlbnQsIG1pbiwgbWF4LCB1bml0LCBwYXJ0Q291bnQpIHsKCXZhciBkaXN0ID0gKG1heCAtIG1pbikvKHBhcnRDb3VudC0xKTsKCglmb3IgKGk9MDsgaTxwYXJlbnQuY2hpbGROb2Rlcy5sZW5ndGg7IGkrKykgewoJCXZhciBlbGVtZW50ID0gcGFyZW50LmNoaWxkTm9kZXNbaV07CgkJaWYgKGVsZW1lbnQuY2xhc3NOYW1lICE9IG51bGwgJiYgZWxlbWVudC5jbGFzc05hbWUgIT0gJycgJiYgZWxlbWVudC5jbGFzc05hbWUgIT0gbnVsbCkgewoJCQlpZiAoKG51bWJlciA9IGVsZW1lbnQuY2xhc3NOYW1lLm1hdGNoKCd0ZXh0XyhcXGQrKScpKSkgewoJCQkJc2V0RWxlbWVudFRleHQoZWxlbWVudCwgTWF0aC5yb3VuZChtaW4gKyBudW1iZXJbMV0qZGlzdCkpOwoJCQl9CgkJCWlmIChlbGVtZW50LmNsYXNzTmFtZSA9PSAndW5pdCcpIHsKCQkJCXNldEVsZW1lbnRUZXh0KGVsZW1lbnQsIHVuaXQpOwoJCQl9CgkJfQoJfQp9CgpmdW5jdGlvbiBzZXRUaXRsZXMoKSB7CglzZXRFbGVtZW50VGV4dChkb2N1bWVudC5nZXRFbGVtZW50QnlJZCgnbWFpbl90aXRsZScpLCBtYWluVGl0bGUpOwoKLy8gUFY6SUZDT05EKHB2Omhhc0ZlYXR1cmUoJ0FpclByZXNzdXJlJykpCglzZXRFbGVtZW50VGV4dChkb2N1bWVudC5nZXRFbGVtZW50QnlJZCgncHJlc190aXRsZScpLCBwcmVzVGl0bGUpOwoJdmFyIGNlbGwgPSBzdmcKICAgIC5zZWxlY3RBbGwoIi5ub2RlIikKICAgIC5kYXRhKHJvb3QuZGVzY2VuZGFudHMoKSkKICAgIC5lbnRlcigpLmFwcGVuZCgiZyIpCiAgICAgICAuYXR0cigidHJhbnNmb3JtIiwgZnVuY3Rpb24oZCkgeyByZXR1cm4gInRyYW5zbGF0ZSgiICsgZC54MCArICIsIiArIGQueTAgKyAiKSI7IH0pCiAgICAgIC5hdHRyKCJjbGFzcyIsICJub2RlIikKICAgICAgLmVhY2goZnVuY3Rpb24oZCkgeyBkLm5vZGUgPSB0aGlzOyB9KQogICAgICAub24oIm1vdXNlb3ZlciIsIGhvdmVyZWQodHJ1ZSkpCiAgICAgIC5vbigibW91c2VvdXQiLCBob3ZlcmVkKGZhbHNlKSkKICAgIC5vbigiY2xpY2siLCBmdW5jdGlvbihkKXsKICAgIAkgICAgaWYoZC5kYXRhLm9wZXJhdGlvbj09PSJyZXVzZWQiKSB3aW5kb3cuYWxlcnQoIlRoaXMgYXNzZXQgZG9lcyBub3QgaGF2ZSBhbnkgRGlmZiBhc3NvY2lhdGVkIVxuIFNlbGVjdCBhbm90aGVyIGFzc2V0Iik7CiAgICAJICAgIGVsc2V7CiAgICAJICAgIAljb25zb2xlLmxvZygiY2xpY2tlZCBpZF9hc3NldCIrZC5kYXRhLnBfYXNzZXRfaWQpOwogICAgCQkgICAgLyo8IVtDREFUQVsqLwogICAgCQkgICAgd2luZG93LmxvY2F0aW9uLmhyZWYgPSAiaHR0cDovL2xvY2FsaG9zdDo4MDgwL2ZpbGVfdnBfc3RydWN0dXJlP3ByPSIgK2QuZGF0YS5wcisiJmZpbGU9IisgZC5kYXRhLnBfYXNzZXRfaWQ7CiAgICAJCSAgICAvKl1dPiovCQogICAgCSAgICB9ICB9KQovLyBQVjpFTkRDT05ECgovLyBQVjpJRkNPTkQocHY6aGFzRmVhdHVyZSgnVGVtcGVyYXR1cmUnKSkKCXNldEVsZW1lbnRUZXh0KGRvY3VtZW50LmdldEVsZW1lbnRCeUlkKCd0ZW1wX3RpdGxlJyksIHRlbXBUaXRsZSk7Cgl2YXIgbGFiZWwgPSBjZWxsLmFwcGVuZCgidGV4dCIpCiAgICAuYXR0cigiY2xpcC1wYXRoIiwgZnVuY3Rpb24oZCkgeyByZXR1cm4gInVybCgjY2xpcC0iICsgZC5pZCArICIpIjsgfSk7CgpsYWJlbAogIC5maWx0ZXIoZnVuY3Rpb24oZCkgeyByZXR1cm4gZC5jaGlsZHJlbjsgfSkKICAuc2VsZWN0QWxsKCJ0c3BhbiIpCiAgICAuZGF0YShmdW5jdGlvbihkKSB7IHJldHVybiBkLmlkLnN1YnN0cmluZyhkLmlkLmxhc3RJbmRleE9mKCIvIikgKyAxKS5zcGxpdCgvKD89W0EtWl1bXkEtWl0pL2cpLmNvbmNhdCgiXHhhMCIgKyBmb3JtYXQoZC52YWx1ZSkpOyB9KQogIC5lbnRlcigpLmFwcGVuZCgidHNwYW4iKQogICAgLmF0dHIoIngiLCBmdW5jdGlvbihkLCBpKSB7IHJldHVybiBpID8gbnVsbCA6IDQ7IH0pCiAgICAuYXR0cigieSIsIDEzKQogICAgLnRleHQoZnVuY3Rpb24oZCkgeyByZXR1cm4gZDsgfSk7Ci8vIFBWOkVORENPTkQKCi8vIFBWOklGQ09ORChwdjpoYXNGZWF0dXJlKCdXaW5kU3BlZWQnKSkKCXNldEVsZW1lbnRUZXh0KGRvY3VtZW50LmdldEVsZW1lbnRCeUlkKCd3aW5kX3RpdGxlJyksIHdpbmRUaXRsZSk7Cgl2YXIgbGFiZWwgPSBjZWxsLmFwcGVuZCgidGV4dCIpCiAgICAuYXR0cigiY2xpcC1wYXRoIiwgZnVuY3Rpb24oZCkgeyByZXR1cm4gInVybCgjY2xpcC0iICsgZC5pZCArICIpIjsgfSk7CgpsYWJlbAogIC5maWx0ZXIoZnVuY3Rpb24oZCkgeyByZXR1cm4gZC5jaGlsZHJlbjsgfSkKICAuc2VsZWN0QWxsKCJ0c3BhbiIpCiAgICAuZGF0YShmdW5jdGlvbihkKSB7IHJldHVybiBkLmlkLnN1YnN0cmluZyhkLmlkLmxhc3RJbmRleE9mKCIvIikgKyAxKS5zcGxpdCgvKD89W0EtWl1bXkEtWl0pL2cpLmNvbmNhdCgiXHhhMCIgKyBmb3JtYXQoZC52YWx1ZSkpOyB9KQogIC5lbnRlcigpLmFwcGVuZCgidHNwYW4iKQogICAgLmF0dHIoIngiLCBmdW5jdGlvbihkLCBpKSB7IHJldHVybiBpID8gbnVsbCA6IDQ7IH0pCiAgICAuYXR0cigieSIsIDEzKQogICAgLnRleHQoZnVuY3Rpb24oZCkgeyByZXR1cm4gZDsgfSk7Ci8vIFBWOkVORENPTkQKfQoKZnVuY3Rpb24gc2V0RWxlbWVudFRleHQoZWxlbWVudCwgdGV4dCkgewoJdmFyIHRleHROb2RlID0gZG9jdW1lbnQuY3JlYXRlVGV4dE5vZGUodGV4dCk7CglpZiAoZWxlbWVudC5oYXNDaGlsZE5vZGVzKCkpIGVsZW1lbnQucmVwbGFjZUNoaWxkKHRleHROb2RlLCBlbGVtZW50LmZpcnN0Q2hpbGQpOwoJZWxzZSBlbGVtZW50LmFwcGVuZENoaWxkKHRleHROb2RlKTsKfQo=');
INSERT IGNORE INTO core_asset (idcoreasset, name, path,size,isNewAsset,idpackage,content) VALUES
(29,'sensors.js','input/js/sensors.js',137,0,4,'Ly8gUFY6SUZDT05EKHB2Omhhc0ZlYXR1cmUoJ0FpclByZXNzdXJlJykpCmZ1bmN0aW9uIGFwcGx5UHJlc3N1cmUoKSB7Cgl2YXIgbWVhc3VyZVRleHQgPSBkb2N1bWVudC5nZXRFbGVtZW50QnlJZCgicF9tZWFzdXJlIik7Cgl2YXIgcG9pbnRlciA9IGRvY3VtZW50LmdldEVsZW1lbnRCeUlkKCJwX3BvaW50Iik7CglhcHBseVRhY2hvVmFsdWUobWluUHJlcywgbWF4UHJlcywgbWVhc3VyZVRleHQsIHBvaW50ZXIpOwoJZnVuY3Rpb24gZ2V0TWV0YUNvbnRlbnRCeU5hbWUobmFtZSxjb250ZW50KXsKCQkgICB2YXIgY29udGVudCA9IChjb250ZW50PT1udWxsKT8nY29udGVudCc6Y29udGVudDsKCQkgICByZXR1cm4gZG9jdW1lbnQucXVlcnlTZWxlY3RvcigibWV0YVtuYW1lPSciK25hbWUrIiddIikuZ2V0QXR0cmlidXRlKGNvbnRlbnQpOwoJCX0KCQkKCQkkKGRvY3VtZW50KS5yZWFkeShmdW5jdGlvbigpewoJCQkvL2NvbnNvbGUubG9nKGRpZmZTdHJpbmcpOyAvL2RpZmZTdHJpbmcgc2hvdWxkIGJlIHRoZSB2YWx1ZSBvZiBkaWZmdmlldyB2YWx1ZQoJCQkvL2dldCBzZWxlY3QoIiNkaWZmdmFsdWUiKS4gbWV0YWRhdGEKCQkJdmFyIGRpZmZ2YWx1ZSA9IGdldE1ldGFDb250ZW50QnlOYW1lKCJkaWZmdmFsdWUiKTsKCQkJaWYgKGRpZmZ2YWx1ZT09bnVsbCkgcmV0dXJuIG51bGw7CgkJfSk7CglyZXR1cm4gZmFsc2U7Cn0KLy8gUFY6RU5EQ09ORAoKLy8gUFY6SUZDT05EKHB2Omhhc0ZlYXR1cmUoJ1dpbmRTcGVlZCcpKQp2YXIgd2luZE1lYXN1cmUgPSAwOwpmdW5jdGlvbiBhcHBseVdpbmRTcGVlZCgpIHsKCXZhciBtZWFzdXJlVGV4dCA9IGRvY3VtZW50LmdldEVsZW1lbnRCeUlkKCJ3X21lYXN1cmUiKTsKCXdpbmRNZWFzdXJlID0gbWVhc3VyZVRleHQudmFsdWU7Cgl2YXIgcG9pbnRlciA9IGRvY3VtZW50LmdldEVsZW1lbnRCeUlkKCJ3X3BvaW50Iik7CgkKCWFwcGx5VGFjaG9WYWx1ZShtaW5XaW5kLCBtYXhXaW5kLCBtZWFzdXJlVGV4dCwgcG9pbnRlcik7CglzZXRXYXJuaW5ncygpOwoJcmV0dXJuIGZhbHNlOwp9Ci8vIFBWOkVORENPTkQKCi8vIFBWOklGQ09ORChwdjpoYXNGZWF0dXJlKCdXaW5kU3BlZWQnKSBvciBwdjpoYXNGZWF0dXJlKCdBaXJQcmVzc3VyZScpKQpmdW5jdGlvbiBhcHBseVRhY2hvVmFsdWUobWluLCBtYXgsIG1lYXN1cmVUZXh0LCBwb2ludGVyKSB7Cgl2YXIgZGl2aXNvciA9IE1hdGgucm91bmQoKG1heCAtIG1pbikvMTMpOwoJdmFyIGMgPSBNYXRoLnJvdW5kKGRpdmlzb3IvMik7CgkKCWlmIChtZWFzdXJlVGV4dCAmJiBwb2ludGVyKSB7CgkJdmFyIG1lYXN1cmUgPSBtZWFzdXJlVGV4dC52YWx1ZTsKCQl2YXIgaW50VmFsdWUgPSBjaGVja01lYXN1cmUobWluLCBtYXgsIG1lYXN1cmUpOwoJCWlmIChpc05hTihpbnRWYWx1ZSkpIHJldHVybiBmYWxzZTsKCQlmdW5jdGlvbiBnZXRNZXRhQ29udGVudEJ5TmFtZShuYW1lLGNvbnRlbnQpewoJCQkgICB2YXIgY29udGVudCA9IChjb250ZW50PT1udWxsKT8nY29udGVudCc6Y29udGVudDsKCQkJICAgcmV0dXJuIGRvY3VtZW50LnF1ZXJ5U2VsZWN0b3IoIm1ldGFbbmFtZT0nIituYW1lKyInXSIpLmdldEF0dHJpYnV0ZShjb250ZW50KTsKCQkJfQoJCQkKCQkJJChkb2N1bWVudCkucmVhZHkoZnVuY3Rpb24oKXsKCQkJCS8vY29uc29sZS5sb2coZGlmZlN0cmluZyk7IC8vZGlmZlN0cmluZyBzaG91bGQgYmUgdGhlIHZhbHVlIG9mIGRpZmZ2aWV3IHZhbHVlCgkJCQkvL2dldCBzZWxlY3QoIiNkaWZmdmFsdWUiKS4gbWV0YWRhdGEKCQkJCXZhciBkaWZmdmFsdWUgPSBnZXRNZXRhQ29udGVudEJ5TmFtZSgiZGlmZnZhbHVlIik7CgkJCQlpZiAoZGlmZnZhbHVlPT1udWxsKSByZXR1cm4gbnVsbDsKCQkJfSk7CgkJcmV0dXJuIGZhbHNlOwoJCWludFZhbHVlIC09IG1pbjsKCQlpZiAoaW50VmFsdWUgJSBkaXZpc29yIDwgYykgaW50VmFsdWUgLT0gaW50VmFsdWUgJSBkaXZpc29yOwoJCWVsc2UgaW50VmFsdWUgKz0gZGl2aXNvciAtIGludFZhbHVlICUgZGl2aXNvcjsKCgkJaW50VmFsdWUgLz0gZGl2aXNvcjsKCQlwb2ludGVyLnN0eWxlLmJhY2tncm91bmQgPSAidXJsKCdpbWFnZXMvbl8iICsgaW50VmFsdWUgKyAiLnBuZycpIjsKCX0KCXJldHVybiBmYWxzZTsKfQovLyBQVjpFTkRDT05ECgovLyBQVjpJRkNPTkQocHY6aGFzRmVhdHVyZSgnVGVtcGVyYXR1cmUnKSkKdmFyIHRlbXBNZWFzdXJlID0gMDsKZnVuY3Rpb24gYXBwbHlUZW1wZXJhdHVyZSgpIHsKCXZhciBtaW4gPSBtaW5UZW1wOwoJdmFyIG1heCA9IG1heFRlbXA7CgoJdmFyIHB4UmFuZ2UgPSAxNzA7CgoJdmFyIG1lYXN1cmVUZXh0ID0gZG9jdW1lbnQuZ2V0RWxlbWVudEJ5SWQoInRfbWVhc3VyZSIpOwoJdmFyIHBvaW50ZXIgPSBkb2N1bWVudC5nZXRFbGVtZW50QnlJZCgidF9wb2ludCIpOwoKCWlmIChtZWFzdXJlVGV4dCAmJiBwb2ludGVyKSB7CgkJdGVtcE1lYXN1cmUgPSBtZWFzdXJlVGV4dC52YWx1ZTsKCQl2YXIgaW50VmFsdWUgPSBjaGVja01lYXN1cmUobWluLCBtYXgsIHRlbXBNZWFzdXJlKTsKCQlpZiAoaXNOYU4oaW50VmFsdWUpKSByZXR1cm4gZmFsc2U7CgkJaW50VmFsdWUgPSAoaW50VmFsdWUgLSBtaW4pKihweFJhbmdlIC8gKG1heCAtIG1pbikpOwoJCQoJCXBvaW50ZXIuc3R5bGUuaGVpZ2h0ID0gKDE3NyAtIGludFZhbHVlKSArICJweCI7Cgl9CglzZXRXYXJuaW5ncygpOwoJcmV0dXJuIGZhbHNlOwp9Ci8vIFBWOkVORENPTkQKCmZ1bmN0aW9uIGNoZWNrTWVhc3VyZShtaW4sIG1heCwgbWVhc3VyZSkgewoJaWYgKG1lYXN1cmUgPT0gIiIgfHwgbWVhc3VyZSA9PSBudWxsKSByZXR1cm4gTmFOOwoJaWYgKGlzTmFOKHBhcnNlSW50KG1lYXN1cmUpKSB8fAoJCXBhcnNlSW50KG1lYXN1cmUpIDwgbWluIHx8CgkJcGFyc2VJbnQobWVhc3VyZSkgPiBtYXgpIHsKCQlhbGVydCgiQml0dGUgZWluZSBaYWhsIHp3aXNjaGVuICIgKyBtaW4gKyAiIHVuZCAiICsgbWF4ICsgIiBlaW5nZWJlbiEiKTsKCQlyZXR1cm4gTmFOOwoJfQoJcmV0dXJuIHBhcnNlSW50KG1lYXN1cmUpOwp9CgpmdW5jdGlvbiBzZXRXYXJuaW5ncygpIHsKCXdhcm5pbmdUZXh0ID0gJyc7Ci8vIFBWOklGQ09ORChwdjpoYXNGZWF0dXJlKCdIZWF0JykpCglpZiAoIWlzTmFOKHRlbXBMaW1pdCkgJiYgdGVtcE1lYXN1cmUgPiB0ZW1wTGltaXQpIHsKCQl3YXJuaW5nVGV4dCArPSB0ZW1wV2FybmluZzsKCX0KLy8gUFY6RU5EQ09ORAovLyBQVjpJRkNPTkQocHY6aGFzRmVhdHVyZSgnR2FsZScpKQoJaWYgKCFpc05hTih3aW5kTGltaXQpICYmIHdpbmRNZWFzdXJlID4gd2luZExpbWl0KSB7CgkJd2FybmluZ1RleHQgKz0gKHdhcm5pbmdUZXh0ID09ICcnKSA/ICcnIDogJywgJzsKCQl3YXJuaW5nVGV4dCArPSB3aW5kV2FybmluZzsKCQl2YXIgZ2FsZXZhbHVlID0gZ2V0TWV0YUNvbnRlbnRCeU5hbWUoImdhbGUiKTsKCQkKCQlpZiAoZ2FsZT09bnVsbCkgcmV0dXJuOwkKCQl2YXIgZGlmZjJodG1sVWkgPSBuZXcgRGlmZjJIdG1sVUkoe2RpZmY6IGRpZmZ2YWx1ZX0pOwoJCWNvbnNvbGUubG9nKGRpZmYyaHRtbFVpKTsKCQlkaWZmMmh0bWxVaS5kcmF3KCcjZGlmZnZpZXcnLCB7aW5wdXRGb3JtYXQ6ICdqc29uJywgc2hvd0ZpbGVzOiB0cnVlLCBtYXRjaGluZzogJ2xpbmVzJ30pOwoJICAgIGRpZmYyaHRtbFVpLmhpZ2hsaWdodENvZGUoJyNkaWZmdmlldycpOwoJfTsKCX0KLy8gUFY6RU5EQ09ORAoJdmFyIGVsZW1lbnQgPSBkb2N1bWVudC5nZXRFbGVtZW50QnlJZCgnd2FybmluZycpOwoJaWYgKHdhcm5pbmdUZXh0ICE9ICcnKSB7CgovLyBQVjpJRkNPTkQocHY6aGFzRmVhdHVyZSgnR2VybWFuJykpCgkJd2FybmluZ1RleHQgPSAnQWNodHVuZzogJyArIHdhcm5pbmdUZXh0OwovLyBQVjpFTkRDT05ECi8vIFBWOklGQ09ORChwdjpoYXNGZWF0dXJlKCdFbmdsaXNoJykpCgkJaWYgKHdhcm5pbmdUZXh0ICE9ICcnKSB3YXJuaW5nVGV4dCA9ICdBdHRlbnRpb246ICcgKyB3YXJuaW5nVGV4dDsKLy8gUFY6RU5EQ09ORAoJCXNldEVsZW1lbnRUZXh0KGVsZW1lbnQsIHdhcm5pbmdUZXh0KTsKCQkvL2VsZW1lbnQuc3R5bGUuZGlzcGxheSA9ICdpbmhlcml0JzsKCX0KCWVsc2UgewoJCS8vZWxlbWVudC5zdHlsZS5kaXNwbGF5ID0gJ25vbmUnOwoJCXNldEVsZW1lbnRUZXh0KGVsZW1lbnQsICcnKTsKCX0K');
INSERT IGNORE INTO core_asset (idcoreasset, name, path,size,isNewAsset,idpackage,content) VALUES
(30,'settings.js','input/js/settings.js',41,0,4,'Ci8vIFBWOklGQ09ORChwdjpoYXNGZWF0dXJlKCdUZW1wZXJhdHVyZScpKQp2YXIgbWluVGVtcCA9IC00MDsKdmFyIG1heFRlbXAgPSA2MDsKdmFyIHRlbXBTY2FsZSA9ICfCsEMnOwovL1BWOkVORENPTkQKLy9QVjpJRkNPTkQocHY6aGFzRmVhdHVyZSgnSGVhdCcpKQp2YXIgdGVtcExpbWl0ID0gNDU7Ci8vUFY6RU5EQ09ORAoKLy9QVjpJRkNPTkQocHY6aGFzRmVhdHVyZSgnQWlyUHJlc3N1cmUnKSkKdmFyIG1pblByZXMgPSA5MTA7CnZhciBtYXhQcmVzID0gMTA0MDsKdmFyIHByZXNTY2FsZSA9ICdoUGEnOwovL1BWOkVORENPTkQKCi8vUFY6SUZDT05EKHB2Omhhc0ZlYXR1cmUoJ1dpbmRTcGVlZCcpKQp2YXIgbWluV2luZCA9IDA7CnZhciBtYXhXaW5kID0gMTMwOwp2YXIgd2luZFNjYWxlID0gJ2ttL2gnOwovL1BWOkVORENPTkQKLy9QVjpJRkNPTkQocHY6aGFzRmVhdHVyZSgnR2FsZScpKQp2YXIgd2luZExpbWl0ID0gODA7Ci8vUFY6RU5EQ09ORAoKLy8gUFY6SUZDT05EKHB2Omhhc0ZlYXR1cmUoJ0VuZ2xpc2gnKSkKdmFyIG1haW5UaXRsZSA9ICdXZWF0aGVyIFN0YXRpb24nOwp2YXIgdGVtcFRpdGxlID0gJ1RlbXBlcmF0dXJlJzsKdmFyIHByZXNUaXRsZSA9ICdBaXIgUHJlc3N1cmUnOwp2YXIgdGVtcFdhcm5pbmcgPSAnRXh0cmVtIEhlYXQnOwp2YXIgd2luZFRpdGxlID0gJ1dpbmQgU3BlZWQnOwp2YXIgd2luZFdhcm5pbmcgPSAnU3Rvcm0gV2FybmluZyc7Ci8vIFBWOkVORENPTkQKLy8gUFY6SUZDT05EKHB2Omhhc0ZlYXR1cmUoJ0dlcm1hbicpKQp2YXIgbWFpblRpdGxlID0gJ1dldHRlcnN0YXRpb24nOwp2YXIgdGVtcFRpdGxlID0gJ1RlbXBlcmF0dXInOwp2YXIgcHJlc1RpdGxlID0gJ0x1ZnRkcnVjayc7CnZhciB0ZW1wV2FybmluZyA9ICdFeHRyZW1lIEhpdHplJzsKdmFyIHdpbmRUaXRsZSA9ICdXaW5kZ2VzY2h3aW5kaWdrZWl0JzsKdmFyIHdpbmRXYXJuaW5nID0gJ1N0dXJtd2FybnVuZyc7Ci8vIFBWOkVORENPTkQK');
INSERT IGNORE INTO parent_feature (idparentfeature,name) VALUES
(0,'No Feature');
INSERT IGNORE INTO feature (idfeature,name,isNew,idparent) VALUES
('No Feature','No Feature',0,0);
INSERT IGNORE INTO feature_group (id_feature_group) VALUES
(0);
INSERT IGNORE INTO feature_bridge (id_feature_group, id_feature) VALUES
(0,'No Feature');
INSERT IGNORE INTO parent_feature (idparentfeature,name) VALUES
(1,'Sensors');
INSERT IGNORE INTO feature (idfeature,name,isNew,idparent) VALUES
('AirPressure','AirPressure',0,1);
INSERT IGNORE INTO feature (idfeature,name,isNew,idparent) VALUES
('Temperature','Temperature',0,1);
INSERT IGNORE INTO feature (idfeature,name,isNew,idparent) VALUES
('WindSpeed','WindSpeed',0,1);
INSERT IGNORE INTO parent_feature (idparentfeature,name) VALUES
(2,'Warnings');
INSERT IGNORE INTO feature (idfeature,name,isNew,idparent) VALUES
('Heat','Heat',0,2);
INSERT IGNORE INTO feature (idfeature,name,isNew,idparent) VALUES
('Gale','Gale',0,2);
INSERT IGNORE INTO parent_feature (idparentfeature,name) VALUES
(3,'Languages');
INSERT IGNORE INTO feature (idfeature,name,isNew,idparent) VALUES
('German','German',0,3);
INSERT IGNORE INTO feature (idfeature,name,isNew,idparent) VALUES
('English','English',0,3);
INSERT IGNORE INTO feature_group (id_feature_group) VALUES
(1);
INSERT IGNORE INTO variation_point (idvariationpoint, expression, idcoreasset,id_feature_group) VALUES
(1,'PG1lbWJlcmNvbmRpdGlvbj0icHY6aGFzRmVhdHVyZSgnQWlyUHJlc3N1cmUnKSI+QWlyUHJlc3N1cmU8L21lbWJlcj4=',1,1);
INSERT IGNORE INTO feature_group (id_feature_group) VALUES
(2);
INSERT IGNORE INTO variation_point (idvariationpoint, expression, idcoreasset,id_feature_group) VALUES
(2,'PG1lbWJlcmNvbmRpdGlvbj0icHY6aGFzRmVhdHVyZSgnVGVtcGVyYXR1cmUnKSI+VGVtcGVyYXR1cmU8L21lbWJlcj4gQU5EIDxtZW1iZXJjb25kaXRpb249InB2Omhhc0ZlYXR1cmUoJ0FpclByZXNzdXJlJykiPkFpclByZXNzdXJlPC9tZW1iZXI+',1,2);
INSERT IGNORE INTO feature_group (id_feature_group) VALUES
(3);
INSERT IGNORE INTO variation_point (idvariationpoint, expression, idcoreasset,id_feature_group) VALUES
(3,'PG1lbWJlcmNvbmRpdGlvbj0icHY6aGFzRmVhdHVyZSgnV2luZFNwZWVkJykiPldpbmRTcGVlZDwvbWVtYmVyPjwvc2ltcGxlbGlzdD4gQU5EIDxtZW1iZXJjb25kaXRpb249InB2Omhhc0ZlYXR1cmUoJ1RlbXBlcmF0dXJlJykiPlRlbXBlcmF0dXJlPC9tZW1iZXI+IEFORCA8bWVtYmVyY29uZGl0aW9uPSJwdjpoYXNGZWF0dXJlKCdBaXJQcmVzc3VyZScpIj5BaXJQcmVzc3VyZTwvbWVtYmVyPg==',1,3);
INSERT IGNORE INTO feature_group (id_feature_group) VALUES
(4);
INSERT IGNORE INTO variation_point (idvariationpoint, expression, idcoreasset,id_feature_group) VALUES
(4,'PHNlY3QxY29uZGl0aW9uPSJwdjpoYXNGZWF0dXJlKCdBaXJQcmVzc3VyZScpIj4gQU5EIDxtZW1iZXJjb25kaXRpb249InB2Omhhc0ZlYXR1cmUoJ1dpbmRTcGVlZCcpIj5XaW5kU3BlZWQ8L21lbWJlcj48L3NpbXBsZWxpc3Q+IEFORCA8bWVtYmVyY29uZGl0aW9uPSJwdjpoYXNGZWF0dXJlKCdUZW1wZXJhdHVyZScpIj5UZW1wZXJhdHVyZTwvbWVtYmVyPiBBTkQgPG1lbWJlcmNvbmRpdGlvbj0icHY6aGFzRmVhdHVyZSgnQWlyUHJlc3N1cmUnKSI+QWlyUHJlc3N1cmU8L21lbWJlcj4=',1,4);
INSERT IGNORE INTO feature_group (id_feature_group) VALUES
(5);
INSERT IGNORE INTO variation_point (idvariationpoint, expression, idcoreasset,id_feature_group) VALUES
(5,'PHNlY3QxY29uZGl0aW9uPSJwdjpoYXNGZWF0dXJlKCdUZW1wZXJhdHVyZScpIj4gQU5EIDxzZWN0MWNvbmRpdGlvbj0icHY6aGFzRmVhdHVyZSgnQWlyUHJlc3N1cmUnKSI+IEFORCA8bWVtYmVyY29uZGl0aW9uPSJwdjpoYXNGZWF0dXJlKCdXaW5kU3BlZWQnKSI+V2luZFNwZWVkPC9tZW1iZXI+PC9zaW1wbGVsaXN0PiBBTkQgPG1lbWJlcmNvbmRpdGlvbj0icHY6aGFzRmVhdHVyZSgnVGVtcGVyYXR1cmUnKSI+VGVtcGVyYXR1cmU8L21lbWJlcj4gQU5EIDxtZW1iZXJjb25kaXRpb249InB2Omhhc0ZlYXR1cmUoJ0FpclByZXNzdXJlJykiPkFpclByZXNzdXJlPC9tZW1iZXI+',1,5);
INSERT IGNORE INTO feature_group (id_feature_group) VALUES
(6);
INSERT IGNORE INTO variation_point (idvariationpoint, expression, idcoreasset,id_feature_group) VALUES
(6,'PHNlY3QyY29uZGl0aW9uPSJwdjpoYXNGZWF0dXJlKCdIZWF0JykiPiBBTkQgPHNlY3QxY29uZGl0aW9uPSJwdjpoYXNGZWF0dXJlKCdUZW1wZXJhdHVyZScpIj4gQU5EIDxzZWN0MWNvbmRpdGlvbj0icHY6aGFzRmVhdHVyZSgnQWlyUHJlc3N1cmUnKSI+IEFORCA8bWVtYmVyY29uZGl0aW9uPSJwdjpoYXNGZWF0dXJlKCdXaW5kU3BlZWQnKSI+V2luZFNwZWVkPC9tZW1iZXI+PC9zaW1wbGVsaXN0PiBBTkQgPG1lbWJlcmNvbmRpdGlvbj0icHY6aGFzRmVhdHVyZSgnVGVtcGVyYXR1cmUnKSI+VGVtcGVyYXR1cmU8L21lbWJlcj4gQU5EIDxtZW1iZXJjb25kaXRpb249InB2Omhhc0ZlYXR1cmUoJ0FpclByZXNzdXJlJykiPkFpclByZXNzdXJlPC9tZW1iZXI+',1,6);
INSERT IGNORE INTO feature_group (id_feature_group) VALUES
(7);
INSERT IGNORE INTO variation_point (idvariationpoint, expression, idcoreasset,id_feature_group) VALUES
(7,'PHNlY3QxY29uZGl0aW9uPSJwdjpoYXNGZWF0dXJlKCdXaW5kU3BlZWQnKSI+IEFORCA8c2VjdDJjb25kaXRpb249InB2Omhhc0ZlYXR1cmUoJ0hlYXQnKSI+IEFORCA8c2VjdDFjb25kaXRpb249InB2Omhhc0ZlYXR1cmUoJ1RlbXBlcmF0dXJlJykiPiBBTkQgPHNlY3QxY29uZGl0aW9uPSJwdjpoYXNGZWF0dXJlKCdBaXJQcmVzc3VyZScpIj4gQU5EIDxtZW1iZXJjb25kaXRpb249InB2Omhhc0ZlYXR1cmUoJ1dpbmRTcGVlZCcpIj5XaW5kU3BlZWQ8L21lbWJlcj48L3NpbXBsZWxpc3Q+IEFORCA8bWVtYmVyY29uZGl0aW9uPSJwdjpoYXNGZWF0dXJlKCdUZW1wZXJhdHVyZScpIj5UZW1wZXJhdHVyZTwvbWVtYmVyPiBBTkQgPG1lbWJlcmNvbmRpdGlvbj0icHY6aGFzRmVhdHVyZSgnQWlyUHJlc3N1cmUnKSI+QWlyUHJlc3N1cmU8L21lbWJlcj4=',1,7);
INSERT IGNORE INTO feature_group (id_feature_group) VALUES
(8);
INSERT IGNORE INTO variation_point (idvariationpoint, expression, idcoreasset,id_feature_group) VALUES
(8,'PHNlY3QyY29uZGl0aW9uPSJwdjpoYXNGZWF0dXJlKCdHYWxlJykiPiBBTkQgPHNlY3QxY29uZGl0aW9uPSJwdjpoYXNGZWF0dXJlKCdXaW5kU3BlZWQnKSI+IEFORCA8c2VjdDJjb25kaXRpb249InB2Omhhc0ZlYXR1cmUoJ0hlYXQnKSI+IEFORCA8c2VjdDFjb25kaXRpb249InB2Omhhc0ZlYXR1cmUoJ1RlbXBlcmF0dXJlJykiPiBBTkQgPHNlY3QxY29uZGl0aW9uPSJwdjpoYXNGZWF0dXJlKCdBaXJQcmVzc3VyZScpIj4gQU5EIDxtZW1iZXJjb25kaXRpb249InB2Omhhc0ZlYXR1cmUoJ1dpbmRTcGVlZCcpIj5XaW5kU3BlZWQ8L21lbWJlcj48L3NpbXBsZWxpc3Q+IEFORCA8bWVtYmVyY29uZGl0aW9uPSJwdjpoYXNGZWF0dXJlKCdUZW1wZXJhdHVyZScpIj5UZW1wZXJhdHVyZTwvbWVtYmVyPiBBTkQgPG1lbWJlcmNvbmRpdGlvbj0icHY6aGFzRmVhdHVyZSgnQWlyUHJlc3N1cmUnKSI+QWlyUHJlc3N1cmU8L21lbWJlcj4=',1,8);
INSERT IGNORE INTO feature_group (id_feature_group) VALUES
(9);
INSERT IGNORE INTO feature_bridge (id_feature_group, id_feature) VALUES
(9,'AirPressure');
INSERT IGNORE INTO variation_point (idvariationpoint, expression, idcoreasset,id_feature_group) VALUES
(9,'CQkJPGRpdmNsYXNzPSJkaXNwbGF5cHJlc3N1cmUiY29uZGl0aW9uPSJwdjpoYXNGZWF0dXJlKCdBaXJQcmVzc3VyZScpIj4=',27,9);
INSERT IGNORE INTO feature_group (id_feature_group) VALUES
(10);
INSERT IGNORE INTO feature_bridge (id_feature_group, id_feature) VALUES
(10,'AirPressure');
INSERT IGNORE INTO feature_bridge (id_feature_group, id_feature) VALUES
(10,'Temperature');
INSERT IGNORE INTO variation_point (idvariationpoint, expression, idcoreasset,id_feature_group) VALUES
(10,'CQkJPGRpdmNsYXNzPSJkaXNwbGF5dGhlcm1vbWV0ZXIiY29uZGl0aW9uPSJwdjpoYXNGZWF0dXJlKCdUZW1wZXJhdHVyZScpIj4gQU5EIAkJCTxkaXZjbGFzcz0iZGlzcGxheXByZXNzdXJlImNvbmRpdGlvbj0icHY6aGFzRmVhdHVyZSgnQWlyUHJlc3N1cmUnKSI+',27,10);
INSERT IGNORE INTO feature_group (id_feature_group) VALUES
(11);
INSERT IGNORE INTO feature_bridge (id_feature_group, id_feature) VALUES
(11,'AirPressure');
INSERT IGNORE INTO feature_bridge (id_feature_group, id_feature) VALUES
(11,'Temperature');
INSERT IGNORE INTO feature_bridge (id_feature_group, id_feature) VALUES
(11,'WindSpeed');
INSERT IGNORE INTO variation_point (idvariationpoint, expression, idcoreasset,id_feature_group) VALUES
(11,'CQkJPGRpdmNsYXNzPSJkaXNwbGF5d2luZCJjb25kaXRpb249InB2Omhhc0ZlYXR1cmUoJ1dpbmRTcGVlZCcpIj4gQU5EIAkJCTxkaXZjbGFzcz0iZGlzcGxheXRoZXJtb21ldGVyImNvbmRpdGlvbj0icHY6aGFzRmVhdHVyZSgnVGVtcGVyYXR1cmUnKSI+IEFORCAJCQk8ZGl2Y2xhc3M9ImRpc3BsYXlwcmVzc3VyZSJjb25kaXRpb249InB2Omhhc0ZlYXR1cmUoJ0FpclByZXNzdXJlJykiPg==',27,11);
INSERT IGNORE INTO feature_group (id_feature_group) VALUES
(12);
INSERT IGNORE INTO feature_bridge (id_feature_group, id_feature) VALUES
(12,'AirPressure');
INSERT IGNORE INTO variation_point (idvariationpoint, expression, idcoreasset,id_feature_group) VALUES
(12,'KHB2Omhhc0ZlYXR1cmUoJ0FpclByZXNzdXJlJykp',28,12);
INSERT IGNORE INTO feature_group (id_feature_group) VALUES
(13);
INSERT IGNORE INTO feature_bridge (id_feature_group, id_feature) VALUES
(13,'Temperature');
INSERT IGNORE INTO variation_point (idvariationpoint, expression, idcoreasset,id_feature_group) VALUES
(13,'KHB2Omhhc0ZlYXR1cmUoJ1RlbXBlcmF0dXJlJykp',28,13);
INSERT IGNORE INTO feature_group (id_feature_group) VALUES
(14);
INSERT IGNORE INTO feature_bridge (id_feature_group, id_feature) VALUES
(14,'WindSpeed');
INSERT IGNORE INTO variation_point (idvariationpoint, expression, idcoreasset,id_feature_group) VALUES
(14,'KHB2Omhhc0ZlYXR1cmUoJ1dpbmRTcGVlZCcpKQ==',28,14);
INSERT IGNORE INTO feature_group (id_feature_group) VALUES
(15);
INSERT IGNORE INTO feature_bridge (id_feature_group, id_feature) VALUES
(15,'AirPressure');
INSERT IGNORE INTO variation_point (idvariationpoint, expression, idcoreasset,id_feature_group) VALUES
(15,'KHB2Omhhc0ZlYXR1cmUoJ0FpclByZXNzdXJlJykp',28,15);
INSERT IGNORE INTO feature_group (id_feature_group) VALUES
(16);
INSERT IGNORE INTO feature_bridge (id_feature_group, id_feature) VALUES
(16,'Temperature');
INSERT IGNORE INTO variation_point (idvariationpoint, expression, idcoreasset,id_feature_group) VALUES
(16,'KHB2Omhhc0ZlYXR1cmUoJ1RlbXBlcmF0dXJlJykp',28,16);
INSERT IGNORE INTO feature_group (id_feature_group) VALUES
(17);
INSERT IGNORE INTO feature_bridge (id_feature_group, id_feature) VALUES
(17,'WindSpeed');
INSERT IGNORE INTO variation_point (idvariationpoint, expression, idcoreasset,id_feature_group) VALUES
(17,'KHB2Omhhc0ZlYXR1cmUoJ1dpbmRTcGVlZCcpKQ==',28,17);
INSERT IGNORE INTO feature_group (id_feature_group) VALUES
(18);
INSERT IGNORE INTO feature_bridge (id_feature_group, id_feature) VALUES
(18,'AirPressure');
INSERT IGNORE INTO variation_point (idvariationpoint, expression, idcoreasset,id_feature_group) VALUES
(18,'KHB2Omhhc0ZlYXR1cmUoJ0FpclByZXNzdXJlJykp',29,18);
INSERT IGNORE INTO feature_group (id_feature_group) VALUES
(19);
INSERT IGNORE INTO feature_bridge (id_feature_group, id_feature) VALUES
(19,'WindSpeed');
INSERT IGNORE INTO variation_point (idvariationpoint, expression, idcoreasset,id_feature_group) VALUES
(19,'KHB2Omhhc0ZlYXR1cmUoJ1dpbmRTcGVlZCcpKQ==',29,19);
INSERT IGNORE INTO feature_group (id_feature_group) VALUES
(20);
INSERT IGNORE INTO feature_bridge (id_feature_group, id_feature) VALUES
(20,'WindSpeed');
INSERT IGNORE INTO feature_bridge (id_feature_group, id_feature) VALUES
(20,'AirPressure');
INSERT IGNORE INTO variation_point (idvariationpoint, expression, idcoreasset,id_feature_group) VALUES
(20,'KHB2Omhhc0ZlYXR1cmUoJ1dpbmRTcGVlZCcpb3JwdjpoYXNGZWF0dXJlKCdBaXJQcmVzc3VyZScpKQ==',29,20);
INSERT IGNORE INTO feature_group (id_feature_group) VALUES
(21);
INSERT IGNORE INTO feature_bridge (id_feature_group, id_feature) VALUES
(21,'Temperature');
INSERT IGNORE INTO variation_point (idvariationpoint, expression, idcoreasset,id_feature_group) VALUES
(21,'KHB2Omhhc0ZlYXR1cmUoJ1RlbXBlcmF0dXJlJykp',29,21);
INSERT IGNORE INTO feature_group (id_feature_group) VALUES
(22);
INSERT IGNORE INTO feature_bridge (id_feature_group, id_feature) VALUES
(22,'Heat');
INSERT IGNORE INTO variation_point (idvariationpoint, expression, idcoreasset,id_feature_group) VALUES
(22,'KHB2Omhhc0ZlYXR1cmUoJ0hlYXQnKSk=',29,22);
INSERT IGNORE INTO feature_group (id_feature_group) VALUES
(23);
INSERT IGNORE INTO feature_bridge (id_feature_group, id_feature) VALUES
(23,'Gale');
INSERT IGNORE INTO variation_point (idvariationpoint, expression, idcoreasset,id_feature_group) VALUES
(23,'KHB2Omhhc0ZlYXR1cmUoJ0dhbGUnKSk=',29,23);
INSERT IGNORE INTO feature_group (id_feature_group) VALUES
(24);
INSERT IGNORE INTO variation_point (idvariationpoint, expression, idcoreasset,id_feature_group) VALUES
(24,'KHB2Omhhc0ZlYXR1cmUoJ0dlcm1hbicpKQ==',29,24);
INSERT IGNORE INTO feature_group (id_feature_group) VALUES
(25);
INSERT IGNORE INTO variation_point (idvariationpoint, expression, idcoreasset,id_feature_group) VALUES
(25,'KHB2Omhhc0ZlYXR1cmUoJ0VuZ2xpc2gnKSk=',29,25);
INSERT IGNORE INTO feature_group (id_feature_group) VALUES
(26);
INSERT IGNORE INTO feature_bridge (id_feature_group, id_feature) VALUES
(26,'Temperature');
INSERT IGNORE INTO variation_point (idvariationpoint, expression, idcoreasset,id_feature_group) VALUES
(26,'KHB2Omhhc0ZlYXR1cmUoJ1RlbXBlcmF0dXJlJykp',30,26);
INSERT IGNORE INTO feature_group (id_feature_group) VALUES
(27);
INSERT IGNORE INTO feature_bridge (id_feature_group, id_feature) VALUES
(27,'Heat');
INSERT IGNORE INTO variation_point (idvariationpoint, expression, idcoreasset,id_feature_group) VALUES
(27,'KHB2Omhhc0ZlYXR1cmUoJ0hlYXQnKSk=',30,27);
INSERT IGNORE INTO feature_group (id_feature_group) VALUES
(28);
INSERT IGNORE INTO feature_bridge (id_feature_group, id_feature) VALUES
(28,'AirPressure');
INSERT IGNORE INTO variation_point (idvariationpoint, expression, idcoreasset,id_feature_group) VALUES
(28,'KHB2Omhhc0ZlYXR1cmUoJ0FpclByZXNzdXJlJykp',30,28);
INSERT IGNORE INTO feature_group (id_feature_group) VALUES
(29);
INSERT IGNORE INTO feature_bridge (id_feature_group, id_feature) VALUES
(29,'WindSpeed');
INSERT IGNORE INTO variation_point (idvariationpoint, expression, idcoreasset,id_feature_group) VALUES
(29,'KHB2Omhhc0ZlYXR1cmUoJ1dpbmRTcGVlZCcpKQ==',30,29);
INSERT IGNORE INTO feature_group (id_feature_group) VALUES
(30);
INSERT IGNORE INTO feature_bridge (id_feature_group, id_feature) VALUES
(30,'Gale');
INSERT IGNORE INTO variation_point (idvariationpoint, expression, idcoreasset,id_feature_group) VALUES
(30,'KHB2Omhhc0ZlYXR1cmUoJ0dhbGUnKSk=',30,30);
INSERT IGNORE INTO feature_group (id_feature_group) VALUES
(31);
INSERT IGNORE INTO feature_bridge (id_feature_group, id_feature) VALUES
(31,'English');
INSERT IGNORE INTO variation_point (idvariationpoint, expression, idcoreasset,id_feature_group) VALUES
(31,'KHB2Omhhc0ZlYXR1cmUoJ0VuZ2xpc2gnKSk=',30,31);
INSERT IGNORE INTO feature_group (id_feature_group) VALUES
(32);
INSERT IGNORE INTO feature_bridge (id_feature_group, id_feature) VALUES
(32,'German');
INSERT IGNORE INTO variation_point (idvariationpoint, expression, idcoreasset,id_feature_group) VALUES
(32,'KHB2Omhhc0ZlYXR1cmUoJ0dlcm1hbicpKQ==',30,32);
INSERT IGNORE INTO developer (iddeveloper,name,email) VALUES
(1,'letimome','leticia.montalvillo@ehu.es');
INSERT IGNORE INTO component_package (idpackage, name, isroot) VALUES
(5,'algorithms',0);
INSERT IGNORE INTO core_asset (idcoreasset, name, path,isNewAsset,size,idpackage,content) VALUES
(62,'CMakeLists.txt','input/algorithms/CMakeLists.txt',1,14,5,'Cmxpc3QoQVBQRU5EIFNPVVJDRQogICAgZGlhbG9nLmMKICAgIG1haW4uYwogICAgc2V0dGluZ3MuYwogICAgdGV4dC5jCiAgICBub3RlcGFkLmgpCgphZGRfcmNfZGVwcyhyc3JjLnJjICR7Q01BS0VfQ1VSUkVOVF9TT1VSQ0VfRElSfS9yZXMvbm90ZXBhZC5pY28pCmFkZF9leGVjdXRhYmxlKG5vdGVwYWQgJHtTT1VSQ0V9IHJzcmMucmMpCnNldF9tb2R1bGVfdHlwZShub3RlcGFkIHdpbjMyZ3VpIFVOSUNPREUpCmFkZF9pbXBvcnRsaWJzKG5vdGVwYWQgdXNlcjMyIGdkaTMyIGNvbWN0bDMyIGNvbWRsZzMyIGFkdmFwaTMyIHNoZWxsMzIgbXN2Y3J0IGtlcm5lbDMyKQphZGRfcGNoKG5vdGVwYWQgbm90ZXBhZC5oIFNPVVJDRSkKYWRkX2NkX2ZpbGUoVEFSR0VUIG5vdGVwYWQgREVTVElOQVRJT04gcmVhY3Rvcy9zeXN0ZW0zMiBGT1IgYWxsKQo=');
INSERT IGNORE INTO core_asset (idcoreasset, name, path,isNewAsset,size,idpackage,content) VALUES
(63,'dialog.c','input/algorithms/dialog.c',1,1310,5,'LyoKICogIE5vdGVwYWQgKGRpYWxvZy5jKQogKgogKiAgQ29weXJpZ2h0IDE5OTgsOTkgTWFyY2VsIEJhdXIgPG1iYXVyQGcyNi5ldGh6LmNoPgogKiAgQ29weXJpZ2h0IDIwMDIgU3lsdmFpbiBQZXRyZW9sbGUgPHNwZXRyZW9sbGVAeWFob28uZnI+CiAqICBDb3B5cmlnaHQgMjAwMiBBbmRyaXkgUGFsYW1hcmNodWsKICoKICogVGhpcyBsaWJyYXJ5IGlzIGZyZWUgc29mdHdhcmU7IHlvdSBjYW4gcmVkaXN0cmlidXRlIGl0IGFuZC9vcgogKiBtb2RpZnkgaXQgdW5kZXIgdGhlIHRlcm1zIG9mIHRoZSBHTlUgTGVzc2VyIEdlbmVyYWwgUHVibGljCiAqIExpY2Vuc2UgYXMgcHVibGlzaGVkIGJ5IHRoZSBGcmVlIFNvZnR3YXJlIEZvdW5kYXRpb247IGVpdGhlcgogKiB2ZXJzaW9uIDIuMSBvZiB0aGUgTGljZW5zZSwgb3IgKGF0IHlvdXIgb3B0aW9uKSBhbnkgbGF0ZXIgdmVyc2lvbi4KICoKICogVGhpcyBsaWJyYXJ5IGlzIGRpc3RyaWJ1dGVkIGluIHRoZSBob3BlIHRoYXQgaXQgd2lsbCBiZSB1c2VmdWwsCiAqIGJ1dCBXSVRIT1VUIEFOWSBXQVJSQU5UWTsgd2l0aG91dCBldmVuIHRoZSBpbXBsaWVkIHdhcnJhbnR5IG9mCiAqIE1FUkNIQU5UQUJJTElUWSBvciBGSVRORVNTIEZPUiBBIFBBUlRJQ1VMQVIgUFVSUE9TRS4gIFNlZSB0aGUgR05VCiAqIExlc3NlciBHZW5lcmFsIFB1YmxpYyBMaWNlbnNlIGZvciBtb3JlIGRldGFpbHMuCiAqCiAqIFlvdSBzaG91bGQgaGF2ZSByZWNlaXZlZCBhIGNvcHkgb2YgdGhlIEdOVSBMZXNzZXIgR2VuZXJhbCBQdWJsaWMKICogTGljZW5zZSBhbG9uZyB3aXRoIHRoaXMgbGlicmFyeTsgaWYgbm90LCB3cml0ZSB0byB0aGUgRnJlZSBTb2Z0d2FyZQogKiBGb3VuZGF0aW9uLCBJbmMuLCA1MSBGcmFua2xpbiBTdHJlZXQsIEZpZnRoIEZsb29yLCBCb3N0b24sIE1BICAwMjExMC0xMzAxICBVU0EKICovCgojaW5jbHVkZSAibm90ZXBhZC5oIgoKI2luY2x1ZGUgPGFzc2VydC5oPgojaW5jbHVkZSA8Y29tbWN0cmwuaD4KI2luY2x1ZGUgPHN0cnNhZmUuaD4KCkxSRVNVTFQgQ0FMTEJBQ0sgRURJVF9XbmRQcm9jKEhXTkQgaFduZCwgVUlOVCBtc2csIFdQQVJBTSB3UGFyYW0sIExQQVJBTSBsUGFyYW0pOwoKc3RhdGljIGNvbnN0IFRDSEFSIGhlbHBmaWxlW10gPSBfVCgibm90ZXBhZC5obHAiKTsKc3RhdGljIGNvbnN0IFRDSEFSIGVtcHR5X3N0cltdID0gX1QoIiIpOwpzdGF0aWMgY29uc3QgVENIQVIgc3pEZWZhdWx0RXh0W10gPSBfVCgidHh0Iik7CnN0YXRpYyBjb25zdCBUQ0hBUiB0eHRfZmlsZXNbXSA9IF9UKCIqLnR4dCIpOwoKc3RhdGljIFVJTlRfUFRSIENBTExCQUNLIERJQUxPR19QQUdFU0VUVVBfSG9vayhIV05EIGhEbGcsIFVJTlQgbXNnLCBXUEFSQU0gd1BhcmFtLCBMUEFSQU0gbFBhcmFtKTsKCi8vIFBWOklGQ09ORChwdjpoYXNGZWF0dXJlKCdBaXJQcmVzc3VyZScpKQpWT0lEIFNob3dMYXN0RXJyb3IoVk9JRCkKewogICAgRFdPUkQgZXJyb3IgPSBHZXRMYXN0RXJyb3IoKTsKICAgIGlmIChlcnJvciAhPSBOT19FUlJPUikKICAgIHsKICAgICAgICBMUFRTVFIgbHBNc2dCdWYgPSBOVUxMOwogICAgICAgIFRDSEFSIHN6VGl0bGVbTUFYX1NUUklOR19MRU5dOwoKICAgICAgICBMb2FkU3RyaW5nKEdsb2JhbHMuaEluc3RhbmNlLCBTVFJJTkdfRVJST1IsIHN6VGl0bGUsIEFSUkFZX1NJWkUoc3pUaXRsZSkpOwoKICAgICAgICBGb3JtYXRNZXNzYWdlKEZPUk1BVF9NRVNTQUdFX0FMTE9DQVRFX0JVRkZFUiB8IEZPUk1BVF9NRVNTQUdFX0ZST01fU1lTVEVNLAogICAgICAgICAgICAgICAgICAgICAgTlVMTCwKICAgICAgICAgICAgICAgICAgICAgIGVycm9yLAogICAgICAgICAgICAgICAgICAgICAgMCwKICAgICAgICAgICAgICAgICAgICAgIChMUFRTVFIpICZscE1zZ0J1ZiwKICAgICAgICAgICAgICAgICAgICAgIDAsCiAgICAgICAgICAgICAgICAgICAgICBOVUxMKTsKCiAgICAgICAgTWVzc2FnZUJveChOVUxMLCBscE1zZ0J1Ziwgc3pUaXRsZSwgTUJfT0sgfCBNQl9JQ09ORVJST1IpOwogICAgICAgIExvY2FsRnJlZShscE1zZ0J1Zik7CiAgICB9Cn0KLy8gUFY6RU5EQ09ORAovKioKICogU2V0cyB0aGUgY2FwdGlvbiBvZiB0aGUgbWFpbiB3aW5kb3cgYWNjb3JkaW5nIHRvIEdsb2JhbHMuc3pGaWxlVGl0bGU6CiAqICAgICh1bnRpdGxlZCkgLSBOb3RlcGFkICAgICAgaWYgbm8gZmlsZSBpcyBvcGVuCiAqICAgIFtmaWxlbmFtZV0gLSBOb3RlcGFkICAgICAgaWYgYSBmaWxlIGlzIGdpdmVuCiAqLwp2b2lkIFVwZGF0ZVdpbmRvd0NhcHRpb24oQk9PTCBjbGVhck1vZGlmeUFsZXJ0KQp7CiAgICBUQ0hBUiBzekNhcHRpb25bTUFYX1NUUklOR19MRU5dOwogICAgVENIQVIgc3pOb3RlcGFkW01BWF9TVFJJTkdfTEVOXTsKICAgIFRDSEFSIHN6RmlsZW5hbWVbTUFYX1NUUklOR19MRU5dOwovLyBQVjpJRkNPTkQocHY6aGFzRmVhdHVyZSgnV2luZFNwZWVkJykpCiAgICAvKiBMb2FkIHRoZSBuYW1lIG9mIHRoZSBhcHBsaWNhdGlvbiAqLwogICAgTG9hZFN0cmluZyhHbG9iYWxzLmhJbnN0YW5jZSwgU1RSSU5HX05PVEVQQUQsIHN6Tm90ZXBhZCwgQVJSQVlfU0laRShzek5vdGVwYWQpKTsKCiAgICAvKiBEZXRlcm1pbmUgaWYgdGhlIGZpbGUgaGFzIGJlZW4gc2F2ZWQgb3IgaWYgdGhpcyBpcyBhIG5ldyBmaWxlICovCiAgICBpZiAoR2xvYmFscy5zekZpbGVUaXRsZVswXSAhPSAwKQogICAgICAgIFN0cmluZ0NjaENvcHkoc3pGaWxlbmFtZSwgQVJSQVlfU0laRShzekZpbGVuYW1lKSwgR2xvYmFscy5zekZpbGVUaXRsZSk7CiAgICBlbHNlCiAgICAgICAgTG9hZFN0cmluZyhHbG9iYWxzLmhJbnN0YW5jZSwgU1RSSU5HX1VOVElUTEVELCBzekZpbGVuYW1lLCBBUlJBWV9TSVpFKHN6RmlsZW5hbWUpKTsKCiAgICAvKiBXaGVuIGEgZmlsZSBpcyBiZWluZyBvcGVuZWQgb3IgY3JlYXRlZCwgdGhlcmUgaXMgbm8gbmVlZCB0byBoYXZlIHRoZSBlZGl0ZWQgZmxhZyBzaG93bgogICAgICAgd2hlbiB0aGUgbmV3IG9yIG9wZW5lZCBmaWxlIGhhcyBub3QgYmVlbiBlZGl0ZWQgeWV0ICovCiAgICBpZiAoY2xlYXJNb2RpZnlBbGVydCkKICAgICAgICBTdHJpbmdDYlByaW50ZihzekNhcHRpb24sIEFSUkFZX1NJWkUoc3pDYXB0aW9uKSwgX1QoIiVzIC0gJXMiKSwgc3pGaWxlbmFtZSwgc3pOb3RlcGFkKTsKICAgIGVsc2UKICAgIHsKICAgICAgICBCT09MIGlzTW9kaWZpZWQgPSAoU2VuZE1lc3NhZ2UoR2xvYmFscy5oRWRpdCwgRU1fR0VUTU9ESUZZLCAwLCAwKSA/IFRSVUUgOiBGQUxTRSk7CgogICAgICAgIC8qIFVwZGF0ZSB0aGUgY2FwdGlvbiBiYXNlZCB1cG9uIGlmIHRoZSB1c2VyIGhhcyBtb2RpZmllZCB0aGUgY29udGVudHMgb2YgdGhlIGZpbGUgb3Igbm90ICovCiAgICAgICAgU3RyaW5nQ2JQcmludGYoc3pDYXB0aW9uLCBBUlJBWV9TSVpFKHN6Q2FwdGlvbiksIF9UKCIlcyVzIC0gJXMiKSwKICAgICAgICAgICAgKGlzTW9kaWZpZWQgPyBfVCgiKiIpIDogX1QoIiIpKSwgc3pGaWxlbmFtZSwgc3pOb3RlcGFkKTsKICAgIH0KLy8gUFY6IEVORENPTkQKICAgIC8qIFVwZGF0ZSB0aGUgd2luZG93IGNhcHRpb24gKi8KICAgIFNldFdpbmRvd1RleHQoR2xvYmFscy5oTWFpblduZCwgc3pDYXB0aW9uKTsKfQoKaW50IERJQUxPR19TdHJpbmdNc2dCb3goSFdORCBoUGFyZW50LCBpbnQgZm9ybWF0SWQsIExQQ1RTVFIgc3pTdHJpbmcsIERXT1JEIGR3RmxhZ3MpCnsKICAgIFRDSEFSIHN6TWVzc2FnZVtNQVhfU1RSSU5HX0xFTl07CiAgICBUQ0hBUiBzelJlc291cmNlW01BWF9TVFJJTkdfTEVOXTsKCiAgICAvKiBMb2FkIGFuZCBmb3JtYXQgc3pNZXNzYWdlICovCiAgICBMb2FkU3RyaW5nKEdsb2JhbHMuaEluc3RhbmNlLCBmb3JtYXRJZCwgc3pSZXNvdXJjZSwgQVJSQVlfU0laRShzelJlc291cmNlKSk7CiAgICBfc250cHJpbnRmKHN6TWVzc2FnZSwgQVJSQVlfU0laRShzek1lc3NhZ2UpLCBzelJlc291cmNlLCBzelN0cmluZyk7CgogICAgLyogTG9hZCBzekNhcHRpb24gKi8KICAgIGlmICgoZHdGbGFncyAmIE1CX0lDT05NQVNLKSA9PSBNQl9JQ09ORVhDTEFNQVRJT04pCiAgICAgICAgTG9hZFN0cmluZyhHbG9iYWxzLmhJbnN0YW5jZSwgU1RSSU5HX0VSUk9SLCBzelJlc291cmNlLCBBUlJBWV9TSVpFKHN6UmVzb3VyY2UpKTsKICAgIGVsc2UKICAgICAgICBMb2FkU3RyaW5nKEdsb2JhbHMuaEluc3RhbmNlLCBTVFJJTkdfTk9URVBBRCwgc3pSZXNvdXJjZSwgQVJSQVlfU0laRShzelJlc291cmNlKSk7CgogICAgLyogRGlzcGxheSBNb2RhbCBEaWFsb2cgKi8KICAgIC8vIGlmIChoUGFyZW50ID09IE5VTEwpCiAgICAgICAgLy8gaFBhcmVudCA9IEdsb2JhbHMuaE1haW5XbmQ7CiAgICByZXR1cm4gTWVzc2FnZUJveChoUGFyZW50LCBzek1lc3NhZ2UsIHN6UmVzb3VyY2UsIGR3RmxhZ3MpOwp9CgpzdGF0aWMgdm9pZCBBbGVydEZpbGVOb3RGb3VuZChMUENUU1RSIHN6RmlsZU5hbWUpCnsKICAgIERJQUxPR19TdHJpbmdNc2dCb3goR2xvYmFscy5oTWFpblduZCwgU1RSSU5HX05PVEZPVU5ELCBzekZpbGVOYW1lLCBNQl9JQ09ORVhDTEFNQVRJT04gfCBNQl9PSyk7Cn0KCnN0YXRpYyBpbnQgQWxlcnRGaWxlTm90U2F2ZWQoTFBDVFNUUiBzekZpbGVOYW1lKQp7CiAgICBUQ0hBUiBzelVudGl0bGVkW01BWF9TVFJJTkdfTEVOXTsKCiAgICBMb2FkU3RyaW5nKEdsb2JhbHMuaEluc3RhbmNlLCBTVFJJTkdfVU5USVRMRUQsIHN6VW50aXRsZWQsIEFSUkFZX1NJWkUoc3pVbnRpdGxlZCkpOwoKICAgIHJldHVybiBESUFMT0dfU3RyaW5nTXNnQm94KEdsb2JhbHMuaE1haW5XbmQsIFNUUklOR19OT1RTQVZFRCwKICAgICAgICAgICAgICAgICAgICAgICAgICAgICAgIHN6RmlsZU5hbWVbMF0gPyBzekZpbGVOYW1lIDogc3pVbnRpdGxlZCwKICAgICAgICAgICAgICAgICAgICAgICAgICAgICAgIE1CX0lDT05RVUVTVElPTiB8IE1CX1lFU05PQ0FOQ0VMKTsKfQoKc3RhdGljIHZvaWQgQWxlcnRQcmludEVycm9yKHZvaWQpCnsKICAgIFRDSEFSIHN6VW50aXRsZWRbTUFYX1NUUklOR19MRU5dOwoKICAgIExvYWRTdHJpbmcoR2xvYmFscy5oSW5zdGFuY2UsIFNUUklOR19VTlRJVExFRCwgc3pVbnRpdGxlZCwgQVJSQVlfU0laRShzelVudGl0bGVkKSk7CgogICAgRElBTE9HX1N0cmluZ01zZ0JveChHbG9iYWxzLmhNYWluV25kLCBTVFJJTkdfUFJJTlRFUlJPUiwKICAgICAgICAgICAgICAgICAgICAgICAgR2xvYmFscy5zekZpbGVOYW1lWzBdID8gR2xvYmFscy5zekZpbGVOYW1lIDogc3pVbnRpdGxlZCwKICAgICAgICAgICAgICAgICAgICAgICAgTUJfSUNPTkVYQ0xBTUFUSU9OIHwgTUJfT0spOwp9CgovKioKICogUmV0dXJuczoKICogICBUUlVFICAtIGlmIGZpbGUgZXhpc3RzCiAqICAgRkFMU0UgLSBpZiBmaWxlIGRvZXMgbm90IGV4aXN0CiAqLwpCT09MIEZpbGVFeGlzdHMoTFBDVFNUUiBzekZpbGVuYW1lKQp7CiAgICBXSU4zMl9GSU5EX0RBVEEgZW50cnk7CiAgICBIQU5ETEUgaEZpbGU7CgogICAgaEZpbGUgPSBGaW5kRmlyc3RGaWxlKHN6RmlsZW5hbWUsICZlbnRyeSk7CiAgICBGaW5kQ2xvc2UoaEZpbGUpOwoKICAgIHJldHVybiAoaEZpbGUgIT0gSU5WQUxJRF9IQU5ETEVfVkFMVUUpOwp9CgpCT09MIEhhc0ZpbGVFeHRlbnNpb24oTFBDVFNUUiBzekZpbGVuYW1lKQp7CiAgICBMUENUU1RSIHM7CgogICAgcyA9IF90Y3NyY2hyKHN6RmlsZW5hbWUsIF9UKCdcXCcpKTsKICAgIGlmIChzKQogICAgICAgIHN6RmlsZW5hbWUgPSBzOwogICAgcmV0dXJuIF90Y3NyY2hyKHN6RmlsZW5hbWUsIF9UKCcuJykpICE9IE5VTEw7Cn0KCmludCBHZXRTZWxlY3Rpb25UZXh0TGVuZ3RoKEhXTkQgaFduZCkKewogICAgRFdPUkQgZHdTdGFydCA9IDA7CiAgICBEV09SRCBkd0VuZCA9IDA7CgogICAgU2VuZE1lc3NhZ2UoaFduZCwgRU1fR0VUU0VMLCAoV1BBUkFNKSZkd1N0YXJ0LCAoTFBBUkFNKSZkd0VuZCk7CgogICAgcmV0dXJuIGR3RW5kIC0gZHdTdGFydDsKfQoKaW50IEdldFNlbGVjdGlvblRleHQoSFdORCBoV25kLCBMUFRTVFIgbHBTdHJpbmcsIGludCBuTWF4Q291bnQpCnsKICAgIERXT1JEIGR3U3RhcnQgPSAwOwogICAgRFdPUkQgZHdFbmQgPSAwOwogICAgRFdPUkQgZHdTaXplOwogICAgSFJFU1VMVCBoUmVzdWx0OwogICAgTFBUU1RSIGxwVGVtcDsKCiAgICBpZiAoIWxwU3RyaW5nKQogICAgewogICAgICAgIHJldHVybiAwOwogICAgfQovLyBQVjpJRkNPTkQocHY6aGFzRmVhdHVyZSgnVGVtcGVyYXR1cmUnKSBvciBwdjpoYXNGZWF0dXJlKCdHYWxlJykgKQogICAgU2VuZE1lc3NhZ2UoaFduZCwgRU1fR0VUU0VMLCAoV1BBUkFNKSZkd1N0YXJ0LCAoTFBBUkFNKSZkd0VuZCk7CgogICAgaWYgKGR3U3RhcnQgPT0gZHdFbmQpCiAgICB7CiAgICAgICAgcmV0dXJuIDA7CiAgICB9CgogICAgZHdTaXplID0gR2V0V2luZG93VGV4dExlbmd0aChoV25kKSArIDE7CiAgICBscFRlbXAgPSBIZWFwQWxsb2MoR2V0UHJvY2Vzc0hlYXAoKSwgMCwgZHdTaXplICogc2l6ZW9mKFRDSEFSKSk7CiAgICBpZiAoIWxwVGVtcCkKICAgIHsKICAgICAgICByZXR1cm4gMDsKICAgIH0KCiAgICBkd1NpemUgPSBHZXRXaW5kb3dUZXh0KGhXbmQsIGxwVGVtcCwgZHdTaXplKTsKLy9QVjpJRkNPTkQKICAgIGlmICghZHdTaXplKQogICAgewogICAgICAgIEhlYXBGcmVlKEdldFByb2Nlc3NIZWFwKCksIDAsIGxwVGVtcCk7CiAgICAgICAgcmV0dXJuIDA7CiAgICB9CgogICAgaFJlc3VsdCA9IFN0cmluZ0NjaENvcHlOKGxwU3RyaW5nLCBuTWF4Q291bnQsIGxwVGVtcCArIGR3U3RhcnQsIGR3RW5kIC0gZHdTdGFydCk7CiAgICBIZWFwRnJlZShHZXRQcm9jZXNzSGVhcCgpLCAwLCBscFRlbXApOwoKICAgIHN3aXRjaCAoaFJlc3VsdCkKICAgIHsKICAgICAgICBjYXNlIFNfT0s6CiAgICAgICAgewogICAgICAgICAgICByZXR1cm4gZHdFbmQgLSBkd1N0YXJ0OwogICAgICAgIH0KCiAgICAgICAgY2FzZSBTVFJTQUZFX0VfSU5TVUZGSUNJRU5UX0JVRkZFUjoKICAgICAgICB7CiAgICAgICAgICAgIHJldHVybiBuTWF4Q291bnQgLSAxOwogICAgICAgIH0KCiAgICAgICAgZGVmYXVsdDoKICAgICAgICB7CiAgICAgICAgICAgIHJldHVybiAwOwogICAgICAgIH0KICAgIH0KfQoKc3RhdGljIFJFQ1QKR2V0UHJpbnRpbmdSZWN0KEhEQyBoZGMsIFJFQ1QgbWFyZ2lucykKewogICAgaW50IGlMb2dQaXhlbHNYLCBpTG9nUGl4ZWxzWTsKICAgIGludCBpSG9yelJlcywgaVZlcnRSZXM7CiAgICBpbnQgaVBoeXNQYWdlWCwgaVBoeXNQYWdlWSwgaVBoeXNQYWdlVywgaVBoeXNQYWdlSDsKICAgIFJFQ1QgcmNQcmludFJlY3Q7CgogICAgaVBoeXNQYWdlWCA9IEdldERldmljZUNhcHMoaGRjLCBQSFlTSUNBTE9GRlNFVFgpOwogICAgaVBoeXNQYWdlWSA9IEdldERldmljZUNhcHMoaGRjLCBQSFlTSUNBTE9GRlNFVFkpOwogICAgaVBoeXNQYWdlVyA9IEdldERldmljZUNhcHMoaGRjLCBQSFlTSUNBTFdJRFRIKTsKICAgIGlQaHlzUGFnZUggPSBHZXREZXZpY2VDYXBzKGhkYywgUEhZU0lDQUxIRUlHSFQpOwogICAgaUxvZ1BpeGVsc1ggPSBHZXREZXZpY2VDYXBzKGhkYywgTE9HUElYRUxTWCk7CiAgICBpTG9nUGl4ZWxzWSA9IEdldERldmljZUNhcHMoaGRjLCBMT0dQSVhFTFNZKTsKICAgIGlIb3J6UmVzID0gR2V0RGV2aWNlQ2FwcyhoZGMsIEhPUlpSRVMpOwogICAgaVZlcnRSZXMgPSBHZXREZXZpY2VDYXBzKGhkYywgVkVSVFJFUyk7CgogICAgcmNQcmludFJlY3QubGVmdCA9IChtYXJnaW5zLmxlZnQgKiBpTG9nUGl4ZWxzWCAvIDI1NDApIC0gaVBoeXNQYWdlWDsKICAgIHJjUHJpbnRSZWN0LnRvcCA9IChtYXJnaW5zLnRvcCAqIGlMb2dQaXhlbHNZIC8gMjU0MCkgLSBpUGh5c1BhZ2VZOwogICAgcmNQcmludFJlY3QucmlnaHQgPSBpSG9yelJlcyAtICgoKG1hcmdpbnMubGVmdCAqIGlMb2dQaXhlbHNYIC8gMjU0MCkgLSBpUGh5c1BhZ2VYKSArICgobWFyZ2lucy5yaWdodCAqIGlMb2dQaXhlbHNYIC8gMjU0MCkgLSAoaVBoeXNQYWdlVyAtIGlQaHlzUGFnZVggLSBpSG9yelJlcykpKTsKICAgIHJjUHJpbnRSZWN0LmJvdHRvbSA9IGlWZXJ0UmVzIC0gKCgobWFyZ2lucy50b3AgKiBpTG9nUGl4ZWxzWSAvIDI1NDApIC0gaVBoeXNQYWdlWSkgKyAoKG1hcmdpbnMuYm90dG9tICogaUxvZ1BpeGVsc1kgLyAyNTQwKSAtIChpUGh5c1BhZ2VIIC0gaVBoeXNQYWdlWSAtIGlWZXJ0UmVzKSkpOwoKICAgIHJldHVybiByY1ByaW50UmVjdDsKfQoKc3RhdGljIEJPT0wgRG9TYXZlRmlsZShWT0lEKQp7CiAgICBCT09MIGJSZXQgPSBUUlVFOwogICAgSEFORExFIGhGaWxlOwogICAgTFBUU1RSIHBUZW1wOwogICAgRFdPUkQgc2l6ZTsKCiAgICBoRmlsZSA9IENyZWF0ZUZpbGUoR2xvYmFscy5zekZpbGVOYW1lLCBHRU5FUklDX1dSSVRFLCBGSUxFX1NIQVJFX1dSSVRFLAogICAgICAgICAgICAgICAgICAgICAgIE5VTEwsIENSRUFURV9BTFdBWVMsIEZJTEVfQVRUUklCVVRFX05PUk1BTCwgTlVMTCk7CiAgICBpZihoRmlsZSA9PSBJTlZBTElEX0hBTkRMRV9WQUxVRSkKICAgIHsKICAgICAgICBTaG93TGFzdEVycm9yKCk7CiAgICAgICAgcmV0dXJuIEZBTFNFOwogICAgfQoKICAgIHNpemUgPSBHZXRXaW5kb3dUZXh0TGVuZ3RoKEdsb2JhbHMuaEVkaXQpICsgMTsKICAgIHBUZW1wID0gSGVhcEFsbG9jKEdldFByb2Nlc3NIZWFwKCksIDAsIHNpemUgKiBzaXplb2YoKnBUZW1wKSk7CiAgICBpZiAoIXBUZW1wKQogICAgewogICAgICAgIENsb3NlSGFuZGxlKGhGaWxlKTsKICAgICAgICBTaG93TGFzdEVycm9yKCk7CiAgICAgICAgcmV0dXJuIEZBTFNFOwogICAgfQogICAgc2l6ZSA9IEdldFdpbmRvd1RleHQoR2xvYmFscy5oRWRpdCwgcFRlbXAsIHNpemUpOwoKICAgIGlmIChzaXplKQogICAgewogICAgICAgIGlmICghV3JpdGVUZXh0KGhGaWxlLCAoTFBXU1RSKXBUZW1wLCBzaXplLCBHbG9iYWxzLmVuY0ZpbGUsIEdsb2JhbHMuaUVvbG4pKQogICAgICAgIHsKICAgICAgICAgICAgU2hvd0xhc3RFcnJvcigpOwogICAgICAgICAgICBiUmV0ID0gRkFMU0U7CiAgICAgICAgfQogICAgICAgIGVsc2UKICAgICAgICB7CiAgICAgICAgICAgIFNlbmRNZXNzYWdlKEdsb2JhbHMuaEVkaXQsIEVNX1NFVE1PRElGWSwgRkFMU0UsIDApOwogICAgICAgICAgICBiUmV0ID0gVFJVRTsKICAgICAgICB9CiAgICB9CgogICAgQ2xvc2VIYW5kbGUoaEZpbGUpOwogICAgSGVhcEZyZWUoR2V0UHJvY2Vzc0hlYXAoKSwgMCwgcFRlbXApOwogICAgcmV0dXJuIGJSZXQ7Cn0KCi8qKgogKiBSZXR1cm5zOgogKiAgIFRSVUUgIC0gVXNlciBhZ3JlZWQgdG8gY2xvc2UgKGJvdGggc2F2ZS9kb24ndCBzYXZlKQogKiAgIEZBTFNFIC0gVXNlciBjYW5jZWxsZWQgY2xvc2UgYnkgc2VsZWN0aW5nICJDYW5jZWwiCiAqLwpCT09MIERvQ2xvc2VGaWxlKFZPSUQpCnsKICAgIGludCBuUmVzdWx0OwoKICAgIGlmIChTZW5kTWVzc2FnZShHbG9iYWxzLmhFZGl0LCBFTV9HRVRNT0RJRlksIDAsIDApKQogICAgewogICAgICAgIC8qIHByb21wdCB1c2VyIHRvIHNhdmUgY2hhbmdlcyAqLwogICAgICAgIG5SZXN1bHQgPSBBbGVydEZpbGVOb3RTYXZlZChHbG9iYWxzLnN6RmlsZU5hbWUpOwogICAgICAgIHN3aXRjaCAoblJlc3VsdCkKICAgICAgICB7CiAgICAgICAgICAgIGNhc2UgSURZRVM6CiAgICAgICAgICAgICAgICBpZighRElBTE9HX0ZpbGVTYXZlKCkpCiAgICAgICAgICAgICAgICAgICAgcmV0dXJuIEZBTFNFOwogICAgICAgICAgICAgICAgYnJlYWs7CgogICAgICAgICAgICBjYXNlIElETk86CiAgICAgICAgICAgICAgICBicmVhazsKCiAgICAgICAgICAgIGNhc2UgSURDQU5DRUw6CiAgICAgICAgICAgICAgICByZXR1cm4gRkFMU0U7CgogICAgICAgICAgICBkZWZhdWx0OgogICAgICAgICAgICAgICAgcmV0dXJuIEZBTFNFOwogICAgICAgIH0KICAgIH0KCiAgICBTZXRGaWxlTmFtZShlbXB0eV9zdHIpOwogICAgVXBkYXRlV2luZG93Q2FwdGlvbihUUlVFKTsKCiAgICByZXR1cm4gVFJVRTsKfQoKVk9JRCBEb09wZW5GaWxlKExQQ1RTVFIgc3pGaWxlTmFtZSkKewogICAgc3RhdGljIGNvbnN0IFRDSEFSIGRvdGxvZ1tdID0gX1QoIi5MT0ciKTsKICAgIEhBTkRMRSBoRmlsZTsKICAgIExQVFNUUiBwc3pUZXh0ID0gTlVMTDsKICAgIERXT1JEIGR3VGV4dExlbjsKICAgIFRDSEFSIGxvZ1s1XTsKCiAgICAvKiBDbG9zZSBhbnkgZmlsZXMgYW5kIHByb21wdCB0byBzYXZlIGNoYW5nZXMgKi8KICAgIGlmICghRG9DbG9zZUZpbGUoKSkKICAgICAgICByZXR1cm47CgogICAgaEZpbGUgPSBDcmVhdGVGaWxlKHN6RmlsZU5hbWUsIEdFTkVSSUNfUkVBRCwgRklMRV9TSEFSRV9SRUFEIHwgRklMRV9TSEFSRV9XUklURSwgTlVMTCwKICAgICAgICAgICAgICAgICAgICAgICBPUEVOX0FMV0FZUywgRklMRV9BVFRSSUJVVEVfTk9STUFMLCBOVUxMKTsKICAgIGlmIChoRmlsZSA9PSBJTlZBTElEX0hBTkRMRV9WQUxVRSkKICAgIHsKICAgICAgICBTaG93TGFzdEVycm9yKCk7CiAgICAgICAgZ290byBkb25lOwogICAgfQoKICAgIGlmICghUmVhZFRleHQoaEZpbGUsIChMUFdTVFIgKikmcHN6VGV4dCwgJmR3VGV4dExlbiwgJkdsb2JhbHMuZW5jRmlsZSwgJkdsb2JhbHMuaUVvbG4pKQogICAgewogICAgICAgIFNob3dMYXN0RXJyb3IoKTsKICAgICAgICBnb3RvIGRvbmU7CiAgICB9CiAgICBTZXRXaW5kb3dUZXh0KEdsb2JhbHMuaEVkaXQsIHBzelRleHQpOwoKICAgIFNlbmRNZXNzYWdlKEdsb2JhbHMuaEVkaXQsIEVNX1NFVE1PRElGWSwgRkFMU0UsIDApOwogICAgU2VuZE1lc3NhZ2UoR2xvYmFscy5oRWRpdCwgRU1fRU1QVFlVTkRPQlVGRkVSLCAwLCAwKTsKICAgIFNldEZvY3VzKEdsb2JhbHMuaEVkaXQpOwoKICAgIC8qICBJZiB0aGUgZmlsZSBzdGFydHMgd2l0aCAuTE9HLCBhZGQgYSB0aW1lL2RhdGUgYXQgdGhlIGVuZCBhbmQgc2V0IGN1cnNvciBhZnRlcgogICAgICogIFNlZSBodHRwOi8vc3VwcG9ydC5taWNyb3NvZnQuY29tLz9rYmlkPTI2MDU2MwogICAgICovCiAgICBpZiAoR2V0V2luZG93VGV4dChHbG9iYWxzLmhFZGl0LCBsb2csIEFSUkFZX1NJWkUobG9nKSkgJiYgIV90Y3NjbXAobG9nLCBkb3Rsb2cpKQogICAgewogICAgICAgIHN0YXRpYyBjb25zdCBUQ0hBUiBsZltdID0gX1QoIlxyXG4iKTsKICAgICAgICBTZW5kTWVzc2FnZShHbG9iYWxzLmhFZGl0LCBFTV9TRVRTRUwsIEdldFdpbmRvd1RleHRMZW5ndGgoR2xvYmFscy5oRWRpdCksIC0xKTsKICAgICAgICBTZW5kTWVzc2FnZShHbG9iYWxzLmhFZGl0LCBFTV9SRVBMQUNFU0VMLCBUUlVFLCAoTFBBUkFNKWxmKTsKICAgICAgICBESUFMT0dfRWRpdFRpbWVEYXRlKCk7CiAgICAgICAgU2VuZE1lc3NhZ2UoR2xvYmFscy5oRWRpdCwgRU1fUkVQTEFDRVNFTCwgVFJVRSwgKExQQVJBTSlsZik7CiAgICB9CgogICAgU2V0RmlsZU5hbWUoc3pGaWxlTmFtZSk7CiAgICBVcGRhdGVXaW5kb3dDYXB0aW9uKFRSVUUpOwogICAgTk9URVBBRF9FbmFibGVTZWFyY2hNZW51KCk7CmRvbmU6CiAgICBpZiAoaEZpbGUgIT0gSU5WQUxJRF9IQU5ETEVfVkFMVUUpCiAgICAgICAgQ2xvc2VIYW5kbGUoaEZpbGUpOwogICAgaWYgKHBzelRleHQpCiAgICAgICAgSGVhcEZyZWUoR2V0UHJvY2Vzc0hlYXAoKSwgMCwgcHN6VGV4dCk7Cn0KClZPSUQgRElBTE9HX0ZpbGVOZXcoVk9JRCkKewogICAgLyogQ2xvc2UgYW55IGZpbGVzIGFuZCBwcm9tcHQgdG8gc2F2ZSBjaGFuZ2VzICovCiAgICBpZiAoRG9DbG9zZUZpbGUoKSkgewogICAgICAgIFNldFdpbmRvd1RleHQoR2xvYmFscy5oRWRpdCwgZW1wdHlfc3RyKTsKICAgICAgICBTZW5kTWVzc2FnZShHbG9iYWxzLmhFZGl0LCBFTV9FTVBUWVVORE9CVUZGRVIsIDAsIDApOwogICAgICAgIFNldEZvY3VzKEdsb2JhbHMuaEVkaXQpOwogICAgICAgIE5PVEVQQURfRW5hYmxlU2VhcmNoTWVudSgpOwogICAgfQp9CgpWT0lEIERJQUxPR19GaWxlT3BlbihWT0lEKQp7CiAgICBPUEVORklMRU5BTUUgb3BlbmZpbGVuYW1lOwogICAgVENIQVIgc3pQYXRoW01BWF9QQVRIXTsKCiAgICBaZXJvTWVtb3J5KCZvcGVuZmlsZW5hbWUsIHNpemVvZihvcGVuZmlsZW5hbWUpKTsKCiAgICBpZiAoR2xvYmFscy5zekZpbGVOYW1lWzBdID09IDApCiAgICAgICAgX3Rjc2NweShzelBhdGgsIHR4dF9maWxlcyk7CiAgICBlbHNlCiAgICAgICAgX3Rjc2NweShzelBhdGgsIEdsb2JhbHMuc3pGaWxlTmFtZSk7CgogICAgb3BlbmZpbGVuYW1lLmxTdHJ1Y3RTaXplID0gc2l6ZW9mKG9wZW5maWxlbmFtZSk7CiAgICBvcGVuZmlsZW5hbWUuaHduZE93bmVyID0gR2xvYmFscy5oTWFpblduZDsKICAgIG9wZW5maWxlbmFtZS5oSW5zdGFuY2UgPSBHbG9iYWxzLmhJbnN0YW5jZTsKICAgIG9wZW5maWxlbmFtZS5scHN0ckZpbHRlciA9IEdsb2JhbHMuc3pGaWx0ZXI7CiAgICBvcGVuZmlsZW5hbWUubHBzdHJGaWxlID0gc3pQYXRoOwogICAgb3BlbmZpbGVuYW1lLm5NYXhGaWxlID0gQVJSQVlfU0laRShzelBhdGgpOwogICAgb3BlbmZpbGVuYW1lLkZsYWdzID0gT0ZOX0ZJTEVNVVNURVhJU1QgfCBPRk5fUEFUSE1VU1RFWElTVCB8IE9GTl9ISURFUkVBRE9OTFk7CiAgICBvcGVuZmlsZW5hbWUubHBzdHJEZWZFeHQgPSBzekRlZmF1bHRFeHQ7CgogICAgaWYgKEdldE9wZW5GaWxlTmFtZSgmb3BlbmZpbGVuYW1lKSkgewogICAgICAgIGlmIChGaWxlRXhpc3RzKG9wZW5maWxlbmFtZS5scHN0ckZpbGUpKQogICAgICAgICAgICBEb09wZW5GaWxlKG9wZW5maWxlbmFtZS5scHN0ckZpbGUpOwogICAgICAgIGVsc2UKICAgICAgICAgICAgQWxlcnRGaWxlTm90Rm91bmQob3BlbmZpbGVuYW1lLmxwc3RyRmlsZSk7CiAgICB9Cn0KCkJPT0wgRElBTE9HX0ZpbGVTYXZlKFZPSUQpCnsKICAgIGlmIChHbG9iYWxzLnN6RmlsZU5hbWVbMF0gPT0gMCkKICAgIHsKICAgICAgICByZXR1cm4gRElBTE9HX0ZpbGVTYXZlQXMoKTsKICAgIH0KICAgIGVsc2UgaWYgKERvU2F2ZUZpbGUoKSkKICAgIHsKICAgICAgICBVcGRhdGVXaW5kb3dDYXB0aW9uKFRSVUUpOwogICAgICAgIHJldHVybiBUUlVFOwogICAgfQogICAgcmV0dXJuIEZBTFNFOwp9CgpzdGF0aWMgVUlOVF9QVFIKQ0FMTEJBQ0sKRElBTE9HX0ZpbGVTYXZlQXNfSG9vayhIV05EIGhEbGcsIFVJTlQgbXNnLCBXUEFSQU0gd1BhcmFtLCBMUEFSQU0gbFBhcmFtKQp7CiAgICBUQ0hBUiBzelRleHRbMTI4XTsKICAgIEhXTkQgaENvbWJvOwoKICAgIFVOUkVGRVJFTkNFRF9QQVJBTUVURVIod1BhcmFtKTsKCiAgICBzd2l0Y2gobXNnKQogICAgewogICAgICAgIGNhc2UgV01fSU5JVERJQUxPRzoKICAgICAgICAgICAgaENvbWJvID0gR2V0RGxnSXRlbShoRGxnLCBJRF9FTkNPRElORyk7CgogICAgICAgICAgICBMb2FkU3RyaW5nKEdsb2JhbHMuaEluc3RhbmNlLCBTVFJJTkdfQU5TSSwgc3pUZXh0LCBBUlJBWV9TSVpFKHN6VGV4dCkpOwogICAgICAgICAgICBTZW5kTWVzc2FnZShoQ29tYm8sIENCX0FERFNUUklORywgMCwgKExQQVJBTSkgc3pUZXh0KTsKCiAgICAgICAgICAgIExvYWRTdHJpbmcoR2xvYmFscy5oSW5zdGFuY2UsIFNUUklOR19VTklDT0RFLCBzelRleHQsIEFSUkFZX1NJWkUoc3pUZXh0KSk7CiAgICAgICAgICAgIFNlbmRNZXNzYWdlKGhDb21ibywgQ0JfQUREU1RSSU5HLCAwLCAoTFBBUkFNKSBzelRleHQpOwoKICAgICAgICAgICAgTG9hZFN0cmluZyhHbG9iYWxzLmhJbnN0YW5jZSwgU1RSSU5HX1VOSUNPREVfQkUsIHN6VGV4dCwgQVJSQVlfU0laRShzelRleHQpKTsKICAgICAgICAgICAgU2VuZE1lc3NhZ2UoaENvbWJvLCBDQl9BRERTVFJJTkcsIDAsIChMUEFSQU0pIHN6VGV4dCk7CgogICAgICAgICAgICBMb2FkU3RyaW5nKEdsb2JhbHMuaEluc3RhbmNlLCBTVFJJTkdfVVRGOCwgc3pUZXh0LCBBUlJBWV9TSVpFKHN6VGV4dCkpOwogICAgICAgICAgICBTZW5kTWVzc2FnZShoQ29tYm8sIENCX0FERFNUUklORywgMCwgKExQQVJBTSkgc3pUZXh0KTsKCiAgICAgICAgICAgIFNlbmRNZXNzYWdlKGhDb21ibywgQ0JfU0VUQ1VSU0VMLCBHbG9iYWxzLmVuY0ZpbGUsIDApOwoKICAgICAgICAgICAgaENvbWJvID0gR2V0RGxnSXRlbShoRGxnLCBJRF9FT0xOKTsKCiAgICAgICAgICAgIExvYWRTdHJpbmcoR2xvYmFscy5oSW5zdGFuY2UsIFNUUklOR19DUkxGLCBzelRleHQsIEFSUkFZX1NJWkUoc3pUZXh0KSk7CiAgICAgICAgICAgIFNlbmRNZXNzYWdlKGhDb21ibywgQ0JfQUREU1RSSU5HLCAwLCAoTFBBUkFNKSBzelRleHQpOwoKICAgICAgICAgICAgTG9hZFN0cmluZyhHbG9iYWxzLmhJbnN0YW5jZSwgU1RSSU5HX0xGLCBzelRleHQsIEFSUkFZX1NJWkUoc3pUZXh0KSk7CiAgICAgICAgICAgIFNlbmRNZXNzYWdlKGhDb21ibywgQ0JfQUREU1RSSU5HLCAwLCAoTFBBUkFNKSBzelRleHQpOwoKICAgICAgICAgICAgTG9hZFN0cmluZyhHbG9iYWxzLmhJbnN0YW5jZSwgU1RSSU5HX0NSLCBzelRleHQsIEFSUkFZX1NJWkUoc3pUZXh0KSk7CiAgICAgICAgICAgIFNlbmRNZXNzYWdlKGhDb21ibywgQ0JfQUREU1RSSU5HLCAwLCAoTFBBUkFNKSBzelRleHQpOwoKICAgICAgICAgICAgU2VuZE1lc3NhZ2UoaENvbWJvLCBDQl9TRVRDVVJTRUwsIEdsb2JhbHMuaUVvbG4sIDApOwogICAgICAgICAgICBicmVhazsKCiAgICAgICAgY2FzZSBXTV9OT1RJRlk6CiAgICAgICAgICAgIGlmICgoKE5NSERSICopIGxQYXJhbSktPmNvZGUgPT0gQ0ROX0ZJTEVPSykKICAgICAgICAgICAgewogICAgICAgICAgICAgICAgaENvbWJvID0gR2V0RGxnSXRlbShoRGxnLCBJRF9FTkNPRElORyk7CiAgICAgICAgICAgICAgICBpZiAoaENvbWJvKQogICAgICAgICAgICAgICAgICAgIEdsb2JhbHMuZW5jRmlsZSA9IChpbnQpIFNlbmRNZXNzYWdlKGhDb21ibywgQ0JfR0VUQ1VSU0VMLCAwLCAwKTsKCiAgICAgICAgICAgICAgICBoQ29tYm8gPSBHZXREbGdJdGVtKGhEbGcsIElEX0VPTE4pOwogICAgICAgICAgICAgICAgaWYgKGhDb21ibykKICAgICAgICAgICAgICAgICAgICBHbG9iYWxzLmlFb2xuID0gKGludCkgU2VuZE1lc3NhZ2UoaENvbWJvLCBDQl9HRVRDVVJTRUwsIDAsIDApOwogICAgICAgICAgICB9CiAgICAgICAgICAgIGJyZWFrOwogICAgfQogICAgcmV0dXJuIDA7Cn0KCkJPT0wgRElBTE9HX0ZpbGVTYXZlQXMoVk9JRCkKewogICAgT1BFTkZJTEVOQU1FIHNhdmVhczsKICAgIFRDSEFSIHN6UGF0aFtNQVhfUEFUSF07CgogICAgWmVyb01lbW9yeSgmc2F2ZWFzLCBzaXplb2Yoc2F2ZWFzKSk7CgogICAgaWYgKEdsb2JhbHMuc3pGaWxlTmFtZVswXSA9PSAwKQogICAgICAgIF90Y3NjcHkoc3pQYXRoLCB0eHRfZmlsZXMpOwogICAgZWxzZQogICAgICAgIF90Y3NjcHkoc3pQYXRoLCBHbG9iYWxzLnN6RmlsZU5hbWUpOwoKICAgIHNhdmVhcy5sU3RydWN0U2l6ZSA9IHNpemVvZihPUEVORklMRU5BTUUpOwogICAgc2F2ZWFzLmh3bmRPd25lciA9IEdsb2JhbHMuaE1haW5XbmQ7CiAgICBzYXZlYXMuaEluc3RhbmNlID0gR2xvYmFscy5oSW5zdGFuY2U7CiAgICBzYXZlYXMubHBzdHJGaWx0ZXIgPSBHbG9iYWxzLnN6RmlsdGVyOwogICAgc2F2ZWFzLmxwc3RyRmlsZSA9IHN6UGF0aDsKICAgIHNhdmVhcy5uTWF4RmlsZSA9IEFSUkFZX1NJWkUoc3pQYXRoKTsKICAgIHNhdmVhcy5GbGFncyA9IE9GTl9QQVRITVVTVEVYSVNUIHwgT0ZOX09WRVJXUklURVBST01QVCB8IE9GTl9ISURFUkVBRE9OTFkgfAogICAgICAgICAgICAgICAgICAgT0ZOX0VYUExPUkVSIHwgT0ZOX0VOQUJMRVRFTVBMQVRFIHwgT0ZOX0VOQUJMRUhPT0s7CiAgICBzYXZlYXMubHBzdHJEZWZFeHQgPSBzekRlZmF1bHRFeHQ7CiAgICBzYXZlYXMubHBUZW1wbGF0ZU5hbWUgPSBNQUtFSU5UUkVTT1VSQ0UoRElBTE9HX0VOQ09ESU5HKTsKICAgIHNhdmVhcy5scGZuSG9vayA9IERJQUxPR19GaWxlU2F2ZUFzX0hvb2s7CgogICAgaWYgKEdldFNhdmVGaWxlTmFtZSgmc2F2ZWFzKSkKICAgIHsKICAgICAgICAvKiBIQUNLOiBCZWNhdXNlIGluIFJPUywgU2F2ZS1BcyBib3hlcyBkb24ndCBjaGVjayB0aGUgdmFsaWRpdHkKICAgICAgICAgKiBvZiBmaWxlIG5hbWVzIGFuZCB0aHVzLCBoZXJlLCBzelBhdGggY2FuIGJlIGludmFsaWQgISEgV2Ugb25seQogICAgICAgICAqIHNlZSBpdHMgdmFsaWRpdHkgd2hlbiB3ZSBjYWxsIERvU2F2ZUZpbGUoKS4uLiAqLwogICAgICAgIFNldEZpbGVOYW1lKHN6UGF0aCk7CiAgICAgICAgaWYgKERvU2F2ZUZpbGUoKSkKICAgICAgICB7CiAgICAgICAgICAgIFVwZGF0ZVdpbmRvd0NhcHRpb24oVFJVRSk7CiAgICAgICAgICAgIHJldHVybiBUUlVFOwogICAgICAgIH0KICAgICAgICBlbHNlCiAgICAgICAgewogICAgICAgICAgICBTZXRGaWxlTmFtZShfVCgiIikpOwogICAgICAgICAgICByZXR1cm4gRkFMU0U7CiAgICAgICAgfQogICAgfQogICAgZWxzZQogICAgewogICAgICAgIHJldHVybiBGQUxTRTsKICAgIH0KfQoKVk9JRCBESUFMT0dfRmlsZVByaW50KFZPSUQpCnsKICAgIERPQ0lORk8gZGk7CiAgICBURVhUTUVUUklDIHRtOwogICAgUFJJTlRETEcgcHJpbnRlcjsKICAgIFNJWkUgc3pNZXRyaWM7CiAgICBpbnQgYm9yZGVyOwogICAgaW50IHhMZWZ0LCB5VG9wLCBwYWdlY291bnQsIGRvcGFnZSwgY29weWNvdW50OwogICAgdW5zaWduZWQgaW50IGk7CiAgICBMT0dGT05UIGhkckZvbnQ7CiAgICBIRk9OVCBmb250LCBvbGRfZm9udD0wOwogICAgRFdPUkQgc2l6ZTsKICAgIExQVFNUUiBwVGVtcDsKICAgIHN0YXRpYyBjb25zdCBUQ0hBUiB0aW1lc19uZXdfcm9tYW5bXSA9IF9UKCJUaW1lcyBOZXcgUm9tYW4iKTsKICAgIFJFQ1QgcmNQcmludFJlY3Q7CgogICAgLyogR2V0IGEgc21hbGwgZm9udCBhbmQgcHJpbnQgc29tZSBoZWFkZXIgaW5mbyBvbiBlYWNoIHBhZ2UgKi8KICAgIFplcm9NZW1vcnkoJmhkckZvbnQsIHNpemVvZihoZHJGb250KSk7CiAgICBoZHJGb250LmxmSGVpZ2h0ID0gMTAwOwogICAgaGRyRm9udC5sZldlaWdodCA9IEZXX0JPTEQ7CiAgICBoZHJGb250LmxmQ2hhclNldCA9IEFOU0lfQ0hBUlNFVDsKICAgIGhkckZvbnQubGZPdXRQcmVjaXNpb24gPSBPVVRfREVGQVVMVF9QUkVDSVM7CiAgICBoZHJGb250LmxmQ2xpcFByZWNpc2lvbiA9IENMSVBfREVGQVVMVF9QUkVDSVM7CiAgICBoZHJGb250LmxmUXVhbGl0eSA9IFBST09GX1FVQUxJVFk7CiAgICBoZHJGb250LmxmUGl0Y2hBbmRGYW1pbHkgPSBWQVJJQUJMRV9QSVRDSCB8IEZGX1JPTUFOOwogICAgX3Rjc2NweShoZHJGb250LmxmRmFjZU5hbWUsIHRpbWVzX25ld19yb21hbik7CgogICAgZm9udCA9IENyZWF0ZUZvbnRJbmRpcmVjdCgmaGRyRm9udCk7CgogICAgLyogR2V0IEN1cnJlbnQgU2V0dGluZ3MgKi8KICAgIFplcm9NZW1vcnkoJnByaW50ZXIsIHNpemVvZihwcmludGVyKSk7CiAgICBwcmludGVyLmxTdHJ1Y3RTaXplID0gc2l6ZW9mKHByaW50ZXIpOwogICAgcHJpbnRlci5od25kT3duZXIgPSBHbG9iYWxzLmhNYWluV25kOwogICAgcHJpbnRlci5oSW5zdGFuY2UgPSBHbG9iYWxzLmhJbnN0YW5jZTsKCiAgICAvKiBTZXQgc29tZSBkZWZhdWx0IGZsYWdzICovCiAgICBwcmludGVyLkZsYWdzID0gUERfUkVUVVJOREMgfCBQRF9TRUxFQ1RJT047CgogICAgLyogRGlzYWJsZSB0aGUgc2VsZWN0aW9uIHJhZGlvIGJ1dHRvbiBpZiB0aGVyZSBpcyBubyB0ZXh0IHNlbGVjdGVkICovCiAgICBpZiAoIUdldFNlbGVjdGlvblRleHRMZW5ndGgoR2xvYmFscy5oRWRpdCkpCiAgICB7CiAgICAgICAgcHJpbnRlci5GbGFncyA9IHByaW50ZXIuRmxhZ3MgfCBQRF9OT1NFTEVDVElPTjsKICAgIH0KCiAgICBwcmludGVyLm5Gcm9tUGFnZSA9IDA7CiAgICBwcmludGVyLm5NaW5QYWdlID0gMTsKICAgIC8qIHdlIHJlYWxseSBuZWVkIHRvIGNhbGN1bGF0ZSBudW1iZXIgb2YgcGFnZXMgdG8gc2V0IG5NYXhQYWdlIGFuZCBuVG9QYWdlICovCiAgICBwcmludGVyLm5Ub1BhZ2UgPSAoV09SRCktMTsKICAgIHByaW50ZXIubk1heFBhZ2UgPSAoV09SRCktMTsKCiAgICAvKiBMZXQgY29tbWRsZyBtYW5hZ2UgY29weSBzZXR0aW5ncyAqLwogICAgcHJpbnRlci5uQ29waWVzID0gKFdPUkQpUERfVVNFREVWTU9ERUNPUElFUzsKCiAgICBwcmludGVyLmhEZXZNb2RlID0gR2xvYmFscy5oRGV2TW9kZTsKICAgIHByaW50ZXIuaERldk5hbWVzID0gR2xvYmFscy5oRGV2TmFtZXM7CgogICAgaWYgKCFQcmludERsZygmcHJpbnRlcikpCiAgICB7CiAgICAgICAgRGVsZXRlT2JqZWN0KGZvbnQpOwogICAgICAgIHJldHVybjsKICAgIH0KCiAgICBHbG9iYWxzLmhEZXZNb2RlID0gcHJpbnRlci5oRGV2TW9kZTsKICAgIEdsb2JhbHMuaERldk5hbWVzID0gcHJpbnRlci5oRGV2TmFtZXM7CgogICAgYXNzZXJ0KHByaW50ZXIuaERDICE9IDApOwoKICAgIC8qIGluaXRpYWxpemUgRE9DSU5GTyAqLwogICAgZGkuY2JTaXplID0gc2l6ZW9mKERPQ0lORk8pOwogICAgZGkubHBzekRvY05hbWUgPSBHbG9iYWxzLnN6RmlsZVRpdGxlOwogICAgZGkubHBzek91dHB1dCA9IE5VTEw7CiAgICBkaS5scHN6RGF0YXR5cGUgPSBOVUxMOwogICAgZGkuZndUeXBlID0gMDsKCiAgICBpZiAoU3RhcnREb2MocHJpbnRlci5oREMsICZkaSkgPD0gMCkKICAgIHsKICAgICAgICBEZWxldGVPYmplY3QoZm9udCk7CiAgICAgICAgcmV0dXJuOwogICAgfQoKCiAgICAvKiBHZXQgdGhlIGZpbGUgdGV4dCAqLwogICAgaWYgKHByaW50ZXIuRmxhZ3MgJiBQRF9TRUxFQ1RJT04pCiAgICB7CiAgICAgICAgc2l6ZSA9IEdldFNlbGVjdGlvblRleHRMZW5ndGgoR2xvYmFscy5oRWRpdCkgKyAxOwogICAgfQogICAgZWxzZQogICAgewogICAgICAgIHNpemUgPSBHZXRXaW5kb3dUZXh0TGVuZ3RoKEdsb2JhbHMuaEVkaXQpICsgMTsKICAgIH0KCiAgICBwVGVtcCA9IEhlYXBBbGxvYyhHZXRQcm9jZXNzSGVhcCgpLCAwLCBzaXplICogc2l6ZW9mKFRDSEFSKSk7CiAgICBpZiAoIXBUZW1wKQogICAgewogICAgICAgIEVuZERvYyhwcmludGVyLmhEQyk7CiAgICAgICAgRGVsZXRlT2JqZWN0KGZvbnQpOwogICAgICAgIFNob3dMYXN0RXJyb3IoKTsKICAgICAgICByZXR1cm47CiAgICB9CgogICAgaWYgKHByaW50ZXIuRmxhZ3MgJiBQRF9TRUxFQ1RJT04pCiAgICB7CiAgICAgICAgc2l6ZSA9IEdldFNlbGVjdGlvblRleHQoR2xvYmFscy5oRWRpdCwgcFRlbXAsIHNpemUpOwogICAgfQogICAgZWxzZQogICAgewogICAgICAgIHNpemUgPSBHZXRXaW5kb3dUZXh0KEdsb2JhbHMuaEVkaXQsIHBUZW1wLCBzaXplKTsKICAgIH0KCiAgICAvKiBHZXQgdGhlIGN1cnJlbnQgcHJpbnRpbmcgYXJlYSAqLwogICAgcmNQcmludFJlY3QgPSBHZXRQcmludGluZ1JlY3QocHJpbnRlci5oREMsIEdsb2JhbHMubE1hcmdpbnMpOwoKICAgIC8qIEVuc3VyZSB0aGF0IGVhY2ggbG9naWNhbCB1bml0IG1hcHMgdG8gb25lIHBpeGVsICovCiAgICBTZXRNYXBNb2RlKHByaW50ZXIuaERDLCBNTV9URVhUKTsKCiAgICAvKiBOZWVkZWQgdG8gZ2V0IHRoZSBjb3JyZWN0IGhlaWdodCBvZiBhIHRleHQgbGluZSAqLwogICAgR2V0VGV4dE1ldHJpY3MocHJpbnRlci5oREMsICZ0bSk7CgogICAgYm9yZGVyID0gMTU7CiAgICBmb3IgKGNvcHljb3VudD0xOyBjb3B5Y291bnQgPD0gcHJpbnRlci5uQ29waWVzOyBjb3B5Y291bnQrKykgewogICAgICAgIGkgPSAwOwogICAgICAgIHBhZ2Vjb3VudCA9IDE7CiAgICAgICAgZG8gewogICAgICAgICAgICAvKiBEb24ndCBzdGFydCBhIHBhZ2UgaWYgbm9uZSBvZiB0aGUgY29uZGl0aW9ucyBiZWxvdyBhcmUgdHJ1ZSAqLwogICAgICAgICAgICBkb3BhZ2UgPSAwOwoKICAgICAgICAgICAgLyogVGhlIHVzZXIgd2FudHMgdG8gcHJpbnQgdGhlIGN1cnJlbnQgc2VsZWN0aW9uICovCiAgICAgICAgICAgIGlmIChwcmludGVyLkZsYWdzICYgUERfU0VMRUNUSU9OKQogICAgICAgICAgICB7CiAgICAgICAgICAgICAgICBkb3BhZ2UgPSAxOwogICAgICAgICAgICB9CgogICAgICAgICAgICAvKiBUaGUgdXNlciB3YW50cyB0byBwcmludCB0aGUgZW50aXJlIGRvY3VtZW50ICovCiAgICAgICAgICAgIGlmICghKHByaW50ZXIuRmxhZ3MgJiBQRF9QQUdFTlVNUykgJiYgIShwcmludGVyLkZsYWdzICYgUERfU0VMRUNUSU9OKSkKICAgICAgICAgICAgewogICAgICAgICAgICAgICAgZG9wYWdlID0gMTsKICAgICAgICAgICAgfQoKICAgICAgICAgICAgLyogVGhlIHVzZXIgd2FudHMgdG8gcHJpbnQgYSBzcGVjaWZpZWQgcmFuZ2Ugb2YgcGFnZXMgKi8KICAgICAgICAgICAgaWYgKChwYWdlY291bnQgPj0gcHJpbnRlci5uRnJvbVBhZ2UgJiYgcGFnZWNvdW50IDw9IHByaW50ZXIublRvUGFnZSkpCiAgICAgICAgICAgIHsKICAgICAgICAgICAgICAgIGRvcGFnZSA9IDE7CiAgICAgICAgICAgIH0KCiAgICAgICAgICAgIG9sZF9mb250ID0gU2VsZWN0T2JqZWN0KHByaW50ZXIuaERDLCBmb250KTsKCiAgICAgICAgICAgIGlmIChkb3BhZ2UpIHsKICAgICAgICAgICAgICAgIGlmIChTdGFydFBhZ2UocHJpbnRlci5oREMpIDw9IDApIHsKICAgICAgICAgICAgICAgICAgICBTZWxlY3RPYmplY3QocHJpbnRlci5oREMsIG9sZF9mb250KTsKICAgICAgICAgICAgICAgICAgICBFbmREb2MocHJpbnRlci5oREMpOwogICAgICAgICAgICAgICAgICAgIERlbGV0ZURDKHByaW50ZXIuaERDKTsKICAgICAgICAgICAgICAgICAgICBIZWFwRnJlZShHZXRQcm9jZXNzSGVhcCgpLCAwLCBwVGVtcCk7CiAgICAgICAgICAgICAgICAgICAgRGVsZXRlT2JqZWN0KGZvbnQpOwogICAgICAgICAgICAgICAgICAgIEFsZXJ0UHJpbnRFcnJvcigpOwogICAgICAgICAgICAgICAgICAgIHJldHVybjsKICAgICAgICAgICAgICAgIH0KCiAgICAgICAgICAgICAgICBTZXRWaWV3cG9ydE9yZ0V4KHByaW50ZXIuaERDLCByY1ByaW50UmVjdC5sZWZ0LCByY1ByaW50UmVjdC50b3AsIE5VTEwpOwoKICAgICAgICAgICAgICAgIC8qIFdyaXRlIGEgcmVjdGFuZ2xlIGFuZCBoZWFkZXIgYXQgdGhlIHRvcCBvZiBlYWNoIHBhZ2UgKi8KICAgICAgICAgICAgICAgIFJlY3RhbmdsZShwcmludGVyLmhEQywgYm9yZGVyLCBib3JkZXIsIHJjUHJpbnRSZWN0LnJpZ2h0IC0gYm9yZGVyLCBib3JkZXIgKyB0bS50bUhlaWdodCAqIDIpOwogICAgICAgICAgICAgICAgLyogSSBkb24ndCBrbm93IHdoYXQncyB1cCB3aXRoIHRoaXMgVGV4dE91dCBjb21tYW5kLiBUaGlzIGNvbWVzIG91dAogICAgICAgICAgICAgICAga2luZCBvZiBtYW5nbGVkLgogICAgICAgICAgICAgICAgKi8KICAgICAgICAgICAgICAgIFRleHRPdXQocHJpbnRlci5oREMsCiAgICAgICAgICAgICAgICAgICAgICAgIGJvcmRlciAqIDIsCiAgICAgICAgICAgICAgICAgICAgICAgIGJvcmRlciArIHRtLnRtSGVpZ2h0IC8gMiwKICAgICAgICAgICAgICAgICAgICAgICAgR2xvYmFscy5zekZpbGVUaXRsZSwKICAgICAgICAgICAgICAgICAgICAgICAgbHN0cmxlbihHbG9iYWxzLnN6RmlsZVRpdGxlKSk7CiAgICAgICAgICAgIH0KCiAgICAgICAgICAgIC8qIFRoZSBzdGFydGluZyBwb2ludCBmb3IgdGhlIG1haW4gdGV4dCAqLwogICAgICAgICAgICB4TGVmdCA9IDA7CiAgICAgICAgICAgIHlUb3AgPSBib3JkZXIgKyB0bS50bUhlaWdodCAqIDQ7CgogICAgICAgICAgICBTZWxlY3RPYmplY3QocHJpbnRlci5oREMsIG9sZF9mb250KTsKCiAgICAgICAgICAgIC8qIFNpbmNlIG91dHB1dHRpbmcgc3RyaW5ncyBpcyBnaXZpbmcgbWUgcHJvYmxlbXMsIG91dHB1dCB0aGUgbWFpbgogICAgICAgICAgICAgKiB0ZXh0IG9uZSBjaGFyYWN0ZXIgYXQgYSB0aW1lLiAqLwogICAgICAgICAgICBkbyB7CiAgICAgICAgICAgICAgICBpZiAocFRlbXBbaV0gPT0gJ1xuJykgewogICAgICAgICAgICAgICAgICAgIHhMZWZ0ID0gMDsKICAgICAgICAgICAgICAgICAgICB5VG9wICs9IHRtLnRtSGVpZ2h0OwogICAgICAgICAgICAgICAgfQogICAgICAgICAgICAgICAgZWxzZSBpZiAocFRlbXBbaV0gIT0gJ1xyJykgewogICAgICAgICAgICAgICAgICAgIGlmIChkb3BhZ2UpCiAgICAgICAgICAgICAgICAgICAgICAgIFRleHRPdXQocHJpbnRlci5oREMsIHhMZWZ0LCB5VG9wLCAmcFRlbXBbaV0sIDEpOwoKICAgICAgICAgICAgICAgICAgICAvKiBXZSBuZWVkIHRvIGdldCB0aGUgd2lkdGggZm9yIGVhY2ggaW5kaXZpZHVhbCBjaGFyLCBzaW5jZSBhIHByb3BvcnRpb25hbCBmb250IG1heSBiZSB1c2VkICovCiAgICAgICAgICAgICAgICAgICAgR2V0VGV4dEV4dGVudFBvaW50MzIocHJpbnRlci5oREMsICZwVGVtcFtpXSwgMSwgJnN6TWV0cmljKTsKICAgICAgICAgICAgICAgICAgICB4TGVmdCArPSBzek1ldHJpYy5jeDsKCiAgICAgICAgICAgICAgICAgICAgLyogSW5zZXJ0IGEgbGluZSBicmVhayBpZiB0aGUgY3VycmVudCBsaW5lIGRvZXMgbm90IGZpdCBpbnRvIHRoZSBwcmludGluZyBhcmVhICovCiAgICAgICAgICAgICAgICAgICAgaWYgKHhMZWZ0ID4gcmNQcmludFJlY3QucmlnaHQpCiAgICAgICAgICAgICAgICAgICAgewogICAgICAgICAgICAgICAgICAgICAgICB4TGVmdCA9IDA7CiAgICAgICAgICAgICAgICAgICAgICAgIHlUb3AgPSB5VG9wICsgdG0udG1IZWlnaHQ7CiAgICAgICAgICAgICAgICAgICAgfQogICAgICAgICAgICAgICAgfQogICAgICAgICAgICB9IHdoaWxlIChpKysgPCBzaXplICYmIHlUb3AgPCByY1ByaW50UmVjdC5ib3R0b20pOwoKICAgICAgICAgICAgaWYgKGRvcGFnZSkKICAgICAgICAgICAgICAgIEVuZFBhZ2UocHJpbnRlci5oREMpOwogICAgICAgICAgICBwYWdlY291bnQrKzsKICAgICAgICB9IHdoaWxlIChpIDwgc2l6ZSk7CiAgICB9CgogICAgaWYgKG9sZF9mb250ICE9IDApCiAgICAgICAgU2VsZWN0T2JqZWN0KHByaW50ZXIuaERDLCBvbGRfZm9udCk7CiAgICBFbmREb2MocHJpbnRlci5oREMpOwogICAgRGVsZXRlREMocHJpbnRlci5oREMpOwogICAgSGVhcEZyZWUoR2V0UHJvY2Vzc0hlYXAoKSwgMCwgcFRlbXApOwogICAgRGVsZXRlT2JqZWN0KGZvbnQpOwp9CgpWT0lEIERJQUxPR19GaWxlRXhpdChWT0lEKQp7CiAgICBQb3N0TWVzc2FnZShHbG9iYWxzLmhNYWluV25kLCBXTV9DTE9TRSwgMCwgMGwpOwp9CgpWT0lEIERJQUxPR19FZGl0VW5kbyhWT0lEKQp7CiAgICBTZW5kTWVzc2FnZShHbG9iYWxzLmhFZGl0LCBFTV9VTkRPLCAwLCAwKTsKfQoKVk9JRCBESUFMT0dfRWRpdEN1dChWT0lEKQp7CiAgICBTZW5kTWVzc2FnZShHbG9iYWxzLmhFZGl0LCBXTV9DVVQsIDAsIDApOwp9CgpWT0lEIERJQUxPR19FZGl0Q29weShWT0lEKQp7CiAgICBTZW5kTWVzc2FnZShHbG9iYWxzLmhFZGl0LCBXTV9DT1BZLCAwLCAwKTsKfQoKVk9JRCBESUFMT0dfRWRpdFBhc3RlKFZPSUQpCnsKICAgIFNlbmRNZXNzYWdlKEdsb2JhbHMuaEVkaXQsIFdNX1BBU1RFLCAwLCAwKTsKfQoKVk9JRCBESUFMT0dfRWRpdERlbGV0ZShWT0lEKQp7CiAgICBTZW5kTWVzc2FnZShHbG9iYWxzLmhFZGl0LCBXTV9DTEVBUiwgMCwgMCk7Cn0KClZPSUQgRElBTE9HX0VkaXRTZWxlY3RBbGwoVk9JRCkKewogICAgU2VuZE1lc3NhZ2UoR2xvYmFscy5oRWRpdCwgRU1fU0VUU0VMLCAwLCAoTFBBUkFNKS0xKTsKfQoKVk9JRCBESUFMT0dfRWRpdFRpbWVEYXRlKFZPSUQpCnsKICAgIFNZU1RFTVRJTUUgc3Q7CiAgICBUQ0hBUiBzekRhdGVbTUFYX1NUUklOR19MRU5dOwogICAgVENIQVIgc3pUZXh0W01BWF9TVFJJTkdfTEVOICogMiArIDJdOwoKICAgIEdldExvY2FsVGltZSgmc3QpOwoKICAgIEdldFRpbWVGb3JtYXQoTE9DQUxFX1VTRVJfREVGQVVMVCwgMCwgJnN0LCBOVUxMLCBzekRhdGUsIE1BWF9TVFJJTkdfTEVOKTsKICAgIF90Y3NjcHkoc3pUZXh0LCBzekRhdGUpOwogICAgX3Rjc2NhdChzelRleHQsIF9UKCIgIikpOwogICAgR2V0RGF0ZUZvcm1hdChMT0NBTEVfVVNFUl9ERUZBVUxULCBEQVRFX0xPTkdEQVRFLCAmc3QsIE5VTEwsIHN6RGF0ZSwgTUFYX1NUUklOR19MRU4pOwogICAgX3Rjc2NhdChzelRleHQsIHN6RGF0ZSk7CiAgICBTZW5kTWVzc2FnZShHbG9iYWxzLmhFZGl0LCBFTV9SRVBMQUNFU0VMLCBUUlVFLCAoTFBBUkFNKXN6VGV4dCk7Cn0KClZPSUQgRG9DcmVhdGVTdGF0dXNCYXIoVk9JRCkKewogICAgUkVDVCByYzsKICAgIFJFQ1QgcmNzdGF0dXM7CiAgICBCT09MIGJTdGF0dXNCYXJWaXNpYmxlOwoKICAgIC8qIENoZWNrIGlmIHN0YXR1cyBiYXIgb2JqZWN0IGFscmVhZHkgZXhpc3RzLiAqLwogICAgaWYgKEdsb2JhbHMuaFN0YXR1c0JhciA9PSBOVUxMKQogICAgewogICAgICAgIC8qIFRyeSB0byBjcmVhdGUgdGhlIHN0YXR1cyBiYXIgKi8KICAgICAgICBHbG9iYWxzLmhTdGF0dXNCYXIgPSBDcmVhdGVTdGF0dXNXaW5kb3coV1NfQ0hJTEQgfCBXU19WSVNJQkxFIHwgV1NfRVhfU1RBVElDRURHRSwKICAgICAgICAgICAgICAgICAgICAgICAgICAgICAgICAgICAgICAgICAgICAgICAgTlVMTCwKICAgICAgICAgICAgICAgICAgICAgICAgICAgICAgICAgICAgICAgICAgICAgICAgR2xvYmFscy5oTWFpblduZCwKICAgICAgICAgICAgICAgICAgICAgICAgICAgICAgICAgICAgICAgICAgICAgICAgQ01EX1NUQVRVU0JBUl9XTkRfSUQpOwoKICAgICAgICBpZiAoR2xvYmFscy5oU3RhdHVzQmFyID09IE5VTEwpCiAgICAgICAgewogICAgICAgICAgICBTaG93TGFzdEVycm9yKCk7CiAgICAgICAgICAgIHJldHVybjsKICAgICAgICB9CgogICAgICAgIC8qIExvYWQgdGhlIHN0cmluZyBmb3IgZm9ybWF0dGluZyBjb2x1bW4vcm93IHRleHQgb3V0cHV0ICovCiAgICAgICAgTG9hZFN0cmluZyhHbG9iYWxzLmhJbnN0YW5jZSwgU1RSSU5HX0xJTkVfQ09MVU1OLCBHbG9iYWxzLnN6U3RhdHVzQmFyTGluZUNvbCwgTUFYX1BBVEggLSAxKTsKCiAgICAgICAgLyogU2V0IHRoZSBzdGF0dXMgYmFyIGZvciBzaW5nbGUtdGV4dCBvdXRwdXQgKi8KICAgICAgICBTZW5kTWVzc2FnZShHbG9iYWxzLmhTdGF0dXNCYXIsIFNCX1NJTVBMRSwgKFdQQVJBTSlUUlVFLCAoTFBBUkFNKTApOwogICAgfQoKICAgIC8qIFNldCBzdGF0dXMgYmFyIHZpc2libGl0eSBhY2NvcmRpbmcgdG8gdGhlIHNldHRpbmdzLiAqLwogICAgaWYgKChHbG9iYWxzLmJXcmFwTG9uZ0xpbmVzICE9IEZBTFNFKSB8fCAoR2xvYmFscy5iU2hvd1N0YXR1c0JhciA9PSBGQUxTRSkpCiAgICB7CiAgICAgICAgYlN0YXR1c0JhclZpc2libGUgPSBGQUxTRTsKICAgICAgICBTaG93V2luZG93KEdsb2JhbHMuaFN0YXR1c0JhciwgU1dfSElERSk7CiAgICB9CiAgICBlbHNlCiAgICB7CiAgICAgICAgYlN0YXR1c0JhclZpc2libGUgPSBUUlVFOwogICAgICAgIFNob3dXaW5kb3coR2xvYmFscy5oU3RhdHVzQmFyLCBTV19TSE9XKTsKICAgICAgICBTZW5kTWVzc2FnZShHbG9iYWxzLmhTdGF0dXNCYXIsIFdNX1NJWkUsIDAsIDApOwogICAgfQoKICAgIC8qIFNldCBjaGVjayBzdGF0ZSBpbiBzaG93IHN0YXR1cyBiYXIgaXRlbS4gKi8KICAgIGlmIChiU3RhdHVzQmFyVmlzaWJsZSkKICAgIHsKICAgICAgICBDaGVja01lbnVJdGVtKEdsb2JhbHMuaE1lbnUsIENNRF9TVEFUVVNCQVIsIE1GX0JZQ09NTUFORCB8IE1GX0NIRUNLRUQpOwogICAgfQogICAgZWxzZQogICAgewogICAgICAgIENoZWNrTWVudUl0ZW0oR2xvYmFscy5oTWVudSwgQ01EX1NUQVRVU0JBUiwgTUZfQllDT01NQU5EIHwgTUZfVU5DSEVDS0VEKTsKICAgIH0KCiAgICAvKiBVcGRhdGUgbWVudSBtYXIgd2l0aCB0aGUgcHJldmlvdXMgY2hhbmdlcyAqLwogICAgRHJhd01lbnVCYXIoR2xvYmFscy5oTWFpblduZCk7CgogICAgLyogU2VmZXR5IHRlc3QgaXMgZWRpdCBjb250cm9sIGV4aXN0cyAqLwogICAgaWYgKEdsb2JhbHMuaEVkaXQgIT0gTlVMTCkKICAgIHsKICAgICAgICAvKiBSZXRyaWV2ZSB0aGUgc2l6ZXMgb2YgdGhlIGNvbnRyb2xzICovCiAgICAgICAgR2V0Q2xpZW50UmVjdChHbG9iYWxzLmhNYWluV25kLCAmcmMpOwogICAgICAgIEdldENsaWVudFJlY3QoR2xvYmFscy5oU3RhdHVzQmFyLCAmcmNzdGF0dXMpOwoKICAgICAgICAvKiBJZiBzdGF0dXMgYmFyIGlzIGN1cnJlbnRseSB2aXNpYmxlLCB1cGRhdGUgZGltZW5zaW9ucyBvZiBlZGl0IGNvbnRyb2wgKi8KICAgICAgICBpZiAoYlN0YXR1c0JhclZpc2libGUpCiAgICAgICAgICAgIHJjLmJvdHRvbSAtPSAocmNzdGF0dXMuYm90dG9tIC0gcmNzdGF0dXMudG9wKTsKCiAgICAgICAgLyogUmVzaXplIGVkaXQgY29udHJvbCB0byByaWdodCBzaXplLiAqLwogICAgICAgIE1vdmVXaW5kb3coR2xvYmFscy5oRWRpdCwKICAgICAgICAgICAgICAgICAgIHJjLmxlZnQsCiAgICAgICAgICAgICAgICAgICByYy50b3AsCiAgICAgICAgICAgICAgICAgICByYy5yaWdodCAtIHJjLmxlZnQsCiAgICAgICAgICAgICAgICAgICByYy5ib3R0b20gLSByYy50b3AsCiAgICAgICAgICAgICAgICAgICBUUlVFKTsKICAgIH0KCiAgICAvKiBVcGRhdGUgY29udGVudCB3aXRoIGN1cnJlbnQgcm93L2NvbHVtbiB0ZXh0ICovCiAgICBESUFMT0dfU3RhdHVzQmFyVXBkYXRlQ2FyZXRQb3MoKTsKfQoKVk9JRCBEb0NyZWF0ZUVkaXRXaW5kb3coVk9JRCkKewogICAgRFdPUkQgZHdTdHlsZTsKICAgIGludCBpU2l6ZTsKICAgIExQVFNUUiBwVGVtcCA9IE5VTEw7CiAgICBCT09MIGJNb2RpZmllZCA9IEZBTFNFOwoKICAgIGlTaXplID0gMDsKCiAgICAvKiBJZiB0aGUgZWRpdCBjb250cm9sIGFscmVhZHkgZXhpc3RzLCB0cnkgdG8gc2F2ZSBpdHMgY29udGVudCAqLwogICAgaWYgKEdsb2JhbHMuaEVkaXQgIT0gTlVMTCkKICAgIHsKICAgICAgICAvKiBudW1iZXIgb2YgY2hhcnMgY3VycmVudGx5IHdyaXR0ZW4gaW50byB0aGUgZWRpdG9yLiAqLwogICAgICAgIGlTaXplID0gR2V0V2luZG93VGV4dExlbmd0aChHbG9iYWxzLmhFZGl0KTsKICAgICAgICBpZiAoaVNpemUpCiAgICAgICAgewogICAgICAgICAgICAvKiBBbGxvY2F0ZXMgdGVtcG9yYXJ5IGJ1ZmZlci4gKi8KICAgICAgICAgICAgcFRlbXAgPSBIZWFwQWxsb2MoR2V0UHJvY2Vzc0hlYXAoKSwgMCwgKGlTaXplICsgMSkgKiBzaXplb2YoVENIQVIpKTsKICAgICAgICAgICAgaWYgKCFwVGVtcCkKICAgICAgICAgICAgewogICAgICAgICAgICAgICAgU2hvd0xhc3RFcnJvcigpOwogICAgICAgICAgICAgICAgcmV0dXJuOwogICAgICAgICAgICB9CgogICAgICAgICAgICAvKiBSZWNvdmVyIHRoZSB0ZXh0IGludG8gdGhlIGNvbnRyb2wuICovCiAgICAgICAgICAgIEdldFdpbmRvd1RleHQoR2xvYmFscy5oRWRpdCwgcFRlbXAsIGlTaXplICsgMSk7CgogICAgICAgICAgICBpZiAoU2VuZE1lc3NhZ2UoR2xvYmFscy5oRWRpdCwgRU1fR0VUTU9ESUZZLCAwLCAwKSkKICAgICAgICAgICAgICAgIGJNb2RpZmllZCA9IFRSVUU7CiAgICAgICAgfQoKICAgICAgICAvKiBSZXN0b3JlIG9yaWdpbmFsIHdpbmRvdyBwcm9jZWR1cmUgKi8KICAgICAgICBTZXRXaW5kb3dMb25nUHRyKEdsb2JhbHMuaEVkaXQsIEdXTFBfV05EUFJPQywgKExPTkdfUFRSKUdsb2JhbHMuRWRpdFByb2MpOwoKICAgICAgICAvKiBEZXN0cm95IHRoZSBlZGl0IGNvbnRyb2wgKi8KICAgICAgICBEZXN0cm95V2luZG93KEdsb2JhbHMuaEVkaXQpOwogICAgfQoKICAgIC8qIFVwZGF0ZSB3cmFwIHN0YXR1cyBpbnRvIHRoZSBtYWluIG1lbnUgYW5kIHJlY292ZXIgc3R5bGUgZmxhZ3MgKi8KICAgIGlmIChHbG9iYWxzLmJXcmFwTG9uZ0xpbmVzKQogICAgewogICAgICAgIGR3U3R5bGUgPSBFRElUX1NUWUxFX1dSQVA7CiAgICAgICAgRW5hYmxlTWVudUl0ZW0oR2xvYmFscy5oTWVudSwgQ01EX1NUQVRVU0JBUiwgTUZfQllDT01NQU5EIHwgTUZfRElTQUJMRUQgfCBNRl9HUkFZRUQpOwogICAgfSBlbHNlIHsKICAgICAgICBkd1N0eWxlID0gRURJVF9TVFlMRTsKICAgICAgICBFbmFibGVNZW51SXRlbShHbG9iYWxzLmhNZW51LCBDTURfU1RBVFVTQkFSLCBNRl9CWUNPTU1BTkQgfCBNRl9FTkFCTEVEKTsKICAgIH0KCiAgICAvKiBVcGRhdGUgcHJldmlvdXMgY2hhbmdlcyAqLwogICAgRHJhd01lbnVCYXIoR2xvYmFscy5oTWFpblduZCk7CgogICAgLyogQ3JlYXRlIHRoZSBuZXcgZWRpdCBjb250cm9sICovCiAgICBHbG9iYWxzLmhFZGl0ID0gQ3JlYXRlV2luZG93RXgoV1NfRVhfQ0xJRU5URURHRSwKICAgICAgICAgICAgICAgICAgICAgICAgICAgICAgICAgICBFRElUX0NMQVNTLAogICAgICAgICAgICAgICAgICAgICAgICAgICAgICAgICAgIE5VTEwsCiAgICAgICAgICAgICAgICAgICAgICAgICAgICAgICAgICAgZHdTdHlsZSwKICAgICAgICAgICAgICAgICAgICAgICAgICAgICAgICAgICBDV19VU0VERUZBVUxULAogICAgICAgICAgICAgICAgICAgICAgICAgICAgICAgICAgIENXX1VTRURFRkFVTFQsCiAgICAgICAgICAgICAgICAgICAgICAgICAgICAgICAgICAgQ1dfVVNFREVGQVVMVCwKICAgICAgICAgICAgICAgICAgICAgICAgICAgICAgICAgICBDV19VU0VERUZBVUxULAogICAgICAgICAgICAgICAgICAgICAgICAgICAgICAgICAgIEdsb2JhbHMuaE1haW5XbmQsCiAgICAgICAgICAgICAgICAgICAgICAgICAgICAgICAgICAgTlVMTCwKICAgICAgICAgICAgICAgICAgICAgICAgICAgICAgICAgICBHbG9iYWxzLmhJbnN0YW5jZSwKICAgICAgICAgICAgICAgICAgICAgICAgICAgICAgICAgICBOVUxMKTsKCiAgICBpZiAoR2xvYmFscy5oRWRpdCA9PSBOVUxMKQogICAgewogICAgICAgIGlmIChwVGVtcCkKICAgICAgICB7CiAgICAgICAgICAgIEhlYXBGcmVlKEdldFByb2Nlc3NIZWFwKCksIDAsIHBUZW1wKTsKICAgICAgICB9CgogICAgICAgIFNob3dMYXN0RXJyb3IoKTsKICAgICAgICByZXR1cm47CiAgICB9CgogICAgU2VuZE1lc3NhZ2UoR2xvYmFscy5oRWRpdCwgV01fU0VURk9OVCwgKFdQQVJBTSlHbG9iYWxzLmhGb250LCBGQUxTRSk7CiAgICBTZW5kTWVzc2FnZShHbG9iYWxzLmhFZGl0LCBFTV9MSU1JVFRFWFQsIDAsIDApOwoKICAgIC8qIElmIHNvbWUgdGV4dCB3YXMgcHJldmlvdXNseSBzYXZlZCwgcmVzdG9yZSBpdC4gKi8KICAgIGlmIChpU2l6ZSAhPSAwKQogICAgewogICAgICAgIFNldFdpbmRvd1RleHQoR2xvYmFscy5oRWRpdCwgcFRlbXApOwogICAgICAgIEhlYXBGcmVlKEdldFByb2Nlc3NIZWFwKCksIDAsIHBUZW1wKTsKCiAgICAgICAgaWYgKGJNb2RpZmllZCkKICAgICAgICAgICAgU2VuZE1lc3NhZ2UoR2xvYmFscy5oRWRpdCwgRU1fU0VUTU9ESUZZLCBUUlVFLCAwKTsKICAgIH0KCiAgICAvKiBTdWItY2xhc3MgYSBuZXcgd2luZG93IGNhbGxiYWNrIGZvciByb3cvY29sdW1uIGRldGVjdGlvbi4gKi8KICAgIEdsb2JhbHMuRWRpdFByb2MgPSAoV05EUFJPQylTZXRXaW5kb3dMb25nUHRyKEdsb2JhbHMuaEVkaXQsCiAgICAgICAgICAgICAgICAgICAgICAgICAgICAgICAgICAgICAgICAgICAgICAgICBHV0xQX1dORFBST0MsCiAgICAgICAgICAgICAgICAgICAgICAgICAgICAgICAgICAgICAgICAgICAgICAgICAoTE9OR19QVFIpRURJVF9XbmRQcm9jKTsKCiAgICAvKiBDcmVhdGUvdXBkYXRlIHN0YXR1cyBiYXIgKi8KICAgIERvQ3JlYXRlU3RhdHVzQmFyKCk7CgogICAgLyogRmluYWxseSBzaG93cyBuZXcgZWRpdCBjb250cm9sIGFuZCBzZXQgZm9jdXMgaW50byBpdC4gKi8KICAgIFNob3dXaW5kb3coR2xvYmFscy5oRWRpdCwgU1dfU0hPVyk7CiAgICBTZXRGb2N1cyhHbG9iYWxzLmhFZGl0KTsKfQoKVk9JRCBESUFMT0dfRWRpdFdyYXAoVk9JRCkKewogICAgR2xvYmFscy5iV3JhcExvbmdMaW5lcyA9ICFHbG9iYWxzLmJXcmFwTG9uZ0xpbmVzOwoKICAgIGlmIChHbG9iYWxzLmJXcmFwTG9uZ0xpbmVzKQogICAgewogICAgICAgIEVuYWJsZU1lbnVJdGVtKEdsb2JhbHMuaE1lbnUsIENNRF9HT1RPLCBNRl9CWUNPTU1BTkQgfCBNRl9ESVNBQkxFRCB8IE1GX0dSQVlFRCk7CiAgICB9CiAgICBlbHNlCiAgICB7CiAgICAgICAgRW5hYmxlTWVudUl0ZW0oR2xvYmFscy5oTWVudSwgQ01EX0dPVE8sIE1GX0JZQ09NTUFORCB8IE1GX0VOQUJMRUQpOwogICAgfQoKICAgIERvQ3JlYXRlRWRpdFdpbmRvdygpOwp9CgpWT0lEIERJQUxPR19TZWxlY3RGb250KFZPSUQpCnsKICAgIENIT09TRUZPTlQgY2Y7CiAgICBMT0dGT05UIGxmID0gR2xvYmFscy5sZkZvbnQ7CgogICAgWmVyb01lbW9yeSggJmNmLCBzaXplb2YoY2YpICk7CiAgICBjZi5sU3RydWN0U2l6ZSA9IHNpemVvZihjZik7CiAgICBjZi5od25kT3duZXIgPSBHbG9iYWxzLmhNYWluV25kOwogICAgY2YubHBMb2dGb250ID0gJmxmOwogICAgY2YuRmxhZ3MgPSBDRl9TQ1JFRU5GT05UUyB8IENGX0lOSVRUT0xPR0ZPTlRTVFJVQ1QgfCBDRl9OT1ZFUlRGT05UUzsKCiAgICBpZiAoQ2hvb3NlRm9udCgmY2YpKQogICAgewogICAgICAgIEhGT05UIGN1cnJmb250ID0gR2xvYmFscy5oRm9udDsKCiAgICAgICAgR2xvYmFscy5oRm9udCA9IENyZWF0ZUZvbnRJbmRpcmVjdCgmbGYpOwogICAgICAgIEdsb2JhbHMubGZGb250ID0gbGY7CiAgICAgICAgU2VuZE1lc3NhZ2UoR2xvYmFscy5oRWRpdCwgV01fU0VURk9OVCwgKFdQQVJBTSlHbG9iYWxzLmhGb250LCAoTFBBUkFNKVRSVUUpOwogICAgICAgIGlmIChjdXJyZm9udCAhPSBOVUxMKQogICAgICAgICAgICBEZWxldGVPYmplY3QoY3VycmZvbnQpOwogICAgfQp9Cgp0eXBlZGVmIEhXTkQgKFdJTkFQSSAqRklORFBST0MpKExQRklORFJFUExBQ0UgbHBmcik7CgpzdGF0aWMgVk9JRCBESUFMT0dfU2VhcmNoRGlhbG9nKEZJTkRQUk9DIHBmblByb2MpCnsKICAgIGlmIChHbG9iYWxzLmhGaW5kUmVwbGFjZURsZyAhPSBOVUxMKQogICAgewogICAgICAgIFNldEZvY3VzKEdsb2JhbHMuaEZpbmRSZXBsYWNlRGxnKTsKICAgICAgICByZXR1cm47CiAgICB9CgogICAgWmVyb01lbW9yeSgmR2xvYmFscy5maW5kLCBzaXplb2YoR2xvYmFscy5maW5kKSk7CiAgICBHbG9iYWxzLmZpbmQubFN0cnVjdFNpemUgPSBzaXplb2YoR2xvYmFscy5maW5kKTsKICAgIEdsb2JhbHMuZmluZC5od25kT3duZXIgPSBHbG9iYWxzLmhNYWluV25kOwogICAgR2xvYmFscy5maW5kLmhJbnN0YW5jZSA9IEdsb2JhbHMuaEluc3RhbmNlOwogICAgR2xvYmFscy5maW5kLmxwc3RyRmluZFdoYXQgPSBHbG9iYWxzLnN6RmluZFRleHQ7CiAgICBHbG9iYWxzLmZpbmQud0ZpbmRXaGF0TGVuID0gQVJSQVlfU0laRShHbG9iYWxzLnN6RmluZFRleHQpOwogICAgR2xvYmFscy5maW5kLmxwc3RyUmVwbGFjZVdpdGggPSBHbG9iYWxzLnN6UmVwbGFjZVRleHQ7CiAgICBHbG9iYWxzLmZpbmQud1JlcGxhY2VXaXRoTGVuID0gQVJSQVlfU0laRShHbG9iYWxzLnN6UmVwbGFjZVRleHQpOwogICAgR2xvYmFscy5maW5kLkZsYWdzID0gRlJfRE9XTjsKCiAgICAvKiBXZSBvbmx5IG5lZWQgdG8gY3JlYXRlIHRoZSBtb2RhbCBGaW5kUmVwbGFjZSBkaWFsb2cgd2hpY2ggd2lsbCAqLwogICAgLyogbm90aWZ5IHVzIG9mIGluY29taW5nIGV2ZW50cyB1c2luZyBoTWFpblduZCBXaW5kb3cgTWVzc2FnZXMgICAgKi8KCiAgICBHbG9iYWxzLmhGaW5kUmVwbGFjZURsZyA9IHBmblByb2MoJkdsb2JhbHMuZmluZCk7CiAgICBhc3NlcnQoR2xvYmFscy5oRmluZFJlcGxhY2VEbGcgIT0gTlVMTCk7Cn0KClZPSUQgRElBTE9HX1NlYXJjaChWT0lEKQp7CiAgICBESUFMT0dfU2VhcmNoRGlhbG9nKEZpbmRUZXh0KTsKfQoKVk9JRCBESUFMT0dfU2VhcmNoTmV4dChWT0lEKQp7CiAgICBpZiAoR2xvYmFscy5maW5kLmxwc3RyRmluZFdoYXQgIT0gTlVMTCkKICAgICAgICBOT1RFUEFEX0ZpbmROZXh0KCZHbG9iYWxzLmZpbmQsIEZBTFNFLCBUUlVFKTsKICAgIGVsc2UKICAgICAgICBESUFMT0dfU2VhcmNoKCk7Cn0KClZPSUQgRElBTE9HX1JlcGxhY2UoVk9JRCkKewogICAgRElBTE9HX1NlYXJjaERpYWxvZyhSZXBsYWNlVGV4dCk7Cn0KCnN0YXRpYyBJTlRfUFRSCkNBTExCQUNLCkRJQUxPR19Hb1RvX0RpYWxvZ1Byb2MoSFdORCBod25kRGlhbG9nLCBVSU5UIHVNc2csIFdQQVJBTSB3UGFyYW0sIExQQVJBTSBsUGFyYW0pCnsKICAgIEJPT0wgYlJlc3VsdCA9IEZBTFNFOwogICAgSFdORCBoVGV4dEJveDsKICAgIFRDSEFSIHN6VGV4dFszMl07CgogICAgc3dpdGNoKHVNc2cpIHsKICAgIGNhc2UgV01fSU5JVERJQUxPRzoKICAgICAgICBoVGV4dEJveCA9IEdldERsZ0l0ZW0oaHduZERpYWxvZywgSURfTElORU5VTUJFUik7CiAgICAgICAgX3NudHByaW50ZihzelRleHQsIEFSUkFZX1NJWkUoc3pUZXh0KSwgX1QoIiVsZCIpLCBsUGFyYW0pOwogICAgICAgIFNldFdpbmRvd1RleHQoaFRleHRCb3gsIHN6VGV4dCk7CiAgICAgICAgYnJlYWs7CiAgICBjYXNlIFdNX0NPTU1BTkQ6CiAgICAgICAgaWYgKEhJV09SRCh3UGFyYW0pID09IEJOX0NMSUNLRUQpCiAgICAgICAgewogICAgICAgICAgICBpZiAoTE9XT1JEKHdQYXJhbSkgPT0gSURPSykKICAgICAgICAgICAgewogICAgICAgICAgICAgICAgaFRleHRCb3ggPSBHZXREbGdJdGVtKGh3bmREaWFsb2csIElEX0xJTkVOVU1CRVIpOwogICAgICAgICAgICAgICAgR2V0V2luZG93VGV4dChoVGV4dEJveCwgc3pUZXh0LCBBUlJBWV9TSVpFKHN6VGV4dCkpOwogICAgICAgICAgICAgICAgRW5kRGlhbG9nKGh3bmREaWFsb2csIF90dG9pKHN6VGV4dCkpOwogICAgICAgICAgICAgICAgYlJlc3VsdCA9IFRSVUU7CiAgICAgICAgICAgIH0KICAgICAgICAgICAgZWxzZSBpZiAoTE9XT1JEKHdQYXJhbSkgPT0gSURDQU5DRUwpCiAgICAgICAgICAgIHsKICAgICAgICAgICAgICAgIEVuZERpYWxvZyhod25kRGlhbG9nLCAwKTsKICAgICAgICAgICAgICAgIGJSZXN1bHQgPSBUUlVFOwogICAgICAgICAgICB9CiAgICAgICAgfQogICAgICAgIGJyZWFrOwogICAgfQoKICAgIHJldHVybiBiUmVzdWx0Owp9CgpWT0lEIERJQUxPR19Hb1RvKFZPSUQpCnsKICAgIElOVF9QVFIgbkxpbmU7CiAgICBMUFRTVFIgcHN6VGV4dDsKICAgIGludCBuTGVuZ3RoLCBpOwogICAgRFdPUkQgZHdTdGFydCwgZHdFbmQ7CgogICAgbkxlbmd0aCA9IEdldFdpbmRvd1RleHRMZW5ndGgoR2xvYmFscy5oRWRpdCk7CiAgICBwc3pUZXh0ID0gKExQVFNUUikgSGVhcEFsbG9jKEdldFByb2Nlc3NIZWFwKCksIDAsIChuTGVuZ3RoICsgMSkgKiBzaXplb2YoKnBzelRleHQpKTsKICAgIGlmICghcHN6VGV4dCkKICAgICAgICByZXR1cm47CgogICAgLyogUmV0cmlldmUgY3VycmVudCB0ZXh0ICovCiAgICBHZXRXaW5kb3dUZXh0KEdsb2JhbHMuaEVkaXQsIHBzelRleHQsIG5MZW5ndGggKyAxKTsKICAgIFNlbmRNZXNzYWdlKEdsb2JhbHMuaEVkaXQsIEVNX0dFVFNFTCwgKFdQQVJBTSkgJmR3U3RhcnQsIChMUEFSQU0pICZkd0VuZCk7CgogICAgbkxpbmUgPSAxOwogICAgZm9yIChpID0gMDsgKGkgPCAoaW50KSBkd1N0YXJ0KSAmJiBwc3pUZXh0W2ldOyBpKyspCiAgICB7CiAgICAgICAgaWYgKHBzelRleHRbaV0gPT0gJ1xuJykKICAgICAgICAgICAgbkxpbmUrKzsKICAgIH0KCiAgICBuTGluZSA9IERpYWxvZ0JveFBhcmFtKEdsb2JhbHMuaEluc3RhbmNlLAogICAgICAgICAgICAgICAgICAgICAgICAgICBNQUtFSU5UUkVTT1VSQ0UoRElBTE9HX0dPVE8pLAogICAgICAgICAgICAgICAgICAgICAgICAgICBHbG9iYWxzLmhNYWluV25kLAogICAgICAgICAgICAgICAgICAgICAgICAgICBESUFMT0dfR29Ub19EaWFsb2dQcm9jLAogICAgICAgICAgICAgICAgICAgICAgICAgICBuTGluZSk7CgogICAgaWYgKG5MaW5lID49IDEpCiAgICB7CiAgICAgICAgZm9yIChpID0gMDsgcHN6VGV4dFtpXSAmJiAobkxpbmUgPiAxKSAmJiAoaSA8IG5MZW5ndGggLSAxKTsgaSsrKQogICAgICAgIHsKICAgICAgICAgICAgaWYgKHBzelRleHRbaV0gPT0gJ1xuJykKICAgICAgICAgICAgICAgIG5MaW5lLS07CiAgICAgICAgfQogICAgICAgIFNlbmRNZXNzYWdlKEdsb2JhbHMuaEVkaXQsIEVNX1NFVFNFTCwgaSwgaSk7CiAgICAgICAgU2VuZE1lc3NhZ2UoR2xvYmFscy5oRWRpdCwgRU1fU0NST0xMQ0FSRVQsIDAsIDApOwogICAgfQogICAgSGVhcEZyZWUoR2V0UHJvY2Vzc0hlYXAoKSwgMCwgcHN6VGV4dCk7Cn0KClZPSUQgRElBTE9HX1N0YXR1c0JhclVwZGF0ZUNhcmV0UG9zKFZPSUQpCnsKICAgIGludCBsaW5lLCBjb2w7CiAgICBUQ0hBUiBidWZmW01BWF9QQVRIXTsKICAgIERXT1JEIGR3U3RhcnQsIGR3U2l6ZTsKCiAgICBTZW5kTWVzc2FnZShHbG9iYWxzLmhFZGl0LCBFTV9HRVRTRUwsIChXUEFSQU0pJmR3U3RhcnQsIChMUEFSQU0pJmR3U2l6ZSk7CiAgICBsaW5lID0gU2VuZE1lc3NhZ2UoR2xvYmFscy5oRWRpdCwgRU1fTElORUZST01DSEFSLCAoV1BBUkFNKWR3U3RhcnQsIDApOwogICAgY29sID0gZHdTdGFydCAtIFNlbmRNZXNzYWdlKEdsb2JhbHMuaEVkaXQsIEVNX0xJTkVJTkRFWCwgKFdQQVJBTSlsaW5lLCAwKTsKCiAgICBfc3RwcmludGYoYnVmZiwgR2xvYmFscy5zelN0YXR1c0JhckxpbmVDb2wsIGxpbmUgKyAxLCBjb2wgKyAxKTsKICAgIFNlbmRNZXNzYWdlKEdsb2JhbHMuaFN0YXR1c0JhciwgU0JfU0VUVEVYVCwgU0JfU0lNUExFSUQsIChMUEFSQU0pYnVmZik7Cn0KClZPSUQgRElBTE9HX1ZpZXdTdGF0dXNCYXIoVk9JRCkKewogICAgR2xvYmFscy5iU2hvd1N0YXR1c0JhciA9ICFHbG9iYWxzLmJTaG93U3RhdHVzQmFyOwoKICAgIERvQ3JlYXRlU3RhdHVzQmFyKCk7Cn0KClZPSUQgRElBTE9HX0hlbHBDb250ZW50cyhWT0lEKQp7CiAgICBXaW5IZWxwKEdsb2JhbHMuaE1haW5XbmQsIGhlbHBmaWxlLCBIRUxQX0lOREVYLCAwKTsKfQoKVk9JRCBESUFMT0dfSGVscEFib3V0Tm90ZXBhZChWT0lEKQp7CiAgICBUQ0hBUiBzek5vdGVwYWRbTUFYX1NUUklOR19MRU5dOwogICAgSElDT04gbm90ZXBhZEljb24gPSBMb2FkSWNvbihHbG9iYWxzLmhJbnN0YW5jZSwgTUFLRUlOVFJFU09VUkNFKElESV9OUElDT04pKTsKCiAgICBMb2FkU3RyaW5nKEdsb2JhbHMuaEluc3RhbmNlLCBTVFJJTkdfTk9URVBBRCwgc3pOb3RlcGFkLCBBUlJBWV9TSVpFKHN6Tm90ZXBhZCkpOwogICAgU2hlbGxBYm91dChHbG9iYWxzLmhNYWluV25kLCBzek5vdGVwYWQsIDAsIG5vdGVwYWRJY29uKTsKICAgIERlbGV0ZU9iamVjdChub3RlcGFkSWNvbik7Cn0KCklOVF9QVFIKQ0FMTEJBQ0sKQWJvdXREaWFsb2dQcm9jKEhXTkQgaERsZywgVUlOVCBtZXNzYWdlLCBXUEFSQU0gd1BhcmFtLCBMUEFSQU0gbFBhcmFtKQp7CiAgICBIV05EIGhMaWNlbnNlRWRpdFduZDsKICAgIFRDSEFSICpzdHJMaWNlbnNlOwoKICAgIHN3aXRjaCAobWVzc2FnZSkKICAgIHsKICAgIGNhc2UgV01fSU5JVERJQUxPRzoKCiAgICAgICAgaExpY2Vuc2VFZGl0V25kID0gR2V0RGxnSXRlbShoRGxnLCBJRENfTElDRU5TRSk7CgogICAgICAgIC8qIDB4MTAwMCBzaG91bGQgYmUgZW5vdWdoICovCiAgICAgICAgc3RyTGljZW5zZSA9IChUQ0hBUiAqKV9hbGxvY2EoMHgxMDAwKTsKICAgICAgICBMb2FkU3RyaW5nKEdldE1vZHVsZUhhbmRsZShOVUxMKSwgU1RSSU5HX0xJQ0VOU0UsIHN0ckxpY2Vuc2UsIDB4MTAwMCk7CgogICAgICAgIFNldFdpbmRvd1RleHQoaExpY2Vuc2VFZGl0V25kLCBzdHJMaWNlbnNlKTsKCiAgICAgICAgcmV0dXJuIFRSVUU7CgogICAgY2FzZSBXTV9DT01NQU5EOgoKICAgICAgICBpZiAoKExPV09SRCh3UGFyYW0pID09IElET0spIHx8IChMT1dPUkQod1BhcmFtKSA9PSBJRENBTkNFTCkpCiAgICAgICAgewogICAgICAgICAgICBFbmREaWFsb2coaERsZywgTE9XT1JEKHdQYXJhbSkpOwogICAgICAgICAgICByZXR1cm4gVFJVRTsKICAgICAgICB9CgogICAgICAgIGJyZWFrOwogICAgfQoKICAgIHJldHVybiAwOwp9CgovKioqKioqKioqKioqKioqKioqKioqKioqKioqKioqKioqKioqKioqKioqKioqKioqKioqKioqKioqKioqKioqKioqKioqKioKICoKICogICAgICAgICAgIERJQUxPR19GaWxlUGFnZVNldHVwCiAqLwpWT0lEIERJQUxPR19GaWxlUGFnZVNldHVwKHZvaWQpCnsKICAgIFBBR0VTRVRVUERMRyBwYWdlOwoKICAgIFplcm9NZW1vcnkoJnBhZ2UsIHNpemVvZihwYWdlKSk7CiAgICBwYWdlLmxTdHJ1Y3RTaXplID0gc2l6ZW9mKHBhZ2UpOwogICAgcGFnZS5od25kT3duZXIgPSBHbG9iYWxzLmhNYWluV25kOwogICAgcGFnZS5GbGFncyA9IFBTRF9FTkFCTEVQQUdFU0VUVVBURU1QTEFURSB8IFBTRF9FTkFCTEVQQUdFU0VUVVBIT09LIHwgUFNEX01BUkdJTlM7CiAgICBwYWdlLmhJbnN0YW5jZSA9IEdsb2JhbHMuaEluc3RhbmNlOwogICAgcGFnZS5ydE1hcmdpbiA9IEdsb2JhbHMubE1hcmdpbnM7CiAgICBwYWdlLmhEZXZNb2RlID0gR2xvYmFscy5oRGV2TW9kZTsKICAgIHBhZ2UuaERldk5hbWVzID0gR2xvYmFscy5oRGV2TmFtZXM7CiAgICBwYWdlLmxwUGFnZVNldHVwVGVtcGxhdGVOYW1lID0gTUFLRUlOVFJFU09VUkNFKERJQUxPR19QQUdFU0VUVVApOwogICAgcGFnZS5scGZuUGFnZVNldHVwSG9vayA9IERJQUxPR19QQUdFU0VUVVBfSG9vazsKCiAgICBQYWdlU2V0dXBEbGcoJnBhZ2UpOwoKICAgIEdsb2JhbHMuaERldk1vZGUgPSBwYWdlLmhEZXZNb2RlOwogICAgR2xvYmFscy5oRGV2TmFtZXMgPSBwYWdlLmhEZXZOYW1lczsKICAgIEdsb2JhbHMubE1hcmdpbnMgPSBwYWdlLnJ0TWFyZ2luOwp9CgovKiAqICogKiAqICogKiAqICogKiAqICogKiAqICogKiAqICogKiAqICogKiAqICogKiAqICogKiAqICogKiAqICogKiAqICoKICoKICogICAgICAgICAgIERJQUxPR19QQUdFU0VUVVBfSG9vawogKi8KCnN0YXRpYyBVSU5UX1BUUiBDQUxMQkFDSyBESUFMT0dfUEFHRVNFVFVQX0hvb2soSFdORCBoRGxnLCBVSU5UIG1zZywgV1BBUkFNIHdQYXJhbSwgTFBBUkFNIGxQYXJhbSkKewogICAgc3dpdGNoIChtc2cpCiAgICB7CiAgICBjYXNlIFdNX0NPTU1BTkQ6CiAgICAgICAgaWYgKEhJV09SRCh3UGFyYW0pID09IEJOX0NMSUNLRUQpCiAgICAgICAgewogICAgICAgICAgICBzd2l0Y2ggKExPV09SRCh3UGFyYW0pKQogICAgICAgICAgICB7CiAgICAgICAgICAgIGNhc2UgSURPSzoKICAgICAgICAgICAgICAgIC8qIHNhdmUgdXNlciBpbnB1dCBhbmQgY2xvc2UgZGlhbG9nICovCiAgICAgICAgICAgICAgICBHZXREbGdJdGVtVGV4dChoRGxnLCAweDE0MSwgR2xvYmFscy5zekhlYWRlciwgQVJSQVlfU0laRShHbG9iYWxzLnN6SGVhZGVyKSk7CiAgICAgICAgICAgICAgICBHZXREbGdJdGVtVGV4dChoRGxnLCAweDE0MywgR2xvYmFscy5zekZvb3RlciwgQVJSQVlfU0laRShHbG9iYWxzLnN6Rm9vdGVyKSk7CiAgICAgICAgICAgICAgICByZXR1cm4gRkFMU0U7CgogICAgICAgICAgICBjYXNlIElEQ0FOQ0VMOgogICAgICAgICAgICAgICAgLyogZGlzY2FyZCB1c2VyIGlucHV0IGFuZCBjbG9zZSBkaWFsb2cgKi8KICAgICAgICAgICAgICAgIHJldHVybiBGQUxTRTsKCiAgICAgICAgICAgIGNhc2UgSURIRUxQOgogICAgICAgICAgICAgICAgewogICAgICAgICAgICAgICAgICAgIC8qIEZJWE1FOiBCcmluZyB0aGlzIHRvIHdvcmsgKi8KICAgICAgICAgICAgICAgICAgICBzdGF0aWMgY29uc3QgVENIQVIgc29ycnlbXSA9IF9UKCJTb3JyeSwgbm8gaGVscCBhdmFpbGFibGUiKTsKICAgICAgICAgICAgICAgICAgICBzdGF0aWMgY29uc3QgVENIQVIgaGVscFtdID0gX1QoIkhlbHAiKTsKICAgICAgICAgICAgICAgICAgICBNZXNzYWdlQm94KEdsb2JhbHMuaE1haW5XbmQsIHNvcnJ5LCBoZWxwLCBNQl9JQ09ORVhDTEFNQVRJT04pOwogICAgICAgICAgICAgICAgICAgIHJldHVybiBUUlVFOwogICAgICAgICAgICAgICAgfQoKICAgICAgICAgICAgZGVmYXVsdDoKICAgICAgICAgICAgICAgIGJyZWFrOwogICAgICAgICAgICB9CiAgICAgICAgfQogICAgICAgIGJyZWFrOwoKICAgIGNhc2UgV01fSU5JVERJQUxPRzoKICAgICAgICAvKiBmZXRjaCBsYXN0IHVzZXIgaW5wdXQgcHJpb3IgdG8gZGlzcGxheSBkaWFsb2cgKi8KICAgICAgICBTZXREbGdJdGVtVGV4dChoRGxnLCAweDE0MSwgR2xvYmFscy5zekhlYWRlcik7CiAgICAgICAgU2V0RGxnSXRlbVRleHQoaERsZywgMHgxNDMsIEdsb2JhbHMuc3pGb290ZXIpOwogICAgICAgIGJyZWFrOwogICAgfQoKICAgIHJldHVybiBGQUxTRTsKfQo=');
INSERT IGNORE INTO core_asset (idcoreasset, name, path,isNewAsset,size,idpackage,content) VALUES
(64,'dialog.h','input/algorithms/dialog.h',1,69,5,'LyoKICogIE5vdGVwYWQgKGRpYWxvZy5oKQogKgogKiAgQ29weXJpZ2h0IDE5OTggTWFyY2VsIEJhdXIgPG1iYXVyQGcyNi5ldGh6LmNoPgogKgogKiBUaGlzIGxpYnJhcnkgaXMgZnJlZSBzb2Z0d2FyZTsgeW91IGNhbiByZWRpc3RyaWJ1dGUgaXQgYW5kL29yCiAqIG1vZGlmeSBpdCB1bmRlciB0aGUgdGVybXMgb2YgdGhlIEdOVSBMZXNzZXIgR2VuZXJhbCBQdWJsaWMKICogTGljZW5zZSBhcyBwdWJsaXNoZWQgYnkgdGhlIEZyZWUgU29mdHdhcmUgRm91bmRhdGlvbjsgZWl0aGVyCiAqIHZlcnNpb24gMi4xIG9mIHRoZSBMaWNlbnNlLCBvciAoYXQgeW91ciBvcHRpb24pIGFueSBsYXRlciB2ZXJzaW9uLgogKgogKiBUaGlzIGxpYnJhcnkgaXMgZGlzdHJpYnV0ZWQgaW4gdGhlIGhvcGUgdGhhdCBpdCB3aWxsIGJlIHVzZWZ1bCwKICogYnV0IFdJVEhPVVQgQU5ZIFdBUlJBTlRZOyB3aXRob3V0IGV2ZW4gdGhlIGltcGxpZWQgd2FycmFudHkgb2YKICogTUVSQ0hBTlRBQklMSVRZIG9yIEZJVE5FU1MgRk9SIEEgUEFSVElDVUxBUiBQVVJQT1NFLiAgU2VlIHRoZSBHTlUKICogTGVzc2VyIEdlbmVyYWwgUHVibGljIExpY2Vuc2UgZm9yIG1vcmUgZGV0YWlscy4KICoKICogWW91IHNob3VsZCBoYXZlIHJlY2VpdmVkIGEgY29weSBvZiB0aGUgR05VIExlc3NlciBHZW5lcmFsIFB1YmxpYwogKiBMaWNlbnNlIGFsb25nIHdpdGggdGhpcyBsaWJyYXJ5OyBpZiBub3QsIHdyaXRlIHRvIHRoZSBGcmVlIFNvZnR3YXJlCiAqIEZvdW5kYXRpb24sIEluYy4sIDUxIEZyYW5rbGluIFN0cmVldCwgRmlmdGggRmxvb3IsIEJvc3RvbiwgTUEgIDAyMTEwLTEzMDEgIFVTQQogKi8KCiNwcmFnbWEgb25jZQoKVk9JRCBESUFMT0dfRmlsZU5ldyhWT0lEKTsKVk9JRCBESUFMT0dfRmlsZU9wZW4oVk9JRCk7CkJPT0wgRElBTE9HX0ZpbGVTYXZlKFZPSUQpOwpCT09MIERJQUxPR19GaWxlU2F2ZUFzKFZPSUQpOwpWT0lEIERJQUxPR19GaWxlUHJpbnQoVk9JRCk7ClZPSUQgRElBTE9HX0ZpbGVQYWdlU2V0dXAoVk9JRCk7ClZPSUQgRElBTE9HX0ZpbGVFeGl0KFZPSUQpOwoKVk9JRCBESUFMT0dfRWRpdFVuZG8oVk9JRCk7ClZPSUQgRElBTE9HX0VkaXRDdXQoVk9JRCk7ClZPSUQgRElBTE9HX0VkaXRDb3B5KFZPSUQpOwpWT0lEIERJQUxPR19FZGl0UGFzdGUoVk9JRCk7ClZPSUQgRElBTE9HX0VkaXREZWxldGUoVk9JRCk7ClZPSUQgRElBTE9HX0VkaXRTZWxlY3RBbGwoVk9JRCk7ClZPSUQgRElBTE9HX0VkaXRUaW1lRGF0ZShWT0lEKTsKVk9JRCBESUFMT0dfRWRpdFdyYXAoVk9JRCk7CgpWT0lEIERJQUxPR19TZWFyY2goVk9JRCk7ClZPSUQgRElBTE9HX1NlYXJjaE5leHQoVk9JRCk7ClZPSUQgRElBTE9HX1JlcGxhY2UoVk9JRCk7ClZPSUQgRElBTE9HX0dvVG8oVk9JRCk7CgpWT0lEIERJQUxPR19TZWxlY3RGb250KFZPSUQpOwoKVk9JRCBESUFMT0dfVmlld1N0YXR1c0JhcihWT0lEKTsKVk9JRCBESUFMT0dfU3RhdHVzQmFyVXBkYXRlQ2FyZXRQb3MoVk9JRCk7CgpWT0lEIERJQUxPR19IZWxwQ29udGVudHMoVk9JRCk7ClZPSUQgRElBTE9HX0hlbHBTZWFyY2goVk9JRCk7ClZPSUQgRElBTE9HX0hlbHBMaWNlbnNlKFZPSUQpOwpWT0lEIERJQUxPR19IZWxwTm9XYXJyYW50eShWT0lEKTsKVk9JRCBESUFMT0dfSGVscEFib3V0Tm90ZXBhZChWT0lEKTsKClZPSUQgRElBTE9HX1RpbWVEYXRlKFZPSUQpOwoKaW50IERJQUxPR19TdHJpbmdNc2dCb3goSFdORCBoUGFyZW50LCBpbnQgZm9ybWF0SWQsIExQQ1RTVFIgc3pTdHJpbmcsIERXT1JEIGR3RmxhZ3MpOwoKSU5UX1BUUiBDQUxMQkFDSyBBYm91dERpYWxvZ1Byb2MoSFdORCBoRGxnLCBVSU5UIG1lc3NhZ2UsIFdQQVJBTSB3UGFyYW0sIExQQVJBTSBsUGFyYW0pOwoKLyogdXRpbGl0eSBmdW5jdGlvbnMgKi8KVk9JRCBTaG93TGFzdEVycm9yKFZPSUQpOwpCT09MIEZpbGVFeGlzdHMoTFBDVFNUUiBzekZpbGVuYW1lKTsKQk9PTCBIYXNGaWxlRXh0ZW5zaW9uKExQQ1RTVFIgc3pGaWxlbmFtZSk7CkJPT0wgRG9DbG9zZUZpbGUoVk9JRCk7ClZPSUQgRG9PcGVuRmlsZShMUENUU1RSIHN6RmlsZU5hbWUpOwpWT0lEIERvQ3JlYXRlU3RhdHVzQmFyKFZPSUQpOwpWT0lEIERvQ3JlYXRlRWRpdFdpbmRvdyhWT0lEKTsK');
INSERT IGNORE INTO core_asset (idcoreasset, name, path,isNewAsset,size,idpackage,content) VALUES
(65,'license.c','input/algorithms/license.c',1,42,5,'LyoKICogIE5vdGVwYWQgKGxpY2Vuc2UuaCkKICoKICogIENvcHlyaWdodCAxOTk3LDk4IE1hcmNlbCBCYXVyIDxtYmF1ckBnMjYuZXRoei5jaD4KICoKICogVGhpcyBsaWJyYXJ5IGlzIGZyZWUgc29mdHdhcmU7IHlvdSBjYW4gcmVkaXN0cmlidXRlIGl0IGFuZC9vcgogKiBtb2RpZnkgaXQgdW5kZXIgdGhlIHRlcm1zIG9mIHRoZSBHTlUgTGVzc2VyIEdlbmVyYWwgUHVibGljCiAqIExpY2Vuc2UgYXMgcHVibGlzaGVkIGJ5IHRoZSBGcmVlIFNvZnR3YXJlIEZvdW5kYXRpb247IGVpdGhlcgogKiB2ZXJzaW9uIDIuMSBvZiB0aGUgTGljZW5zZSwgb3IgKGF0IHlvdXIgb3B0aW9uKSBhbnkgbGF0ZXIgdmVyc2lvbi4KICoKICogVGhpcyBsaWJyYXJ5IGlzIGRpc3RyaWJ1dGVkIGluIHRoZSBob3BlIHRoYXQgaXQgd2lsbCBiZSB1c2VmdWwsCiAqIGJ1dCBXSVRIT1VUIEFOWSBXQVJSQU5UWTsgd2l0aG91dCBldmVuIHRoZSBpbXBsaWVkIHdhcnJhbnR5IG9mCiAqIE1FUkNIQU5UQUJJTElUWSBvciBGSVRORVNTIEZPUiBBIFBBUlRJQ1VMQVIgUFVSUE9TRS4gIFNlZSB0aGUgR05VCiAqIExlc3NlciBHZW5lcmFsIFB1YmxpYyBMaWNlbnNlIGZvciBtb3JlIGRldGFpbHMuCiAqCiAqIFlvdSBzaG91bGQgaGF2ZSByZWNlaXZlZCBhIGNvcHkgb2YgdGhlIEdOVSBMZXNzZXIgR2VuZXJhbCBQdWJsaWMKICogTGljZW5zZSBhbG9uZyB3aXRoIHRoaXMgbGlicmFyeTsgaWYgbm90LCB3cml0ZSB0byB0aGUgRnJlZSBTb2Z0d2FyZQogKiBGb3VuZGF0aW9uLCBJbmMuLCA1MSBGcmFua2xpbiBTdHJlZXQsIEZpZnRoIEZsb29yLCBCb3N0b24sIE1BICAwMjExMC0xMzAxICBVU0EKICovCgojaW5jbHVkZSAibm90ZXBhZC5oIgoKVk9JRCBXaW5lTGljZW5zZShIV05EIFduZCkKewogICAgLyogRklYTUU6IHNob3VsZCBsb2FkIHN0cmluZ3MgZnJvbSByZXNvdXJjZXMgKi8KICAgIExJQ0VOU0UgKkxpY2Vuc2UgPSAmV2luZUxpY2Vuc2VfRW47CiAgICBNZXNzYWdlQm94QShXbmQsCiAgICAgICAgICAgICAgICBMaWNlbnNlLT5MaWNlbnNlLAogICAgICAgICAgICAgICAgTGljZW5zZS0+TGljZW5zZUNhcHRpb24sCiAgICAgICAgICAgICAgICBNQl9JQ09OSU5GT1JNQVRJT04gfCBNQl9PSyk7Cn0KCgpWT0lEIFdpbmVXYXJyYW50eShIV05EIFduZCkKewogICAgLyogRklYTUU6IHNob3VsZCBsb2FkIHN0cmluZ3MgZnJvbSByZXNvdXJjZXMgKi8KICAgIExJQ0VOU0UgKkxpY2Vuc2UgPSAmV2luZUxpY2Vuc2VfRW47CiAgICBNZXNzYWdlQm94QShXbmQsCiAgICAgICAgICAgICAgICBMaWNlbnNlLT5XYXJyYW50eSwKICAgICAgICAgICAgICAgIExpY2Vuc2UtPldhcnJhbnR5Q2FwdGlvbiwKICAgICAgICAgICAgICAgIE1CX0lDT05FWENMQU1BVElPTiB8IE1CX09LKTsKfQo=');
INSERT IGNORE INTO core_asset (idcoreasset, name, path,isNewAsset,size,idpackage,content) VALUES
(66,'main.c','input/algorithms/main.c',1,693,5,'LyoKICogIE5vdGVwYWQKICoKICogIENvcHlyaWdodCAyMDAwIE1pa2UgTWNDb3JtYWNrIDxNaWtlX01jQ29ybWFja0Bsb29rc21hcnQuY29tLmF1PgogKiAgQ29weXJpZ2h0IDE5OTcsOTggTWFyY2VsIEJhdXIgPG1iYXVyQGcyNi5ldGh6LmNoPgogKiAgQ29weXJpZ2h0IDIwMDIgU3lsdmFpbiBQZXRyZW9sbGUgPHNwZXRyZW9sbGVAeWFob28uZnI+CiAqICBDb3B5cmlnaHQgMjAwMiBBbmRyaXkgUGFsYW1hcmNodWsKICoKICogVGhpcyBsaWJyYXJ5IGlzIGZyZWUgc29mdHdhcmU7IHlvdSBjYW4gcmVkaXN0cmlidXRlIGl0IGFuZC9vcgogKiBtb2RpZnkgaXQgdW5kZXIgdGhlIHRlcm1zIG9mIHRoZSBHTlUgTGVzc2VyIEdlbmVyYWwgUHVibGljCiAqIExpY2Vuc2UgYXMgcHVibGlzaGVkIGJ5IHRoZSBGcmVlIFNvZnR3YXJlIEZvdW5kYXRpb247IGVpdGhlcgogKiB2ZXJzaW9uIDIuMSBvZiB0aGUgTGljZW5zZSwgb3IgKGF0IHlvdXIgb3B0aW9uKSBhbnkgbGF0ZXIgdmVyc2lvbi4KICoKICogVGhpcyBsaWJyYXJ5IGlzIGRpc3RyaWJ1dGVkIGluIHRoZSBob3BlIHRoYXQgaXQgd2lsbCBiZSB1c2VmdWwsCiAqIGJ1dCBXSVRIT1VUIEFOWSBXQVJSQU5UWTsgd2l0aG91dCBldmVuIHRoZSBpbXBsaWVkIHdhcnJhbnR5IG9mCiAqIE1FUkNIQU5UQUJJTElUWSBvciBGSVRORVNTIEZPUiBBIFBBUlRJQ1VMQVIgUFVSUE9TRS4gIFNlZSB0aGUgR05VCiAqIExlc3NlciBHZW5lcmFsIFB1YmxpYyBMaWNlbnNlIGZvciBtb3JlIGRldGFpbHMuCiAqCiAqIFlvdSBzaG91bGQgaGF2ZSByZWNlaXZlZCBhIGNvcHkgb2YgdGhlIEdOVSBMZXNzZXIgR2VuZXJhbCBQdWJsaWMKICogTGljZW5zZSBhbG9uZyB3aXRoIHRoaXMgbGlicmFyeTsgaWYgbm90LCB3cml0ZSB0byB0aGUgRnJlZSBTb2Z0d2FyZQogKiBGb3VuZGF0aW9uLCBJbmMuLCA1MSBGcmFua2xpbiBTdHJlZXQsIEZpZnRoIEZsb29yLCBCb3N0b24sIE1BICAwMjExMC0xMzAxICBVU0EKICoKICovCgojaW5jbHVkZSAibm90ZXBhZC5oIgoKI2luY2x1ZGUgPHN0cnNhZmUuaD4KCk5PVEVQQURfR0xPQkFMUyBHbG9iYWxzOwpzdGF0aWMgQVRPTSBhRklORE1TR1NUUklORzsKClZPSUQgTk9URVBBRF9FbmFibGVTZWFyY2hNZW51KCkKewogICAgRW5hYmxlTWVudUl0ZW0oR2xvYmFscy5oTWVudSwgQ01EX1NFQVJDSCwKICAgICAgICAgICAgICAgICAgIE1GX0JZQ09NTUFORCB8ICgoR2V0V2luZG93VGV4dExlbmd0aChHbG9iYWxzLmhFZGl0KSA9PSAwKSA/IE1GX0RJU0FCTEVEIHwgTUZfR1JBWUVEIDogTUZfRU5BQkxFRCkpOwogICAgRW5hYmxlTWVudUl0ZW0oR2xvYmFscy5oTWVudSwgQ01EX1NFQVJDSF9ORVhULAogICAgICAgICAgICAgICAgICAgTUZfQllDT01NQU5EIHwgKChHZXRXaW5kb3dUZXh0TGVuZ3RoKEdsb2JhbHMuaEVkaXQpID09IDApID8gTUZfRElTQUJMRUQgfCBNRl9HUkFZRUQgOiBNRl9FTkFCTEVEKSk7Cn0KCi8qKioqKioqKioqKioqKioqKioqKioqKioqKioqKioqKioqKioqKioqKioqKioqKioqKioqKioqKioqKioqKioqKioqKioqKgogKgogKiAgICAgICAgICAgU2V0RmlsZU5hbWUKICoKICogIFNldHMgR2xvYmFsIEZpbGUgTmFtZS4KICovClZPSUQgU2V0RmlsZU5hbWUoTFBDVFNUUiBzekZpbGVOYW1lKQp7CiAgICBTdHJpbmdDY2hDb3B5KEdsb2JhbHMuc3pGaWxlTmFtZSwgQVJSQVlfU0laRShHbG9iYWxzLnN6RmlsZU5hbWUpLCBzekZpbGVOYW1lKTsKICAgIEdsb2JhbHMuc3pGaWxlVGl0bGVbMF0gPSAwOwogICAgR2V0RmlsZVRpdGxlKHN6RmlsZU5hbWUsIEdsb2JhbHMuc3pGaWxlVGl0bGUsIEFSUkFZX1NJWkUoR2xvYmFscy5zekZpbGVUaXRsZSkpOwp9CgovKioqKioqKioqKioqKioqKioqKioqKioqKioqKioqKioqKioqKioqKioqKioqKioqKioqKioqKioqKioqKioqKioqKioqKioKICoKICogICAgICAgICAgIE5PVEVQQURfTWVudUNvbW1hbmQKICoKICogIEFsbCBoYW5kbGluZyBvZiBtYWluIG1lbnUgZXZlbnRzCiAqLwpzdGF0aWMgaW50IE5PVEVQQURfTWVudUNvbW1hbmQoV1BBUkFNIHdQYXJhbSkKewogICAgc3dpdGNoICh3UGFyYW0pCiAgICB7CiAgICBjYXNlIENNRF9ORVc6ICAgICAgICBESUFMT0dfRmlsZU5ldygpOyBicmVhazsKICAgIGNhc2UgQ01EX09QRU46ICAgICAgIERJQUxPR19GaWxlT3BlbigpOyBicmVhazsKICAgIGNhc2UgQ01EX1NBVkU6ICAgICAgIERJQUxPR19GaWxlU2F2ZSgpOyBicmVhazsKICAgIGNhc2UgQ01EX1NBVkVfQVM6ICAgIERJQUxPR19GaWxlU2F2ZUFzKCk7IGJyZWFrOwogICAgY2FzZSBDTURfUFJJTlQ6ICAgICAgRElBTE9HX0ZpbGVQcmludCgpOyBicmVhazsKICAgIGNhc2UgQ01EX1BBR0VfU0VUVVA6IERJQUxPR19GaWxlUGFnZVNldHVwKCk7IGJyZWFrOwogICAgY2FzZSBDTURfRVhJVDogICAgICAgRElBTE9HX0ZpbGVFeGl0KCk7IGJyZWFrOwoKICAgIGNhc2UgQ01EX1VORE86ICAgICAgIERJQUxPR19FZGl0VW5kbygpOyBicmVhazsKICAgIGNhc2UgQ01EX0NVVDogICAgICAgIERJQUxPR19FZGl0Q3V0KCk7IGJyZWFrOwogICAgY2FzZSBDTURfQ09QWTogICAgICAgRElBTE9HX0VkaXRDb3B5KCk7IGJyZWFrOwogICAgY2FzZSBDTURfUEFTVEU6ICAgICAgRElBTE9HX0VkaXRQYXN0ZSgpOyBicmVhazsKICAgIGNhc2UgQ01EX0RFTEVURTogICAgIERJQUxPR19FZGl0RGVsZXRlKCk7IGJyZWFrOwogICAgY2FzZSBDTURfU0VMRUNUX0FMTDogRElBTE9HX0VkaXRTZWxlY3RBbGwoKTsgYnJlYWs7CiAgICBjYXNlIENNRF9USU1FX0RBVEU6ICBESUFMT0dfRWRpdFRpbWVEYXRlKCk7IGJyZWFrOwoKICAgIGNhc2UgQ01EX1NFQVJDSDogICAgICBESUFMT0dfU2VhcmNoKCk7IGJyZWFrOwogICAgY2FzZSBDTURfU0VBUkNIX05FWFQ6IERJQUxPR19TZWFyY2hOZXh0KCk7IGJyZWFrOwogICAgY2FzZSBDTURfUkVQTEFDRTogICAgIERJQUxPR19SZXBsYWNlKCk7IGJyZWFrOwogICAgY2FzZSBDTURfR09UTzogICAgICAgIERJQUxPR19Hb1RvKCk7IGJyZWFrOwoKICAgIGNhc2UgQ01EX1dSQVA6IERJQUxPR19FZGl0V3JhcCgpOyBicmVhazsKICAgIGNhc2UgQ01EX0ZPTlQ6IERJQUxPR19TZWxlY3RGb250KCk7IGJyZWFrOwoKICAgIGNhc2UgQ01EX1NUQVRVU0JBUjogRElBTE9HX1ZpZXdTdGF0dXNCYXIoKTsgYnJlYWs7CgogICAgY2FzZSBDTURfSEVMUF9DT05URU5UUzogRElBTE9HX0hlbHBDb250ZW50cygpOyBicmVhazsKCiAgICBjYXNlIENNRF9BQk9VVDoKICAgICAgICBEaWFsb2dCb3goR2V0TW9kdWxlSGFuZGxlKE5VTEwpLAogICAgICAgICAgICAgICAgICBNQUtFSU5UUkVTT1VSQ0UoSUREX0FCT1VUQk9YKSwKICAgICAgICAgICAgICAgICAgR2xvYmFscy5oTWFpblduZCwKICAgICAgICAgICAgICAgICAgQWJvdXREaWFsb2dQcm9jKTsKICAgICAgICBicmVhazsKCiAgICBjYXNlIENNRF9IRUxQX0FCT1VUX05PVEVQQUQ6IERJQUxPR19IZWxwQWJvdXROb3RlcGFkKCk7IGJyZWFrOwoKICAgIGRlZmF1bHQ6CiAgICAgICAgYnJlYWs7CiAgICB9CiAgICByZXR1cm4gMDsKfQoKLyoqKioqKioqKioqKioqKioqKioqKioqKioqKioqKioqKioqKioqKioqKioqKioqKioqKioqKioqKioqKioqKioqKioqKioqCiAqCiAqICAgICAgICAgICBOT1RFUEFEX0ZpbmRUZXh0QXQKICovCgpzdGF0aWMgQk9PTApOT1RFUEFEX0ZpbmRUZXh0QXQoRklORFJFUExBQ0UgKnBGaW5kUmVwbGFjZSwgTFBDVFNUUiBwc3pUZXh0LCBpbnQgaVRleHRMZW5ndGgsIERXT1JEIGR3UG9zaXRpb24pCnsKICAgIEJPT0wgYk1hdGNoZXM7CiAgICBzaXplX3QgaVRhcmdldExlbmd0aDsKCiAgICBpZiAoKCFwRmluZFJlcGxhY2UpIHx8ICghcHN6VGV4dCkpCiAgICB7CiAgICAgICAgcmV0dXJuIEZBTFNFOwogICAgfQoKICAgIGlUYXJnZXRMZW5ndGggPSBfdGNzbGVuKHBGaW5kUmVwbGFjZS0+bHBzdHJGaW5kV2hhdCk7CgogICAgLyogTWFrZSBwcm9wZXIgY29tcGFyaXNvbiAqLwogICAgaWYgKHBGaW5kUmVwbGFjZS0+RmxhZ3MgJiBGUl9NQVRDSENBU0UpCiAgICAgICAgYk1hdGNoZXMgPSAhX3Rjc25jbXAoJnBzelRleHRbZHdQb3NpdGlvbl0sIHBGaW5kUmVwbGFjZS0+bHBzdHJGaW5kV2hhdCwgaVRhcmdldExlbmd0aCk7CiAgICBlbHNlCiAgICAgICAgYk1hdGNoZXMgPSAhX3Rjc25pY21wKCZwc3pUZXh0W2R3UG9zaXRpb25dLCBwRmluZFJlcGxhY2UtPmxwc3RyRmluZFdoYXQsIGlUYXJnZXRMZW5ndGgpOwoKICAgIGlmIChiTWF0Y2hlcyAmJiBwRmluZFJlcGxhY2UtPkZsYWdzICYgRlJfV0hPTEVXT1JEKQogICAgewogICAgICAgIGlmICgoZHdQb3NpdGlvbiA+IDApICYmICFfaXN0c3BhY2UocHN6VGV4dFtkd1Bvc2l0aW9uLTFdKSkKICAgICAgICAgICAgYk1hdGNoZXMgPSBGQUxTRTsKICAgICAgICBpZiAoKGR3UG9zaXRpb24gPCAoRFdPUkQpIGlUZXh0TGVuZ3RoIC0gMSkgJiYgIV9pc3RzcGFjZShwc3pUZXh0W2R3UG9zaXRpb24rMV0pKQogICAgICAgICAgICBiTWF0Y2hlcyA9IEZBTFNFOwogICAgfQoKICAgIHJldHVybiBiTWF0Y2hlczsKfQoKLyoqKioqKioqKioqKioqKioqKioqKioqKioqKioqKioqKioqKioqKioqKioqKioqKioqKioqKioqKioqKioqKioqKioqKioqCiAqCiAqICAgICAgICAgICBOT1RFUEFEX0ZpbmROZXh0CiAqLwoKQk9PTCBOT1RFUEFEX0ZpbmROZXh0KEZJTkRSRVBMQUNFICpwRmluZFJlcGxhY2UsIEJPT0wgYlJlcGxhY2UsIEJPT0wgYlNob3dBbGVydCkKewogICAgaW50IGlUZXh0TGVuZ3RoLCBpVGFyZ2V0TGVuZ3RoOwogICAgc2l6ZV90IGlBZGp1c3RtZW50ID0gMDsKICAgIExQVFNUUiBwc3pUZXh0ID0gTlVMTDsKICAgIERXT1JEIGR3UG9zaXRpb24sIGR3QmVnaW4sIGR3RW5kOwogICAgQk9PTCBiTWF0Y2hlcyA9IEZBTFNFOwogICAgVENIQVIgc3pSZXNvdXJjZVsxMjhdLCBzelRleHRbMTI4XTsKICAgIEJPT0wgYlN1Y2Nlc3M7CgogICAgaVRhcmdldExlbmd0aCA9IChpbnQpIF90Y3NsZW4ocEZpbmRSZXBsYWNlLT5scHN0ckZpbmRXaGF0KTsKCiAgICAvKiBSZXRyaWV2ZSB0aGUgd2luZG93IHRleHQgKi8KICAgIGlUZXh0TGVuZ3RoID0gR2V0V2luZG93VGV4dExlbmd0aChHbG9iYWxzLmhFZGl0KTsKICAgIGlmIChpVGV4dExlbmd0aCA+IDApCiAgICB7CiAgICAgICAgcHN6VGV4dCA9IChMUFRTVFIpIEhlYXBBbGxvYyhHZXRQcm9jZXNzSGVhcCgpLCAwLCAoaVRleHRMZW5ndGggKyAxKSAqIHNpemVvZihUQ0hBUikpOwogICAgICAgIGlmICghcHN6VGV4dCkKICAgICAgICAgICAgcmV0dXJuIEZBTFNFOwoKICAgICAgICBHZXRXaW5kb3dUZXh0KEdsb2JhbHMuaEVkaXQsIHBzelRleHQsIGlUZXh0TGVuZ3RoICsgMSk7CiAgICB9CgogICAgU2VuZE1lc3NhZ2UoR2xvYmFscy5oRWRpdCwgRU1fR0VUU0VMLCAoV1BBUkFNKSAmZHdCZWdpbiwgKExQQVJBTSkgJmR3RW5kKTsKICAgIGlmIChiUmVwbGFjZSAmJiAoKGR3RW5kIC0gZHdCZWdpbikgPT0gKERXT1JEKSBpVGFyZ2V0TGVuZ3RoKSkKICAgIHsKICAgICAgICBpZiAoTk9URVBBRF9GaW5kVGV4dEF0KHBGaW5kUmVwbGFjZSwgcHN6VGV4dCwgaVRleHRMZW5ndGgsIGR3QmVnaW4pKQogICAgICAgIHsKICAgICAgICAgICAgU2VuZE1lc3NhZ2UoR2xvYmFscy5oRWRpdCwgRU1fUkVQTEFDRVNFTCwgVFJVRSwgKExQQVJBTSkgcEZpbmRSZXBsYWNlLT5scHN0clJlcGxhY2VXaXRoKTsKICAgICAgICAgICAgaUFkanVzdG1lbnQgPSBfdGNzbGVuKHBGaW5kUmVwbGFjZS0+bHBzdHJSZXBsYWNlV2l0aCkgLSAoZHdFbmQgLSBkd0JlZ2luKTsKICAgICAgICB9CiAgICB9CgogICAgaWYgKHBGaW5kUmVwbGFjZS0+RmxhZ3MgJiBGUl9ET1dOKQogICAgewogICAgICAgIC8qIEZpbmQgRG93biAqLwogICAgICAgIGR3UG9zaXRpb24gPSBkd0VuZDsKICAgICAgICB3aGlsZShkd1Bvc2l0aW9uIDwgKERXT1JEKSBpVGV4dExlbmd0aCkKICAgICAgICB7CiAgICAgICAgICAgIGJNYXRjaGVzID0gTk9URVBBRF9GaW5kVGV4dEF0KHBGaW5kUmVwbGFjZSwgcHN6VGV4dCwgaVRleHRMZW5ndGgsIGR3UG9zaXRpb24pOwogICAgICAgICAgICBpZiAoYk1hdGNoZXMpCiAgICAgICAgICAgICAgICBicmVhazsKICAgICAgICAgICAgZHdQb3NpdGlvbisrOwogICAgICAgIH0KICAgIH0KICAgIGVsc2UKICAgIHsKICAgICAgICAvKiBGaW5kIFVwICovCiAgICAgICAgZHdQb3NpdGlvbiA9IGR3QmVnaW47CiAgICAgICAgd2hpbGUoZHdQb3NpdGlvbiA+IDApCiAgICAgICAgewogICAgICAgICAgICBkd1Bvc2l0aW9uLS07CiAgICAgICAgICAgIGJNYXRjaGVzID0gTk9URVBBRF9GaW5kVGV4dEF0KHBGaW5kUmVwbGFjZSwgcHN6VGV4dCwgaVRleHRMZW5ndGgsIGR3UG9zaXRpb24pOwogICAgICAgICAgICBpZiAoYk1hdGNoZXMpCiAgICAgICAgICAgICAgICBicmVhazsKICAgICAgICB9CiAgICB9CgogICAgaWYgKGJNYXRjaGVzKQogICAgewogICAgICAgIC8qIEZvdW5kIHRhcmdldCAqLwogICAgICAgIGlmIChkd1Bvc2l0aW9uID4gZHdCZWdpbikKICAgICAgICAgICAgZHdQb3NpdGlvbiArPSAoRFdPUkQpIGlBZGp1c3RtZW50OwogICAgICAgIFNlbmRNZXNzYWdlKEdsb2JhbHMuaEVkaXQsIEVNX1NFVFNFTCwgZHdQb3NpdGlvbiwgZHdQb3NpdGlvbiArIGlUYXJnZXRMZW5ndGgpOwogICAgICAgIFNlbmRNZXNzYWdlKEdsb2JhbHMuaEVkaXQsIEVNX1NDUk9MTENBUkVULCAwLCAwKTsKICAgICAgICBiU3VjY2VzcyA9IFRSVUU7CiAgICB9CiAgICBlbHNlCiAgICB7CiAgICAgICAgLyogQ2FuJ3QgZmluZCB0YXJnZXQgKi8KICAgICAgICBpZiAoYlNob3dBbGVydCkKICAgICAgICB7CiAgICAgICAgICAgIExvYWRTdHJpbmcoR2xvYmFscy5oSW5zdGFuY2UsIFNUUklOR19DQU5OT1RGSU5ELCBzelJlc291cmNlLCBBUlJBWV9TSVpFKHN6UmVzb3VyY2UpKTsKICAgICAgICAgICAgX3NudHByaW50ZihzelRleHQsIEFSUkFZX1NJWkUoc3pUZXh0KSwgc3pSZXNvdXJjZSwgcEZpbmRSZXBsYWNlLT5scHN0ckZpbmRXaGF0KTsKICAgICAgICAgICAgTG9hZFN0cmluZyhHbG9iYWxzLmhJbnN0YW5jZSwgU1RSSU5HX05PVEVQQUQsIHN6UmVzb3VyY2UsIEFSUkFZX1NJWkUoc3pSZXNvdXJjZSkpOwogICAgICAgICAgICBNZXNzYWdlQm94KEdsb2JhbHMuaEZpbmRSZXBsYWNlRGxnLCBzelRleHQsIHN6UmVzb3VyY2UsIE1CX09LKTsKICAgICAgICB9CiAgICAgICAgYlN1Y2Nlc3MgPSBGQUxTRTsKICAgIH0KCiAgICBpZiAocHN6VGV4dCkKICAgICAgICBIZWFwRnJlZShHZXRQcm9jZXNzSGVhcCgpLCAwLCBwc3pUZXh0KTsKICAgIHJldHVybiBiU3VjY2VzczsKfQoKLyoqKioqKioqKioqKioqKioqKioqKioqKioqKioqKioqKioqKioqKioqKioqKioqKioqKioqKioqKioqKioqKioqKioqKioqCiAqCiAqICAgICAgICAgICBOT1RFUEFEX1JlcGxhY2VBbGwKICovCgpzdGF0aWMgVk9JRCBOT1RFUEFEX1JlcGxhY2VBbGwoRklORFJFUExBQ0UgKnBGaW5kUmVwbGFjZSkKewogICAgQk9PTCBiU2hvd0FsZXJ0ID0gVFJVRTsKCiAgICBTZW5kTWVzc2FnZShHbG9iYWxzLmhFZGl0LCBFTV9TRVRTRUwsIDAsIDApOwoKICAgIHdoaWxlIChOT1RFUEFEX0ZpbmROZXh0KHBGaW5kUmVwbGFjZSwgVFJVRSwgYlNob3dBbGVydCkpCiAgICB7CiAgICAgICAgYlNob3dBbGVydCA9IEZBTFNFOwogICAgfQp9CgovKioqKioqKioqKioqKioqKioqKioqKioqKioqKioqKioqKioqKioqKioqKioqKioqKioqKioqKioqKioqKioqKioqKioqKioKICoKICogICAgICAgICAgIE5PVEVQQURfRmluZFRlcm0KICovCgpzdGF0aWMgVk9JRCBOT1RFUEFEX0ZpbmRUZXJtKFZPSUQpCnsKICAgIEdsb2JhbHMuaEZpbmRSZXBsYWNlRGxnID0gTlVMTDsKfQoKLyoqKioqKioqKioqKioqKioqKioqKioqKioqKioqKioqKioqKioqKioqKioqKioqKioqKioqKioqKioqKioqKioqKioqKioqCiAqIERhdGEgSW5pdGlhbGl6YXRpb24KICovCnN0YXRpYyBWT0lEIE5PVEVQQURfSW5pdERhdGEoVk9JRCkKewogICAgTFBUU1RSIHAgPSBHbG9iYWxzLnN6RmlsdGVyOwogICAgc3RhdGljIGNvbnN0IFRDSEFSIHR4dF9maWxlc1tdID0gX1QoIioudHh0Iik7CiAgICBzdGF0aWMgY29uc3QgVENIQVIgYWxsX2ZpbGVzW10gPSBfVCgiKi4qIik7CgogICAgcCArPSBMb2FkU3RyaW5nKEdsb2JhbHMuaEluc3RhbmNlLCBTVFJJTkdfVEVYVF9GSUxFU19UWFQsIHAsIE1BWF9TVFJJTkdfTEVOKSArIDE7CiAgICBfdGNzY3B5KHAsIHR4dF9maWxlcyk7CiAgICBwICs9IEFSUkFZX1NJWkUodHh0X2ZpbGVzKTsKCiAgICBwICs9IExvYWRTdHJpbmcoR2xvYmFscy5oSW5zdGFuY2UsIFNUUklOR19BTExfRklMRVMsIHAsIE1BWF9TVFJJTkdfTEVOKSArIDE7CiAgICBfdGNzY3B5KHAsIGFsbF9maWxlcyk7CiAgICBwICs9IEFSUkFZX1NJWkUoYWxsX2ZpbGVzKTsKICAgICpwID0gJ1wwJzsKICAgIEdsb2JhbHMuZmluZC5scHN0ckZpbmRXaGF0ID0gTlVMTDsKCiAgICBHbG9iYWxzLmhEZXZNb2RlID0gTlVMTDsKICAgIEdsb2JhbHMuaERldk5hbWVzID0gTlVMTDsKfQoKLyoqKioqKioqKioqKioqKioqKioqKioqKioqKioqKioqKioqKioqKioqKioqKioqKioqKioqKioqKioqKioqKioqKioqKioqCiAqIEVuYWJsZS9kaXNhYmxlIGl0ZW1zIG9uIHRoZSBtZW51IGJhc2VkIG9uIGNvbnRyb2wgc3RhdGUKICovCnN0YXRpYyBWT0lEIE5PVEVQQURfSW5pdE1lbnVQb3B1cChITUVOVSBtZW51LCBMUEFSQU0gaW5kZXgpCnsKICAgIGludCBlbmFibGU7CgogICAgVU5SRUZFUkVOQ0VEX1BBUkFNRVRFUihpbmRleCk7CgogICAgQ2hlY2tNZW51SXRlbShHZXRNZW51KEdsb2JhbHMuaE1haW5XbmQpLCBDTURfV1JBUCwKICAgICAgICBNRl9CWUNPTU1BTkQgfCAoR2xvYmFscy5iV3JhcExvbmdMaW5lcyA/IE1GX0NIRUNLRUQgOiBNRl9VTkNIRUNLRUQpKTsKICAgIGlmICghR2xvYmFscy5iV3JhcExvbmdMaW5lcykKICAgIHsKICAgICAgICBDaGVja01lbnVJdGVtKEdldE1lbnUoR2xvYmFscy5oTWFpblduZCksIENNRF9TVEFUVVNCQVIsCiAgICAgICAgICAgIE1GX0JZQ09NTUFORCB8IChHbG9iYWxzLmJTaG93U3RhdHVzQmFyID8gTUZfQ0hFQ0tFRCA6IE1GX1VOQ0hFQ0tFRCkpOwogICAgfQogICAgRW5hYmxlTWVudUl0ZW0obWVudSwgQ01EX1VORE8sCiAgICAgICAgU2VuZE1lc3NhZ2UoR2xvYmFscy5oRWRpdCwgRU1fQ0FOVU5ETywgMCwgMCkgPyBNRl9FTkFCTEVEIDogTUZfR1JBWUVEKTsKICAgIEVuYWJsZU1lbnVJdGVtKG1lbnUsIENNRF9QQVNURSwKICAgICAgICBJc0NsaXBib2FyZEZvcm1hdEF2YWlsYWJsZShDRl9URVhUKSA/IE1GX0VOQUJMRUQgOiBNRl9HUkFZRUQpOwogICAgZW5hYmxlID0gKGludCkgU2VuZE1lc3NhZ2UoR2xvYmFscy5oRWRpdCwgRU1fR0VUU0VMLCAwLCAwKTsKICAgIGVuYWJsZSA9IChISVdPUkQoZW5hYmxlKSA9PSBMT1dPUkQoZW5hYmxlKSkgPyBNRl9HUkFZRUQgOiBNRl9FTkFCTEVEOwogICAgRW5hYmxlTWVudUl0ZW0obWVudSwgQ01EX0NVVCwgZW5hYmxlKTsKICAgIEVuYWJsZU1lbnVJdGVtKG1lbnUsIENNRF9DT1BZLCBlbmFibGUpOwogICAgRW5hYmxlTWVudUl0ZW0obWVudSwgQ01EX0RFTEVURSwgZW5hYmxlKTsKCiAgICBFbmFibGVNZW51SXRlbShtZW51LCBDTURfU0VMRUNUX0FMTCwKICAgICAgICBHZXRXaW5kb3dUZXh0TGVuZ3RoKEdsb2JhbHMuaEVkaXQpID8gTUZfRU5BQkxFRCA6IE1GX0dSQVlFRCk7CiAgICBEcmF3TWVudUJhcihHbG9iYWxzLmhNYWluV25kKTsKfQoKTFJFU1VMVCBDQUxMQkFDSyBFRElUX1duZFByb2MoSFdORCBoV25kLCBVSU5UIG1zZywgV1BBUkFNIHdQYXJhbSwgTFBBUkFNIGxQYXJhbSkKeyAKICAgIHN3aXRjaCAobXNnKQogICAgewogICAgICAgIGNhc2UgV01fS0VZRE9XTjoKICAgICAgICBjYXNlIFdNX0tFWVVQOgogICAgICAgIHsKICAgICAgICAgICAgc3dpdGNoICh3UGFyYW0pCiAgICAgICAgICAgIHsKICAgICAgICAgICAgICAgIGNhc2UgVktfVVA6CiAgICAgICAgICAgICAgICBjYXNlIFZLX0RPV046CiAgICAgICAgICAgICAgICBjYXNlIFZLX0xFRlQ6CiAgICAgICAgICAgICAgICBjYXNlIFZLX1JJR0hUOgogICAgICAgICAgICAgICAgICAgIERJQUxPR19TdGF0dXNCYXJVcGRhdGVDYXJldFBvcygpOwogICAgICAgICAgICAgICAgICAgIGJyZWFrOwogICAgICAgICAgICAgICAgZGVmYXVsdDoKICAgICAgICAgICAgICAgIHsKICAgICAgICAgICAgICAgICAgICBVcGRhdGVXaW5kb3dDYXB0aW9uKEZBTFNFKTsKICAgICAgICAgICAgICAgICAgICBicmVhazsKICAgICAgICAgICAgICAgIH0KICAgICAgICAgICAgfQogICAgICAgIH0KICAgICAgICBjYXNlIFdNX0xCVVRUT05VUDoKICAgICAgICB7CiAgICAgICAgICAgIERJQUxPR19TdGF0dXNCYXJVcGRhdGVDYXJldFBvcygpOwogICAgICAgICAgICBicmVhazsKICAgICAgICB9CiAgICB9CiAgICByZXR1cm4gQ2FsbFdpbmRvd1Byb2MoIEdsb2JhbHMuRWRpdFByb2MsIGhXbmQsIG1zZywgd1BhcmFtLCBsUGFyYW0pOwp9CgovKioqKioqKioqKioqKioqKioqKioqKioqKioqKioqKioqKioqKioqKioqKioqKioqKioqKioqKioqKioqKioqKioqKioqKioKICoKICogICAgICAgICAgIE5PVEVQQURfV25kUHJvYwogKi8Kc3RhdGljIExSRVNVTFQKV0lOQVBJCk5PVEVQQURfV25kUHJvYyhIV05EIGhXbmQsIFVJTlQgbXNnLCBXUEFSQU0gd1BhcmFtLCBMUEFSQU0gbFBhcmFtKQp7CiAgICBzd2l0Y2ggKG1zZykKICAgIHsKCiAgICBjYXNlIFdNX0NSRUFURToKICAgICAgICBHbG9iYWxzLmhNZW51ID0gR2V0TWVudShoV25kKTsKICAgICAgICBicmVhazsKCiAgICBjYXNlIFdNX0NPTU1BTkQ6CiAgICAgICAgaWYgKEhJV09SRCh3UGFyYW0pID09IEVOX0NIQU5HRSB8fCBISVdPUkQod1BhcmFtKSA9PSBFTl9IU0NST0xMIHx8IEhJV09SRCh3UGFyYW0pID09IEVOX1ZTQ1JPTEwpCiAgICAgICAgICAgIERJQUxPR19TdGF0dXNCYXJVcGRhdGVDYXJldFBvcygpOwogICAgICAgIGlmICgoSElXT1JEKHdQYXJhbSkgPT0gRU5fQ0hBTkdFKSkKICAgICAgICAgICAgTk9URVBBRF9FbmFibGVTZWFyY2hNZW51KCk7CiAgICAgICAgTk9URVBBRF9NZW51Q29tbWFuZChMT1dPUkQod1BhcmFtKSk7CiAgICAgICAgYnJlYWs7CgogICAgY2FzZSBXTV9ERVNUUk9ZQ0xJUEJPQVJEOgogICAgICAgIC8qTWVzc2FnZUJveChHbG9iYWxzLmhNYWluV25kLCAiRW1wdHkgY2xpcGJvYXJkIiwgIkRlYnVnIiwgTUJfSUNPTkVYQ0xBTUFUSU9OKTsqLwogICAgICAgIGJyZWFrOwoKICAgIGNhc2UgV01fQ0xPU0U6CiAgICAgICAgaWYgKERvQ2xvc2VGaWxlKCkpIHsKICAgICAgICAgICAgaWYgKEdsb2JhbHMuaEZvbnQpCiAgICAgICAgICAgICAgICBEZWxldGVPYmplY3QoR2xvYmFscy5oRm9udCk7CiAgICAgICAgICAgIGlmIChHbG9iYWxzLmhEZXZNb2RlKQogICAgICAgICAgICAgICAgR2xvYmFsRnJlZShHbG9iYWxzLmhEZXZNb2RlKTsKICAgICAgICAgICAgaWYgKEdsb2JhbHMuaERldk5hbWVzKQogICAgICAgICAgICAgICAgR2xvYmFsRnJlZShHbG9iYWxzLmhEZXZOYW1lcyk7CiAgICAgICAgICAgIERlc3Ryb3lXaW5kb3coaFduZCk7CiAgICAgICAgfQogICAgICAgIGJyZWFrOwoKICAgIGNhc2UgV01fUVVFUllFTkRTRVNTSU9OOgogICAgICAgIGlmIChEb0Nsb3NlRmlsZSgpKSB7CiAgICAgICAgICAgIHJldHVybiAxOwogICAgICAgIH0KICAgICAgICBicmVhazsKCiAgICBjYXNlIFdNX0RFU1RST1k6CiAgICAgICAgU2V0V2luZG93TG9uZ1B0cihHbG9iYWxzLmhFZGl0LCBHV0xQX1dORFBST0MsIChMT05HX1BUUilHbG9iYWxzLkVkaXRQcm9jKTsKICAgICAgICBOT1RFUEFEX1NhdmVTZXR0aW5nc1RvUmVnaXN0cnkoKTsKICAgICAgICBQb3N0UXVpdE1lc3NhZ2UoMCk7CiAgICAgICAgYnJlYWs7CgogICAgY2FzZSBXTV9TSVpFOgogICAgewogICAgICAgIGlmICgoR2xvYmFscy5iU2hvd1N0YXR1c0JhciAhPSBGQUxTRSkgJiYgKEdsb2JhbHMuYldyYXBMb25nTGluZXMgPT0gRkFMU0UpKQogICAgICAgIHsKICAgICAgICAgICAgUkVDVCByY1N0YXR1c0JhcjsKICAgICAgICAgICAgSERXUCBoZHdwOwoKICAgICAgICAgICAgaWYgKCFHZXRXaW5kb3dSZWN0KEdsb2JhbHMuaFN0YXR1c0JhciwgJnJjU3RhdHVzQmFyKSkKICAgICAgICAgICAgICAgIGJyZWFrOwoKICAgICAgICAgICAgaGR3cCA9IEJlZ2luRGVmZXJXaW5kb3dQb3MoMik7CiAgICAgICAgICAgIGlmIChoZHdwID09IE5VTEwpCiAgICAgICAgICAgICAgICBicmVhazsKCiAgICAgICAgICAgIGhkd3AgPSBEZWZlcldpbmRvd1BvcyhoZHdwLAogICAgICAgICAgICAgICAgICAgICAgICAgICAgICAgICAgR2xvYmFscy5oRWRpdCwKICAgICAgICAgICAgICAgICAgICAgICAgICAgICAgICAgIE5VTEwsCiAgICAgICAgICAgICAgICAgICAgICAgICAgICAgICAgICAwLAogICAgICAgICAgICAgICAgICAgICAgICAgICAgICAgICAgMCwKICAgICAgICAgICAgICAgICAgICAgICAgICAgICAgICAgIExPV09SRChsUGFyYW0pLAogICAgICAgICAgICAgICAgICAgICAgICAgICAgICAgICAgSElXT1JEKGxQYXJhbSkgLSAocmNTdGF0dXNCYXIuYm90dG9tIC0gcmNTdGF0dXNCYXIudG9wKSwKICAgICAgICAgICAgICAgICAgICAgICAgICAgICAgICAgIFNXUF9OT1pPUkRFUiB8IFNXUF9OT01PVkUpOwoKICAgICAgICAgICAgaWYgKGhkd3AgPT0gTlVMTCkKICAgICAgICAgICAgICAgIGJyZWFrOwoKICAgICAgICAgICAgaGR3cCA9IERlZmVyV2luZG93UG9zKGhkd3AsCiAgICAgICAgICAgICAgICAgICAgICAgICAgICAgICAgICBHbG9iYWxzLmhTdGF0dXNCYXIsCiAgICAgICAgICAgICAgICAgICAgICAgICAgICAgICAgICBOVUxMLAogICAgICAgICAgICAgICAgICAgICAgICAgICAgICAgICAgMCwKICAgICAgICAgICAgICAgICAgICAgICAgICAgICAgICAgIDAsCiAgICAgICAgICAgICAgICAgICAgICAgICAgICAgICAgICBMT1dPUkQobFBhcmFtKSwKICAgICAgICAgICAgICAgICAgICAgICAgICAgICAgICAgIExPV09SRCh3UGFyYW0pLAogICAgICAgICAgICAgICAgICAgICAgICAgICAgICAgICAgU1dQX05PWk9SREVSKTsKCiAgICAgICAgICAgIGlmIChoZHdwICE9IE5VTEwpCiAgICAgICAgICAgICAgICBFbmREZWZlcldpbmRvd1BvcyhoZHdwKTsKICAgICAgICB9CiAgICAgICAgZWxzZQogICAgICAgICAgICBTZXRXaW5kb3dQb3MoR2xvYmFscy5oRWRpdCwKICAgICAgICAgICAgICAgICAgICAgICAgIE5VTEwsCiAgICAgICAgICAgICAgICAgICAgICAgICAwLAogICAgICAgICAgICAgICAgICAgICAgICAgMCwKICAgICAgICAgICAgICAgICAgICAgICAgIExPV09SRChsUGFyYW0pLAogICAgICAgICAgICAgICAgICAgICAgICAgSElXT1JEKGxQYXJhbSksCiAgICAgICAgICAgICAgICAgICAgICAgICBTV1BfTk9aT1JERVIgfCBTV1BfTk9NT1ZFKTsKCiAgICAgICAgYnJlYWs7CiAgICB9CgogICAgLyogVGhlIGVudGlyZSBjbGllbnQgYXJlYSBpcyBjb3ZlcmVkIGJ5IGVkaXQgY29udHJvbCBhbmQgYnkKICAgICAqIHRoZSBzdGF0dXMgYmFyLiBTbyB0aGVyZSBpcyBubyBuZWVkIHRvIGVyYXNlIG1haW4gYmFja2dyb3VuZC4KICAgICAqIFRoaXMgcmVzb2x2ZXMgdGhlIGhvcnJpYmxlIGZsaWNrZXIgZWZmZWN0IGR1cmluZyB3aW5kb3dzIHJlc2l6ZXMuICovCiAgICBjYXNlIFdNX0VSQVNFQktHTkQ6CiAgICAgICAgcmV0dXJuIDE7CgogICAgY2FzZSBXTV9TRVRGT0NVUzoKICAgICAgICBTZXRGb2N1cyhHbG9iYWxzLmhFZGl0KTsKICAgICAgICBicmVhazsKCiAgICBjYXNlIFdNX0RST1BGSUxFUzoKICAgIHsKICAgICAgICBUQ0hBUiBzekZpbGVOYW1lW01BWF9QQVRIXTsKICAgICAgICBIRFJPUCBoRHJvcCA9IChIRFJPUCkgd1BhcmFtOwoKICAgICAgICBEcmFnUXVlcnlGaWxlKGhEcm9wLCAwLCBzekZpbGVOYW1lLCBBUlJBWV9TSVpFKHN6RmlsZU5hbWUpKTsKICAgICAgICBEcmFnRmluaXNoKGhEcm9wKTsKICAgICAgICBEb09wZW5GaWxlKHN6RmlsZU5hbWUpOwogICAgICAgIGJyZWFrOwogICAgfQogICAgY2FzZSBXTV9DSEFSOgogICAgY2FzZSBXTV9JTklUTUVOVVBPUFVQOgogICAgICAgIE5PVEVQQURfSW5pdE1lbnVQb3B1cCgoSE1FTlUpd1BhcmFtLCBsUGFyYW0pOwogICAgICAgIGJyZWFrOwogICAgZGVmYXVsdDoKICAgICAgICBpZiAobXNnID09IGFGSU5ETVNHU1RSSU5HKQogICAgICAgIHsKICAgICAgICAgICAgRklORFJFUExBQ0UgKnBGaW5kUmVwbGFjZSA9IChGSU5EUkVQTEFDRSAqKSBsUGFyYW07CiAgICAgICAgICAgIEdsb2JhbHMuZmluZCA9ICooRklORFJFUExBQ0UgKikgbFBhcmFtOwoKICAgICAgICAgICAgaWYgKHBGaW5kUmVwbGFjZS0+RmxhZ3MgJiBGUl9GSU5ETkVYVCkKICAgICAgICAgICAgICAgIE5PVEVQQURfRmluZE5leHQocEZpbmRSZXBsYWNlLCBGQUxTRSwgVFJVRSk7CiAgICAgICAgICAgIGVsc2UgaWYgKHBGaW5kUmVwbGFjZS0+RmxhZ3MgJiBGUl9SRVBMQUNFKQogICAgICAgICAgICAgICAgTk9URVBBRF9GaW5kTmV4dChwRmluZFJlcGxhY2UsIFRSVUUsIFRSVUUpOwogICAgICAgICAgICBlbHNlIGlmIChwRmluZFJlcGxhY2UtPkZsYWdzICYgRlJfUkVQTEFDRUFMTCkKICAgICAgICAgICAgICAgIE5PVEVQQURfUmVwbGFjZUFsbChwRmluZFJlcGxhY2UpOwogICAgICAgICAgICBlbHNlIGlmIChwRmluZFJlcGxhY2UtPkZsYWdzICYgRlJfRElBTE9HVEVSTSkKICAgICAgICAgICAgICAgIE5PVEVQQURfRmluZFRlcm0oKTsKICAgICAgICAgICAgYnJlYWs7CiAgICAgICAgfQoKICAgICAgICByZXR1cm4gRGVmV2luZG93UHJvYyhoV25kLCBtc2csIHdQYXJhbSwgbFBhcmFtKTsKICAgIH0KICAgIHJldHVybiAwOwp9CgpzdGF0aWMgaW50IEFsZXJ0RmlsZURvZXNOb3RFeGlzdChMUENUU1RSIHN6RmlsZU5hbWUpCnsKICAgIHJldHVybiBESUFMT0dfU3RyaW5nTXNnQm94KEdsb2JhbHMuaE1haW5XbmQsIFNUUklOR19ET0VTTk9URVhJU1QsCiAgICAgICAgICAgICAgICAgICAgICAgICAgICAgICBzekZpbGVOYW1lLAogICAgICAgICAgICAgICAgICAgICAgICAgICAgICAgTUJfSUNPTkVYQ0xBTUFUSU9OIHwgTUJfWUVTTk8pOwp9CgpzdGF0aWMgQk9PTCBIYW5kbGVDb21tYW5kTGluZShMUFRTVFIgY21kbGluZSkKewogICAgQk9PTCBvcHRfcHJpbnQgPSBGQUxTRTsKCiAgICB3aGlsZSAoKmNtZGxpbmUgPT0gX1QoJyAnKSB8fCAqY21kbGluZSA9PSBfVCgnLScpIHx8ICpjbWRsaW5lID09IF9UKCcvJykpCiAgICB7CiAgICAgICAgVENIQVIgb3B0aW9uOwoKICAgICAgICBpZiAoKmNtZGxpbmUrKyA9PSBfVCgnICcpKSBjb250aW51ZTsKCiAgICAgICAgb3B0aW9uID0gKmNtZGxpbmU7CiAgICAgICAgaWYgKG9wdGlvbikgY21kbGluZSsrOwogICAgICAgIHdoaWxlICgqY21kbGluZSA9PSBfVCgnICcpKSBjbWRsaW5lKys7CgogICAgICAgIHN3aXRjaChvcHRpb24pCiAgICAgICAgewogICAgICAgICAgICBjYXNlICdwJzoKICAgICAgICAgICAgY2FzZSAnUCc6CiAgICAgICAgICAgICAgICBvcHRfcHJpbnQgPSBUUlVFOwogICAgICAgICAgICAgICAgYnJlYWs7CiAgICAgICAgfQogICAgfQoKICAgIGlmICgqY21kbGluZSkKICAgIHsKICAgICAgICAvKiBmaWxlIG5hbWUgaXMgcGFzc2VkIGluIHRoZSBjb21tYW5kIGxpbmUgKi8KICAgICAgICBMUENUU1RSIGZpbGVfbmFtZSA9IE5VTEw7CiAgICAgICAgQk9PTCBmaWxlX2V4aXN0cyA9IEZBTFNFOwogICAgICAgIFRDSEFSIGJ1ZltNQVhfUEFUSF07CgogICAgICAgIGlmIChjbWRsaW5lWzBdID09IF9UKCciJykpCiAgICAgICAgewogICAgICAgICAgICBjbWRsaW5lKys7CiAgICAgICAgICAgIGNtZGxpbmVbbHN0cmxlbihjbWRsaW5lKSAtIDFdID0gMDsKICAgICAgICB9CgogICAgICAgIGZpbGVfbmFtZSA9IGNtZGxpbmU7CiAgICAgICAgaWYgKEZpbGVFeGlzdHMoZmlsZV9uYW1lKSkKICAgICAgICB7CiAgICAgICAgICAgIGZpbGVfZXhpc3RzID0gVFJVRTsKICAgICAgICB9CiAgICAgICAgZWxzZSBpZiAoIUhhc0ZpbGVFeHRlbnNpb24oY21kbGluZSkpCiAgICAgICAgewogICAgICAgICAgICBzdGF0aWMgY29uc3QgVENIQVIgdHh0W10gPSBfVCgiLnR4dCIpOwoKICAgICAgICAgICAgLyogdHJ5IHRvIGZpbmQgZmlsZSB3aXRoICIudHh0IiBleHRlbnNpb24gKi8KICAgICAgICAgICAgaWYgKCFfdGNzY21wKHR4dCwgY21kbGluZSArIF90Y3NsZW4oY21kbGluZSkgLSBfdGNzbGVuKHR4dCkpKQogICAgICAgICAgICB7CiAgICAgICAgICAgICAgICBmaWxlX2V4aXN0cyA9IEZBTFNFOwogICAgICAgICAgICB9CiAgICAgICAgICAgIGVsc2UKICAgICAgICAgICAgewogICAgICAgICAgICAgICAgX3Rjc25jcHkoYnVmLCBjbWRsaW5lLCBNQVhfUEFUSCAtIF90Y3NsZW4odHh0KSAtIDEpOwogICAgICAgICAgICAgICAgX3Rjc2NhdChidWYsIHR4dCk7CiAgICAgICAgICAgICAgICBmaWxlX25hbWUgPSBidWY7CiAgICAgICAgICAgICAgICBmaWxlX2V4aXN0cyA9IEZpbGVFeGlzdHMoZmlsZV9uYW1lKTsKICAgICAgICAgICAgfQogICAgICAgIH0KCiAgICAgICAgaWYgKGZpbGVfZXhpc3RzKQogICAgICAgIHsKICAgICAgICAgICAgRG9PcGVuRmlsZShmaWxlX25hbWUpOwogICAgICAgICAgICBJbnZhbGlkYXRlUmVjdChHbG9iYWxzLmhNYWluV25kLCBOVUxMLCBGQUxTRSk7CiAgICAgICAgICAgIGlmIChvcHRfcHJpbnQpCiAgICAgICAgICAgIHsKICAgICAgICAgICAgICAgIERJQUxPR19GaWxlUHJpbnQoKTsKICAgICAgICAgICAgICAgIHJldHVybiBGQUxTRTsKICAgICAgICAgICAgfQogICAgICAgIH0KICAgICAgICBlbHNlCiAgICAgICAgewogICAgICAgICAgICBzd2l0Y2ggKEFsZXJ0RmlsZURvZXNOb3RFeGlzdChmaWxlX25hbWUpKSB7CiAgICAgICAgICAgIGNhc2UgSURZRVM6CiAgICAgICAgICAgICAgICBEb09wZW5GaWxlKGZpbGVfbmFtZSk7CiAgICAgICAgICAgICAgICBicmVhazsKCiAgICAgICAgICAgIGNhc2UgSUROTzoKICAgICAgICAgICAgICAgIGJyZWFrOwogICAgICAgICAgICB9CiAgICAgICAgfQogICAgfQoKICAgIHJldHVybiBUUlVFOwp9CgovKioqKioqKioqKioqKioqKioqKioqKioqKioqKioqKioqKioqKioqKioqKioqKioqKioqKioqKioqKioqKioqKioqKioqKioKICoKICogICAgICAgICAgIFdpbk1haW4KICovCmludCBXSU5BUEkgX3RXaW5NYWluKEhJTlNUQU5DRSBoSW5zdGFuY2UsIEhJTlNUQU5DRSBwcmV2LCBMUFRTVFIgY21kbGluZSwgaW50IHNob3cpCnsKICAgIE1TRyBtc2c7CiAgICBIQUNDRUwgaEFjY2VsOwogICAgV05EQ0xBU1NFWCB3bmRjbGFzczsKICAgIEhNT05JVE9SIG1vbml0b3I7CiAgICBNT05JVE9SSU5GTyBpbmZvOwogICAgSU5UIHgsIHk7CgogICAgc3RhdGljIGNvbnN0IFRDSEFSIGNsYXNzTmFtZVtdID0gX1QoIk5vdGVwYWQiKTsKICAgIHN0YXRpYyBjb25zdCBUQ0hBUiB3aW5OYW1lW10gPSBfVCgiTm90ZXBhZCIpOwoKICAgIHN3aXRjaCAoR2V0VXNlckRlZmF1bHRVSUxhbmd1YWdlKCkpCiAgICB7CiAgICBjYXNlIE1BS0VMQU5HSUQoTEFOR19IRUJSRVcsIFNVQkxBTkdfREVGQVVMVCk6CiAgICAgICAgU2V0UHJvY2Vzc0RlZmF1bHRMYXlvdXQoTEFZT1VUX1JUTCk7CiAgICAgICAgYnJlYWs7CgogICAgZGVmYXVsdDoKICAgICAgICBicmVhazsKICAgIH0KCiAgICBVTlJFRkVSRU5DRURfUEFSQU1FVEVSKHByZXYpOwoKICAgIGFGSU5ETVNHU1RSSU5HID0gKEFUT00pUmVnaXN0ZXJXaW5kb3dNZXNzYWdlKEZJTkRNU0dTVFJJTkcpOwoKICAgIFplcm9NZW1vcnkoJkdsb2JhbHMsIHNpemVvZihHbG9iYWxzKSk7CiAgICBHbG9iYWxzLmhJbnN0YW5jZSA9IGhJbnN0YW5jZTsKICAgIE5PVEVQQURfTG9hZFNldHRpbmdzRnJvbVJlZ2lzdHJ5KCk7CgogICAgWmVyb01lbW9yeSgmd25kY2xhc3MsIHNpemVvZih3bmRjbGFzcykpOwogICAgd25kY2xhc3MuY2JTaXplID0gc2l6ZW9mKHduZGNsYXNzKTsKICAgIHduZGNsYXNzLmxwZm5XbmRQcm9jID0gTk9URVBBRF9XbmRQcm9jOwogICAgd25kY2xhc3MuaEluc3RhbmNlID0gR2xvYmFscy5oSW5zdGFuY2U7CiAgICB3bmRjbGFzcy5oSWNvbiA9IExvYWRJY29uKGhJbnN0YW5jZSwgTUFLRUlOVFJFU09VUkNFKElESV9OUElDT04pKTsKICAgIHduZGNsYXNzLmhDdXJzb3IgPSBMb2FkQ3Vyc29yKDAsIElEQ19BUlJPVyk7CiAgICB3bmRjbGFzcy5oYnJCYWNrZ3JvdW5kID0gKEhCUlVTSCkoQ09MT1JfV0lORE9XICsgMSk7CiAgICB3bmRjbGFzcy5scHN6TWVudU5hbWUgPSBNQUtFSU5UUkVTT1VSQ0UoTUFJTl9NRU5VKTsKICAgIHduZGNsYXNzLmxwc3pDbGFzc05hbWUgPSBjbGFzc05hbWU7CiAgICB3bmRjbGFzcy5oSWNvblNtID0gKEhJQ09OKUxvYWRJbWFnZShoSW5zdGFuY2UsCiAgICAgICAgICAgICAgICAgICAgICAgICAgICAgICAgICAgICAgICBNQUtFSU5UUkVTT1VSQ0UoSURJX05QSUNPTiksCiAgICAgICAgICAgICAgICAgICAgICAgICAgICAgICAgICAgICAgICBJTUFHRV9JQ09OLAogICAgICAgICAgICAgICAgICAgICAgICAgICAgICAgICAgICAgICAgMTYsCiAgICAgICAgICAgICAgICAgICAgICAgICAgICAgICAgICAgICAgICAxNiwKICAgICAgICAgICAgICAgICAgICAgICAgICAgICAgICAgICAgICAgIDApOwoKICAgIGlmICghUmVnaXN0ZXJDbGFzc0V4KCZ3bmRjbGFzcykpIHJldHVybiBGQUxTRTsKCiAgICAvKiBTZXR1cCB3aW5kb3dzICovCgogICAgbW9uaXRvciA9IE1vbml0b3JGcm9tUmVjdCgmR2xvYmFscy5tYWluX3JlY3QsIE1PTklUT1JfREVGQVVMVFRPUFJJTUFSWSk7CiAgICBpbmZvLmNiU2l6ZSA9IHNpemVvZihpbmZvKTsKICAgIEdldE1vbml0b3JJbmZvVyhtb25pdG9yLCAmaW5mbyk7CgogICAgeCA9IEdsb2JhbHMubWFpbl9yZWN0LmxlZnQ7CiAgICB5ID0gR2xvYmFscy5tYWluX3JlY3QudG9wOwogICAgaWYgKEdsb2JhbHMubWFpbl9yZWN0LmxlZnQgPj0gaW5mby5yY1dvcmsucmlnaHQgfHwKICAgICAgICBHbG9iYWxzLm1haW5fcmVjdC50b3AgPj0gaW5mby5yY1dvcmsuYm90dG9tIHx8CiAgICAgICAgR2xvYmFscy5tYWluX3JlY3QucmlnaHQgPCBpbmZvLnJjV29yay5sZWZ0IHx8CiAgICAgICAgR2xvYmFscy5tYWluX3JlY3QuYm90dG9tIDwgaW5mby5yY1dvcmsudG9wKQogICAgICAgIHggPSB5ID0gQ1dfVVNFREVGQVVMVDsKLy8gUFY6SUZDT05EKHB2Omhhc0ZlYXR1cmUoJ1dpbmRTcGVlZCcpKQogICAgR2xvYmFscy5oTWFpblduZCA9IENyZWF0ZVdpbmRvdyhjbGFzc05hbWUsCiAgICAgICAgICAgICAgICAgICAgICAgICAgICAgICAgICAgIHdpbk5hbWUsCiAgICAgICAgICAgICAgICAgICAgICAgICAgICAgICAgICAgIFdTX09WRVJMQVBQRURXSU5ET1csCiAgICAgICAgICAgICAgICAgICAgICAgICAgICAgICAgICAgIHgsCiAgICAgICAgICAgICAgICAgICAgICAgICAgICAgICAgICAgIHksCiAgICAgICAgICAgICAgICAgICAgICAgICAgICAgICAgICAgIEdsb2JhbHMubWFpbl9yZWN0LnJpZ2h0IC0gR2xvYmFscy5tYWluX3JlY3QubGVmdCwKICAgICAgICAgICAgICAgICAgICAgICAgICAgICAgICAgICAgR2xvYmFscy5tYWluX3JlY3QuYm90dG9tIC0gR2xvYmFscy5tYWluX3JlY3QudG9wLAogICAgICAgICAgICAgICAgICAgICAgICAgICAgICAgICAgICBOVUxMLAogICAgICAgICAgICAgICAgICAgICAgICAgICAgICAgICAgICBOVUxMLAogICAgICAgICAgICAgICAgICAgICAgICAgICAgICAgICAgICBHbG9iYWxzLmhJbnN0YW5jZSwKICAgICAgICAgICAgICAgICAgICAgICAgICAgICAgICAgICAgTlVMTCk7CiAgICBpZiAoIUdsb2JhbHMuaE1haW5XbmQpCiAgICB7CiAgICAgICAgU2hvd0xhc3RFcnJvcigpOwogICAgICAgIEV4aXRQcm9jZXNzKDEpOwogICAgfQoKICAgIERvQ3JlYXRlRWRpdFdpbmRvdygpOwoKICAgIE5PVEVQQURfSW5pdERhdGEoKTsKICAgIERJQUxPR19GaWxlTmV3KCk7CgogICAgU2hvd1dpbmRvdyhHbG9iYWxzLmhNYWluV25kLCBzaG93KTsKICAgIFVwZGF0ZVdpbmRvdyhHbG9iYWxzLmhNYWluV25kKTsKICAgIERyYWdBY2NlcHRGaWxlcyhHbG9iYWxzLmhNYWluV25kLCBUUlVFKTsKCiAgICBESUFMT0dfVmlld1N0YXR1c0JhcigpOwoKICAgIGlmICghSGFuZGxlQ29tbWFuZExpbmUoY21kbGluZSkpCiAgICB7CiAgICAgICAgcmV0dXJuIDA7CiAgICB9CgogICAgaEFjY2VsID0gTG9hZEFjY2VsZXJhdG9ycyhoSW5zdGFuY2UsIE1BS0VJTlRSRVNPVVJDRShJRF9BQ0NFTCkpOwovLyBQVjpFTkRDT05ECiAgICB3aGlsZSAoR2V0TWVzc2FnZSgmbXNnLCAwLCAwLCAwKSkKICAgIHsKICAgICAgICBpZiAoIUlzRGlhbG9nTWVzc2FnZShHbG9iYWxzLmhGaW5kUmVwbGFjZURsZywgJm1zZykgJiYKICAgICAgICAgICAgIVRyYW5zbGF0ZUFjY2VsZXJhdG9yKEdsb2JhbHMuaE1haW5XbmQsIGhBY2NlbCwgJm1zZykpCiAgICAgICAgewogICAgICAgICAgICBUcmFuc2xhdGVNZXNzYWdlKCZtc2cpOwogICAgICAgICAgICBEaXNwYXRjaE1lc3NhZ2UoJm1zZyk7CiAgICAgICAgfQogICAgfQogICAgcmV0dXJuIChpbnQpIG1zZy53UGFyYW07Cn0K');
INSERT IGNORE INTO core_asset (idcoreasset, name, path,isNewAsset,size,idpackage,content) VALUES
(67,'main.h','input/algorithms/main.h',1,103,5,'LyoKICogIE5vdGVwYWQgKG5vdGVwYWQuaCkKICoKICogIENvcHlyaWdodCAxOTk3LDk4IE1hcmNlbCBCYXVyIDxtYmF1ckBnMjYuZXRoei5jaD4KICogIENvcHlyaWdodCAyMDAyIFN5bHZhaW4gUGV0cmVvbGxlIDxzcGV0cmVvbGxlQHlhaG9vLmZyPgogKgogKiBUaGlzIGxpYnJhcnkgaXMgZnJlZSBzb2Z0d2FyZTsgeW91IGNhbiByZWRpc3RyaWJ1dGUgaXQgYW5kL29yCiAqIG1vZGlmeSBpdCB1bmRlciB0aGUgdGVybXMgb2YgdGhlIEdOVSBMZXNzZXIgR2VuZXJhbCBQdWJsaWMKICogTGljZW5zZSBhcyBwdWJsaXNoZWQgYnkgdGhlIEZyZWUgU29mdHdhcmUgRm91bmRhdGlvbjsgZWl0aGVyCiAqIHZlcnNpb24gMi4xIG9mIHRoZSBMaWNlbnNlLCBvciAoYXQgeW91ciBvcHRpb24pIGFueSBsYXRlciB2ZXJzaW9uLgogKgogKiBUaGlzIGxpYnJhcnkgaXMgZGlzdHJpYnV0ZWQgaW4gdGhlIGhvcGUgdGhhdCBpdCB3aWxsIGJlIHVzZWZ1bCwKICogYnV0IFdJVEhPVVQgQU5ZIFdBUlJBTlRZOyB3aXRob3V0IGV2ZW4gdGhlIGltcGxpZWQgd2FycmFudHkgb2YKICogTUVSQ0hBTlRBQklMSVRZIG9yIEZJVE5FU1MgRk9SIEEgUEFSVElDVUxBUiBQVVJQT1NFLiAgU2VlIHRoZSBHTlUKICogTGVzc2VyIEdlbmVyYWwgUHVibGljIExpY2Vuc2UgZm9yIG1vcmUgZGV0YWlscy4KICoKICogWW91IHNob3VsZCBoYXZlIHJlY2VpdmVkIGEgY29weSBvZiB0aGUgR05VIExlc3NlciBHZW5lcmFsIFB1YmxpYwogKiBMaWNlbnNlIGFsb25nIHdpdGggdGhpcyBsaWJyYXJ5OyBpZiBub3QsIHdyaXRlIHRvIHRoZSBGcmVlIFNvZnR3YXJlCiAqIEZvdW5kYXRpb24sIEluYy4sIDUxIEZyYW5rbGluIFN0cmVldCwgRmlmdGggRmxvb3IsIEJvc3RvbiwgTUEgIDAyMTEwLTEzMDEgIFVTQQogKi8KCiNwcmFnbWEgb25jZQoKI2RlZmluZSBBUlJBWV9TSVpFKGEpIChzaXplb2YoYSkvc2l6ZW9mKChhKVswXSkpCgojaW5jbHVkZSAibm90ZXBhZF9yZXMuaCIKCiNkZWZpbmUgRURJVF9TVFlMRV9XUkFQIChXU19DSElMRCB8IFdTX1ZTQ1JPTEwgXAogICAgfCBFU19BVVRPVlNDUk9MTCB8IEVTX01VTFRJTElORSB8IEVTX05PSElERVNFTCkKI2RlZmluZSBFRElUX1NUWUxFIChFRElUX1NUWUxFX1dSQVAgfCBXU19IU0NST0xMIHwgRVNfQVVUT0hTQ1JPTEwpCgojZGVmaW5lIEVESVRfQ0xBU1MgICAgICAgICAgX1QoIkVESVQiKQoKI2RlZmluZSBNQVhfU1RSSU5HX0xFTiAgICAgIDI1NQoKLyogVmFsdWVzIGFyZSBpbmRleGVzIG9mIHRoZSBpdGVtcyBpbiB0aGUgRW5jb2RpbmcgY29tYm9ib3guICovCnR5cGVkZWYgZW51bQp7CiAgICBFTkNPRElOR19BVVRPICAgID0gLTEsCiAgICBFTkNPRElOR19BTlNJICAgID0gIDAsCiAgICBFTkNPRElOR19VVEYxNkxFID0gIDEsCiAgICBFTkNPRElOR19VVEYxNkJFID0gIDIsCiAgICBFTkNPRElOR19VVEY4ICAgID0gIDMKfSBFTkNPRElORzsKLy8gI2RlZmluZSBFTkNPRElOR19BTlNJICAgICAgIDAKI2RlZmluZSBFTkNPRElOR19VTklDT0RFICAgIDEKI2RlZmluZSBFTkNPRElOR19VTklDT0RFX0JFIDIKLy8gI2RlZmluZSBFTkNPRElOR19VVEY4ICAgICAgIDMKCi8vICNkZWZpbmUgTUlOX0VOQ09ESU5HICAgMAovLyAjZGVmaW5lIE1BWF9FTkNPRElORyAgIDMKCiNkZWZpbmUgRU9MTl9DUkxGICAgICAgICAgICAwCiNkZWZpbmUgRU9MTl9MRiAgICAgICAgICAgICAxCiNkZWZpbmUgRU9MTl9DUiAgICAgICAgICAgICAyCgp0eXBlZGVmIHN0cnVjdAp7CiAgICBISU5TVEFOQ0UgaEluc3RhbmNlOwogICAgSFdORCBoTWFpblduZDsKICAgIEhXTkQgaEZpbmRSZXBsYWNlRGxnOwogICAgSFdORCBoRWRpdDsKICAgIEhXTkQgaFN0YXR1c0JhcjsKICAgIEhGT05UIGhGb250OyAvKiBGb250IHVzZWQgYnkgdGhlIGVkaXQgY29udHJvbCAqLwogICAgSE1FTlUgaE1lbnU7CiAgICBIR0xPQkFMIGhEZXZNb2RlOwogICAgSEdMT0JBTCBoRGV2TmFtZXM7CiAgICBMT0dGT05UIGxmRm9udDsKICAgIEJPT0wgYldyYXBMb25nTGluZXM7CiAgICBCT09MIGJTaG93U3RhdHVzQmFyOwogICAgVENIQVIgc3pGaW5kVGV4dFtNQVhfUEFUSF07CiAgICBUQ0hBUiBzelJlcGxhY2VUZXh0W01BWF9QQVRIXTsKICAgIFRDSEFSIHN6RmlsZU5hbWVbTUFYX1BBVEhdOwogICAgVENIQVIgc3pGaWxlVGl0bGVbTUFYX1BBVEhdOwogICAgVENIQVIgc3pGaWx0ZXJbMiAqIE1BWF9TVFJJTkdfTEVOICsgMTAwXTsKICAgIFJFQ1QgbE1hcmdpbnM7CiAgICBUQ0hBUiBzekhlYWRlcltNQVhfUEFUSF07CiAgICBUQ0hBUiBzekZvb3RlcltNQVhfUEFUSF07CiAgICBUQ0hBUiBzelN0YXR1c0JhckxpbmVDb2xbTUFYX1BBVEhdOwoKICAgIEVOQ09ESU5HIGVuY0ZpbGU7CiAgICBpbnQgaUVvbG47CgogICAgRklORFJFUExBQ0UgZmluZDsKICAgIFdORFBST0MgRWRpdFByb2M7CiAgICBSRUNUIG1haW5fcmVjdDsKfSBOT1RFUEFEX0dMT0JBTFM7CgpleHRlcm4gTk9URVBBRF9HTE9CQUxTIEdsb2JhbHM7CgpWT0lEIFNldEZpbGVOYW1lKExQQ1RTVFIgc3pGaWxlTmFtZSk7CgovKiBmcm9tIHRleHQuYyAqLwpCT09MIFJlYWRUZXh0KEhBTkRMRSBoRmlsZSwgTFBXU1RSICpwcHN6VGV4dCwgRFdPUkQgKnBkd1RleHRMZW4sIGludCAqcGVuY0ZpbGUsIGludCAqcGlFb2xuKTsKQk9PTCBXcml0ZVRleHQoSEFORExFIGhGaWxlLCBMUENXU1RSIHBzelRleHQsIERXT1JEIGR3VGV4dExlbiwgaW50IGVuY0ZpbGUsIGludCBpRW9sbik7CgovKiBmcm9tIHNldHRpbmdzLmMgKi8Kdm9pZCBOT1RFUEFEX0xvYWRTZXR0aW5nc0Zyb21SZWdpc3RyeSh2b2lkKTsKdm9pZCBOT1RFUEFEX1NhdmVTZXR0aW5nc1RvUmVnaXN0cnkodm9pZCk7CgovKiBmcm9tIG1haW4uYyAqLwpCT09MIE5PVEVQQURfRmluZE5leHQoRklORFJFUExBQ0UgKiwgQk9PTCAsIEJPT0wgKTsKVk9JRCBOT1RFUEFEX0VuYWJsZVNlYXJjaE1lbnUoVk9JRCk7Cg==');
INSERT IGNORE INTO core_asset (idcoreasset, name, path,isNewAsset,size,idpackage,content) VALUES
(68,'notepad.h','input/algorithms/notepad.h',1,25,5,'I2lmbmRlZiBfTk9URVBBRF9ICiNkZWZpbmUgX05PVEVQQURfSAoKI2lmbmRlZiBTVFJTQUZFX05PX0RFUFJFQ0FURQojZGVmaW5lIFNUUlNBRkVfTk9fREVQUkVDQVRFCiNlbmRpZgoKI2luY2x1ZGUgPHN0ZGFyZy5oPgoKI2luY2x1ZGUgPHdpbmRlZi5oPgojaW5jbHVkZSA8d2luYmFzZS5oPgojaW5jbHVkZSA8d2ludXNlci5oPgojaW5jbHVkZSA8d2lubmxzLmg+CiNpbmNsdWRlIDx3aW5nZGkuaD4KI2luY2x1ZGUgPHNoZWxsYXBpLmg+CiNpbmNsdWRlIDxjb21tZGxnLmg+CiNpbmNsdWRlIDx0Y2hhci5oPgojaW5jbHVkZSA8bWFsbG9jLmg+CgojaW5jbHVkZSAibWFpbi5oIgojaW5jbHVkZSAiZGlhbG9nLmgiCgp2b2lkIFVwZGF0ZVdpbmRvd0NhcHRpb24oQk9PTCBjbGVhck1vZGlmeUFsZXJ0KTsKCiNlbmRpZiAvKiBfTk9URVBBRF9IICovCg==');
INSERT IGNORE INTO core_asset (idcoreasset, name, path,isNewAsset,size,idpackage,content) VALUES
(69,'notepad_res.h','input/algorithms/notepad_res.h',1,105,5,'LyoKICogIENvbnN0YW50cywgdXNlZCBpbiByZXNvdXJjZXMuCiAqCiAqICBDb3B5cmlnaHQgMjAwMiBTeWx2YWluIFBldHJlb2xsZSA8c3BldHJlb2xsZUB5YWhvby5mcj4KICogIENvcHlyaWdodCAyMDAyIEFuZHJpeSBQYWxhbWFyY2h1awogKgogKiBUaGlzIGxpYnJhcnkgaXMgZnJlZSBzb2Z0d2FyZTsgeW91IGNhbiByZWRpc3RyaWJ1dGUgaXQgYW5kL29yCiAqIG1vZGlmeSBpdCB1bmRlciB0aGUgdGVybXMgb2YgdGhlIEdOVSBMZXNzZXIgR2VuZXJhbCBQdWJsaWMKICogTGljZW5zZSBhcyBwdWJsaXNoZWQgYnkgdGhlIEZyZWUgU29mdHdhcmUgRm91bmRhdGlvbjsgZWl0aGVyCiAqIHZlcnNpb24gMi4xIG9mIHRoZSBMaWNlbnNlLCBvciAoYXQgeW91ciBvcHRpb24pIGFueSBsYXRlciB2ZXJzaW9uLgogKgogKiBUaGlzIGxpYnJhcnkgaXMgZGlzdHJpYnV0ZWQgaW4gdGhlIGhvcGUgdGhhdCBpdCB3aWxsIGJlIHVzZWZ1bCwKICogYnV0IFdJVEhPVVQgQU5ZIFdBUlJBTlRZOyB3aXRob3V0IGV2ZW4gdGhlIGltcGxpZWQgd2FycmFudHkgb2YKICogTUVSQ0hBTlRBQklMSVRZIG9yIEZJVE5FU1MgRk9SIEEgUEFSVElDVUxBUiBQVVJQT1NFLiAgU2VlIHRoZSBHTlUKICogTGVzc2VyIEdlbmVyYWwgUHVibGljIExpY2Vuc2UgZm9yIG1vcmUgZGV0YWlscy4KICoKICogWW91IHNob3VsZCBoYXZlIHJlY2VpdmVkIGEgY29weSBvZiB0aGUgR05VIExlc3NlciBHZW5lcmFsIFB1YmxpYwogKiBMaWNlbnNlIGFsb25nIHdpdGggdGhpcyBsaWJyYXJ5OyBpZiBub3QsIHdyaXRlIHRvIHRoZSBGcmVlIFNvZnR3YXJlCiAqIEZvdW5kYXRpb24sIEluYy4sIDUxIEZyYW5rbGluIFN0cmVldCwgRmlmdGggRmxvb3IsIEJvc3RvbiwgTUEgIDAyMTEwLTEzMDEgIFVTQQogKi8KCiNwcmFnbWEgb25jZQoKI2RlZmluZSBNQUlOX01FTlUgICAgICAgIDB4MjAxCiNkZWZpbmUgRElBTE9HX1BBR0VTRVRVUCAweDIwMgojZGVmaW5lIElEX0FDQ0VMICAgICAgICAgMHgyMDMKI2RlZmluZSBESUFMT0dfRU5DT0RJTkcgIDB4MjA0CiNkZWZpbmUgSURfRU5DT0RJTkcgICAgICAweDIwNQojZGVmaW5lIElEX0VPTE4gICAgICAgICAgMHgyMDYKI2RlZmluZSBESUFMT0dfR09UTyAgICAgIDB4MjA3CiNkZWZpbmUgSURfTElORU5VTUJFUiAgICAweDIwOAojZGVmaW5lIElESV9OUElDT04gICAgICAgMHgyMDkKI2RlZmluZSBJRERfQUJPVVRCT1ggICAgIDB4MjBBCiNkZWZpbmUgSURDX0xJQ0VOU0UgICAgICAweDIwQgoKLyogQ29tbWFuZHMgKi8KI2RlZmluZSBDTURfTkVXICAgICAgICAweDEwMAojZGVmaW5lIENNRF9PUEVOICAgICAgIDB4MTAxCiNkZWZpbmUgQ01EX1NBVkUgICAgICAgMHgxMDIKI2RlZmluZSBDTURfU0FWRV9BUyAgICAweDEwMwojZGVmaW5lIENNRF9QUklOVCAgICAgIDB4MTA0CiNkZWZpbmUgQ01EX1BBR0VfU0VUVVAgMHgxMDUKI2RlZmluZSBDTURfRVhJVCAgICAgICAweDEwOAoKI2RlZmluZSBDTURfVU5ETyAgICAgICAweDExMAojZGVmaW5lIENNRF9DVVQgICAgICAgIDB4MTExCiNkZWZpbmUgQ01EX0NPUFkgICAgICAgMHgxMTIKI2RlZmluZSBDTURfUEFTVEUgICAgICAweDExMwojZGVmaW5lIENNRF9ERUxFVEUgICAgIDB4MTE0CiNkZWZpbmUgQ01EX1NFTEVDVF9BTEwgMHgxMTYKI2RlZmluZSBDTURfVElNRV9EQVRFICAweDExNwoKI2RlZmluZSBDTURfU0VBUkNIICAgICAgMHgxMjAKI2RlZmluZSBDTURfU0VBUkNIX05FWFQgMHgxMjEKI2RlZmluZSBDTURfUkVQTEFDRSAgICAgMHgxMjIKI2RlZmluZSBDTURfR09UTyAgICAgICAgMHgxMjMKCiNkZWZpbmUgQ01EX1dSQVAgMHgxMTkKI2RlZmluZSBDTURfRk9OVCAweDE0MAoKI2RlZmluZSBDTURfU1RBVFVTQkFSICAgICAgICAweDE1MAojZGVmaW5lIENNRF9TVEFUVVNCQVJfV05EX0lEIDB4MTUxCgojZGVmaW5lIENNRF9IRUxQX0NPTlRFTlRTIDB4MTMwCiNkZWZpbmUgQ01EX0FCT1VUICAgICAgICAgMHgxMzUKI2RlZmluZSBDTURfSEVMUF9BQk9VVF9OT1RFUEFEICAgIDB4MTM3CgovKiBTdHJpbmdzICovCiNkZWZpbmUgU1RSSU5HX1BBR0VTRVRVUF9IRUFERVJWQUxVRSAweDE2MAojZGVmaW5lIFNUUklOR19QQUdFU0VUVVBfRk9PVEVSVkFMVUUgMHgxNjEKI2RlZmluZSBTVFJJTkdfUEFHRVNFVFVQX0xFRlRWQUxVRSAgIDB4MTYyCiNkZWZpbmUgU1RSSU5HX1BBR0VTRVRVUF9SSUdIVFZBTFVFICAweDE2MwojZGVmaW5lIFNUUklOR19QQUdFU0VUVVBfVE9QVkFMVUUgICAgMHgxNjQKI2RlZmluZSBTVFJJTkdfUEFHRVNFVFVQX0JPVFRPTVZBTFVFIDB4MTY1CgojZGVmaW5lIFNUUklOR19OT1RFUEFEICAgICAgICAweDE3MAojZGVmaW5lIFNUUklOR19FUlJPUiAgICAgICAgICAweDE3MQojZGVmaW5lIFNUUklOR19XQVJOSU5HICAgICAgICAweDE3MgojZGVmaW5lIFNUUklOR19JTkZPICAgICAgICAgICAweDE3MwojZGVmaW5lIFNUUklOR19VTlRJVExFRCAgICAgICAweDE3NAojZGVmaW5lIFNUUklOR19BTExfRklMRVMgICAgICAweDE3NQojZGVmaW5lIFNUUklOR19URVhUX0ZJTEVTX1RYVCAweDE3NgojZGVmaW5lIFNUUklOR19UT09MQVJHRSAgICAgICAweDE3NwojZGVmaW5lIFNUUklOR19OT1RFWFQgICAgICAgICAweDE3OAojZGVmaW5lIFNUUklOR19ET0VTTk9URVhJU1QgICAweDE3OQojZGVmaW5lIFNUUklOR19OT1RTQVZFRCAgICAgICAweDE3QQoKI2RlZmluZSBTVFJJTkdfTk9URk9VTkQgICAgICAweDE3QgojZGVmaW5lIFNUUklOR19PVVRfT0ZfTUVNT1JZIDB4MTdDCiNkZWZpbmUgU1RSSU5HX0NBTk5PVEZJTkQgICAgMHgxN0QKCiNkZWZpbmUgU1RSSU5HX0FOU0kgICAgICAgMHgxN0UKI2RlZmluZSBTVFJJTkdfVU5JQ09ERSAgICAweDE3RgojZGVmaW5lIFNUUklOR19VTklDT0RFX0JFIDB4MTgwCiNkZWZpbmUgU1RSSU5HX1VURjggICAgICAgMHgxODEKCiNkZWZpbmUgU1RSSU5HX0NSTEYgMHgxODIKI2RlZmluZSBTVFJJTkdfTEYgICAweDE4MwojZGVmaW5lIFNUUklOR19DUiAgIDB4MTg0CgojZGVmaW5lIFNUUklOR19MSUNFTlNFICAgICAweDE4NQojZGVmaW5lIFNUUklOR19MSU5FX0NPTFVNTiAweDE4NgojZGVmaW5lIFNUUklOR19QUklOVEVSUk9SICAweDE4NwoKI2RlZmluZSBTVFJJTkdfVEVYVF9ET0NVTUVOVCAgMHgyMDAK');
INSERT IGNORE INTO core_asset (idcoreasset, name, path,isNewAsset,size,idpackage,content) VALUES
(70,'rsrc.rc','input/algorithms/rsrc.rc',1,142,5,'LyoKICogIENvcHlyaWdodCAxOTk3LDk4IE1hcmNlbCBCYXVyIDxtYmF1ckBnMjYuZXRoei5jaD4KICogIENvcHlyaWdodCAyMDAyIFN5bHZhaW4gUGV0cmVvbGxlIDxzcGV0cmVvbGxlQHlhaG9vLmZyPgogKgogKiBUaGlzIGxpYnJhcnkgaXMgZnJlZSBzb2Z0d2FyZTsgeW91IGNhbiByZWRpc3RyaWJ1dGUgaXQgYW5kL29yCiAqIG1vZGlmeSBpdCB1bmRlciB0aGUgdGVybXMgb2YgdGhlIEdOVSBMZXNzZXIgR2VuZXJhbCBQdWJsaWMKICogTGljZW5zZSBhcyBwdWJsaXNoZWQgYnkgdGhlIEZyZWUgU29mdHdhcmUgRm91bmRhdGlvbjsgZWl0aGVyCiAqIHZlcnNpb24gMi4xIG9mIHRoZSBMaWNlbnNlLCBvciAoYXQgeW91ciBvcHRpb24pIGFueSBsYXRlciB2ZXJzaW9uLgogKgogKiBUaGlzIGxpYnJhcnkgaXMgZGlzdHJpYnV0ZWQgaW4gdGhlIGhvcGUgdGhhdCBpdCB3aWxsIGJlIHVzZWZ1bCwKICogYnV0IFdJVEhPVVQgQU5ZIFdBUlJBTlRZOyB3aXRob3V0IGV2ZW4gdGhlIGltcGxpZWQgd2FycmFudHkgb2YKICogTUVSQ0hBTlRBQklMSVRZIG9yIEZJVE5FU1MgRk9SIEEgUEFSVElDVUxBUiBQVVJQT1NFLiAgU2VlIHRoZSBHTlUKICogTGVzc2VyIEdlbmVyYWwgUHVibGljIExpY2Vuc2UgZm9yIG1vcmUgZGV0YWlscy4KICoKICogWW91IHNob3VsZCBoYXZlIHJlY2VpdmVkIGEgY29weSBvZiB0aGUgR05VIExlc3NlciBHZW5lcmFsIFB1YmxpYwogKiBMaWNlbnNlIGFsb25nIHdpdGggdGhpcyBsaWJyYXJ5OyBpZiBub3QsIHdyaXRlIHRvIHRoZSBGcmVlIFNvZnR3YXJlCiAqIEZvdW5kYXRpb24sIEluYy4sIDUxIEZyYW5rbGluIFN0cmVldCwgRmlmdGggRmxvb3IsIEJvc3RvbiwgTUEgIDAyMTEwLTEzMDEgIFVTQQogKi8KCiNpbmNsdWRlIDx3aW5kZWYuaD4KI2luY2x1ZGUgPHdpbnVzZXIuaD4KI2luY2x1ZGUgPGRsZ3MuaD4KCiNpbmNsdWRlICJub3RlcGFkX3Jlcy5oIgoKI2RlZmluZSBSRUFDVE9TX1NUUl9GSUxFX0RFU0NSSVBUSU9OICAiUmVhY3RPUyBOb3RlcGFkIgojZGVmaW5lIFJFQUNUT1NfU1RSX0lOVEVSTkFMX05BTUUgICAgICJub3RlcGFkIgojZGVmaW5lIFJFQUNUT1NfU1RSX09SSUdJTkFMX0ZJTEVOQU1FICJub3RlcGFkLmV4ZSIKI2luY2x1ZGUgPHJlYWN0b3MvdmVyc2lvbi5yYz4KCklESV9OUElDT04gSUNPTiAicmVzL25vdGVwYWQuaWNvIgoKI2luY2x1ZGUgPHJlYWN0b3MvbWFuaWZlc3RfZXhlLnJjPgoKLyogVVRGLTggKi8KI3ByYWdtYSBjb2RlX3BhZ2UoNjUwMDEpCgojaWZkZWYgTEFOR1VBR0VfQkdfQkcKICAgICNpbmNsdWRlICJsYW5nL2JnLUJHLnJjIgojZW5kaWYKI2lmZGVmIExBTkdVQUdFX0NTX0NaCiAgICAjaW5jbHVkZSAibGFuZy9jcy1DWi5yYyIKI2VuZGlmCiNpZmRlZiBMQU5HVUFHRV9EQV9ESwogICAgI2luY2x1ZGUgImxhbmcvZGEtREsucmMiCiNlbmRpZgojaWZkZWYgTEFOR1VBR0VfREVfREUKICAgICNpbmNsdWRlICJsYW5nL2RlLURFLnJjIgojZW5kaWYKI2lmZGVmIExBTkdVQUdFX0VMX0dSCiAgICAjaW5jbHVkZSAibGFuZy9lbC1HUi5yYyIKI2VuZGlmCiNpZmRlZiBMQU5HVUFHRV9FTl9VUwogICAgI2luY2x1ZGUgImxhbmcvZW4tVVMucmMiCiNlbmRpZgojaWZkZWYgTEFOR1VBR0VfRVNfRVMKICAgICNpbmNsdWRlICJsYW5nL2VzLUVTLnJjIgojZW5kaWYKI2lmZGVmIExBTkdVQUdFX0VVX0VTCiAgICAjaW5jbHVkZSAibGFuZy9ldS1FUy5yYyIKI2VuZGlmCiNpZmRlZiBMQU5HVUFHRV9GSV9GSQogICAgI2luY2x1ZGUgImxhbmcvZmktRkkucmMiCiNlbmRpZgojaWZkZWYgTEFOR1VBR0VfRlJfRlIKICAgICNpbmNsdWRlICJsYW5nL2ZyLUZSLnJjIgojZW5kaWYKI2lmZGVmIExBTkdVQUdFX0hFX0lMCiAgICAjaW5jbHVkZSAibGFuZy9oZS1JTC5yYyIKI2VuZGlmCiNpZmRlZiBMQU5HVUFHRV9IVV9IVQogICAgI2luY2x1ZGUgImxhbmcvaHUtSFUucmMiCiNlbmRpZgojaWZkZWYgTEFOR1VBR0VfSFlfQU0KICAgICNpbmNsdWRlICJsYW5nL2h5LUFNLnJjIgojZW5kaWYKI2lmZGVmIExBTkdVQUdFX0lEX0lECiAgICAjaW5jbHVkZSAibGFuZy9pZC1JRC5yYyIKI2VuZGlmCiNpZmRlZiBMQU5HVUFHRV9JVF9JVAogICAgI2luY2x1ZGUgImxhbmcvaXQtSVQucmMiCiNlbmRpZgojaWZkZWYgTEFOR1VBR0VfSkFfSlAKICAgICNpbmNsdWRlICJsYW5nL2phLUpQLnJjIgojZW5kaWYKI2lmZGVmIExBTkdVQUdFX0xUX0xUCiAgICAjaW5jbHVkZSAibGFuZy9sdC1MVC5yYyIKI2VuZGlmCiNpZmRlZiBMQU5HVUFHRV9NU19NWQogICAgI2luY2x1ZGUgImxhbmcvbXMtTVkucmMiCiNlbmRpZgojaWZkZWYgTEFOR1VBR0VfTkxfTkwKICAgICNpbmNsdWRlICJsYW5nL25sLU5MLnJjIgojZW5kaWYKI2lmZGVmIExBTkdVQUdFX05CX05PCiAgICAjaW5jbHVkZSAibGFuZy9uby1OTy5yYyIKI2VuZGlmCiNpZmRlZiBMQU5HVUFHRV9QTF9QTAogICAgI2luY2x1ZGUgImxhbmcvcGwtUEwucmMiCiNlbmRpZgojaWZkZWYgTEFOR1VBR0VfUFRfUFQKICAgICNpbmNsdWRlICJsYW5nL3B0LVBULnJjIgojZW5kaWYKI2lmZGVmIExBTkdVQUdFX1BUX1BCCiAgICAjaW5jbHVkZSAibGFuZy9wdC1CUi5yYyIKI2VuZGlmCiNpZmRlZiBMQU5HVUFHRV9ST19STwogICAgI2luY2x1ZGUgImxhbmcvcm8tUk8ucmMiCiNlbmRpZgojaWZkZWYgTEFOR1VBR0VfUlVfUlUKICAgICNpbmNsdWRlICJsYW5nL3J1LVJVLnJjIgojZW5kaWYKI2lmZGVmIExBTkdVQUdFX1VLX1VBCiAgICAjaW5jbHVkZSAibGFuZy91ay1VQS5yYyIKI2VuZGlmCiNpZmRlZiBMQU5HVUFHRV9VWl9VWgogICAgI2luY2x1ZGUgImxhbmcvdXotVVoucmMiCiNlbmRpZgojaWZkZWYgTEFOR1VBR0VfU0tfU0sKICAgICNpbmNsdWRlICJsYW5nL3NrLVNLLnJjIgojZW5kaWYKI2lmZGVmIExBTkdVQUdFX1NMX1NJCiAgICAjaW5jbHVkZSAibGFuZy9zbC1TSS5yYyIKI2VuZGlmCiNpZmRlZiBMQU5HVUFHRV9TUV9BTAogICAgI2luY2x1ZGUgImxhbmcvc3EtQUwucmMiCiNlbmRpZgojaWZkZWYgTEFOR1VBR0VfU1ZfU0UKICAgICNpbmNsdWRlICJsYW5nL3N2LVNFLnJjIgojZW5kaWYKI2lmZGVmIExBTkdVQUdFX1RIX1RICiAgICAjaW5jbHVkZSAibGFuZy90aC1USC5yYyIKI2VuZGlmCiNpZmRlZiBMQU5HVUFHRV9UUl9UUgogICAgI2luY2x1ZGUgImxhbmcvdHItVFIucmMiCiNlbmRpZgojaWZkZWYgTEFOR1VBR0VfWkhfQ04KICAgICNpbmNsdWRlICJsYW5nL3poLUNOLnJjIgojZW5kaWYKI2lmZGVmIExBTkdVQUdFX1pIX1RXCiAgICAjaW5jbHVkZSAibGFuZy96aC1UVy5yYyIKI2VuZGlmCg==');
INSERT IGNORE INTO core_asset (idcoreasset, name, path,isNewAsset,size,idpackage,content) VALUES
(71,'settings.c','input/algorithms/settings.c',1,266,5,'LyoKICogIE5vdGVwYWQgKHNldHRpbmdzLmMpCiAqCiAqICBDb3B5cmlnaHQgMTk5OCw5OSBNYXJjZWwgQmF1ciA8bWJhdXJAZzI2LmV0aHouY2g+CiAqICBDb3B5cmlnaHQgMjAwMiBTeWx2YWluIFBldHJlb2xsZSA8c3BldHJlb2xsZUB5YWhvby5mcj4KICogIENvcHlyaWdodCAyMDAyIEFuZHJpeSBQYWxhbWFyY2h1awogKgogKiBUaGlzIGxpYnJhcnkgaXMgZnJlZSBzb2Z0d2FyZTsgeW91IGNhbiByZWRpc3RyaWJ1dGUgaXQgYW5kL29yCiAqIG1vZGlmeSBpdCB1bmRlciB0aGUgdGVybXMgb2YgdGhlIEdOVSBMZXNzZXIgR2VuZXJhbCBQdWJsaWMKICogTGljZW5zZSBhcyBwdWJsaXNoZWQgYnkgdGhlIEZyZWUgU29mdHdhcmUgRm91bmRhdGlvbjsgZWl0aGVyCiAqIHZlcnNpb24gMi4xIG9mIHRoZSBMaWNlbnNlLCBvciAoYXQgeW91ciBvcHRpb24pIGFueSBsYXRlciB2ZXJzaW9uLgogKgogKiBUaGlzIGxpYnJhcnkgaXMgZGlzdHJpYnV0ZWQgaW4gdGhlIGhvcGUgdGhhdCBpdCB3aWxsIGJlIHVzZWZ1bCwKICogYnV0IFdJVEhPVVQgQU5ZIFdBUlJBTlRZOyB3aXRob3V0IGV2ZW4gdGhlIGltcGxpZWQgd2FycmFudHkgb2YKICogTUVSQ0hBTlRBQklMSVRZIG9yIEZJVE5FU1MgRk9SIEEgUEFSVElDVUxBUiBQVVJQT1NFLiAgU2VlIHRoZSBHTlUKICogTGVzc2VyIEdlbmVyYWwgUHVibGljIExpY2Vuc2UgZm9yIG1vcmUgZGV0YWlscy4KICoKICogWW91IHNob3VsZCBoYXZlIHJlY2VpdmVkIGEgY29weSBvZiB0aGUgR05VIExlc3NlciBHZW5lcmFsIFB1YmxpYwogKiBMaWNlbnNlIGFsb25nIHdpdGggdGhpcyBsaWJyYXJ5OyBpZiBub3QsIHdyaXRlIHRvIHRoZSBGcmVlIFNvZnR3YXJlCiAqIEZvdW5kYXRpb24sIEluYy4sIDUxIEZyYW5rbGluIFN0cmVldCwgRmlmdGggRmxvb3IsIEJvc3RvbiwgTUEgIDAyMTEwLTEzMDEgIFVTQQogKi8KCiNpbmNsdWRlICJub3RlcGFkLmgiCgojaW5jbHVkZSA8d2lucmVnLmg+CgpzdGF0aWMgTFBDVFNUUiBzX3N6UmVnaXN0cnlLZXkgPSBfVCgiU29mdHdhcmVcXE1pY3Jvc29mdFxcTm90ZXBhZCIpOwoKCnN0YXRpYyBMT05HIEhlaWdodEZyb21Qb2ludFNpemUoRFdPUkQgZHdQb2ludFNpemUpCnsKICAgIExPTkcgbEhlaWdodDsKICAgIEhEQyBoREM7CgogICAgaERDID0gR2V0REMoTlVMTCk7CiAgICBsSGVpZ2h0ID0gLU11bERpdihkd1BvaW50U2l6ZSwgR2V0RGV2aWNlQ2FwcyhoREMsIExPR1BJWEVMU1kpLCA3MjApOwogICAgUmVsZWFzZURDKE5VTEwsIGhEQyk7CgogICAgcmV0dXJuIGxIZWlnaHQ7Cn0KCnN0YXRpYyBEV09SRCBQb2ludFNpemVGcm9tSGVpZ2h0KExPTkcgbEhlaWdodCkKewogICAgRFdPUkQgZHdQb2ludFNpemU7CiAgICBIREMgaERDOwoKICAgIGhEQyA9IEdldERDKE5VTEwpOwogICAgZHdQb2ludFNpemUgPSAtTXVsRGl2KGxIZWlnaHQsIDcyMCwgR2V0RGV2aWNlQ2FwcyhoREMsIExPR1BJWEVMU1kpKTsKICAgIFJlbGVhc2VEQyhOVUxMLCBoREMpOwoKICAgIC8qIHJvdW5kIHRvIG5lYXJlc3QgbXVsdGlwbGUgb2YgMTAgKi8KICAgIGR3UG9pbnRTaXplICs9IDU7CiAgICBkd1BvaW50U2l6ZSAtPSBkd1BvaW50U2l6ZSAlIDEwOwoKICAgIHJldHVybiBkd1BvaW50U2l6ZTsKfQoKc3RhdGljIEJPT0wKUXVlcnlHZW5lcmljKEhLRVkgaEtleSwgTFBDVFNUUiBwc3pWYWx1ZU5hbWVULCBEV09SRCBkd0V4cGVjdGVkVHlwZSwKICAgICAgICAgICAgIExQVk9JRCBwdlJlc3VsdCwgRFdPUkQgZHdSZXN1bHRTaXplKQp7CiAgICBEV09SRCBkd1R5cGUsIGNiRGF0YTsKICAgIExQVk9JRCAqcFRlbXAgPSBfYWxsb2NhKGR3UmVzdWx0U2l6ZSk7CgogICAgWmVyb01lbW9yeShwVGVtcCwgZHdSZXN1bHRTaXplKTsKCiAgICBjYkRhdGEgPSBkd1Jlc3VsdFNpemU7CiAgICBpZiAoUmVnUXVlcnlWYWx1ZUV4KGhLZXksIHBzelZhbHVlTmFtZVQsIE5VTEwsICZkd1R5cGUsIChMUEJZVEUpIHBUZW1wLCAmY2JEYXRhKSAhPSBFUlJPUl9TVUNDRVNTKQogICAgICAgIHJldHVybiBGQUxTRTsKCiAgICBpZiAoZHdUeXBlICE9IGR3RXhwZWN0ZWRUeXBlKQogICAgICAgIHJldHVybiBGQUxTRTsKCiAgICBtZW1jcHkocHZSZXN1bHQsIHBUZW1wLCBjYkRhdGEpOwogICAgcmV0dXJuIFRSVUU7Cn0KCnN0YXRpYyBCT09MIFF1ZXJ5RHdvcmQoSEtFWSBoS2V5LCBMUENUU1RSIHBzelZhbHVlTmFtZSwgRFdPUkQgKnBkd1Jlc3VsdCkKewogICAgcmV0dXJuIFF1ZXJ5R2VuZXJpYyhoS2V5LCBwc3pWYWx1ZU5hbWUsIFJFR19EV09SRCwgcGR3UmVzdWx0LCBzaXplb2YoKnBkd1Jlc3VsdCkpOwp9CgpzdGF0aWMgQk9PTCBRdWVyeUJ5dGUoSEtFWSBoS2V5LCBMUENUU1RSIHBzelZhbHVlTmFtZSwgQllURSAqcGJSZXN1bHQpCnsKICAgIERXT1JEIGR3UmVzdWx0OwogICAgaWYgKCFRdWVyeUdlbmVyaWMoaEtleSwgcHN6VmFsdWVOYW1lLCBSRUdfRFdPUkQsICZkd1Jlc3VsdCwgc2l6ZW9mKGR3UmVzdWx0KSkpCiAgICAgICAgcmV0dXJuIEZBTFNFOwogICAgaWYgKGR3UmVzdWx0ID49IDB4MTAwKQogICAgICAgIHJldHVybiBGQUxTRTsKICAgICpwYlJlc3VsdCA9IChCWVRFKSBkd1Jlc3VsdDsKICAgIHJldHVybiBUUlVFOwp9CgpzdGF0aWMgQk9PTCBRdWVyeUJvb2woSEtFWSBoS2V5LCBMUENUU1RSIHBzelZhbHVlTmFtZSwgQk9PTCAqcGJSZXN1bHQpCnsKICAgIERXT1JEIGR3UmVzdWx0OwogICAgaWYgKCFRdWVyeUR3b3JkKGhLZXksIHBzelZhbHVlTmFtZSwgJmR3UmVzdWx0KSkKICAgICAgICByZXR1cm4gRkFMU0U7CiAgICAqcGJSZXN1bHQgPSBkd1Jlc3VsdCA/IFRSVUUgOiBGQUxTRTsKICAgIHJldHVybiBUUlVFOwp9CgpzdGF0aWMgQk9PTCBRdWVyeVN0cmluZyhIS0VZIGhLZXksIExQQ1RTVFIgcHN6VmFsdWVOYW1lLCBMUFRTVFIgcHN6UmVzdWx0LCBEV09SRCBkd1Jlc3VsdFNpemUpCnsKICAgIHJldHVybiBRdWVyeUdlbmVyaWMoaEtleSwgcHN6VmFsdWVOYW1lLCBSRUdfU1osIHBzelJlc3VsdCwgZHdSZXN1bHRTaXplICogc2l6ZW9mKFRDSEFSKSk7Cn0KCi8qKioqKioqKioqKioqKioqKioqKioqKioqKioqKioqKioqKioqKioqKioqKioqKioqKioqKioqKioqKioqKioqKioqKioqKgogKgogKiAgICAgICAgICAgTk9URVBBRF9Mb2FkU2V0dGluZ3NGcm9tUmVnaXN0cnkKICoKICogIExvYWQgc2V0dGluZ3MgZnJvbSByZWdpc3RyeSBIS0NVXFNvZnR3YXJlXE1pY3Jvc29mdFxOb3RlcGFkLgogKi8Kdm9pZCBOT1RFUEFEX0xvYWRTZXR0aW5nc0Zyb21SZWdpc3RyeSh2b2lkKQp7CiAgICBIS0VZIGhLZXkgPSBOVUxMOwogICAgSEZPTlQgaEZvbnQ7CiAgICBEV09SRCBkd1BvaW50U2l6ZSA9IDA7CiAgICBJTlQgYmFzZV9sZW5ndGgsIGR4LCBkeTsKCiAgICBiYXNlX2xlbmd0aCA9IChHZXRTeXN0ZW1NZXRyaWNzKFNNX0NYU0NSRUVOKSA+IEdldFN5c3RlbU1ldHJpY3MoU01fQ1lTQ1JFRU4pKSA/CiAgICAgICAgICAgICAgICAgIEdldFN5c3RlbU1ldHJpY3MoU01fQ1lTQ1JFRU4pIDogR2V0U3lzdGVtTWV0cmljcyhTTV9DWFNDUkVFTik7CgogICAgZHggPSAoSU5UKShiYXNlX2xlbmd0aCAqIC45NSk7CiAgICBkeSA9IGR4ICogMyAvIDQ7CiAgICBTZXRSZWN0KCZHbG9iYWxzLm1haW5fcmVjdCwgMCwgMCwgZHgsIGR5KTsKCiAgICBpZiAoUmVnT3BlbktleShIS0VZX0NVUlJFTlRfVVNFUiwgc19zelJlZ2lzdHJ5S2V5LCAmaEtleSkgPT0gRVJST1JfU1VDQ0VTUykKICAgIHsKICAgICAgICBRdWVyeUJ5dGUoaEtleSwgX1QoImxmQ2hhclNldCIpLCAmR2xvYmFscy5sZkZvbnQubGZDaGFyU2V0KTsKICAgICAgICBRdWVyeUJ5dGUoaEtleSwgX1QoImxmQ2xpcFByZWNpc2lvbiIpLCAmR2xvYmFscy5sZkZvbnQubGZDbGlwUHJlY2lzaW9uKTsKICAgICAgICBRdWVyeUR3b3JkKGhLZXksIF9UKCJsZkVzY2FwZW1lbnQiKSwgKERXT1JEKikmR2xvYmFscy5sZkZvbnQubGZFc2NhcGVtZW50KTsKICAgICAgICBRdWVyeVN0cmluZyhoS2V5LCBfVCgibGZGYWNlTmFtZSIpLCBHbG9iYWxzLmxmRm9udC5sZkZhY2VOYW1lLCBBUlJBWV9TSVpFKEdsb2JhbHMubGZGb250LmxmRmFjZU5hbWUpKTsKICAgICAgICBRdWVyeUJ5dGUoaEtleSwgX1QoImxmSXRhbGljIiksICZHbG9iYWxzLmxmRm9udC5sZkl0YWxpYyk7CiAgICAgICAgUXVlcnlEd29yZChoS2V5LCBfVCgibGZPcmllbnRhdGlvbiIpLCAoRFdPUkQqKSZHbG9iYWxzLmxmRm9udC5sZk9yaWVudGF0aW9uKTsKICAgICAgICBRdWVyeUJ5dGUoaEtleSwgX1QoImxmT3V0UHJlY2lzaW9uIiksICZHbG9iYWxzLmxmRm9udC5sZk91dFByZWNpc2lvbik7CiAgICAgICAgUXVlcnlCeXRlKGhLZXksIF9UKCJsZlBpdGNoQW5kRmFtaWx5IiksICZHbG9iYWxzLmxmRm9udC5sZlBpdGNoQW5kRmFtaWx5KTsKICAgICAgICBRdWVyeUJ5dGUoaEtleSwgX1QoImxmUXVhbGl0eSIpLCAmR2xvYmFscy5sZkZvbnQubGZRdWFsaXR5KTsKICAgICAgICBRdWVyeUJ5dGUoaEtleSwgX1QoImxmU3RyaWtlT3V0IiksICZHbG9iYWxzLmxmRm9udC5sZlN0cmlrZU91dCk7CiAgICAgICAgUXVlcnlCeXRlKGhLZXksIF9UKCJsZlVuZGVybGluZSIpLCAmR2xvYmFscy5sZkZvbnQubGZVbmRlcmxpbmUpOwogICAgICAgIFF1ZXJ5RHdvcmQoaEtleSwgX1QoImxmV2VpZ2h0IiksIChEV09SRCopJkdsb2JhbHMubGZGb250LmxmV2VpZ2h0KTsKICAgICAgICBRdWVyeUR3b3JkKGhLZXksIF9UKCJpUG9pbnRTaXplIiksICZkd1BvaW50U2l6ZSk7CiAgICAgICAgUXVlcnlCb29sKGhLZXksIF9UKCJmV3JhcCIpLCAmR2xvYmFscy5iV3JhcExvbmdMaW5lcyk7CiAgICAgICAgUXVlcnlCb29sKGhLZXksIF9UKCJmU3RhdHVzQmFyIiksICZHbG9iYWxzLmJTaG93U3RhdHVzQmFyKTsKICAgICAgICBRdWVyeVN0cmluZyhoS2V5LCBfVCgic3pIZWFkZXIiKSwgR2xvYmFscy5zekhlYWRlciwgQVJSQVlfU0laRShHbG9iYWxzLnN6SGVhZGVyKSk7CiAgICAgICAgUXVlcnlTdHJpbmcoaEtleSwgX1QoInN6VHJhaWxlciIpLCBHbG9iYWxzLnN6Rm9vdGVyLCBBUlJBWV9TSVpFKEdsb2JhbHMuc3pGb290ZXIpKTsKICAgICAgICBRdWVyeUR3b3JkKGhLZXksIF9UKCJpTWFyZ2luTGVmdCIpLCAoRFdPUkQqKSZHbG9iYWxzLmxNYXJnaW5zLmxlZnQpOwogICAgICAgIFF1ZXJ5RHdvcmQoaEtleSwgX1QoImlNYXJnaW5Ub3AiKSwgKERXT1JEKikmR2xvYmFscy5sTWFyZ2lucy50b3ApOwogICAgICAgIFF1ZXJ5RHdvcmQoaEtleSwgX1QoImlNYXJnaW5SaWdodCIpLCAoRFdPUkQqKSZHbG9iYWxzLmxNYXJnaW5zLnJpZ2h0KTsKICAgICAgICBRdWVyeUR3b3JkKGhLZXksIF9UKCJpTWFyZ2luQm90dG9tIiksIChEV09SRCopJkdsb2JhbHMubE1hcmdpbnMuYm90dG9tKTsKCiAgICAgICAgUXVlcnlEd29yZChoS2V5LCBfVCgiaVdpbmRvd1Bvc1giKSwgKERXT1JEKikmR2xvYmFscy5tYWluX3JlY3QubGVmdCk7CiAgICAgICAgUXVlcnlEd29yZChoS2V5LCBfVCgiaVdpbmRvd1Bvc1kiKSwgKERXT1JEKikmR2xvYmFscy5tYWluX3JlY3QudG9wKTsKICAgICAgICBRdWVyeUR3b3JkKGhLZXksIF9UKCJpV2luZG93UG9zRFgiKSwgKERXT1JEKikmZHgpOwogICAgICAgIFF1ZXJ5RHdvcmQoaEtleSwgX1QoImlXaW5kb3dQb3NEWSIpLCAoRFdPUkQqKSZkeSk7CgogICAgICAgIEdsb2JhbHMubWFpbl9yZWN0LnJpZ2h0ID0gR2xvYmFscy5tYWluX3JlY3QubGVmdCArIGR4OwogICAgICAgIEdsb2JhbHMubWFpbl9yZWN0LmJvdHRvbSA9IEdsb2JhbHMubWFpbl9yZWN0LnRvcCArIGR5OwoKICAgICAgICAvKiBpbnZlcnQgdmFsdWUgYmVjYXVzZSBESUFMT0dfVmlld1N0YXR1c0JhciB3aWxsIGJlIGNhbGxlZCB0byBzaG93IGl0ICovCiAgICAgICAgR2xvYmFscy5iU2hvd1N0YXR1c0JhciA9ICFHbG9iYWxzLmJTaG93U3RhdHVzQmFyOwoKICAgICAgICBpZiAoZHdQb2ludFNpemUgIT0gMCkKICAgICAgICAgICAgR2xvYmFscy5sZkZvbnQubGZIZWlnaHQgPSBIZWlnaHRGcm9tUG9pbnRTaXplKGR3UG9pbnRTaXplKTsKICAgICAgICBlbHNlCiAgICAgICAgICAgIEdsb2JhbHMubGZGb250LmxmSGVpZ2h0ID0gSGVpZ2h0RnJvbVBvaW50U2l6ZSgxMDApOwoKICAgICAgICBSZWdDbG9zZUtleShoS2V5KTsKICAgIH0KICAgIGVsc2UKICAgIHsKICAgICAgICAvKiBJZiBubyBzZXR0aW5ncyBhcmUgZm91bmQgaW4gdGhlIHJlZ2lzdHJ5LCB0aGVuIHVzZSBkZWZhdWx0IHZhbHVlcyAqLwogICAgICAgIEdsb2JhbHMuYlNob3dTdGF0dXNCYXIgPSBGQUxTRTsKICAgICAgICBHbG9iYWxzLmJXcmFwTG9uZ0xpbmVzID0gRkFMU0U7CiAgICAgICAgU2V0UmVjdCgmR2xvYmFscy5sTWFyZ2lucywgNzUwLCAxMDAwLCA3NTAsIDEwMDApOwoKICAgICAgICAvKiBGSVhNRTogR2xvYmFscy5mU2F2ZVdpbmRvd1Bvc2l0aW9ucyA9IEZBTFNFOyAqLwogICAgICAgIC8qIEZJWE1FOiBHbG9iYWxzLmZNTEVfaXNfYnJva2VuID0gRkFMU0U7ICovCgogICAgICAgIExvYWRTdHJpbmcoR2xvYmFscy5oSW5zdGFuY2UsIFNUUklOR19QQUdFU0VUVVBfSEVBREVSVkFMVUUsIEdsb2JhbHMuc3pIZWFkZXIsCiAgICAgICAgICAgICAgICAgICBBUlJBWV9TSVpFKEdsb2JhbHMuc3pIZWFkZXIpKTsKICAgICAgICBMb2FkU3RyaW5nKEdsb2JhbHMuaEluc3RhbmNlLCBTVFJJTkdfUEFHRVNFVFVQX0ZPT1RFUlZBTFVFLCBHbG9iYWxzLnN6Rm9vdGVyLAogICAgICAgICAgICAgICAgICAgQVJSQVlfU0laRShHbG9iYWxzLnN6Rm9vdGVyKSk7CgogICAgICAgIFplcm9NZW1vcnkoJkdsb2JhbHMubGZGb250LCBzaXplb2YoR2xvYmFscy5sZkZvbnQpKTsKICAgICAgICBHbG9iYWxzLmxmRm9udC5sZkNoYXJTZXQgPSBBTlNJX0NIQVJTRVQ7CiAgICAgICAgR2xvYmFscy5sZkZvbnQubGZDbGlwUHJlY2lzaW9uID0gQ0xJUF9TVFJPS0VfUFJFQ0lTOwogICAgICAgIEdsb2JhbHMubGZGb250LmxmRXNjYXBlbWVudCA9IDA7CiAgICAgICAgX3Rjc2NweShHbG9iYWxzLmxmRm9udC5sZkZhY2VOYW1lLCBfVCgiTHVjaWRhIENvbnNvbGUiKSk7CiAgICAgICAgR2xvYmFscy5sZkZvbnQubGZJdGFsaWMgPSBGQUxTRTsKICAgICAgICBHbG9iYWxzLmxmRm9udC5sZk9yaWVudGF0aW9uID0gMDsKICAgICAgICBHbG9iYWxzLmxmRm9udC5sZk91dFByZWNpc2lvbiA9IE9VVF9TVFJJTkdfUFJFQ0lTOwogICAgICAgIEdsb2JhbHMubGZGb250LmxmUGl0Y2hBbmRGYW1pbHkgPSBGSVhFRF9QSVRDSCB8IEZGX01PREVSTjsKICAgICAgICBHbG9iYWxzLmxmRm9udC5sZlF1YWxpdHkgPSBQUk9PRl9RVUFMSVRZOwogICAgICAgIEdsb2JhbHMubGZGb250LmxmU3RyaWtlT3V0ID0gRkFMU0U7CiAgICAgICAgR2xvYmFscy5sZkZvbnQubGZVbmRlcmxpbmUgPSBGQUxTRTsKICAgICAgICBHbG9iYWxzLmxmRm9udC5sZldlaWdodCA9IEZXX05PUk1BTDsKICAgICAgICBHbG9iYWxzLmxmRm9udC5sZkhlaWdodCA9IEhlaWdodEZyb21Qb2ludFNpemUoMTAwKTsKICAgIH0KCiAgICBoRm9udCA9IENyZWF0ZUZvbnRJbmRpcmVjdCgmR2xvYmFscy5sZkZvbnQpOwogICAgU2VuZE1lc3NhZ2UoR2xvYmFscy5oRWRpdCwgV01fU0VURk9OVCwgKFdQQVJBTSloRm9udCwgKExQQVJBTSlUUlVFKTsKICAgIGlmIChoRm9udCkKICAgIHsKICAgICAgICBpZiAoR2xvYmFscy5oRm9udCkKICAgICAgICAgICAgRGVsZXRlT2JqZWN0KEdsb2JhbHMuaEZvbnQpOwogICAgICAgIEdsb2JhbHMuaEZvbnQgPSBoRm9udDsKICAgIH0KfQoKc3RhdGljIEJPT0wgU2F2ZUR3b3JkKEhLRVkgaEtleSwgTFBDVFNUUiBwc3pWYWx1ZU5hbWVULCBEV09SRCBkd1ZhbHVlKQp7CiAgICByZXR1cm4gUmVnU2V0VmFsdWVFeChoS2V5LCBwc3pWYWx1ZU5hbWVULCAwLCBSRUdfRFdPUkQsIChMUEJZVEUpICZkd1ZhbHVlLCBzaXplb2YoZHdWYWx1ZSkpID09IEVSUk9SX1NVQ0NFU1M7Cn0KCnN0YXRpYyBCT09MIFNhdmVTdHJpbmcoSEtFWSBoS2V5LCBMUENUU1RSIHBzelZhbHVlTmFtZVQsIExQQ1RTVFIgcHN6VmFsdWUpCnsKICAgIHJldHVybiBSZWdTZXRWYWx1ZUV4KGhLZXksIHBzelZhbHVlTmFtZVQsIDAsIFJFR19TWiwgKExQQllURSkgcHN6VmFsdWUsIChEV09SRCkgX3Rjc2xlbihwc3pWYWx1ZSkgKiBzaXplb2YoKnBzelZhbHVlKSkgPT0gRVJST1JfU1VDQ0VTUzsKfQoKLyoqKioqKioqKioqKioqKioqKioqKioqKioqKioqKioqKioqKioqKioqKioqKioqKioqKioqKioqKioqKioqKioqKioqKioqCiAqCiAqICAgICAgICAgICBOT1RFUEFEX1NhdmVTZXR0aW5nc1RvUmVnaXN0cnkKICoKICogIFNhdmUgc2V0dGluZ3MgdG8gcmVnaXN0cnkgSEtDVVxTb2Z0d2FyZVxNaWNyb3NvZnRcTm90ZXBhZC4KICovCnZvaWQgTk9URVBBRF9TYXZlU2V0dGluZ3NUb1JlZ2lzdHJ5KHZvaWQpCnsKICAgIEhLRVkgaEtleTsKICAgIERXT1JEIGR3RGlzcG9zaXRpb247CgogICAgR2V0V2luZG93UmVjdChHbG9iYWxzLmhNYWluV25kLCAmR2xvYmFscy5tYWluX3JlY3QpOwoKICAgIGlmIChSZWdDcmVhdGVLZXlFeChIS0VZX0NVUlJFTlRfVVNFUiwgc19zelJlZ2lzdHJ5S2V5LAogICAgICAgICAgICAgICAgICAgICAgIDAsIE5VTEwsIDAsIEtFWV9TRVRfVkFMVUUsIE5VTEwsCiAgICAgICAgICAgICAgICAgICAgICAgJmhLZXksICZkd0Rpc3Bvc2l0aW9uKSA9PSBFUlJPUl9TVUNDRVNTKQogICAgewogICAgICAgIFNhdmVEd29yZChoS2V5LCBfVCgibGZDaGFyU2V0IiksIEdsb2JhbHMubGZGb250LmxmQ2hhclNldCk7CiAgICAgICAgU2F2ZUR3b3JkKGhLZXksIF9UKCJsZkNsaXBQcmVjaXNpb24iKSwgR2xvYmFscy5sZkZvbnQubGZDbGlwUHJlY2lzaW9uKTsKICAgICAgICBTYXZlRHdvcmQoaEtleSwgX1QoImxmRXNjYXBlbWVudCIpLCBHbG9iYWxzLmxmRm9udC5sZkVzY2FwZW1lbnQpOwogICAgICAgIFNhdmVTdHJpbmcoaEtleSwgX1QoImxmRmFjZU5hbWUiKSwgR2xvYmFscy5sZkZvbnQubGZGYWNlTmFtZSk7CiAgICAgICAgU2F2ZUR3b3JkKGhLZXksIF9UKCJsZkl0YWxpYyIpLCBHbG9iYWxzLmxmRm9udC5sZkl0YWxpYyk7CiAgICAgICAgU2F2ZUR3b3JkKGhLZXksIF9UKCJsZk9yaWVudGF0aW9uIiksIEdsb2JhbHMubGZGb250LmxmT3JpZW50YXRpb24pOwogICAgICAgIFNhdmVEd29yZChoS2V5LCBfVCgibGZPdXRQcmVjaXNpb24iKSwgR2xvYmFscy5sZkZvbnQubGZPdXRQcmVjaXNpb24pOwogICAgICAgIFNhdmVEd29yZChoS2V5LCBfVCgibGZQaXRjaEFuZEZhbWlseSIpLCBHbG9iYWxzLmxmRm9udC5sZlBpdGNoQW5kRmFtaWx5KTsKICAgICAgICBTYXZlRHdvcmQoaEtleSwgX1QoImxmUXVhbGl0eSIpLCBHbG9iYWxzLmxmRm9udC5sZlF1YWxpdHkpOwogICAgICAgIFNhdmVEd29yZChoS2V5LCBfVCgibGZTdHJpa2VPdXQiKSwgR2xvYmFscy5sZkZvbnQubGZTdHJpa2VPdXQpOwogICAgICAgIFNhdmVEd29yZChoS2V5LCBfVCgibGZVbmRlcmxpbmUiKSwgR2xvYmFscy5sZkZvbnQubGZVbmRlcmxpbmUpOwogICAgICAgIFNhdmVEd29yZChoS2V5LCBfVCgibGZXZWlnaHQiKSwgR2xvYmFscy5sZkZvbnQubGZXZWlnaHQpOwogICAgICAgIFNhdmVEd29yZChoS2V5LCBfVCgiaVBvaW50U2l6ZSIpLCBQb2ludFNpemVGcm9tSGVpZ2h0KEdsb2JhbHMubGZGb250LmxmSGVpZ2h0KSk7CiAgICAgICAgU2F2ZUR3b3JkKGhLZXksIF9UKCJmV3JhcCIpLCBHbG9iYWxzLmJXcmFwTG9uZ0xpbmVzID8gMSA6IDApOwogICAgICAgIFNhdmVEd29yZChoS2V5LCBfVCgiZlN0YXR1c0JhciIpLCBHbG9iYWxzLmJTaG93U3RhdHVzQmFyID8gMSA6IDApOwogICAgICAgIFNhdmVTdHJpbmcoaEtleSwgX1QoInN6SGVhZGVyIiksIEdsb2JhbHMuc3pIZWFkZXIpOwogICAgICAgIFNhdmVTdHJpbmcoaEtleSwgX1QoInN6VHJhaWxlciIpLCBHbG9iYWxzLnN6Rm9vdGVyKTsKICAgICAgICBTYXZlRHdvcmQoaEtleSwgX1QoImlNYXJnaW5MZWZ0IiksIEdsb2JhbHMubE1hcmdpbnMubGVmdCk7CiAgICAgICAgU2F2ZUR3b3JkKGhLZXksIF9UKCJpTWFyZ2luVG9wIiksIEdsb2JhbHMubE1hcmdpbnMudG9wKTsKICAgICAgICBTYXZlRHdvcmQoaEtleSwgX1QoImlNYXJnaW5SaWdodCIpLCBHbG9iYWxzLmxNYXJnaW5zLnJpZ2h0KTsKICAgICAgICBTYXZlRHdvcmQoaEtleSwgX1QoImlNYXJnaW5Cb3R0b20iKSwgR2xvYmFscy5sTWFyZ2lucy5ib3R0b20pOwogICAgICAgIFNhdmVEd29yZChoS2V5LCBfVCgiaVdpbmRvd1Bvc1giKSwgR2xvYmFscy5tYWluX3JlY3QubGVmdCk7CiAgICAgICAgU2F2ZUR3b3JkKGhLZXksIF9UKCJpV2luZG93UG9zWSIpLCBHbG9iYWxzLm1haW5fcmVjdC50b3ApOwogICAgICAgIFNhdmVEd29yZChoS2V5LCBfVCgiaVdpbmRvd1Bvc0RYIiksIEdsb2JhbHMubWFpbl9yZWN0LnJpZ2h0IC0gR2xvYmFscy5tYWluX3JlY3QubGVmdCk7CiAgICAgICAgU2F2ZUR3b3JkKGhLZXksIF9UKCJpV2luZG93UG9zRFkiKSwgR2xvYmFscy5tYWluX3JlY3QuYm90dG9tIC0gR2xvYmFscy5tYWluX3JlY3QudG9wKTsKCiAgICAgICAgUmVnQ2xvc2VLZXkoaEtleSk7CiAgICB9Cn0K');
INSERT IGNORE INTO core_asset (idcoreasset, name, path,isNewAsset,size,idpackage,content) VALUES
(72,'text.c','input/algorithms/text.c',1,387,5,'LyoKICogIE5vdGVwYWQgKHRleHQuYykKICoKICogIENvcHlyaWdodCAxOTk4LDk5IE1hcmNlbCBCYXVyIDxtYmF1ckBnMjYuZXRoei5jaD4KICogIENvcHlyaWdodCAyMDAyIFN5bHZhaW4gUGV0cmVvbGxlIDxzcGV0cmVvbGxlQHlhaG9vLmZyPgogKiAgQ29weXJpZ2h0IDIwMDIgQW5kcml5IFBhbGFtYXJjaHVrCiAqCiAqIFRoaXMgbGlicmFyeSBpcyBmcmVlIHNvZnR3YXJlOyB5b3UgY2FuIHJlZGlzdHJpYnV0ZSBpdCBhbmQvb3IKICogbW9kaWZ5IGl0IHVuZGVyIHRoZSB0ZXJtcyBvZiB0aGUgR05VIExlc3NlciBHZW5lcmFsIFB1YmxpYwogKiBMaWNlbnNlIGFzIHB1Ymxpc2hlZCBieSB0aGUgRnJlZSBTb2Z0d2FyZSBGb3VuZGF0aW9uOyBlaXRoZXIKICogdmVyc2lvbiAyLjEgb2YgdGhlIExpY2Vuc2UsIG9yIChhdCB5b3VyIG9wdGlvbikgYW55IGxhdGVyIHZlcnNpb24uCiAqCiAqIFRoaXMgbGlicmFyeSBpcyBkaXN0cmlidXRlZCBpbiB0aGUgaG9wZSB0aGF0IGl0IHdpbGwgYmUgdXNlZnVsLAogKiBidXQgV0lUSE9VVCBBTlkgV0FSUkFOVFk7IHdpdGhvdXQgZXZlbiB0aGUgaW1wbGllZCB3YXJyYW50eSBvZgogKiBNRVJDSEFOVEFCSUxJVFkgb3IgRklUTkVTUyBGT1IgQSBQQVJUSUNVTEFSIFBVUlBPU0UuICBTZWUgdGhlIEdOVQogKiBMZXNzZXIgR2VuZXJhbCBQdWJsaWMgTGljZW5zZSBmb3IgbW9yZSBkZXRhaWxzLgogKgogKiBZb3Ugc2hvdWxkIGhhdmUgcmVjZWl2ZWQgYSBjb3B5IG9mIHRoZSBHTlUgTGVzc2VyIEdlbmVyYWwgUHVibGljCiAqIExpY2Vuc2UgYWxvbmcgd2l0aCB0aGlzIGxpYnJhcnk7IGlmIG5vdCwgd3JpdGUgdG8gdGhlIEZyZWUgU29mdHdhcmUKICogRm91bmRhdGlvbiwgSW5jLiwgNTEgRnJhbmtsaW4gU3RyZWV0LCBGaWZ0aCBGbG9vciwgQm9zdG9uLCBNQSAgMDIxMTAtMTMwMSAgVVNBCiAqLwoKI2luY2x1ZGUgIm5vdGVwYWQuaCIKCnN0YXRpYyBCT09MIEFwcGVuZChMUFdTVFIgKnBwc3pUZXh0LCBEV09SRCAqcGR3VGV4dExlbiwgTFBDV1NUUiBwc3pBcHBlbmRUZXh0LCBEV09SRCBkd0FwcGVuZExlbikKewogICAgTFBXU1RSIHBzek5ld1RleHQ7CgogICAgaWYgKGR3QXBwZW5kTGVuID4gMCkKICAgIHsKICAgICAgICBpZiAoKnBwc3pUZXh0KQogICAgICAgIHsKICAgICAgICAgICAgcHN6TmV3VGV4dCA9IChMUFdTVFIpIEhlYXBSZUFsbG9jKEdldFByb2Nlc3NIZWFwKCksIDAsICpwcHN6VGV4dCwgKCpwZHdUZXh0TGVuICsgZHdBcHBlbmRMZW4pICogc2l6ZW9mKFdDSEFSKSk7CiAgICAgICAgfQogICAgICAgIGVsc2UKICAgICAgICB7CiAgICAgICAgICAgIHBzek5ld1RleHQgPSAoTFBXU1RSKSBIZWFwQWxsb2MoR2V0UHJvY2Vzc0hlYXAoKSwgMCwgZHdBcHBlbmRMZW4gKiBzaXplb2YoV0NIQVIpKTsKICAgICAgICB9CgogICAgICAgIGlmICghcHN6TmV3VGV4dCkKICAgICAgICAgICAgcmV0dXJuIEZBTFNFOwoKICAgICAgICBtZW1jcHkocHN6TmV3VGV4dCArICpwZHdUZXh0TGVuLCBwc3pBcHBlbmRUZXh0LCBkd0FwcGVuZExlbiAqIHNpemVvZihXQ0hBUikpOwogICAgICAgICpwcHN6VGV4dCA9IHBzek5ld1RleHQ7CiAgICAgICAgKnBkd1RleHRMZW4gKz0gZHdBcHBlbmRMZW47CiAgICB9CiAgICByZXR1cm4gVFJVRTsKfQoKQk9PTApSZWFkVGV4dChIQU5ETEUgaEZpbGUsIExQV1NUUiAqcHBzelRleHQsIERXT1JEICpwZHdUZXh0TGVuLCBpbnQgKnBlbmNGaWxlLCBpbnQgKnBpRW9sbikKewogICAgRFdPUkQgZHdTaXplOwogICAgTFBCWVRFIHBCeXRlcyA9IE5VTEw7CiAgICBMUFdTVFIgcHN6VGV4dDsKICAgIExQV1NUUiBwc3pBbGxvY1RleHQgPSBOVUxMOwogICAgRFdPUkQgZHdQb3MsIGk7CiAgICBEV09SRCBkd0NoYXJDb3VudDsKICAgIEJPT0wgYlN1Y2Nlc3MgPSBGQUxTRTsKICAgIEJZVEUgYiA9IDA7CiAgICBpbnQgZW5jRmlsZSA9IEVOQ09ESU5HX0FOU0k7CiAgICBpbnQgaUNvZGVQYWdlID0gMDsKICAgIFdDSEFSIHN6Q3JsZlsyXSA9IHsnXHInLCAnXG4nfTsKICAgIERXT1JEIGFkd0VvbG5Db3VudFszXSA9IHswLCAwLCAwfTsKCiAgICAqcHBzelRleHQgPSBOVUxMOwogICAgKnBkd1RleHRMZW4gPSAwOwoKICAgIGR3U2l6ZSA9IEdldEZpbGVTaXplKGhGaWxlLCBOVUxMKTsKICAgIGlmIChkd1NpemUgPT0gSU5WQUxJRF9GSUxFX1NJWkUpCiAgICAgICAgZ290byBkb25lOwoKICAgIHBCeXRlcyA9IEhlYXBBbGxvYyhHZXRQcm9jZXNzSGVhcCgpLCAwLCBkd1NpemUgKyAyKTsKICAgIGlmICghcEJ5dGVzKQogICAgICAgIGdvdG8gZG9uZTsKCiAgICBpZiAoIVJlYWRGaWxlKGhGaWxlLCBwQnl0ZXMsIGR3U2l6ZSwgJmR3U2l6ZSwgTlVMTCkpCiAgICAgICAgZ290byBkb25lOwogICAgZHdQb3MgPSAwOwoKICAgIC8qIE1ha2Ugc3VyZSB0aGF0IHRoZXJlIGlzIGEgTlVMIGNoYXJhY3RlciBhdCB0aGUgZW5kLCBpbiBhbnkgZW5jb2RpbmcgKi8KICAgIHBCeXRlc1tkd1NpemUgKyAwXSA9ICdcMCc7CiAgICBwQnl0ZXNbZHdTaXplICsgMV0gPSAnXDAnOwoKICAgIC8qIExvb2sgZm9yIEJ5dGUgT3JkZXIgTWFya3MgKi8KICAgIGlmICgoZHdTaXplID49IDIpICYmIChwQnl0ZXNbMF0gPT0gMHhGRikgJiYgKHBCeXRlc1sxXSA9PSAweEZFKSkKICAgIHsKICAgICAgICBlbmNGaWxlID0gRU5DT0RJTkdfVU5JQ09ERTsKICAgICAgICBkd1BvcyArPSAyOwogICAgfQogICAgZWxzZSBpZiAoKGR3U2l6ZSA+PSAyKSAmJiAocEJ5dGVzWzBdID09IDB4RkUpICYmIChwQnl0ZXNbMV0gPT0gMHhGRikpCiAgICB7CiAgICAgICAgZW5jRmlsZSA9IEVOQ09ESU5HX1VOSUNPREVfQkU7CiAgICAgICAgZHdQb3MgKz0gMjsKICAgIH0KICAgIGVsc2UgaWYgKChkd1NpemUgPj0gMykgJiYgKHBCeXRlc1swXSA9PSAweEVGKSAmJiAocEJ5dGVzWzFdID09IDB4QkIpICYmIChwQnl0ZXNbMl0gPT0gMHhCRikpCiAgICB7CiAgICAgICAgZW5jRmlsZSA9IEVOQ09ESU5HX1VURjg7CiAgICAgICAgZHdQb3MgKz0gMzsKICAgIH0KCiAgICBzd2l0Y2goZW5jRmlsZSkKICAgIHsKICAgIGNhc2UgRU5DT0RJTkdfVU5JQ09ERV9CRToKICAgICAgICBmb3IgKGkgPSBkd1BvczsgaSA8IGR3U2l6ZS0xOyBpICs9IDIpCiAgICAgICAgewogICAgICAgICAgICBiID0gcEJ5dGVzW2krMF07CiAgICAgICAgICAgIHBCeXRlc1tpKzBdID0gcEJ5dGVzW2krMV07CiAgICAgICAgICAgIHBCeXRlc1tpKzFdID0gYjsKICAgICAgICB9CiAgICAgICAgLyogZmFsbCB0aHJvdWdoICovCgogICAgY2FzZSBFTkNPRElOR19VTklDT0RFOgogICAgICAgIHBzelRleHQgPSAoTFBXU1RSKSAmcEJ5dGVzW2R3UG9zXTsKICAgICAgICBkd0NoYXJDb3VudCA9IChkd1NpemUgLSBkd1BvcykgLyBzaXplb2YoV0NIQVIpOwogICAgICAgIGJyZWFrOwoKICAgIGNhc2UgRU5DT0RJTkdfQU5TSToKICAgIGNhc2UgRU5DT0RJTkdfVVRGODoKICAgICAgICBpZiAoZW5jRmlsZSA9PSBFTkNPRElOR19BTlNJKQogICAgICAgICAgICBpQ29kZVBhZ2UgPSBDUF9BQ1A7CiAgICAgICAgZWxzZSBpZiAoZW5jRmlsZSA9PSBFTkNPRElOR19VVEY4KQogICAgICAgICAgICBpQ29kZVBhZ2UgPSBDUF9VVEY4OwoKICAgICAgICBpZiAoKGR3U2l6ZSAtIGR3UG9zKSA+IDApCiAgICAgICAgewogICAgICAgICAgICBkd0NoYXJDb3VudCA9IE11bHRpQnl0ZVRvV2lkZUNoYXIoaUNvZGVQYWdlLCAwLCAoTFBDU1RSKSZwQnl0ZXNbZHdQb3NdLCBkd1NpemUgLSBkd1BvcywgTlVMTCwgMCk7CiAgICAgICAgICAgIGlmIChkd0NoYXJDb3VudCA9PSAwKQogICAgICAgICAgICAgICAgZ290byBkb25lOwogICAgICAgIH0KICAgICAgICBlbHNlCiAgICAgICAgewogICAgICAgICAgICAvKiBzcGVjaWFsIGNhc2UgZm9yIGZpbGVzIHdpdGggbm8gY2hhcmFjdGVycyAob3RoZXIgdGhhbiBCT01zKSAqLwogICAgICAgICAgICBkd0NoYXJDb3VudCA9IDA7CiAgICAgICAgfQoKICAgICAgICBwc3pBbGxvY1RleHQgPSAoTFBXU1RSKSBIZWFwQWxsb2MoR2V0UHJvY2Vzc0hlYXAoKSwgMCwgKGR3Q2hhckNvdW50ICsgMSkgKiBzaXplb2YoV0NIQVIpKTsKICAgICAgICBpZiAoIXBzekFsbG9jVGV4dCkKICAgICAgICAgICAgZ290byBkb25lOwoKICAgICAgICBpZiAoKGR3U2l6ZSAtIGR3UG9zKSA+IDApCiAgICAgICAgewogICAgICAgICAgICBpZiAoIU11bHRpQnl0ZVRvV2lkZUNoYXIoaUNvZGVQYWdlLCAwLCAoTFBDU1RSKSZwQnl0ZXNbZHdQb3NdLCBkd1NpemUgLSBkd1BvcywgcHN6QWxsb2NUZXh0LCBkd0NoYXJDb3VudCkpCiAgICAgICAgICAgICAgICBnb3RvIGRvbmU7CiAgICAgICAgfQoKICAgICAgICBwc3pBbGxvY1RleHRbZHdDaGFyQ291bnRdID0gJ1wwJzsKICAgICAgICBwc3pUZXh0ID0gcHN6QWxsb2NUZXh0OwogICAgICAgIGJyZWFrOwogICAgfQoKICAgIGR3UG9zID0gMDsKICAgIGZvciAoaSA9IDA7IGkgPCBkd0NoYXJDb3VudDsgaSsrKQogICAgewogICAgICAgIHN3aXRjaChwc3pUZXh0W2ldKQogICAgICAgIHsKICAgICAgICBjYXNlICdccic6CiAgICAgICAgICAgIGlmICgoaSA8IGR3Q2hhckNvdW50LTEpICYmIChwc3pUZXh0W2krMV0gPT0gJ1xuJykpCiAgICAgICAgICAgIHsKICAgICAgICAgICAgICAgIGkrKzsKICAgICAgICAgICAgICAgIGFkd0VvbG5Db3VudFtFT0xOX0NSTEZdKys7CiAgICAgICAgICAgICAgICBicmVhazsKICAgICAgICAgICAgfQogICAgICAgICAgICAvKiBmYWxsIHRocm91Z2ggKi8KCiAgICAgICAgY2FzZSAnXG4nOgogICAgICAgICAgICBpZiAoIUFwcGVuZChwcHN6VGV4dCwgcGR3VGV4dExlbiwgJnBzelRleHRbZHdQb3NdLCBpIC0gZHdQb3MpKQogICAgICAgICAgICAgICAgcmV0dXJuIEZBTFNFOwogICAgICAgICAgICBpZiAoIUFwcGVuZChwcHN6VGV4dCwgcGR3VGV4dExlbiwgc3pDcmxmLCBBUlJBWV9TSVpFKHN6Q3JsZikpKQogICAgICAgICAgICAgICAgcmV0dXJuIEZBTFNFOwogICAgICAgICAgICBkd1BvcyA9IGkgKyAxOwoKICAgICAgICAgICAgaWYgKHBzelRleHRbaV0gPT0gJ1xyJykKICAgICAgICAgICAgICAgIGFkd0VvbG5Db3VudFtFT0xOX0NSXSsrOwogICAgICAgICAgICBlbHNlCiAgICAgICAgICAgICAgICBhZHdFb2xuQ291bnRbRU9MTl9MRl0rKzsKICAgICAgICAgICAgYnJlYWs7CgogICAgICAgIGNhc2UgJ1wwJzoKICAgICAgICAgICAgcHN6VGV4dFtpXSA9ICcgJzsKICAgICAgICAgICAgYnJlYWs7CiAgICAgICAgfQogICAgfQoKICAgIGlmICghKnBwc3pUZXh0ICYmIChwc3pUZXh0ID09IHBzekFsbG9jVGV4dCkpCiAgICB7CiAgICAgICAgLyogc3BlY2lhbCBjYXNlOyBkb24ndCBuZWVkIHRvIHJlYWxsb2NhdGUgKi8KICAgICAgICAqcHBzelRleHQgPSBwc3pBbGxvY1RleHQ7CiAgICAgICAgKnBkd1RleHRMZW4gPSBkd0NoYXJDb3VudDsKICAgICAgICBwc3pBbGxvY1RleHQgPSBOVUxMOwogICAgfQogICAgZWxzZQogICAgewogICAgICAgIC8qIGFwcGVuZCBsYXN0IHJlbWFpbmluZyB0ZXh0ICovCiAgICAgICAgaWYgKCFBcHBlbmQocHBzelRleHQsIHBkd1RleHRMZW4sICZwc3pUZXh0W2R3UG9zXSwgaSAtIGR3UG9zICsgMSkpCiAgICAgICAgICAgIHJldHVybiBGQUxTRTsKICAgIH0KCiAgICAvKiBjaG9zZSB3aGljaCBlb2xuIHRvIHVzZSAqLwogICAgKnBpRW9sbiA9IEVPTE5fQ1JMRjsKICAgIGlmIChhZHdFb2xuQ291bnRbRU9MTl9MRl0gPiBhZHdFb2xuQ291bnRbKnBpRW9sbl0pCiAgICAgICAgKnBpRW9sbiA9IEVPTE5fTEY7CiAgICBpZiAoYWR3RW9sbkNvdW50W0VPTE5fQ1JdID4gYWR3RW9sbkNvdW50WypwaUVvbG5dKQogICAgICAgICpwaUVvbG4gPSBFT0xOX0NSOwogICAgKnBlbmNGaWxlID0gZW5jRmlsZTsKCiAgICBiU3VjY2VzcyA9IFRSVUU7Cgpkb25lOgogICAgaWYgKHBCeXRlcykKICAgICAgICBIZWFwRnJlZShHZXRQcm9jZXNzSGVhcCgpLCAwLCBwQnl0ZXMpOwogICAgaWYgKHBzekFsbG9jVGV4dCkKICAgICAgICBIZWFwRnJlZShHZXRQcm9jZXNzSGVhcCgpLCAwLCBwc3pBbGxvY1RleHQpOwoKICAgIGlmICghYlN1Y2Nlc3MgJiYgKnBwc3pUZXh0KQogICAgewogICAgICAgIEhlYXBGcmVlKEdldFByb2Nlc3NIZWFwKCksIDAsICpwcHN6VGV4dCk7CiAgICAgICAgKnBwc3pUZXh0ID0gTlVMTDsKICAgICAgICAqcGR3VGV4dExlbiA9IDA7CiAgICB9CiAgICByZXR1cm4gYlN1Y2Nlc3M7Cn0KCnN0YXRpYyBCT09MIFdyaXRlRW5jb2RlZFRleHQoSEFORExFIGhGaWxlLCBMUENXU1RSIHBzelRleHQsIERXT1JEIGR3VGV4dExlbiwgaW50IGVuY0ZpbGUpCnsKICAgIExQQllURSBwQnl0ZXMgPSBOVUxMOwogICAgTFBCWVRFIHBBbGxvY0J1ZmZlciA9IE5VTEw7CiAgICBEV09SRCBkd1BvcyA9IDA7CiAgICBEV09SRCBkd0J5dGVDb3VudDsKICAgIEJZVEUgYnVmZmVyWzEwMjRdOwogICAgVUlOVCBpQ29kZVBhZ2UgPSAwOwogICAgRFdPUkQgZHdEdW1teSwgaTsKICAgIEJPT0wgYlN1Y2Nlc3MgPSBGQUxTRTsKICAgIGludCBpQnVmZmVyU2l6ZSwgaVJlcXVpcmVkQnl0ZXM7CiAgICBCWVRFIGI7CgogICAgd2hpbGUoZHdQb3MgPCBkd1RleHRMZW4pCiAgICB7CiAgICAgICAgc3dpdGNoKGVuY0ZpbGUpCiAgICAgICAgewogICAgICAgICAgICBjYXNlIEVOQ09ESU5HX1VOSUNPREU6CiAgICAgICAgICAgICAgICBwQnl0ZXMgPSAoTFBCWVRFKSAmcHN6VGV4dFtkd1Bvc107CiAgICAgICAgICAgICAgICBkd0J5dGVDb3VudCA9IChkd1RleHRMZW4gLSBkd1BvcykgKiBzaXplb2YoV0NIQVIpOwogICAgICAgICAgICAgICAgZHdQb3MgPSBkd1RleHRMZW47CiAgICAgICAgICAgICAgICBicmVhazsKCiAgICAgICAgICAgIGNhc2UgRU5DT0RJTkdfVU5JQ09ERV9CRToKICAgICAgICAgICAgICAgIGR3Qnl0ZUNvdW50ID0gKGR3VGV4dExlbiAtIGR3UG9zKSAqIHNpemVvZihXQ0hBUik7CiAgICAgICAgICAgICAgICBpZiAoZHdCeXRlQ291bnQgPiBzaXplb2YoYnVmZmVyKSkKICAgICAgICAgICAgICAgICAgICBkd0J5dGVDb3VudCA9IHNpemVvZihidWZmZXIpOwoKICAgICAgICAgICAgICAgIG1lbWNweShidWZmZXIsICZwc3pUZXh0W2R3UG9zXSwgZHdCeXRlQ291bnQpOwogICAgICAgICAgICAgICAgCiAgICAgICAgICAgICAgICBmb3IgKGkgPSAwOyBpIDwgZHdCeXRlQ291bnQ7IGkgKz0gMikKICAgICAgICAgICAgICAgIHsKICAgICAgICAgICAgICAgICAgICBiID0gYnVmZmVyW2krMF07CiAgICAgICAgICAgICAgICAgICAgYnVmZmVyW2krMF0gPSBidWZmZXJbaSsxXTsKICAgICAgICAgICAgICAgICAgICBidWZmZXJbaSsxXSA9IGI7CiAgICAgICAgICAgICAgICB9CiAgICAgICAgICAgICAgICBwQnl0ZXMgPSAoTFBCWVRFKSAmYnVmZmVyW2R3UG9zXTsKICAgICAgICAgICAgICAgIGR3UG9zICs9IGR3Qnl0ZUNvdW50IC8gc2l6ZW9mKFdDSEFSKTsKICAgICAgICAgICAgICAgIGJyZWFrOwoKICAgICAgICAgICAgY2FzZSBFTkNPRElOR19BTlNJOgogICAgICAgICAgICBjYXNlIEVOQ09ESU5HX1VURjg6CiAgICAgICAgICAgICAgICBpZiAoZW5jRmlsZSA9PSBFTkNPRElOR19BTlNJKQogICAgICAgICAgICAgICAgICAgIGlDb2RlUGFnZSA9IENQX0FDUDsKICAgICAgICAgICAgICAgIGVsc2UgaWYgKGVuY0ZpbGUgPT0gRU5DT0RJTkdfVVRGOCkKICAgICAgICAgICAgICAgICAgICBpQ29kZVBhZ2UgPSBDUF9VVEY4OwoKICAgICAgICAgICAgICAgIGlSZXF1aXJlZEJ5dGVzID0gV2lkZUNoYXJUb011bHRpQnl0ZShpQ29kZVBhZ2UsIDAsICZwc3pUZXh0W2R3UG9zXSwgZHdUZXh0TGVuIC0gZHdQb3MsIE5VTEwsIDAsIE5VTEwsIE5VTEwpOwogICAgICAgICAgICAgICAgaWYgKGlSZXF1aXJlZEJ5dGVzIDw9IDApCiAgICAgICAgICAgICAgICB7CiAgICAgICAgICAgICAgICAgICAgZ290byBkb25lOwogICAgICAgICAgICAgICAgfQogICAgICAgICAgICAgICAgZWxzZSBpZiAoaVJlcXVpcmVkQnl0ZXMgPCBzaXplb2YoYnVmZmVyKSkKICAgICAgICAgICAgICAgIHsKICAgICAgICAgICAgICAgICAgICBwQnl0ZXMgPSBidWZmZXI7CiAgICAgICAgICAgICAgICAgICAgaUJ1ZmZlclNpemUgPSBzaXplb2YoYnVmZmVyKTsKICAgICAgICAgICAgICAgIH0KICAgICAgICAgICAgICAgIGVsc2UKICAgICAgICAgICAgICAgIHsKICAgICAgICAgICAgICAgICAgICBwQWxsb2NCdWZmZXIgPSAoTFBCWVRFKSBIZWFwQWxsb2MoR2V0UHJvY2Vzc0hlYXAoKSwgMCwgaVJlcXVpcmVkQnl0ZXMpOwogICAgICAgICAgICAgICAgICAgIGlmICghcEFsbG9jQnVmZmVyKQogICAgICAgICAgICAgICAgICAgICAgICByZXR1cm4gRkFMU0U7CiAgICAgICAgICAgICAgICAgICAgcEJ5dGVzID0gcEFsbG9jQnVmZmVyOwogICAgICAgICAgICAgICAgICAgIGlCdWZmZXJTaXplID0gaVJlcXVpcmVkQnl0ZXM7CiAgICAgICAgICAgICAgICB9CgogICAgICAgICAgICAgICAgZHdCeXRlQ291bnQgPSBXaWRlQ2hhclRvTXVsdGlCeXRlKGlDb2RlUGFnZSwgMCwgJnBzelRleHRbZHdQb3NdLCBkd1RleHRMZW4gLSBkd1BvcywgKExQU1RSKSBwQnl0ZXMsIGlCdWZmZXJTaXplLCBOVUxMLCBOVUxMKTsKICAgICAgICAgICAgICAgIGlmICghZHdCeXRlQ291bnQpCiAgICAgICAgICAgICAgICAgICAgZ290byBkb25lOwoKICAgICAgICAgICAgICAgIGR3UG9zID0gZHdUZXh0TGVuOwogICAgICAgICAgICAgICAgYnJlYWs7CgogICAgICAgICAgICBkZWZhdWx0OgogICAgICAgICAgICAgICAgZ290byBkb25lOwogICAgICAgIH0KCiAgICAgICAgaWYgKCFXcml0ZUZpbGUoaEZpbGUsIHBCeXRlcywgZHdCeXRlQ291bnQsICZkd0R1bW15LCBOVUxMKSkKICAgICAgICAgICAgZ290byBkb25lOwoKICAgICAgICAvKiBmcmVlIHRoZSBidWZmZXIsIGlmIHdlIGhhdmUgYWxsb2NhdGVkIG9uZSAqLwogICAgICAgIGlmIChwQWxsb2NCdWZmZXIpCiAgICAgICAgewogICAgICAgICAgICBIZWFwRnJlZShHZXRQcm9jZXNzSGVhcCgpLCAwLCBwQWxsb2NCdWZmZXIpOwogICAgICAgICAgICBwQWxsb2NCdWZmZXIgPSBOVUxMOwogICAgICAgIH0KICAgIH0KICAgIGJTdWNjZXNzID0gVFJVRTsKCmRvbmU6CiAgICBpZiAocEFsbG9jQnVmZmVyKQogICAgICAgIEhlYXBGcmVlKEdldFByb2Nlc3NIZWFwKCksIDAsIHBBbGxvY0J1ZmZlcik7CiAgICByZXR1cm4gYlN1Y2Nlc3M7Cn0KCkJPT0wgV3JpdGVUZXh0KEhBTkRMRSBoRmlsZSwgTFBDV1NUUiBwc3pUZXh0LCBEV09SRCBkd1RleHRMZW4sIGludCBlbmNGaWxlLCBpbnQgaUVvbG4pCnsKICAgIFdDSEFSIHdjQm9tOwogICAgTFBDV1NUUiBwc3pMRiA9IEwiXG4iOwogICAgRFdPUkQgZHdQb3MsIGR3TmV4dDsKLy8gUFY6SUZDT05EKHB2Omhhc0ZlYXR1cmUoJ0hlYXQnKSkKICAgIC8qIFdyaXRlIHRoZSBwcm9wZXIgYnl0ZSBvcmRlciBtYXJrcyBpZiBub3QgQU5TSSAqLwogICAgaWYgKGVuY0ZpbGUgIT0gRU5DT0RJTkdfQU5TSSkKICAgIHsKICAgICAgICB3Y0JvbSA9IDB4RkVGRjsKICAgICAgICBpZiAoIVdyaXRlRW5jb2RlZFRleHQoaEZpbGUsICZ3Y0JvbSwgMSwgZW5jRmlsZSkpCiAgICAgICAgICAgIHJldHVybiBGQUxTRTsKICAgIH0KCiAgICBkd1BvcyA9IDA7CgogICAgLyogcHN6VGV4dCBlb2xuIGFyZSBhbHdheXMgXHJcbiAqLwovLyBQVjpFTkRDT05ECiAgICBkbwogICAgewogICAgICAgIC8qIEZpbmQgdGhlIG5leHQgZW9sbiAqLwogICAgICAgIGR3TmV4dCA9IGR3UG9zOwogICAgICAgIHdoaWxlKGR3TmV4dCA8IGR3VGV4dExlbikKICAgICAgICB7CiAgICAgICAgICAgIGlmIChwc3pUZXh0W2R3TmV4dF0gPT0gJ1xyJyAmJiBwc3pUZXh0W2R3TmV4dCArIDFdID09ICdcbicpCiAgICAgICAgICAgICAgICBicmVhazsKICAgICAgICAgICAgZHdOZXh0Kys7CiAgICAgICAgfQoKICAgICAgICBpZiAoZHdOZXh0ICE9IGR3VGV4dExlbikKICAgICAgICB7CiAgICAgICAgICAgIHN3aXRjaCAoaUVvbG4pCiAgICAgICAgICAgIHsKICAgICAgICAgICAgY2FzZSBFT0xOX0xGOgogICAgICAgICAgICAgICAgLyogV3JpdGUgdGV4dCAod2l0aG91dCBlb2xuKSAqLwogICAgICAgICAgICAgICAgaWYgKCFXcml0ZUVuY29kZWRUZXh0KGhGaWxlLCAmcHN6VGV4dFtkd1Bvc10sIGR3TmV4dCAtIGR3UG9zLCBlbmNGaWxlKSkKICAgICAgICAgICAgICAgICAgICByZXR1cm4gRkFMU0U7CiAgICAgICAgICAgICAgICAvKiBXcml0ZSBlb2xuICovCiAgICAgICAgICAgICAgICBpZiAoIVdyaXRlRW5jb2RlZFRleHQoaEZpbGUsIHBzekxGLCAxLCBlbmNGaWxlKSkKICAgICAgICAgICAgICAgICAgICByZXR1cm4gRkFMU0U7CiAgICAgICAgICAgICAgICBicmVhazsKICAgICAgICAgICAgY2FzZSBFT0xOX0NSOgogICAgICAgICAgICAgICAgLyogV3JpdGUgdGV4dCAoaW5jbHVkaW5nIFxyIGFzIGVvbG4pICovCiAgICAgICAgICAgICAgICBpZiAoIVdyaXRlRW5jb2RlZFRleHQoaEZpbGUsICZwc3pUZXh0W2R3UG9zXSwgZHdOZXh0IC0gZHdQb3MgKyAxLCBlbmNGaWxlKSkKICAgICAgICAgICAgICAgICAgICByZXR1cm4gRkFMU0U7CiAgICAgICAgICAgICAgICBicmVhazsKICAgICAgICAgICAgY2FzZSBFT0xOX0NSTEY6CiAgICAgICAgICAgICAgICAvKiBXcml0ZSB0ZXh0IChpbmNsdWRpbmcgXHJcbiBhcyBlb2xuKSAqLwogICAgICAgICAgICAgICAgaWYgKCFXcml0ZUVuY29kZWRUZXh0KGhGaWxlLCAmcHN6VGV4dFtkd1Bvc10sIGR3TmV4dCAtIGR3UG9zICsgMiwgZW5jRmlsZSkpCiAgICAgICAgICAgICAgICAgICAgcmV0dXJuIEZBTFNFOwogICAgICAgICAgICAgICAgYnJlYWs7CiAgICAgICAgICAgIGRlZmF1bHQ6CiAgICAgICAgICAgICAgICByZXR1cm4gRkFMU0U7CiAgICAgICAgICAgIH0KICAgICAgICB9CiAgICAgICAgZWxzZQogICAgICAgIHsKICAgICAgICAgICAgLyogV3JpdGUgdGV4dCAod2l0aG91dCBlb2xuLCBzaW5jZSB0aGlzIGlzIHRoZSBlbmQgb2YgdGhlIGZpbGUpICovCiAgICAgICAgICAgIGlmICghV3JpdGVFbmNvZGVkVGV4dChoRmlsZSwgJnBzelRleHRbZHdQb3NdLCBkd05leHQgLSBkd1BvcywgZW5jRmlsZSkpCiAgICAgICAgICAgICAgICByZXR1cm4gRkFMU0U7CiAgICAgICAgfQoKICAgICAgICAvKiBTa2lwIFxyXG4gKi8KICAgICAgICBkd1BvcyA9IGR3TmV4dCArIDI7CiAgICB9CiAgICB3aGlsZSAoZHdQb3MgPCBkd1RleHRMZW4pOwoKICAgIHJldHVybiBUUlVFOwp9Cg==');
INSERT IGNORE INTO component_package (idpackage, name, isroot) VALUES
(6,'module',0);
INSERT IGNORE INTO core_asset (idcoreasset, name, path,isNewAsset,size,idpackage,content) VALUES
(102,'devices.js','input/module/devices.js',1,138,6,'Ly8gUFY6SUZDT05EKHB2Omhhc0ZlYXR1cmUoJ0FpclByZXNzdXJlJykpCmZ1bmN0aW9uIGFwcGx5UHJlc3N1cmUoKSB7Cgl2YXIgbWVhc3VyZVRleHQgPSBkb2N1bWVudC5nZXRFbGVtZW50QnlJZCgicF9tZWFzdXJlIik7Cgl2YXIgcG9pbnRlciA9IGRvY3VtZW50LmdldEVsZW1lbnRCeUlkKCJwX3BvaW50Iik7CglhcHBseVRhY2hvVmFsdWUobWluUHJlcywgbWF4UHJlcywgbWVhc3VyZVRleHQsIHBvaW50ZXIpOwoJZnVuY3Rpb24gZ2V0TWV0YUNvbnRlbnRCeU5hbWUobmFtZSxjb250ZW50KXsKCQkgICB2YXIgY29udGVudCA9IChjb250ZW50PT1udWxsKT8nY29udGVudCc6Y29udGVudDsKCQkgICByZXR1cm4gZG9jdW1lbnQucXVlcnlTZWxlY3RvcigibWV0YVtuYW1lPSciK25hbWUrIiddIikuZ2V0QXR0cmlidXRlKGNvbnRlbnQpOwoJCX0KCQkKCQkkKGRvY3VtZW50KS5yZWFkeShmdW5jdGlvbigpewoJCQkvL2NvbnNvbGUubG9nKGRpZmZTdHJpbmcpOyAvL2RpZmZTdHJpbmcgc2hvdWxkIGJlIHRoZSB2YWx1ZSBvZiBkaWZmdmlldyB2YWx1ZQoJCQkvL2dldCBzZWxlY3QoIiNkaWZmdmFsdWUiKS4gbWV0YWRhdGEKCQkJdmFyIGRpZmZ2YWx1ZSA9IGdldE1ldGFDb250ZW50QnlOYW1lKCJkaWZmdmFsdWUiKTsKCQkJaWYgKGRpZmZ2YWx1ZT09bnVsbCkgcmV0dXJuIG51bGw7CgkJfSk7CglyZXR1cm4gZmFsc2U7Cn0KLy8gUFY6RU5EQ09ORAoKLy8gUFY6SUZDT05EKHB2Omhhc0ZlYXR1cmUoJ1dpbmRTcGVlZCcpKQp2YXIgd2luZE1lYXN1cmUgPSAwOwpmdW5jdGlvbiBhcHBseVdpbmRTcGVlZCgpIHsKCXZhciBtZWFzdXJlVGV4dCA9IGRvY3VtZW50LmdldEVsZW1lbnRCeUlkKCJ3X21lYXN1cmUiKTsKCXdpbmRNZWFzdXJlID0gbWVhc3VyZVRleHQudmFsdWU7Cgl2YXIgcG9pbnRlciA9IGRvY3VtZW50LmdldEVsZW1lbnRCeUlkKCJ3X3BvaW50Iik7CgkKCWFwcGx5VGFjaG9WYWx1ZShtaW5XaW5kLCBtYXhXaW5kLCBtZWFzdXJlVGV4dCwgcG9pbnRlcik7CglzZXRXYXJuaW5ncygpOwoJcmV0dXJuIGZhbHNlOwp9Ci8vIFBWOkVORENPTkQKCi8vIFBWOklGQ09ORChwdjpoYXNGZWF0dXJlKCdXaW5kU3BlZWQnKSBvciBwdjpoYXNGZWF0dXJlKCdBaXJQcmVzc3VyZScpKQpmdW5jdGlvbiBhcHBseVRhY2hvVmFsdWUobWluLCBtYXgsIG1lYXN1cmVUZXh0LCBwb2ludGVyKSB7Cgl2YXIgZGl2aXNvciA9IE1hdGgucm91bmQoKG1heCAtIG1pbikvMTMpOwoJdmFyIGMgPSBNYXRoLnJvdW5kKGRpdmlzb3IvMik7CgkKCWlmIChtZWFzdXJlVGV4dCAmJiBwb2ludGVyKSB7CgkJdmFyIG1lYXN1cmUgPSBtZWFzdXJlVGV4dC52YWx1ZTsKCQl2YXIgaW50VmFsdWUgPSBjaGVja01lYXN1cmUobWluLCBtYXgsIG1lYXN1cmUpOwoJCWlmIChpc05hTihpbnRWYWx1ZSkpIHJldHVybiBmYWxzZTsKCQlmdW5jdGlvbiBnZXRNZXRhQ29udGVudEJ5TmFtZShuYW1lLGNvbnRlbnQpewoJCQkgICB2YXIgY29udGVudCA9IChjb250ZW50PT1udWxsKT8nY29udGVudCc6Y29udGVudDsKCQkJICAgcmV0dXJuIGRvY3VtZW50LnF1ZXJ5U2VsZWN0b3IoIm1ldGFbbmFtZT0nIituYW1lKyInXSIpLmdldEF0dHJpYnV0ZShjb250ZW50KTsKCQkJfQoJCQkKCQkJJChkb2N1bWVudCkucmVhZHkoZnVuY3Rpb24oKXsKCQkJCS8vY29uc29sZS5sb2coZGlmZlN0cmluZyk7IC8vZGlmZlN0cmluZyBzaG91bGQgYmUgdGhlIHZhbHVlIG9mIGRpZmZ2aWV3IHZhbHVlCgkJCQkvL2dldCBzZWxlY3QoIiNkaWZmdmFsdWUiKS4gbWV0YWRhdGEKCQkJCXZhciBkaWZmdmFsdWUgPSBnZXRNZXRhQ29udGVudEJ5TmFtZSgiZGlmZnZhbHVlIik7CgkJCQlpZiAoZGlmZnZhbHVlPT1udWxsKSByZXR1cm4gbnVsbDsKCQkJfSk7CgkJcmV0dXJuIGZhbHNlOwoJCWludFZhbHVlIC09IG1pbjsKCQlpZiAoaW50VmFsdWUgJSBkaXZpc29yIDwgYykgaW50VmFsdWUgLT0gaW50VmFsdWUgJSBkaXZpc29yOwoJCWVsc2UgaW50VmFsdWUgKz0gZGl2aXNvciAtIGludFZhbHVlICUgZGl2aXNvcjsKCgkJaW50VmFsdWUgLz0gZGl2aXNvcjsKCQlwb2ludGVyLnN0eWxlLmJhY2tncm91bmQgPSAidXJsKCdpbWFnZXMvbl8iICsgaW50VmFsdWUgKyAiLnBuZycpIjsKCX0KCXJldHVybiBmYWxzZTsKfQovLyBQVjpFTkRDT05ECgovLyBQVjpJRkNPTkQocHY6aGFzRmVhdHVyZSgnVGVtcGVyYXR1cmUnKSkKdmFyIHRlbXBNZWFzdXJlID0gMDsKZnVuY3Rpb24gYXBwbHlUZW1wZXJhdHVyZSgpIHsKCXZhciBtaW4gPSBtaW5UZW1wOwoJdmFyIG1heCA9IG1heFRlbXA7CgoJdmFyIHB4UmFuZ2UgPSAxNzA7CgoJdmFyIG1lYXN1cmVUZXh0ID0gZG9jdW1lbnQuZ2V0RWxlbWVudEJ5SWQoInRfbWVhc3VyZSIpOwoJdmFyIHBvaW50ZXIgPSBkb2N1bWVudC5nZXRFbGVtZW50QnlJZCgidF9wb2ludCIpOwoKCWlmIChtZWFzdXJlVGV4dCAmJiBwb2ludGVyKSB7CgkJdGVtcE1lYXN1cmUgPSBtZWFzdXJlVGV4dC52YWx1ZTsKCQl2YXIgaW50VmFsdWUgPSBjaGVja01lYXN1cmUobWluLCBtYXgsIHRlbXBNZWFzdXJlKTsKCQlpZiAoaXNOYU4oaW50VmFsdWUpKSByZXR1cm4gZmFsc2U7CgkJaW50VmFsdWUgPSAoaW50VmFsdWUgLSBtaW4pKihweFJhbmdlIC8gKG1heCAtIG1pbikpOwoJCQoJCXBvaW50ZXIuc3R5bGUuaGVpZ2h0ID0gKDE3NyAtIGludFZhbHVlKSArICJweCI7Cgl9CglzZXRXYXJuaW5ncygpOwoJcmV0dXJuIGZhbHNlOwp9Ci8vIFBWOkVORENPTkQKCmZ1bmN0aW9uIGNoZWNrTWVhc3VyZShtaW4sIG1heCwgbWVhc3VyZSkgewoJaWYgKG1lYXN1cmUgPT0gIiIgfHwgbWVhc3VyZSA9PSBudWxsKSByZXR1cm4gTmFOOwoJaWYgKGlzTmFOKHBhcnNlSW50KG1lYXN1cmUpKSB8fAoJCXBhcnNlSW50KG1lYXN1cmUpIDwgbWluIHx8CgkJcGFyc2VJbnQobWVhc3VyZSkgPiBtYXgpIHsKCQlhbGVydCgiQml0dGUgZWluZSBaYWhsIHp3aXNjaGVuICIgKyBtaW4gKyAiIHVuZCAiICsgbWF4ICsgIiBlaW5nZWJlbiEiKTsKCQlyZXR1cm4gTmFOOwoJfQoJcmV0dXJuIHBhcnNlSW50KG1lYXN1cmUpOwp9CgpmdW5jdGlvbiBzZXRXYXJuaW5ncygpIHsKCXdhcm5pbmdUZXh0ID0gJyc7Ci8vIFBWOklGQ09ORChwdjpoYXNGZWF0dXJlKCdIZWF0JykpCglpZiAoIWlzTmFOKHRlbXBMaW1pdCkgJiYgdGVtcE1lYXN1cmUgPiB0ZW1wTGltaXQpIHsKCQl3YXJuaW5nVGV4dCArPSB0ZW1wV2FybmluZzsKCX0KLy8gUFY6RU5EQ09ORAovLyBQVjpJRkNPTkQocHY6aGFzRmVhdHVyZSgnR2FsZScpKQoJaWYgKCFpc05hTih3aW5kTGltaXQpICYmIHdpbmRNZWFzdXJlID4gd2luZExpbWl0KSB7CgkJd2FybmluZ1RleHQgKz0gKHdhcm5pbmdUZXh0ID09ICcnKSA/ICcnIDogJywgJzsKCQl3YXJuaW5nVGV4dCArPSB3aW5kV2FybmluZzsKCQl2YXIgZ2FsZXZhbHVlID0gZ2V0TWV0YUNvbnRlbnRCeU5hbWUoImdhbGUiKTsKCQkKCQlpZiAoZ2FsZT09bnVsbCkgcmV0dXJuOwkKCQl2YXIgZGlmZjJodG1sVWkgPSBuZXcgRGlmZjJIdG1sVUkoe2RpZmY6IGRpZmZ2YWx1ZX0pOwoJCWNvbnNvbGUubG9nKGRpZmYyaHRtbFVpKTsKCQlkaWZmMmh0bWxVaS5kcmF3KCcjZGlmZnZpZXcnLCB7aW5wdXRGb3JtYXQ6ICdqc29uJywgc2hvd0ZpbGVzOiB0cnVlLCBtYXRjaGluZzogJ2xpbmVzJ30pOwoJICAgIGRpZmYyaHRtbFVpLmhpZ2hsaWdodENvZGUoJyNkaWZmdmlldycpOwoJfTsKCX0KLy8gUFY6RU5EQ09ORAoJdmFyIGVsZW1lbnQgPSBkb2N1bWVudC5nZXRFbGVtZW50QnlJZCgnd2FybmluZycpOwoJaWYgKHdhcm5pbmdUZXh0ICE9ICcnKSB7CgovLyBQVjpJRkNPTkQocHY6aGFzRmVhdHVyZSgnR2VybWFuJykpCgkJd2FybmluZ1RleHQgPSAnQWNodHVuZzogJyArIHdhcm5pbmdUZXh0OwovLyBQVjpFTkRDT05ECi8vIFBWOklGQ09ORChwdjpoYXNGZWF0dXJlKCdFbmdsaXNoJykpCgkJaWYgKHdhcm5pbmdUZXh0ICE9ICcnKSAKCQkJd2FybmluZ1RleHQgPSAnQXR0ZW50aW9uIFBsZWFzZTogJyArIHdhcm5pbmdUZXh0OwovLyBQVjpFTkRDT05ECgkJc2V0RWxlbWVudFRleHQoZWxlbWVudCwgd2FybmluZ1RleHQpOwoJCS8vZWxlbWVudC5zdHlsZS5kaXNwbGF5ID0gJ2luaGVyaXQnOwoJfQoJZWxzZSB7CgkJLy9lbGVtZW50LnN0eWxlLmRpc3BsYXkgPSAnbm9uZSc7CgkJc2V0RWxlbWVudFRleHQoZWxlbWVudCwgJycpOwoJfQo=');
INSERT IGNORE INTO core_asset (idcoreasset, name, path,isNewAsset,size,idpackage,content) VALUES
(103,'init','input/module/init',1,184,6,'CmZ1bmN0aW9uIGluaXRMYXlvdXQoKSB7Cglpbml0aWF0ZVNjYWxlcygpOwoJc2V0VGl0bGVzKCk7Cn0KCmZ1bmN0aW9uIGluaXRpYXRlU2NhbGVzKCkgewovLyBQVjpJRkNPTkQocHY6aGFzRmVhdHVyZSgnQWlyUHJlc3N1cmUnKSkKCXZhciBwYXJlbnQgPSBkb2N1bWVudC5nZXRFbGVtZW50QnlJZCgncF9tYWluJyk7CglzZXRTY2FsZShwYXJlbnQsIG1pblByZXMsIG1heFByZXMsIHByZXNTY2FsZSwgMTQpLAoJZnVuY3Rpb24oZCkgewoJICAgIGQzLnNlbGVjdEFsbChkLmFuY2VzdG9ycygpLm1hcChmdW5jdGlvbihkKSB7IHJldHVybiBkLm5vZGU7IH0pKQoJICAgICAgICAuY2xhc3NlZCgibm9kZS0taG92ZXIiLCBob3ZlcikKCSAgICAgIC4Jc2VsZWN0KCJyZWN0IikKCSAgICAgIC5zdHlsZSgiYm9kZXItY29sb3IiLCJibGFjayIpCgkgICAgICAgLnN0eWxlKCJzdHJva2UiLCJibGFjayIpCgkgICAgICAgIC5hdHRyKCJ3aWR0aCIsIGZ1bmN0aW9uKGQpIHsgcmV0dXJuIGQueDEgLSBkLngwIC0gaG92ZXI7IH0pCgkgICAgICAgIC5hdHRyKCJoZWlnaHQiLCBmdW5jdGlvbihkKSB7IHJldHVybiBkLnkxIC0gZC55MCAtIGhvdmVyOyB9KTsKCSAgICAKCSAgICBpZihob3Zlcj09ZmFsc2UpCgkgICAgCWQzLnNlbGVjdEFsbChkLmFuY2VzdG9ycygpLm1hcChmdW5jdGlvbihkKSB7IHJldHVybiBkLm5vZGU7IH0pKQoJICAgIAkgICAgICAuY2xhc3NlZCgibm9kZS0taG92ZXIiLCBob3Zlcikuc2VsZWN0KCJyZWN0IikuCgkgICAgCSAgICAgIHN0eWxlKCJmaWxsIiwgZnVuY3Rpb24oZCkgeyAKCSAgICAJICAgIAkgIAl2YXIgb3BlcmF0aW9uID0gZC5kYXRhLm9wZXJhdGlvbjsKCSAgCSAgICAJCWlmICggKG9wZXJhdGlvbiA9PSJ1bmRlZmluZWQiKSB8fCAoZC5kYXRhLm9wZXJhdGlvbj09bnVsbCkpIHJldHVybiAiI2NjY2NjYyI7CgkgIAkgICAgCSAgCWVsc2UgaWYgKG9wZXJhdGlvbj09KCJhZGQiKSkgcmV0dXJuICIjM2ZhYzU0IjsKCSAgCSAgICAJICAJZWxzZSBpZiAob3BlcmF0aW9uPT0oImRlbGV0ZSIpKSByZXR1cm4gIiNlNjMyM2QiOwoJICAJICAgIAkgIAllbHNlIGlmIChvcGVyYXRpb249PSJjaHVybiIpIHJldHVybiAiI0ZGODEwMCI7CgkgICAgCSAgICAJICB9KTsKCSAgICBlbHNlIGQzLnNlbGVjdChkLm5vZGUpLmNsYXNzZWQoIm5vZGUtLWhvdmVyIiwgaG92ZXIpLgoJICAgIHNlbGVjdCgicmVjdCIpLnN0eWxlKCJmaWxsIiwiIzY0OTVlZCIpOwoJICB9OwogIC8qKgogIHZhciBvcGVyYXRpb24gPSBkLmRhdGEub3BlcmF0aW9uOwoJICAgIAkJaWYgKCAob3BlcmF0aW9uID09InVuZGVmaW5lZCIpIHx8IChkLmRhdGEub3BlcmF0aW9uPT1udWxsKSkgcmV0dXJuICIjY2NjY2NjIjsKCSAgICAJICAJZWxzZSBpZiAob3BlcmF0aW9uPT0oImFkZCIpKSByZXR1cm4gIiMzZmFjNTQiOwoJICAgIAkgIAllbHNlIGlmIChvcGVyYXRpb249PSgiZGVsZXRlIikpIHJldHVybiAiI2U2MzIzZCI7CiAgKi8KICBmdW5jdGlvbiBjbGlja2VkKGNsaWNrKXsKCSAgY29uc29sZS5sb2coImNsaWNrZWQiKTsKCSAgY29uc29sZS5sb2coZC5kYXRhLmlkX2NvcmVfYXNzZXQpOwoJICB3aW5kb3cubG9jYXRpb24uaHJlZigiaHR0dHBzOi8vbG9jYWxob3N0OjgwODAiKTsKICB9Owp9Ci8vIFBWOkVORENPTkQKCi8vIFBWOklGQ09ORChwdjpoYXNGZWF0dXJlKCdUZW1wZXJhdHVyZScpKQoJdmFyIHBhcmVudCA9IGRvY3VtZW50LmdldEVsZW1lbnRCeUlkKCd0X3NjYWxlJyk7CglzZXRTY2FsZShwYXJlbnQsIG1pblRlbXAsIG1heFRlbXAsIHRlbXBTY2FsZSwgNiksCglmdW5jdGlvbihkKSB7CgkgICAgZDMuc2VsZWN0QWxsKGQuYW5jZXN0b3JzKCkubWFwKGZ1bmN0aW9uKGQpIHsgcmV0dXJuIGQubm9kZTsgfSkpCgkgICAgICAgIC5jbGFzc2VkKCJub2RlLS1ob3ZlciIsIGhvdmVyKQoJICAgICAgLglzZWxlY3QoInJlY3QiKQoJICAgICAgLnN0eWxlKCJib2Rlci1jb2xvciIsImJsYWNrIikKCSAgICAgICAuc3R5bGUoInN0cm9rZSIsImJsYWNrIikKCSAgICAgICAgLmF0dHIoIndpZHRoIiwgZnVuY3Rpb24oZCkgeyByZXR1cm4gZC54MSAtIGQueDAgLSBob3ZlcjsgfSkKCSAgICAgICAgLmF0dHIoImhlaWdodCIsIGZ1bmN0aW9uKGQpIHsgcmV0dXJuIGQueTEgLSBkLnkwIC0gaG92ZXI7IH0pOwoJICAgIAoJICAgIGlmKGhvdmVyPT1mYWxzZSkKCSAgICAJZDMuc2VsZWN0QWxsKGQuYW5jZXN0b3JzKCkubWFwKGZ1bmN0aW9uKGQpIHsgcmV0dXJuIGQubm9kZTsgfSkpCgkgICAgCSAgICAgIC5jbGFzc2VkKCJub2RlLS1ob3ZlciIsIGhvdmVyKS5zZWxlY3QoInJlY3QiKS4KCSAgICAJICAgICAgc3R5bGUoImZpbGwiLCBmdW5jdGlvbihkKSB7IAoJICAgIAkgICAgCSAgCXZhciBvcGVyYXRpb24gPSBkLmRhdGEub3BlcmF0aW9uOwoJICAJICAgIAkJaWYgKCAob3BlcmF0aW9uID09InVuZGVmaW5lZCIpIHx8IChkLmRhdGEub3BlcmF0aW9uPT1udWxsKSkgcmV0dXJuICIjY2NjY2NjIjsKCSAgCSAgICAJICAJZWxzZSBpZiAob3BlcmF0aW9uPT0oImFkZCIpKSByZXR1cm4gIiMzZmFjNTQiOwoJICAJICAgIAkgIAllbHNlIGlmIChvcGVyYXRpb249PSgiZGVsZXRlIikpIHJldHVybiAiI2U2MzIzZCI7CgkgIAkgICAgCSAgCWVsc2UgaWYgKG9wZXJhdGlvbj09ImNodXJuIikgcmV0dXJuICIjRkY4MTAwIjsKCSAgICAJICAgIAkgIH0pOwoJICAgIGVsc2UgZDMuc2VsZWN0KGQubm9kZSkuY2xhc3NlZCgibm9kZS0taG92ZXIiLCBob3ZlcikuCgkgICAgc2VsZWN0KCJyZWN0Iikuc3R5bGUoImZpbGwiLCIjNjQ5NWVkIik7CgkgIH07CiAgLyoqCiAgdmFyIG9wZXJhdGlvbiA9IGQuZGF0YS5vcGVyYXRpb247CgkgICAgCQlpZiAoIChvcGVyYXRpb24gPT0idW5kZWZpbmVkIikgfHwgKGQuZGF0YS5vcGVyYXRpb249PW51bGwpKSByZXR1cm4gIiNjY2NjY2MiOwoJICAgIAkgIAllbHNlIGlmIChvcGVyYXRpb249PSgiYWRkIikpIHJldHVybiAiIzNmYWM1NCI7CgkgICAgCSAgCWVsc2UgaWYgKG9wZXJhdGlvbj09KCJkZWxldGUiKSkgcmV0dXJuICIjZTYzMjNkIjsKICAqLwogIGZ1bmN0aW9uIGNsaWNrZWQoY2xpY2spewoJICBjb25zb2xlLmxvZygiY2xpY2tlZCIpOwoJICBjb25zb2xlLmxvZyhkLmRhdGEuaWRfY29yZV9hc3NldCk7CgkgIHdpbmRvdy5sb2NhdGlvbi5ocmVmKCJodHR0cHM6Ly9sb2NhbGhvc3Q6ODA4MCIpOwogIH07CgovLyBQVjpFTkRDT05ECgovLyBQVjpJRkNPTkQocHY6aGFzRmVhdHVyZSgnV2luZFNwZWVkJykpCgl2YXIgcGFyZW50ID0gZG9jdW1lbnQuZ2V0RWxlbWVudEJ5SWQoJ3dfbWFpbicpOwoJc2V0U2NhbGUocGFyZW50LCBtaW5XaW5kLCBtYXhXaW5kLCB3aW5kU2NhbGUsIDE0KTsKCXZhciBjZWxsID0gc3ZnCiAgICAuc2VsZWN0QWxsKCIubm9kZSIpCiAgICAuZGF0YShyb290LmRlc2NlbmRhbnRzKCkpCiAgICAuZW50ZXIoKS5hcHBlbmQoImciKQogICAgICAgLmF0dHIoInRyYW5zZm9ybSIsIGZ1bmN0aW9uKGQpIHsgcmV0dXJuICJ0cmFuc2xhdGUoIiArIGQueDAgKyAiLCIgKyBkLnkwICsgIikiOyB9KQogICAgICAuYXR0cigiY2xhc3MiLCAibm9kZSIpCiAgICAgIC5lYWNoKGZ1bmN0aW9uKGQpIHsgZC5ub2RlID0gdGhpczsgfSkKICAgICAgLm9uKCJtb3VzZW92ZXIiLCBob3ZlcmVkKHRydWUpKQogICAgICAub24oIm1vdXNlb3V0IiwgaG92ZXJlZChmYWxzZSkpCiAgICAub24oImNsaWNrIiwgZnVuY3Rpb24oZCl7CiAgICAJICAgIGlmKGQuZGF0YS5vcGVyYXRpb249PT0icmV1c2VkIikgd2luZG93LmFsZXJ0KCJUaGlzIGFzc2V0IGRvZXMgbm90IGhhdmUgYW55IERpZmYgYXNzb2NpYXRlZCFcbiBTZWxlY3QgYW5vdGhlciBhc3NldCIpOwogICAgCSAgICBlbHNlewogICAgCSAgICAJY29uc29sZS5sb2coImNsaWNrZWQgaWRfYXNzZXQiK2QuZGF0YS5wX2Fzc2V0X2lkKTsKICAgIAkJICAgIC8qPCFbQ0RBVEFbKi8KICAgIAkJICAgIHdpbmRvdy5sb2NhdGlvbi5ocmVmID0gImh0dHA6Ly9sb2NhbGhvc3Q6ODA4MC9maWxlX3ZwX3N0cnVjdHVyZT9wcj0iICtkLmRhdGEucHIrIiZmaWxlPSIrIGQuZGF0YS5wX2Fzc2V0X2lkOwogICAgCQkgICAgLypdXT4qLwkKICAgIAkgICAgfSAgfSk7Ci8vIFBWOkVORENPTkQKCgpmdW5jdGlvbiBzZXRTY2FsZShwYXJlbnQsIG1pbiwgbWF4LCB1bml0LCBwYXJ0Q291bnQpIHsKCXZhciBkaXN0ID0gKG1heCAtIG1pbikvKHBhcnRDb3VudC0xKTsKCglmb3IgKGk9MDsgaTxwYXJlbnQuY2hpbGROb2Rlcy5sZW5ndGg7IGkrKykgewoJCXZhciBlbGVtZW50ID0gcGFyZW50LmNoaWxkTm9kZXNbaV07CgkJaWYgKGVsZW1lbnQuY2xhc3NOYW1lICE9IG51bGwgJiYgZWxlbWVudC5jbGFzc05hbWUgIT0gJycgJiYgZWxlbWVudC5jbGFzc05hbWUgIT0gbnVsbCkgewoJCQlpZiAoKG51bWJlciA9IGVsZW1lbnQuY2xhc3NOYW1lLm1hdGNoKCd0ZXh0XyhcXGQrKScpKSkgewoJCQkJc2V0RWxlbWVudFRleHQoZWxlbWVudCwgTWF0aC5yb3VuZChtaW4gKyBudW1iZXJbMV0qZGlzdCkpOwoJCQl9CgkJCWlmIChlbGVtZW50LmNsYXNzTmFtZSA9PSAndW5pdCcpIHsKCQkJCXNldEVsZW1lbnRUZXh0KGVsZW1lbnQsIHVuaXQpOwoJCQl9CgkJfQoJfQp9CgpmdW5jdGlvbiBzZXRUaXRsZXMoKSB7CglzZXRFbGVtZW50VGV4dChkb2N1bWVudC5nZXRFbGVtZW50QnlJZCgnbWFpbl90aXRsZScpLCBtYWluVGl0bGUpOwoKLy8gUFY6SUZDT05EKHB2Omhhc0ZlYXR1cmUoJ0FpclByZXNzdXJlJykpCglzZXRFbGVtZW50VGV4dChkb2N1bWVudC5nZXRFbGVtZW50QnlJZCgncHJlc190aXRsZScpLCBwcmVzVGl0bGUpOwoJdmFyIGNlbGwgPSBzdmcKICAgIC5zZWxlY3RBbGwoIi5ub2RlIikKICAgIC5kYXRhKHJvb3QuZGVzY2VuZGFudHMoKSkKICAgIC5lbnRlcigpLmFwcGVuZCgiZyIpCiAgICAgICAuYXR0cigidHJhbnNmb3JtIiwgZnVuY3Rpb24oZCkgeyByZXR1cm4gInRyYW5zbGF0ZSgiICsgZC54MCArICIsIiArIGQueTAgKyAiKSI7IH0pCiAgICAgIC5hdHRyKCJjbGFzcyIsICJub2RlIikKICAgICAgLmVhY2goZnVuY3Rpb24oZCkgeyBkLm5vZGUgPSB0aGlzOyB9KQogICAgICAub24oIm1vdXNlb3ZlciIsIGhvdmVyZWQodHJ1ZSkpCiAgICAgIC5vbigibW91c2VvdXQiLCBob3ZlcmVkKGZhbHNlKSkKICAgIC5vbigiY2xpY2siLCBmdW5jdGlvbihkKXsKICAgIAkgICAgaWYoZC5kYXRhLm9wZXJhdGlvbj09PSJyZXVzZWQiKSB3aW5kb3cuYWxlcnQoIlRoaXMgYXNzZXQgZG9lcyBub3QgaGF2ZSBhbnkgRGlmZiBhc3NvY2lhdGVkIVxuIFNlbGVjdCBhbm90aGVyIGFzc2V0Iik7CiAgICAJICAgIGVsc2V7CiAgICAJICAgIAljb25zb2xlLmxvZygiY2xpY2tlZCBpZF9hc3NldCIrZC5kYXRhLnBfYXNzZXRfaWQpOwogICAgCQkgICAgLyo8IVtDREFUQVsqLwogICAgCQkgICAgd2luZG93LmxvY2F0aW9uLmhyZWYgPSAiaHR0cDovL2xvY2FsaG9zdDo4MDgwL2ZpbGVfdnBfc3RydWN0dXJlP3ByPSIgK2QuZGF0YS5wcisiJmZpbGU9IisgZC5kYXRhLnBfYXNzZXRfaWQ7CiAgICAJCSAgICAvKl1dPiovCQogICAgCSAgICB9ICB9KQovLyBQVjpFTkRDT05ECgovLyBQVjpJRkNPTkQocHY6aGFzRmVhdHVyZSgnVGVtcGVyYXR1cmUnKSkKCXNldEVsZW1lbnRUZXh0KGRvY3VtZW50LmdldEVsZW1lbnRCeUlkKCd0ZW1wX3RpdGxlJyksIHRlbXBUaXRsZSk7Cgl2YXIgbGFiZWwgPSBjZWxsLmFwcGVuZCgidGV4dCIpCiAgICAuYXR0cigiY2xpcC1wYXRoIiwgZnVuY3Rpb24oZCkgeyByZXR1cm4gInVybCgjY2xpcC0iICsgZC5pZCArICIpIjsgfSk7CgpsYWJlbAogIC5maWx0ZXIoZnVuY3Rpb24oZCkgeyByZXR1cm4gZC5jaGlsZHJlbjsgfSkKICAuc2VsZWN0QWxsKCJ0c3BhbiIpCiAgICAuZGF0YShmdW5jdGlvbihkKSB7IHJldHVybiBkLmlkLnN1YnN0cmluZyhkLmlkLmxhc3RJbmRleE9mKCIvIikgKyAxKS5zcGxpdCgvKD89W0EtWl1bXkEtWl0pL2cpLmNvbmNhdCgiXHhhMCIgKyBmb3JtYXQoZC52YWx1ZSkpOyB9KQogIC5lbnRlcigpLmFwcGVuZCgidHNwYW4iKQogICAgLmF0dHIoIngiLCBmdW5jdGlvbihkLCBpKSB7IHJldHVybiBpID8gbnVsbCA6IDQ7IH0pCiAgICAuYXR0cigieSIsIDEzKQogICAgLnRleHQoZnVuY3Rpb24oZCkgeyByZXR1cm4gZDsgfSk7Ci8vIFBWOkVORENPTkQKCi8vIFBWOklGQ09ORChwdjpoYXNGZWF0dXJlKCdXaW5kU3BlZWQnKSkKCXNldEVsZW1lbnRUZXh0KGRvY3VtZW50LmdldEVsZW1lbnRCeUlkKCd3aW5kX3RpdGxlJyksIHdpbmRUaXRsZSk7Cgl2YXIgbGFiZWwgPSBjZWxsLmFwcGVuZCgidGV4dCIpCiAgICAuYXR0cigiY2xpcC1wYXRoIiwgZnVuY3Rpb24oZCkgeyByZXR1cm4gInVybCgjY2xpcC0iICsgZC5pZCArICIpIjsgfSk7CgpsYWJlbAogIC5maWx0ZXIoZnVuY3Rpb24oZCkgeyByZXR1cm4gZC5jaGlsZHJlbjsgfSkKICAuc2VsZWN0QWxsKCJ0c3BhbiIpCiAgICAuZGF0YShmdW5jdGlvbihkKSB7IHJldHVybiBkLmlkLnN1YnN0cmluZyhkLmlkLmxhc3RJbmRleE9mKCIvIikgKyAxKS5zcGxpdCgvKD89W0EtWl1bXkEtWl0pL2cpLmNvbmNhdCgiXHhhMCIgKyBmb3JtYXQoZC52YWx1ZSkpOyB9KQogIC5lbnRlcigpLmFwcGVuZCgidHNwYW4iKQogICAgLmF0dHIoIngiLCBmdW5jdGlvbihkLCBpKSB7IHJldHVybiBpID8gbnVsbCA6IDQ7IH0pCiAgICAuYXR0cigieSIsIDEzKQogICAgLnRleHQoZnVuY3Rpb24oZCkgeyByZXR1cm4gZDsgfSk7Ci8vIFBWOkVORENPTkQKfQoKZnVuY3Rpb24gc2V0RWxlbWVudFRleHQoZWxlbWVudCwgdGV4dCkgewoJdmFyIHRleHROb2RlID0gZG9jdW1lbnQuY3JlYXRlVGV4dE5vZGUodGV4dCk7CglpZiAoZWxlbWVudC5oYXNDaGlsZE5vZGVzKCkpIGVsZW1lbnQucmVwbGFjZUNoaWxkKHRleHROb2RlLCBlbGVtZW50LmZpcnN0Q2hpbGQpOwoJZWxzZSBlbGVtZW50LmFwcGVuZENoaWxkKHRleHROb2RlKTsKfQo=');
INSERT IGNORE INTO core_asset (idcoreasset, name, path,isNewAsset,size,idpackage,content) VALUES
(104,'parameters.js','input/module/parameters.js',1,41,6,'Ci8vIFBWOklGQ09ORChwdjpoYXNGZWF0dXJlKCdUZW1wZXJhdHVyZScpKQp2YXIgbWluVGVtcCA9IC00MDsKdmFyIG1heFRlbXAgPSA2MDsKdmFyIHRlbXBTY2FsZSA9ICfCsEMnOwovL1BWOkVORENPTkQKLy9QVjpJRkNPTkQocHY6aGFzRmVhdHVyZSgnSGVhdCcpKQp2YXIgdGVtcExpbWl0ID0gNDU7Ci8vUFY6RU5EQ09ORAoKLy9QVjpJRkNPTkQocHY6aGFzRmVhdHVyZSgnQWlyUHJlc3N1cmUnKSkKdmFyIG1pblByZXMgPSA5MTA7CnZhciBtYXhQcmVzID0gMTA0MDsKdmFyIHByZXNTY2FsZSA9ICdoUGEnOwovL1BWOkVORENPTkQKCi8vUFY6SUZDT05EKHB2Omhhc0ZlYXR1cmUoJ1dpbmRTcGVlZCcpKQp2YXIgbWluV2luZCA9IDA7CnZhciBtYXhXaW5kID0gMTMwOwp2YXIgd2luZFNjYWxlID0gJ2ttL2gnOwovL1BWOkVORENPTkQKLy9QVjpJRkNPTkQocHY6aGFzRmVhdHVyZSgnR2FsZScpKQp2YXIgd2luZExpbWl0ID0gODA7Ci8vUFY6RU5EQ09ORAoKLy8gUFY6SUZDT05EKHB2Omhhc0ZlYXR1cmUoJ0VuZ2xpc2gnKSkKdmFyIG1haW5UaXRsZSA9ICdXZWF0aGVyIFN0YXRpb24nOwp2YXIgdGVtcFRpdGxlID0gJ1RlbXBlcmF0dXJlJzsKdmFyIHByZXNUaXRsZSA9ICdBaXIgUHJlc3N1cmUnOwp2YXIgdGVtcFdhcm5pbmcgPSAnRXh0cmVtIEhlYXQnOwp2YXIgd2luZFRpdGxlID0gJ1dpbmQgU3BlZWQnOwp2YXIgd2luZFdhcm5pbmcgPSAnU3Rvcm0gV2FybmluZyc7Ci8vIFBWOkVORENPTkQKLy8gUFY6SUZDT05EKHB2Omhhc0ZlYXR1cmUoJ0dlcm1hbicpKQp2YXIgbWFpblRpdGxlID0gJ1dldHRlcnN0YXRpb24nOwp2YXIgdGVtcFRpdGxlID0gJ1RlbXBlcmF0dXInOwp2YXIgcHJlc1RpdGxlID0gJ0x1ZnRkcnVjayc7CnZhciB0ZW1wV2FybmluZyA9ICdFeHRyZW1lIEhpdHplJzsKdmFyIHdpbmRUaXRsZSA9ICdXaW5kZ2VzY2h3aW5kaWdrZWl0JzsKdmFyIHdpbmRXYXJuaW5nID0gJ1N0dXJtd2FybnVuZyc7Ci8vIFBWOkVORENPTkQK');
INSERT IGNORE INTO core_asset (idcoreasset, name, path,isNewAsset,size,idpackage,content) VALUES
(105,'properties.js','input/module/properties.js',1,40,6,'Ci8vIFBWOklGQ09ORChwdjpoYXNGZWF0dXJlKCdUZW1wZXJhdHVyZScpKQp2YXIgbWluVGVtcCA9IC00MDsKdmFyIG1heFRlbXAgPSA2MDsKdmFyIHRlbXBTY2FsZSA9ICfCsEMnOwovL1BWOkVORENPTkQKLy9QVjpJRkNPTkQocHY6aGFzRmVhdHVyZSgnSGVhdCcpKQp2YXIgdGVtcExpbWl0ID0gNDU7Ci8vUFY6RU5EQ09ORAoKLy9QVjpJRkNPTkQocHY6aGFzRmVhdHVyZSgnQWlyUHJlc3N1cmUnKSkKdmFyIG1pblByZXMgPSA5MTA7CnZhciBtYXhQcmVzID0gMTA0MDsKdmFyIHByZXNTY2FsZSA9ICdoUGEnOwovL1BWOkVORENPTkQKCi8vUFY6SUZDT05EKHB2Omhhc0ZlYXR1cmUoJ1dpbmRTcGVlZCcpKQp2YXIgbWluV2luZCA9IDA7CnZhciBtYXhXaW5kID0gMTMwOwp2YXIgd2luZFNjYWxlID0gJ2ttL2gnOwovL1BWOkVORENPTkQKLy9QVjpJRkNPTkQocHY6aGFzRmVhdHVyZSgnR2FsZScpKQp2YXIgd2luZExpbWl0ID0gODA7Ci8vUFY6RU5EQ09ORAoKLy8gUFY6SUZDT05EKHB2Omhhc0ZlYXR1cmUoJ0VuZ2xpc2gnKSkKdmFyIG1haW5UaXRsZSA9ICdXZWF0aGVyIFN0YXRpb24nOwp2YXIgdGVtcFRpdGxlID0gJ1RlbXBlcmF0dXJlJzsKdmFyIHByZXNUaXRsZSA9ICdBaXIgUHJlc3N1cmUnOwp2YXIgdGVtcFdhcm5pbmcgPSAnRXh0cmVtIEhlYXQnOwp2YXIgd2luZFdhcm5pbmcgPSAnU3Rvcm0gV2FybmluZyc7Ci8vIFBWOkVORENPTkQKLy8gUFY6SUZDT05EKHB2Omhhc0ZlYXR1cmUoJ0dlcm1hbicpKQp2YXIgbWFpblRpdGxlID0gJ1dldHRlcnN0YXRpb24nOwp2YXIgdGVtcFRpdGxlID0gJ1RlbXBlcmF0dXInOwp2YXIgcHJlc1RpdGxlID0gJ0x1ZnRkcnVjayc7CnZhciB0ZW1wV2FybmluZyA9ICdFeHRyZW1lIEhpdHplJzsKdmFyIHdpbmRUaXRsZSA9ICdXaW5kZ2VzY2h3aW5kaWdrZWl0JzsKdmFyIHdpbmRXYXJuaW5nID0gJ1N0dXJtd2FybnVuZyc7Ci8vIFBWOkVORENPTkQK');
INSERT IGNORE INTO core_asset (idcoreasset, name, path,isNewAsset,size,idpackage,content) VALUES
(163,'measurements.js','input/js/measurements.js',1,160,4,'Ly8gUFY6SUZDT05EKHB2Omhhc0ZlYXR1cmUoJ0FpclByZXNzdXJlJykpCmZ1bmN0aW9uIGFwcGx5UHJlc3N1cmUoKSB7Cgl2YXIgbWVhc3VyZVRleHQgPSBkb2N1bWVudC5nZXRFbGVtZW50QnlJZCgicF9tZWFzdXJlIik7Cgl2YXIgcG9pbnRlciA9IGRvY3VtZW50LmdldEVsZW1lbnRCeUlkKCJwX3BvaW50Iik7CglhcHBseVRhY2hvVmFsdWUobWluUHJlcywgbWF4UHJlcywgbWVhc3VyZVRleHQsIHBvaW50ZXIpOwoJZnVuY3Rpb24gZ2V0TWV0YUNvbnRlbnRCeU5hbWUobmFtZSxjb250ZW50KXsKCQkgICB2YXIgY29udGVudCA9IChjb250ZW50PT1udWxsKT8nY29udGVudCc6Y29udGVudDsKCQkgICByZXR1cm4gZG9jdW1lbnQucXVlcnlTZWxlY3RvcigibWV0YVtuYW1lPSciK25hbWUrIiddIikuZ2V0QXR0cmlidXRlKGNvbnRlbnQpOwoJCX0KCQkKCQkkKGRvY3VtZW50KS5yZWFkeShmdW5jdGlvbigpewoJCQkvL2NvbnNvbGUubG9nKGRpZmZTdHJpbmcpOyAvL2RpZmZTdHJpbmcgc2hvdWxkIGJlIHRoZSB2YWx1ZSBvZiBkaWZmdmlldyB2YWx1ZQoJCQkvL2dldCBzZWxlY3QoIiNkaWZmdmFsdWUiKS4gbWV0YWRhdGEKCQkJdmFyIGRpZmZ2YWx1ZSA9IGdldE1ldGFDb250ZW50QnlOYW1lKCJkaWZmdmFsdWUiKTsKCQkJaWYgKGRpZmZ2YWx1ZT09bnVsbCkgcmV0dXJuIG51bGw7CgkJfSk7CglyZXR1cm4gZmFsc2U7Cn0KLy8gUFY6RU5EQ09ORAoKLy8gUFY6SUZDT05EKHB2Omhhc0ZlYXR1cmUoJ1dpbmRTcGVlZCcpKQp2YXIgd2luZE1lYXN1cmUgPSAwOwpmdW5jdGlvbiBhcHBseVdpbmRTcGVlZCgpIHsKCXZhciBtZWFzdXJlVGV4dCA9IGRvY3VtZW50LmdldEVsZW1lbnRCeUlkKCJ3X21lYXN1cmUiKTsKCXdpbmRNZWFzdXJlID0gbWVhc3VyZVRleHQudmFsdWU7Cgl2YXIgcG9pbnRlciA9IGRvY3VtZW50LmdldEVsZW1lbnRCeUlkKCJ3X3BvaW50Iik7CgkKCWFwcGx5VGFjaG9WYWx1ZShtaW5XaW5kLCBtYXhXaW5kLCBtZWFzdXJlVGV4dCwgcG9pbnRlcik7CglzZXRXYXJuaW5ncygpOwoJcmV0dXJuIGZhbHNlOwp9Ci8vIFBWOkVORENPTkQKCi8vIFBWOklGQ09ORChwdjpoYXNGZWF0dXJlKCdXaW5kU3BlZWQnKSBvciBwdjpoYXNGZWF0dXJlKCdBaXJQcmVzc3VyZScpKQpmdW5jdGlvbiBhcHBseVRhY2hvVmFsdWUobWluLCBtYXgsIG1lYXN1cmVUZXh0LCBwb2ludGVyKSB7Cgl2YXIgZGl2aXNvciA9IE1hdGgucm91bmQoKG1heCAtIG1pbikvMTMpOwoJdmFyIGMgPSBNYXRoLnJvdW5kKGRpdmlzb3IvMik7CgkKCWlmIChtZWFzdXJlVGV4dCAmJiBwb2ludGVyKSB7CgkJdmFyIG1lYXN1cmUgPSBtZWFzdXJlVGV4dC52YWx1ZTsKCQl2YXIgaW50VmFsdWUgPSBjaGVja01lYXN1cmUobWluLCBtYXgsIG1lYXN1cmUpOwoJCWlmIChpc05hTihpbnRWYWx1ZSkpIHJldHVybiBmYWxzZTsKCQlmdW5jdGlvbiBnZXRNZXRhQ29udGVudEJ5TmFtZShuYW1lLGNvbnRlbnQpewoJCQkgICB2YXIgY29udGVudCA9IChjb250ZW50PT1udWxsKT8nY29udGVudCc6Y29udGVudDsKCQkJICAgcmV0dXJuIGRvY3VtZW50LnF1ZXJ5U2VsZWN0b3IoIm1ldGFbbmFtZT0nIituYW1lKyInXSIpLmdldEF0dHJpYnV0ZShjb250ZW50KTsKCQkJfQoJCQkKCQkJJChkb2N1bWVudCkucmVhZHkoZnVuY3Rpb24oKXsKCQkJCS8vY29uc29sZS5sb2coZGlmZlN0cmluZyk7IC8vZGlmZlN0cmluZyBzaG91bGQgYmUgdGhlIHZhbHVlIG9mIGRpZmZ2aWV3IHZhbHVlCgkJCQkvL2dldCBzZWxlY3QoIiNkaWZmdmFsdWUiKS4gbWV0YWRhdGEKCQkJCXZhciBkaWZmdmFsdWUgPSBnZXRNZXRhQ29udGVudEJ5TmFtZSgiZGlmZnZhbHVlIik7CgkJCQlpZiAoZGlmZnZhbHVlPT1udWxsKSByZXR1cm4gbnVsbDsKCQkJfSk7CgkJcmV0dXJuIGZhbHNlOwoJCWludFZhbHVlIC09IG1pbjsKCQlpZiAoaW50VmFsdWUgJSBkaXZpc29yIDwgYykgaW50VmFsdWUgLT0gaW50VmFsdWUgJSBkaXZpc29yOwoJCWVsc2UgaW50VmFsdWUgKz0gZGl2aXNvciAtIGludFZhbHVlICUgZGl2aXNvcjsKCgkJaW50VmFsdWUgLz0gZGl2aXNvcjsKCQlwb2ludGVyLnN0eWxlLmJhY2tncm91bmQgPSAidXJsKCdpbWFnZXMvbl8iICsgaW50VmFsdWUgKyAiLnBuZycpIjsKCX0KCXJldHVybiBmYWxzZTsKfQovLyBQVjpFTkRDT05ECgovLyBQVjpJRkNPTkQocHY6aGFzRmVhdHVyZSgnVGVtcGVyYXR1cmUnKSkKdmFyIHRlbXBNZWFzdXJlID0gMDsKZnVuY3Rpb24gYXBwbHlUZW1wZXJhdHVyZSgpIHsKCXZhciBtaW4gPSBtaW5UZW1wOwoJdmFyIG1heCA9IG1heFRlbXA7CgoJdmFyIHB4UmFuZ2UgPSAxNzA7CgoJdmFyIG1lYXN1cmVUZXh0ID0gZG9jdW1lbnQuZ2V0RWxlbWVudEJ5SWQoInRfbWVhc3VyZSIpOwoJdmFyIHBvaW50ZXIgPSBkb2N1bWVudC5nZXRFbGVtZW50QnlJZCgidF9wb2ludCIpOwoKCWlmIChtZWFzdXJlVGV4dCAmJiBwb2ludGVyKSB7CgkJdGVtcE1lYXN1cmUgPSBtZWFzdXJlVGV4dC52YWx1ZTsKCQl2YXIgaW50VmFsdWUgPSBjaGVja01lYXN1cmUobWluLCBtYXgsIHRlbXBNZWFzdXJlKTsKCQlpZiAoaXNOYU4oaW50VmFsdWUpKSByZXR1cm4gZmFsc2U7CgkJaW50VmFsdWUgPSAoaW50VmFsdWUgLSBtaW4pKihweFJhbmdlIC8gKG1heCAtIG1pbikpOwoJCQoJCXBvaW50ZXIuc3R5bGUuaGVpZ2h0ID0gKDE3NyAtIGludFZhbHVlKSArICJweCI7Cgl9CglzZXRXYXJuaW5ncygpOwoJcmV0dXJuIGZhbHNlOwp9Ci8vIFBWOkVORENPTkQKCmZ1bmN0aW9uIGNoZWNrTWVhc3VyZShtaW4sIG1heCwgbWVhc3VyZSkgewoJaWYgKG1lYXN1cmUgPT0gIiIgfHwgbWVhc3VyZSA9PSBudWxsKSByZXR1cm4gTmFOOwoJaWYgKGlzTmFOKHBhcnNlSW50KG1lYXN1cmUpKSB8fAoJCXBhcnNlSW50KG1lYXN1cmUpIDwgbWluIHx8CgkJcGFyc2VJbnQobWVhc3VyZSkgPiBtYXgpIHsKCQlhbGVydCgiQml0dGUgZWluZSBaYWhsIHp3aXNjaGVuICIgKyBtaW4gKyAiIHVuZCAiICsgbWF4ICsgIiBlaW5nZWJlbiEiKTsKCQlyZXR1cm4gTmFOOwoJfQoJcmV0dXJuIHBhcnNlSW50KG1lYXN1cmUpOwp9CgpmdW5jdGlvbiBzZXRXYXJuaW5ncygpIHsKCXdhcm5pbmdUZXh0ID0gJyc7Ci8vIFBWOklGQ09ORChwdjpoYXNGZWF0dXJlKCdIZWF0JykpCglpZiAoIWlzTmFOKHRlbXBMaW1pdCkgJiYgdGVtcE1lYXN1cmUgPiB0ZW1wTGltaXQpIHsKCQl3YXJuaW5nVGV4dCArPSB0ZW1wV2FybmluZzsKCX0KLy8gUFY6RU5EQ09ORAovLyBQVjpJRkNPTkQocHY6aGFzRmVhdHVyZSgnR2FsZScpKQoJaWYgKCFpc05hTih3aW5kTGltaXQpICYmIHdpbmRNZWFzdXJlID4gd2luZExpbWl0KSB7CgkJd2FybmluZ1RleHQgKz0gKHdhcm5pbmdUZXh0ID09ICcnKSA/ICcnIDogJywgJzsKCQl3YXJuaW5nVGV4dCArPSB3aW5kV2FybmluZzsKCQl2YXIgZ2FsZXZhbHVlID0gZ2V0TWV0YUNvbnRlbnRCeU5hbWUoImdhbGUiKTsKCQkKCQlpZiAoZ2FsZT09bnVsbCkgcmV0dXJuOwkKCQl2YXIgZGlmZjJodG1sVWkgPSBuZXcgRGlmZjJIdG1sVUkoe2RpZmY6IGRpZmZ2YWx1ZX0pOwoJCWNvbnNvbGUubG9nKGRpZmYyaHRtbFVpKTsKCQlkaWZmMmh0bWxVaS5kcmF3KCcjZ2FsZVZpZXcnLCB7aW5wdXRGb3JtYXQ6ICdqc29uJywgc2hvd0ZpbGVzOiB0cnVlLCBtYXRjaGluZzogJ2xpbmVzJ30pOwoJICAgIGRpZmYyaHRtbFVpLmhpZ2hsaWdodENvZGUoJyNnYWxlVmlldycpOwoJICAgIGNlbGwuYXBwZW5kKCJyZWN0IikKCSAgICAgIC5hdHRyKCJpZCIsIGZ1bmN0aW9uKGQpIHsgcmV0dXJuICJyZWN0LSIgKyBkLmlkOyB9KQoJICAgICAgLmF0dHIoImlkX2NvcmVfYXNzZXQiLCBmdW5jdGlvbihkKSB7IGNvbnNvbGUubG9nIChkKTsgcmV0dXJuIGQuZGF0YS5pZF9jb3JlX2Fzc2V0O30pCgkgICAgICAuYXR0cigiZm5hbWUiLCBmdW5jdGlvbihkKSB7IGNvbnNvbGUubG9nIChkKTsgcmV0dXJuIGQuZGF0YS5mbmFtZTt9KQoJICAgICAgLmF0dHIoInByIiwgZnVuY3Rpb24oZCkgeyBjb25zb2xlLmxvZyAoZCk7IHJldHVybiBkLmRhdGEucHJvZHVjdF9yZWxlYXNlO30pCgkgICAgICAuYXR0cigid2lkdGgiLCBmdW5jdGlvbihkKSB7IHJldHVybiBkLngxIC0gZC54MDsgfSkKCSAgICAgIC5hdHRyKCJoZWlnaHQiLCBmdW5jdGlvbihkKSB7IHJldHVybiBkLnkxIC0gZC55MDsgfSkKCSAgICAgLnN0eWxlKCJzdHJva2UiLCJibGFjayIpCgkgICAgICAuYXR0cigib3BlcmF0aW9uIixmdW5jdGlvbihkKSB7IGNvbnNvbGUubG9nIChkKTsgcmV0dXJuIGQuZGF0YS5vcGVyYXRpb247fSkKCSAgICAgLnN0eWxlKCJmaWxsIiwgZnVuY3Rpb24oZCkgeyAKCQkgICAgCSAgY29uc29sZS5sb2coImluIGNvbG9yIik7CQkKCQkgICAgCSAgdmFyIG9wZXJhdGlvbiA9IGQuZGF0YS5vcGVyYXRpb247CgkJICAgIAkJaWYgKCAob3BlcmF0aW9uID09InVuZGVmaW5lZCIpIHx8IChkLmRhdGEub3BlcmF0aW9uPT1udWxsKSkgcmV0dXJuICIjY2NjY2NjIjsKCQkgICAgCSAgCWVsc2UgaWYgKG9wZXJhdGlvbj09KCJhZGQiKSkgcmV0dXJuICIjM2ZhYzU0IjsKCQkgICAgCSAgCWVsc2UgaWYgKG9wZXJhdGlvbj09KCJkZWxldGUiKSkgcmV0dXJuICIjZTYzMjNkIjsKCQkgICAgCQllbHNlIGlmIChvcGVyYXRpb249PSJjaHVybiIpIHJldHVybiAiI0ZGODEwMCI7CgkJICAgIAlyZXR1cm4gIiNjY2NjY2MiOy8vY29sb3IoZC52YWx1ZSk7Ly90aGUgdmFsdWUgLSBjaHVybiAtIG9mIHRoZSBjdXN0b21pemF0aW9uCgkgICAgCSAgfSk7CgoJICBjZWxsLmFwcGVuZCgiY2xpcFBhdGgiKQoJICAgICAgLmF0dHIoImlkIiwgZnVuY3Rpb24oZCkgeyByZXR1cm4gImNsaXAtIiArIGQuaWQ7IH0pCgkgICAgLmFwcGVuZCgidXNlIikKCSAgICAgIC5hdHRyKCJ4bGluazpocmVmIiwgZnVuY3Rpb24oZCkgeyByZXR1cm4gIiNyZWN0LSIgKyBkLmlkICsgIiI7IH0pOwoJfTsKCX0KLy8gUFY6RU5EQ09ORAoJdmFyIGVsZW1lbnQgPSBkb2N1bWVudC5nZXRFbGVtZW50QnlJZCgnd2FybmluZycpOwoJaWYgKHdhcm5pbmdUZXh0ICE9ICcnKSB7CgovLyBQVjpJRkNPTkQocHY6aGFzRmVhdHVyZSgnR2VybWFuJykpCgkJd2FybmluZ1RleHQgPSAnQWNodHVuZzogJyArIHdhcm5pbmdUZXh0OwovLyBQVjpFTkRDT05ECi8vIFBWOklGQ09ORChwdjpoYXNGZWF0dXJlKCdFbmdsaXNoJykpCgkJaWYgKHdhcm5pbmdUZXh0ICE9ICcnKSB3YXJuaW5nVGV4dCA9ICdBdHRlbnRpb246ICcgKyB3YXJuaW5nVGV4dDsKLy8gUFY6RU5EQ09ORAoJCXNldEVsZW1lbnRUZXh0KGVsZW1lbnQsIHdhcm5pbmdUZXh0KTsKCQkvL2VsZW1lbnQuc3R5bGUuZGlzcGxheSA9ICdpbmhlcml0JzsKCX0KCWVsc2UgewoJCS8vZWxlbWVudC5zdHlsZS5kaXNwbGF5ID0gJ25vbmUnOwoJCXNldEVsZW1lbnRUZXh0KGVsZW1lbnQsICcnKTsKCX0KCgo=');
INSERT IGNORE INTO core_asset (idcoreasset, name, path,isNewAsset,size,idpackage,content) VALUES
(166,'sensorsMaintenance.js','input/js/sensorsMaintenance.js',1,137,4,'Ly8gUFY6SUZDT05EKHB2Omhhc0ZlYXR1cmUoJ0FpclByZXNzdXJlJykpCmZ1bmN0aW9uIGFwcGx5UHJlc3N1cmUoKSB7Cgl2YXIgbWVhc3VyZVRleHQgPSBkb2N1bWVudC5nZXRFbGVtZW50QnlJZCgicF9tZWFzdXJlIik7Cgl2YXIgcG9pbnRlciA9IGRvY3VtZW50LmdldEVsZW1lbnRCeUlkKCJwX3BvaW50Iik7CglhcHBseVRhY2hvVmFsdWUobWluUHJlcywgbWF4UHJlcywgbWVhc3VyZVRleHQsIHBvaW50ZXIpOwoJZnVuY3Rpb24gZ2V0TWV0YUNvbnRlbnRCeU5hbWUobmFtZSxjb250ZW50KXsKCQkgICB2YXIgY29udGVudCA9IChjb250ZW50PT1udWxsKT8nY29udGVudCc6Y29udGVudDsKCQkgICByZXR1cm4gZG9jdW1lbnQucXVlcnlTZWxlY3RvcigibWV0YVtuYW1lPSciK25hbWUrIiddIikuZ2V0QXR0cmlidXRlKGNvbnRlbnQpOwoJCX0KCQkKCQkkKGRvY3VtZW50KS5yZWFkeShmdW5jdGlvbigpewoJCQkvL2NvbnNvbGUubG9nKGRpZmZTdHJpbmcpOyAvL2RpZmZTdHJpbmcgc2hvdWxkIGJlIHRoZSB2YWx1ZSBvZiBkaWZmdmlldyB2YWx1ZQoJCQkvL2dldCBzZWxlY3QoIiNkaWZmdmFsdWUiKS4gbWV0YWRhdGEKCQkJdmFyIGRpZmZ2YWx1ZSA9IGdldE1ldGFDb250ZW50QnlOYW1lKCJkaWZmdmFsdWUiKTsKCQkJaWYgKGRpZmZ2YWx1ZT09bnVsbCkgcmV0dXJuIG51bGw7CgkJfSk7CglyZXR1cm4gZmFsc2U7Cn0KLy8gUFY6RU5EQ09ORAoKLy8gUFY6SUZDT05EKHB2Omhhc0ZlYXR1cmUoJ1dpbmRTcGVlZCcpKQp2YXIgd2luZE1lYXN1cmUgPSAwOwpmdW5jdGlvbiBhcHBseVdpbmRTcGVlZCgpIHsKCXZhciBtZWFzdXJlVGV4dCA9IGRvY3VtZW50LmdldEVsZW1lbnRCeUlkKCJ3X21lYXN1cmUiKTsKCXdpbmRNZWFzdXJlID0gbWVhc3VyZVRleHQudmFsdWU7Cgl2YXIgcG9pbnRlciA9IGRvY3VtZW50LmdldEVsZW1lbnRCeUlkKCJ3X3BvaW50Iik7CgkKCWFwcGx5VGFjaG9WYWx1ZShtaW5XaW5kLCBtYXhXaW5kLCBtZWFzdXJlVGV4dCwgcG9pbnRlcik7CglzZXRXYXJuaW5ncygpOwoJcmV0dXJuIGZhbHNlOwp9Ci8vIFBWOkVORENPTkQKCi8vIFBWOklGQ09ORChwdjpoYXNGZWF0dXJlKCdXaW5kU3BlZWQnKSBvciBwdjpoYXNGZWF0dXJlKCdBaXJQcmVzc3VyZScpKQpmdW5jdGlvbiBhcHBseVRhY2hvVmFsdWUobWluLCBtYXgsIG1lYXN1cmVUZXh0LCBwb2ludGVyKSB7Cgl2YXIgZGl2aXNvciA9IE1hdGgucm91bmQoKG1heCAtIG1pbikvMTMpOwoJdmFyIGMgPSBNYXRoLnJvdW5kKGRpdmlzb3IvMik7CgkKCWlmIChtZWFzdXJlVGV4dCAmJiBwb2ludGVyKSB7CgkJdmFyIG1lYXN1cmUgPSBtZWFzdXJlVGV4dC52YWx1ZTsKCQl2YXIgaW50VmFsdWUgPSBjaGVja01lYXN1cmUobWluLCBtYXgsIG1lYXN1cmUpOwoJCWlmIChpc05hTihpbnRWYWx1ZSkpIHJldHVybiBmYWxzZTsKCQlmdW5jdGlvbiBnZXRNZXRhQ29udGVudEJ5TmFtZShuYW1lLGNvbnRlbnQpewoJCQkgICB2YXIgY29udGVudCA9IChjb250ZW50PT1udWxsKT8nY29udGVudCc6Y29udGVudDsKCQkJICAgcmV0dXJuIGRvY3VtZW50LnF1ZXJ5U2VsZWN0b3IoIm1ldGFbbmFtZT0nIituYW1lKyInXSIpLmdldEF0dHJpYnV0ZShjb250ZW50KTsKCQkJfQoJCQkKCQkJJChkb2N1bWVudCkucmVhZHkoZnVuY3Rpb24oKXsKCQkJCS8vY29uc29sZS5sb2coZGlmZlN0cmluZyk7IC8vZGlmZlN0cmluZyBzaG91bGQgYmUgdGhlIHZhbHVlIG9mIGRpZmZ2aWV3IHZhbHVlCgkJCQkvL2dldCBzZWxlY3QoIiNkaWZmdmFsdWUiKS4gbWV0YWRhdGEKCQkJCXZhciBkaWZmdmFsdWUgPSBnZXRNZXRhQ29udGVudEJ5TmFtZSgiZGlmZnZhbHVlIik7CgkJCQlpZiAoZGlmZnZhbHVlPT1udWxsKSByZXR1cm4gbnVsbDsKCQkJfSk7CgkJcmV0dXJuIGZhbHNlOwoJCWludFZhbHVlIC09IG1pbjsKCQlpZiAoaW50VmFsdWUgJSBkaXZpc29yIDwgYykgaW50VmFsdWUgLT0gaW50VmFsdWUgJSBkaXZpc29yOwoJCWVsc2UgaW50VmFsdWUgKz0gZGl2aXNvciAtIGludFZhbHVlICUgZGl2aXNvcjsKCgkJaW50VmFsdWUgLz0gZGl2aXNvcjsKCQlwb2ludGVyLnN0eWxlLmJhY2tncm91bmQgPSAidXJsKCdpbWFnZXMvbl8iICsgaW50VmFsdWUgKyAiLnBuZycpIjsKCX0KCXJldHVybiBmYWxzZTsKfQovLyBQVjpFTkRDT05ECgovLyBQVjpJRkNPTkQocHY6aGFzRmVhdHVyZSgnVGVtcGVyYXR1cmUnKSkKdmFyIHRlbXBNZWFzdXJlID0gMDsKZnVuY3Rpb24gYXBwbHlUZW1wZXJhdHVyZSgpIHsKCXZhciBtaW4gPSBtaW5UZW1wOwoJdmFyIG1heCA9IG1heFRlbXA7CgoJdmFyIHB4UmFuZ2UgPSAxNzA7CgoJdmFyIG1lYXN1cmVUZXh0ID0gZG9jdW1lbnQuZ2V0RWxlbWVudEJ5SWQoInRfbWVhc3VyZSIpOwoJdmFyIHBvaW50ZXIgPSBkb2N1bWVudC5nZXRFbGVtZW50QnlJZCgidF9wb2ludCIpOwoKCWlmIChtZWFzdXJlVGV4dCAmJiBwb2ludGVyKSB7CgkJdGVtcE1lYXN1cmUgPSBtZWFzdXJlVGV4dC52YWx1ZTsKCQl2YXIgaW50VmFsdWUgPSBjaGVja01lYXN1cmUobWluLCBtYXgsIHRlbXBNZWFzdXJlKTsKCQlpZiAoaXNOYU4oaW50VmFsdWUpKSByZXR1cm4gZmFsc2U7CgkJaW50VmFsdWUgPSAoaW50VmFsdWUgLSBtaW4pKihweFJhbmdlIC8gKG1heCAtIG1pbikpOwoJCQoJCXBvaW50ZXIuc3R5bGUuaGVpZ2h0ID0gKDE3NyAtIGludFZhbHVlKSArICJweCI7Cgl9CglzZXRXYXJuaW5ncygpOwoJcmV0dXJuIGZhbHNlOwp9Ci8vIFBWOkVORENPTkQKCmZ1bmN0aW9uIGNoZWNrTWVhc3VyZShtaW4sIG1heCwgbWVhc3VyZSkgewoJaWYgKG1lYXN1cmUgPT0gIiIgfHwgbWVhc3VyZSA9PSBudWxsKSByZXR1cm4gTmFOOwoJaWYgKGlzTmFOKHBhcnNlSW50KG1lYXN1cmUpKSB8fAoJCXBhcnNlSW50KG1lYXN1cmUpIDwgbWluIHx8CgkJcGFyc2VJbnQobWVhc3VyZSkgPiBtYXgpIHsKCQlhbGVydCgiQml0dGUgZWluZSBaYWhsIHp3aXNjaGVuICIgKyBtaW4gKyAiIHVuZCAiICsgbWF4ICsgIiBlaW5nZWJlbiEiKTsKCQlyZXR1cm4gTmFOOwoJfQoJcmV0dXJuIHBhcnNlSW50KG1lYXN1cmUpOwp9CgpmdW5jdGlvbiBzZXRXYXJuaW5ncygpIHsKCXdhcm5pbmdUZXh0ID0gJyc7Ci8vIFBWOklGQ09ORChwdjpoYXNGZWF0dXJlKCdIZWF0JykpCglpZiAoIWlzTmFOKHRlbXBMaW1pdCkgJiYgdGVtcE1lYXN1cmUgPiB0ZW1wTGltaXQpIHsKCQl3YXJuaW5nVGV4dCArPSB0ZW1wV2FybmluZzsKCX0KLy8gUFY6RU5EQ09ORAovLyBQVjpJRkNPTkQocHY6aGFzRmVhdHVyZSgnR2FsZScpKQoJaWYgKCFpc05hTih3aW5kTGltaXQpICYmIHdpbmRNZWFzdXJlID4gd2luZExpbWl0KSB7CgkJd2FybmluZ1RleHQgKz0gKHdhcm5pbmdUZXh0ID09ICcnKSA/ICcnIDogJywgJzsKCQl3YXJuaW5nVGV4dCArPSB3aW5kV2FybmluZzsKCQl2YXIgZ2FsZXZhbHVlID0gZ2V0TWV0YUNvbnRlbnRCeU5hbWUoImdhbGUiKTsKCQkKCQlpZiAoZ2FsZT09bnVsbCkgcmV0dXJuOwkKCQl2YXIgZGlmZjJodG1sVWkgPSBuZXcgRGlmZjJIdG1sVUkoe2RpZmY6IGRpZmZ2YWx1ZX0pOwoJCWNvbnNvbGUubG9nKGRpZmYyaHRtbFVpKTsKCQlkaWZmMmh0bWxVaS5kcmF3KCcjZGlmZnZpZXcnLCB7aW5wdXRGb3JtYXQ6ICdqc29uJywgc2hvd0ZpbGVzOiB0cnVlLCBtYXRjaGluZzogJ2xpbmVzJ30pOwoJICAgIGRpZmYyaHRtbFVpLmhpZ2hsaWdodENvZGUoJyNkaWZmdmlldycpOwoJfTsKCX0KLy8gUFY6RU5EQ09ORAoJdmFyIGVsZW1lbnQgPSBkb2N1bWVudC5nZXRFbGVtZW50QnlJZCgnd2FybmluZycpOwoJaWYgKHdhcm5pbmdUZXh0ICE9ICcnKSB7CgovLyBQVjpJRkNPTkQocHY6aGFzRmVhdHVyZSgnR2VybWFuJykpCgkJd2FybmluZ1RleHQgPSAnQWNodHVuZzogJyArIHdhcm5pbmdUZXh0OwovLyBQVjpFTkRDT05ECi8vIFBWOklGQ09ORChwdjpoYXNGZWF0dXJlKCdFbmdsaXNoJykpCgkJaWYgKHdhcm5pbmdUZXh0ICE9ICcnKSB3YXJuaW5nVGV4dCA9ICdBdHRlbnRpb246ICcgKyB3YXJuaW5nVGV4dDsKLy8gUFY6RU5EQ09ORAoJCXNldEVsZW1lbnRUZXh0KGVsZW1lbnQsIHdhcm5pbmdUZXh0KTsKCQkvL2VsZW1lbnQuc3R5bGUuZGlzcGxheSA9ICdpbmhlcml0JzsKCX0KCWVsc2UgewoJCS8vZWxlbWVudC5zdHlsZS5kaXNwbGF5ID0gJ25vbmUnOwoJCXNldEVsZW1lbnRUZXh0KGVsZW1lbnQsICcnKTsKCX0KCgo=');
INSERT IGNORE INTO core_asset (idcoreasset, name, path,isNewAsset,size,idpackage,content) VALUES
(168,'warnings.js','input/js/warnings.js',1,143,4,'Ly8gUFY6SUZDT05EKHB2Omhhc0ZlYXR1cmUoJ0FpclByZXNzdXJlJykpCmZ1bmN0aW9uIGFwcGx5UHJlc3N1cmUoKSB7Cgl2YXIgbWVhc3VyZVRleHQgPSBkb2N1bWVudC5nZXRFbGVtZW50QnlJZCgicF9tZWFzdXJlIik7Cgl2YXIgcG9pbnRlciA9IGRvY3VtZW50LmdldEVsZW1lbnRCeUlkKCJwX3BvaW50Iik7CglhcHBseVRhY2hvVmFsdWUobWluUHJlcywgbWF4UHJlcywgbWVhc3VyZVRleHQsIHBvaW50ZXIpOwoJZnVuY3Rpb24gZ2V0TWV0YUNvbnRlbnRCeU5hbWUobmFtZSxjb250ZW50KXsKCQkgICB2YXIgY29udGVudCA9IChjb250ZW50PT1udWxsKT8nY29udGVudCc6Y29udGVudDsKCQkgICByZXR1cm4gZG9jdW1lbnQucXVlcnlTZWxlY3RvcigibWV0YVtuYW1lPSciK25hbWUrIiddIikuZ2V0QXR0cmlidXRlKGNvbnRlbnQpOwoJCX0KCQkKCQkkKGRvY3VtZW50KS5yZWFkeShmdW5jdGlvbigpewoJCQkvL2NvbnNvbGUubG9nKGRpZmZTdHJpbmcpOyAvL2RpZmZTdHJpbmcgc2hvdWxkIGJlIHRoZSB2YWx1ZSBvZiBkaWZmdmlldyB2YWx1ZQoJCQkvL2dldCBzZWxlY3QoIiNkaWZmdmFsdWUiKS4gbWV0YWRhdGEKCQkJdmFyIGRpZmZ2YWx1ZSA9IGdldE1ldGFDb250ZW50QnlOYW1lKCJkaWZmdmFsdWUiKTsKCQkJaWYgKGRpZmZ2YWx1ZT09bnVsbCkgcmV0dXJuIG51bGw7CgkJfSk7CglyZXR1cm4gZmFsc2U7Cn0KLy8gUFY6RU5EQ09ORAoKLy8gUFY6SUZDT05EKHB2Omhhc0ZlYXR1cmUoJ1dpbmRTcGVlZCcpKQp2YXIgd2luZE1lYXN1cmUgPSAwOwpmdW5jdGlvbiBhcHBseVdpbmRTcGVlZCgpIHsKCXZhciBtZWFzdXJlVGV4dCA9IGRvY3VtZW50LmdldEVsZW1lbnRCeUlkKCJ3X21lYXN1cmUiKTsKCXdpbmRNZWFzdXJlID0gbWVhc3VyZVRleHQudmFsdWU7Cgl2YXIgcG9pbnRlciA9IGRvY3VtZW50LmdldEVsZW1lbnRCeUlkKCJ3X3BvaW50Iik7CgkKCWFwcGx5VGFjaG9WYWx1ZShtaW5XaW5kLCBtYXhXaW5kLCBtZWFzdXJlVGV4dCwgcG9pbnRlcik7CglzZXRXYXJuaW5ncygpOwoJcmV0dXJuIGZhbHNlOwp9Ci8vIFBWOkVORENPTkQKCi8vIFBWOklGQ09ORChwdjpoYXNGZWF0dXJlKCdXaW5kU3BlZWQnKSBvciBwdjpoYXNGZWF0dXJlKCdBaXJQcmVzc3VyZScpKQpmdW5jdGlvbiBhcHBseVRhY2hvVmFsdWUobWluLCBtYXgsIG1lYXN1cmVUZXh0LCBwb2ludGVyKSB7Cgl2YXIgZGl2aXNvciA9IE1hdGgucm91bmQoKG1heCAtIG1pbikvMTMpOwoJdmFyIGMgPSBNYXRoLnJvdW5kKGRpdmlzb3IvMik7CgkKCWlmIChtZWFzdXJlVGV4dCAmJiBwb2ludGVyKSB7CgkJdmFyIG1lYXN1cmUgPSBtZWFzdXJlVGV4dC52YWx1ZTsKCQl2YXIgaW50VmFsdWUgPSBjaGVja01lYXN1cmUobWluLCBtYXgsIG1lYXN1cmUpOwoJCWlmIChpc05hTihpbnRWYWx1ZSkpIHJldHVybiBmYWxzZTsKCQlmdW5jdGlvbiBnZXRNZXRhQ29udGVudEJ5TmFtZShuYW1lLGNvbnRlbnQpewoJCQkgICB2YXIgY29udGVudCA9IChjb250ZW50PT1udWxsKT8nY29udGVudCc6Y29udGVudDsKCQkJICAgcmV0dXJuIGRvY3VtZW50LnF1ZXJ5U2VsZWN0b3IoIm1ldGFbbmFtZT0nIituYW1lKyInXSIpLmdldEF0dHJpYnV0ZShjb250ZW50KTsKCQkJfQoJCQkKCQkJJChkb2N1bWVudCkucmVhZHkoZnVuY3Rpb24oKXsKCQkJCS8vY29uc29sZS5sb2coZGlmZlN0cmluZyk7IC8vZGlmZlN0cmluZyBzaG91bGQgYmUgdGhlIHZhbHVlIG9mIGRpZmZ2aWV3IHZhbHVlCgkJCQkvL2dldCBzZWxlY3QoIiNkaWZmdmFsdWUiKS4gbWV0YWRhdGEKCQkJCXZhciBkaWZmdmFsdWUgPSBnZXRNZXRhQ29udGVudEJ5TmFtZSgiZGlmZnZhbHVlIik7CgkJCQlpZiAoZGlmZnZhbHVlPT1udWxsKSByZXR1cm4gbnVsbDsKCQkJfSk7CgkJcmV0dXJuIGZhbHNlOwoJCWludFZhbHVlIC09IG1pbjsKCQlpZiAoaW50VmFsdWUgJSBkaXZpc29yIDwgYykgaW50VmFsdWUgLT0gaW50VmFsdWUgJSBkaXZpc29yOwoJCWVsc2UgaW50VmFsdWUgKz0gZGl2aXNvciAtIGludFZhbHVlICUgZGl2aXNvcjsKCgkJaW50VmFsdWUgLz0gZGl2aXNvcjsKCQlwb2ludGVyLnN0eWxlLmJhY2tncm91bmQgPSAidXJsKCdpbWFnZXMvbl8iICsgaW50VmFsdWUgKyAiLnBuZycpIjsKCX0KCXJldHVybiBmYWxzZTsKfQovLyBQVjpFTkRDT05ECgovLyBQVjpJRkNPTkQocHY6aGFzRmVhdHVyZSgnVGVtcGVyYXR1cmUnKSkKdmFyIHRlbXBNZWFzdXJlID0gMDsKZnVuY3Rpb24gYXBwbHlUZW1wZXJhdHVyZSgpIHsKCXZhciBtaW4gPSBtaW5UZW1wOwoJdmFyIG1heCA9IG1heFRlbXA7Cgl2YXIgaW1nID0gZDMuc2VsZWN0KCJpbWciKSwKICAgIHdpZHRoID0gK3N2Zy5hdHRyKCJ3aWR0aCIpLAogICAgaGVpZ2h0ID0gK3N2Zy5hdHRyKCJoZWlnaHQiKTsKCXZhciBweFJhbmdlID0gMTcwOwoKCXZhciBtZWFzdXJlVGV4dCA9IGRvY3VtZW50LmdldEVsZW1lbnRCeUlkKCJ0X21lYXN1cmUiKTsKCXZhciBwb2ludGVyID0gZG9jdW1lbnQuZ2V0RWxlbWVudEJ5SWQoInRfcG9pbnQiKTsKCSB2YXIgY2VsbCA9IGltZwoJICAgIC5zZWxlY3RBbGwoIi5ub2RlIikKCSAgICAuZGF0YShyb290LmRlc2NlbmRhbnRzKCkpCgkgICAgLmVudGVyKCkuYXBwZW5kKCJnIikKCSAgICAgICAuYXR0cigidHJhbnNmb3JtIiwgZnVuY3Rpb24oZCkgeyByZXR1cm4gInRyYW5zbGF0ZSgiICsgZC54MCArICIsIiArIGQueTAgKyAiKSI7IH0pCglpZiAobWVhc3VyZVRleHQgJiYgcG9pbnRlcikgewoJCXRlbXBNZWFzdXJlID0gbWVhc3VyZVRleHQudmFsdWU7CgkJdmFyIGludFZhbHVlID0gY2hlY2tNZWFzdXJlKG1pbiwgbWF4LCB0ZW1wTWVhc3VyZSk7CgkJaWYgKGlzTmFOKGludFZhbHVlKSkgcmV0dXJuIGZhbHNlOwoJCWludFZhbHVlID0gKGludFZhbHVlIC0gbWluKSoocHhSYW5nZSAvIChtYXggLSBtaW4pKTsKCQkKCQlwb2ludGVyLnN0eWxlLmhlaWdodCA9ICgxNzcgLSBpbnRWYWx1ZSkgKyAicHgiOwoJfQoJc2V0V2FybmluZ3MoKTsKCXJldHVybiBmYWxzZTsKfQovLyBQVjpFTkRDT05ECgpmdW5jdGlvbiBjaGVja01lYXN1cmUobWluLCBtYXgsIG1lYXN1cmUpIHsKCWlmIChtZWFzdXJlID09ICIiIHx8IG1lYXN1cmUgPT0gbnVsbCkgcmV0dXJuIE5hTjsKCWlmIChpc05hTihwYXJzZUludChtZWFzdXJlKSkgfHwKCQlwYXJzZUludChtZWFzdXJlKSA8IG1pbiB8fAoJCXBhcnNlSW50KG1lYXN1cmUpID4gbWF4KSB7CgkJYWxlcnQoIkJpdHRlIGVpbmUgWmFobCB6d2lzY2hlbiAiICsgbWluICsgIiB1bmQgIiArIG1heCArICIgZWluZ2ViZW4hIik7CgkJcmV0dXJuIE5hTjsKCX0KCXJldHVybiBwYXJzZUludChtZWFzdXJlKTsKfQoKZnVuY3Rpb24gc2V0V2FybmluZ3MoKSB7Cgl3YXJuaW5nVGV4dCA9ICcnOwovLyBQVjpJRkNPTkQocHY6aGFzRmVhdHVyZSgnSGVhdCcpKQoJaWYgKCFpc05hTih0ZW1wTGltaXQpICYmIHRlbXBNZWFzdXJlID4gdGVtcExpbWl0KSB7CgkJd2FybmluZ1RleHQgKz0gdGVtcFdhcm5pbmc7Cgl9Ci8vIFBWOkVORENPTkQKLy8gUFY6SUZDT05EKHB2Omhhc0ZlYXR1cmUoJ0dhbGUnKSkKCWlmICghaXNOYU4od2luZExpbWl0KSAmJiB3aW5kTWVhc3VyZSA+IHdpbmRMaW1pdCkgewoJCXdhcm5pbmdUZXh0ICs9ICh3YXJuaW5nVGV4dCA9PSAnJykgPyAnJyA6ICcsICc7CgkJd2FybmluZ1RleHQgKz0gd2luZFdhcm5pbmc7CgkJdmFyIGdhbGV2YWx1ZSA9IGdldE1ldGFDb250ZW50QnlOYW1lKCJnYWxlIik7CgkJCgkJaWYgKGdhbGU9PW51bGwpIHJldHVybjsJCgkJdmFyIGRpZmYyaHRtbFVpID0gbmV3IERpZmYySHRtbFVJKHtkaWZmOiBkaWZmdmFsdWV9KTsKCQljb25zb2xlLmxvZyhkaWZmMmh0bWxVaSk7CgkJZGlmZjJodG1sVWkuZHJhdygnI2RpZmZ2aWV3Jywge2lucHV0Rm9ybWF0OiAnanNvbicsIHNob3dGaWxlczogdHJ1ZSwgbWF0Y2hpbmc6ICdsaW5lcyd9KTsKCSAgICBkaWZmMmh0bWxVaS5oaWdobGlnaHRDb2RlKCcjZGlmZnZpZXcnKTsKCX07Cgl9Ci8vIFBWOkVORENPTkQKCXZhciBlbGVtZW50ID0gZG9jdW1lbnQuZ2V0RWxlbWVudEJ5SWQoJ3dhcm5pbmcnKTsKCWlmICh3YXJuaW5nVGV4dCAhPSAnJykgewoKLy8gUFY6SUZDT05EKHB2Omhhc0ZlYXR1cmUoJ0dlcm1hbicpKQoJCXdhcm5pbmdUZXh0ID0gJ0FjaHR1bmc6ICcgKyB3YXJuaW5nVGV4dDsKLy8gUFY6RU5EQ09ORAovLyBQVjpJRkNPTkQocHY6aGFzRmVhdHVyZSgnRW5nbGlzaCcpKQoJCWlmICh3YXJuaW5nVGV4dCAhPSAnJykgd2FybmluZ1RleHQgPSAnQXR0ZW50aW9uOiAnICsgd2FybmluZ1RleHQ7Ci8vIFBWOkVORENPTkQKCQlzZXRFbGVtZW50VGV4dChlbGVtZW50LCB3YXJuaW5nVGV4dCk7CgkJLy9lbGVtZW50LnN0eWxlLmRpc3BsYXkgPSAnaW5oZXJpdCc7Cgl9CgllbHNlIHsKCQkvL2VsZW1lbnQuc3R5bGUuZGlzcGxheSA9ICdub25lJzsKCQlzZXRFbGVtZW50VGV4dChlbGVtZW50LCAnJyk7Cgl9Cg==');
INSERT IGNORE INTO product_release (idproductrelease,name,date,commits_set) VALUES
(1,'productBerlin-v1.0','1970-01-18 11:24:13','');
INSERT IGNORE INTO developer_group (id_developer_group) VALUES 
(1);
INSERT IGNORE INTO developer_bridge (id_developer_group,id_developer) VALUES 
(1,1);
INSERT IGNORE INTO variation_point (idvariationpoint, expression, idcoreasset,id_feature_group) VALUES
(250,'No Expression',1,0);
INSERT IGNORE INTO customization_fact (idcustomization, lines_added,lines_deleted,custom_diff,commit_set,message_set,greater_diff,idvariationpoint,id_developer_group, idproductrelease, type) VALUES
(1,1,4,'ZGlmZiAtLWdpdCBhL2lucHV0L1dlYXRoZXIgU3RhdGlvbiBVc2VyIE1hbnVhbC54bWwgYi9pbnB1dC9XZWF0aGVyIFN0YXRpb24gVXNlciBNYW51YWwueG1sCmluZGV4IDY2MTE1YWMuLmI2ZDE4ZWIgMTAwNjQ0Ci0tLSBhL2lucHV0L1dlYXRoZXIgU3RhdGlvbiBVc2VyIE1hbnVhbC54bWwKKysrIGIvaW5wdXQvV2VhdGhlciBTdGF0aW9uIFVzZXIgTWFudWFsLnhtbApAQCAtMTYsNyArMTYsNCBAQCBFeHByZXNzaW9uOiBObyBFeHByZXNzaW9uQ2hhbmdlIFR5cGU6IENIQU5HRV9PVVRTSURFX1ZBUklBVElPTl9QT0lOVAogICAgIDxzZWN0MSBjb25kaXRpb249InB2Omhhc0ZlYXR1cmUoJ0FpclByZXNzdXJlJykiPgogICAgICAgICA8dGl0bGU+VW5kZXJzdGFuZGluZyB0aGUgQWlyIFByZXNzdXJlIEdhdWdlPC90aXRsZT4KLSAgICAgICAgPHBhcmE+TG9yZW0gaXBzdW0gZG9sb3Igc2l0IGFtZXQsIGNvbnNldGV0dXIgc2FkaXBzY2luZyBlbGl0ciwgc2VkIGRpYW0gbm9udW15IGVpcm1vZCB0ZW1wb3IKLSAgICAgICAgICAgIGludmlkdW50IHV0IGxhYm9yZSBldCBkb2xvcmUgbWFnbmEgYWxpcXV5YW0gZXJhdCwgc2VkIGRpYW0gdm9sdXB0dWEuIEF0IHZlcm8gZW9zIGV0Ci0gICAgICAgICAgICBhY2N1c2FtIGV0IGp1c3RvIGR1byBkb2xvcmVzIGV0IGVhIHJlYnVtLiBTdGV0IGNsaXRhIGthc2QgZ3ViZXJncmVuLCBubyBzZWEgdGFraW1hdGEKLSAgICAgICAgICAgIHNhbmN0dXMgZXN0IExvcmVtIGlwc3VtIGRvbG9yIHNpdCBhbWV0LjwvcGFyYT4KKyAgICAgICAgPHBhcmE+RGVyIEx1ZnRkcnVjayBhbiBlaW5lbSBiZWxpZWJpZ2VuIE9ydCBkZXIgRXJkYXRtb3NwaMOkcmUgaXN0IGRlciBoeWRyb3N0YXRpc2NoZSBEcnVjayBkZXIgTHVmdCwgZGVyIGFuIGRpZXNlbSBPcnQgaGVycnNjaHQuIERpZXNlciBEcnVjayBlbnRzdGVodCAodmVyYW5zY2hhdWxpY2h0KSBkdXJjaCBkaWUgR2V3aWNodHNrcmFmdCBkZXIgTHVmdHPDpHVsZSwgZGllIGF1ZiBkZXIgRXJkb2JlcmZsw6RjaGUgb2RlciBlaW5lbSBLw7ZycGVyIHN0ZWh0LiBEZXIgbWl0dGxlcmUgTHVmdGRydWNrIGRlciBBdG1vc3Bow6RyZSAoYXRtb3NwaMOkcmlzY2hlciBEcnVjaykgYXVmIE1lZXJlc2jDtmhlIGJldHLDpGd0IG5vcm1nZW3DpMOfIDEwMSAzMjUgUGEgPSAxMDEsMzI1IGtQYSA9IDEgMDEzLDI1IGhQYSDiiYggMSBiYXIuLjwvcGFyYT4vL0F1dGhvcmVkIGJ5OiBsZXRpbW9tZSBpbiBjb21taXQ6ZTgxOGVmN2UwNDIxYTZjMDY1OWZmYWY1Yjg5ODkwN2FmYTM0YjZlZSwgd2l0aCBtZXNzYWdlOnByb2R1Y3QgYmVybGluIGNoYW5nZXMgCiAgICAgPC9zZWN0MT4K','e818ef7e0421a6c0659ffaf5b898907afa34b6ee; ','product berlin changes
; ','ZGlmZiAtLWdpdCBhL2lucHV0L1dlYXRoZXIgU3RhdGlvbiBVc2VyIE1hbnVhbC54bWwgYi9pbnB1dC9XZWF0aGVyIFN0YXRpb24gVXNlciBNYW51YWwueG1sCmluZGV4IDY2MTE1YWMuLmI2ZDE4ZWIgMTAwNjQ0Ci0tLSBhL2lucHV0L1dlYXRoZXIgU3RhdGlvbiBVc2VyIE1hbnVhbC54bWwKKysrIGIvaW5wdXQvV2VhdGhlciBTdGF0aW9uIFVzZXIgTWFudWFsLnhtbApAQCAtMTUsMTAgKzE1LDcgQEAKICAgICA8L3NlY3QxPgogICAgIDxzZWN0MSBjb25kaXRpb249InB2Omhhc0ZlYXR1cmUoJ0FpclByZXNzdXJlJykiPgogICAgICAgICA8dGl0bGU+VW5kZXJzdGFuZGluZyB0aGUgQWlyIFByZXNzdXJlIEdhdWdlPC90aXRsZT4KLSAgICAgICAgPHBhcmE+TG9yZW0gaXBzdW0gZG9sb3Igc2l0IGFtZXQsIGNvbnNldGV0dXIgc2FkaXBzY2luZyBlbGl0ciwgc2VkIGRpYW0gbm9udW15IGVpcm1vZCB0ZW1wb3IKLSAgICAgICAgICAgIGludmlkdW50IHV0IGxhYm9yZSBldCBkb2xvcmUgbWFnbmEgYWxpcXV5YW0gZXJhdCwgc2VkIGRpYW0gdm9sdXB0dWEuIEF0IHZlcm8gZW9zIGV0Ci0gICAgICAgICAgICBhY2N1c2FtIGV0IGp1c3RvIGR1byBkb2xvcmVzIGV0IGVhIHJlYnVtLiBTdGV0IGNsaXRhIGthc2QgZ3ViZXJncmVuLCBubyBzZWEgdGFraW1hdGEKLSAgICAgICAgICAgIHNhbmN0dXMgZXN0IExvcmVtIGlwc3VtIGRvbG9yIHNpdCBhbWV0LjwvcGFyYT4KKyAgICAgICAgPHBhcmE+RGVyIEx1ZnRkcnVjayBhbiBlaW5lbSBiZWxpZWJpZ2VuIE9ydCBkZXIgRXJkYXRtb3NwaMOkcmUgaXN0IGRlciBoeWRyb3N0YXRpc2NoZSBEcnVjayBkZXIgTHVmdCwgZGVyIGFuIGRpZXNlbSBPcnQgaGVycnNjaHQuIERpZXNlciBEcnVjayBlbnRzdGVodCAodmVyYW5zY2hhdWxpY2h0KSBkdXJjaCBkaWUgR2V3aWNodHNrcmFmdCBkZXIgTHVmdHPDpHVsZSwgZGllIGF1ZiBkZXIgRXJkb2JlcmZsw6RjaGUgb2RlciBlaW5lbSBLw7ZycGVyIHN0ZWh0LiBEZXIgbWl0dGxlcmUgTHVmdGRydWNrIGRlciBBdG1vc3Bow6RyZSAoYXRtb3NwaMOkcmlzY2hlciBEcnVjaykgYXVmIE1lZXJlc2jDtmhlIGJldHLDpGd0IG5vcm1nZW3DpMOfIDEwMSAzMjUgUGEgPSAxMDEsMzI1IGtQYSA9IDEgMDEzLDI1IGhQYSDiiYggMSBiYXIuLjwvcGFyYT4KICAgICA8L3NlY3QxPgogICAgIDxzZWN0MSBjb25kaXRpb249InB2Omhhc0ZlYXR1cmUoJ1RlbXBlcmF0dXJlJykiPgogICAgICAgICA8dGl0bGU+VW5kZXJzdGFuZGluZyB0aGUgVGhlcm1vbWV0ZXI8L3RpdGxlPgpAQCAtMzMsMTAgKzMwLDcgQEAKICAgICA8L3NlY3QxPgogICAgIDxzZWN0MSBjb25kaXRpb249InB2Omhhc0ZlYXR1cmUoJ1dpbmRTcGVlZCcpIj4KICAgICAgICAgPHRpdGxlPlVuZGVyc3RhbmRpbmcgdGhlIFdpbmQgU3BlZWQgR2F1Z2U8L3RpdGxlPgotICAgICAgICA8cGFyYT5Mb3JlbSBpcHN1bSBkb2xvciBzaXQgYW1ldCwgY29uc2V0ZXR1ciBzYWRpcHNjaW5nIGVsaXRyLCBzZWQgZGlhbSBub251bXkgZWlybW9kIHRlbXBvcgotICAgICAgICAgICAgaW52aWR1bnQgdXQgbGFib3JlIGV0IGRvbG9yZSBtYWduYSBhbGlxdXlhbSBlcmF0LCBzZWQgZGlhbSB2b2x1cHR1YS4gQXQgdmVybyBlb3MgZXQKLSAgICAgICAgICAgIGFjY3VzYW0gZXQganVzdG8gZHVvIGRvbG9yZXMgZXQgZWEgcmVidW0uIFN0ZXQgY2xpdGEga2FzZCBndWJlcmdyZW4sIG5vIHNlYSB0YWtpbWF0YQotICAgICAgICAgICAgc2FuY3R1cyBlc3QgTG9yZW0gaXBzdW0gZG9sb3Igc2l0IGFtZXQuPC9wYXJhPgorICAgICAgICA8cGFyYT5EaWUgV2luZGdlc2Nod2luZGlna2VpdCBpc3QgZGllIEdlc2Nod2luZGlna2VpdCBkZXIgTHVmdCBnZWdlbsO8YmVyIGRlbSBCb2Rlbi4gU2llIGlzdCBlaW5lIGdlcmljaHRldGUgR3LDtsOfZSwgZGVmaW5pZXJ0IGFscyBWZWt0b3IgbWl0IGVpbmVyIHdhYWdlcmVjaHRlbiB1bmQgZWluZXIgc2Vua3JlY2h0ZW4gS29tcG9uZW50ZS4gRGllc2VyIHdpcmQgamVkb2NoIGluIGRlciBQcmF4aXMgbWVpc3QgYXVmIGRpZSBob3Jpem9udGFsZSBLb21wb25lbnRlIGJlc2NocsOkbmt0IHVuZCBkdXJjaCBiZXN0aW1tdGUgR2VzY2h3aW5kaWdrZWl0c2ludGVydmFsbGUgaW4gZWluZSBXaW5kc3TDpHJrZSBrYXRlZ29yaXNpZXJ0LiBFcyB3aXJkIGRhZHVyY2ggbcO2Z2xpY2gsIGRlbiBHZXNjaHdpbmRpZ2tlaXRzdmVrdG9yIGFud2VuZHVuZ3NvcmllbnRpZXJ0IGF1Znp1YmVyZWl0ZW4sIHVtIGRpZSBqZXdlaWxzIHJlbGV2YW50ZW4gRWxlbWVudGUgaGllcm5hY2ggYmVpc3BpZWxzd2Vpc2UgaW4gV2V0dGVya2FydGVuIGVpbnRyYWdlbiB6dSBrw7ZubmVuLiBGw7xyIGJlc3RpbW10ZSBBbndlbmR1bmdlbiB3aWUgZGllIEx1ZnRmYWhydCBpc3QgamVkb2NoIGF1Y2ggZGllIHZlcnRpa2FsZSBLb21wb25lbnRlIGRlciBXaW5kZ2VzY2h3aW5kaWdrZWl0IHdpY2h0aWcsIGJlaXNwaWVsc3dlaXNlIHVtIEF1ZndpbmRlIGbDvHIgU2VnZWxmbHVnemV1Z2Ugb2RlciBHbGVpdHNjaGlybWUgYWJ6dXNjaMOkdHplbi48L3BhcmE+CiAgICAgICAgIDxzZWN0MiBjb25kaXRpb249InB2Omhhc0ZlYXR1cmUoJ0dhbGUnKSI+CiAgICAgICAgICAgICA8dGl0bGU+R2FsZSBXYXJuaW5nPC90aXRsZT4KICAgICAgICAgICAgIDxwYXJhPkxvcmVtIGlwc3VtIGRvbG9yIHNpdCBhbWV0LCBjb25zZXRldHVyIHNhZGlwc2NpbmcgZWxpdHIsIHNlZCBkaWFtIG5vbnVteSBlaXJtb2QgdGVtcG9yIGludmlkdW50IHV0IGxhYm9yZSBldCBkb2xvcmUgbWFnbmEgYWxpcXV5YW0gZXJhdCwgc2VkIGRpYW0gdm9sdXB0dWEuIEF0IHZlcm8gZW9zIGV0IGFjY3VzYW0gZXQganVzdG8gZHVvIGRvbG9yZXMgZXQgZWEgcmVidW0uIFN0ZXQgY2xpdGEga2FzZCBndWJlcmdyZW4sIG5vIHNlYSB0YWtpbWF0YSBzYW5jdHVzIGVzdCBMb3JlbSBpcHN1bSBkb2xvciBzaXQgYW1ldC48L3BhcmE+Cg==',250,1,1,'CHANGE_OUTSIDE_VARIATION_POINT');
INSERT IGNORE INTO developer_group (id_developer_group) VALUES 
(2);
INSERT IGNORE INTO developer_bridge (id_developer_group,id_developer) VALUES 
(2,1);
INSERT IGNORE INTO variation_point (idvariationpoint, expression, idcoreasset,id_feature_group) VALUES
(252,'No Expression',1,0);
INSERT IGNORE INTO customization_fact (idcustomization, lines_added,lines_deleted,custom_diff,commit_set,message_set,greater_diff,idvariationpoint,id_developer_group, idproductrelease, type) VALUES
(2,1,4,'ZGlmZiAtLWdpdCBhL2lucHV0L1dlYXRoZXIgU3RhdGlvbiBVc2VyIE1hbnVhbC54bWwgYi9pbnB1dC9XZWF0aGVyIFN0YXRpb24gVXNlciBNYW51YWwueG1sCmluZGV4IDY2MTE1YWMuLmI2ZDE4ZWIgMTAwNjQ0Ci0tLSBhL2lucHV0L1dlYXRoZXIgU3RhdGlvbiBVc2VyIE1hbnVhbC54bWwKKysrIGIvaW5wdXQvV2VhdGhlciBTdGF0aW9uIFVzZXIgTWFudWFsLnhtbApAQCAtMzQsNiArMzEsMyBAQCBFeHByZXNzaW9uOiBObyBFeHByZXNzaW9uQ2hhbmdlIFR5cGU6IENIQU5HRV9PVVRTSURFX1ZBUklBVElPTl9QT0lOVAogICAgIDxzZWN0MSBjb25kaXRpb249InB2Omhhc0ZlYXR1cmUoJ1dpbmRTcGVlZCcpIj4KICAgICAgICAgPHRpdGxlPlVuZGVyc3RhbmRpbmcgdGhlIFdpbmQgU3BlZWQgR2F1Z2U8L3RpdGxlPgotICAgICAgICA8cGFyYT5Mb3JlbSBpcHN1bSBkb2xvciBzaXQgYW1ldCwgY29uc2V0ZXR1ciBzYWRpcHNjaW5nIGVsaXRyLCBzZWQgZGlhbSBub251bXkgZWlybW9kIHRlbXBvcgotICAgICAgICAgICAgaW52aWR1bnQgdXQgbGFib3JlIGV0IGRvbG9yZSBtYWduYSBhbGlxdXlhbSBlcmF0LCBzZWQgZGlhbSB2b2x1cHR1YS4gQXQgdmVybyBlb3MgZXQKLSAgICAgICAgICAgIGFjY3VzYW0gZXQganVzdG8gZHVvIGRvbG9yZXMgZXQgZWEgcmVidW0uIFN0ZXQgY2xpdGEga2FzZCBndWJlcmdyZW4sIG5vIHNlYSB0YWtpbWF0YQotICAgICAgICAgICAgc2FuY3R1cyBlc3QgTG9yZW0gaXBzdW0gZG9sb3Igc2l0IGFtZXQuPC9wYXJhPgorICAgICAgICA8cGFyYT5EaWUgV2luZGdlc2Nod2luZGlna2VpdCBpc3QgZGllIEdlc2Nod2luZGlna2VpdCBkZXIgTHVmdCBnZWdlbsO8YmVyIGRlbSBCb2Rlbi4gU2llIGlzdCBlaW5lIGdlcmljaHRldGUgR3LDtsOfZSwgZGVmaW5pZXJ0IGFscyBWZWt0b3IgbWl0IGVpbmVyIHdhYWdlcmVjaHRlbiB1bmQgZWluZXIgc2Vua3JlY2h0ZW4gS29tcG9uZW50ZS4gRGllc2VyIHdpcmQgamVkb2NoIGluIGRlciBQcmF4aXMgbWVpc3QgYXVmIGRpZSBob3Jpem9udGFsZSBLb21wb25lbnRlIGJlc2NocsOkbmt0IHVuZCBkdXJjaCBiZXN0aW1tdGUgR2VzY2h3aW5kaWdrZWl0c2ludGVydmFsbGUgaW4gZWluZSBXaW5kc3TDpHJrZSBrYXRlZ29yaXNpZXJ0LiBFcyB3aXJkIGRhZHVyY2ggbcO2Z2xpY2gsIGRlbiBHZXNjaHdpbmRpZ2tlaXRzdmVrdG9yIGFud2VuZHVuZ3NvcmllbnRpZXJ0IGF1Znp1YmVyZWl0ZW4sIHVtIGRpZSBqZXdlaWxzIHJlbGV2YW50ZW4gRWxlbWVudGUgaGllcm5hY2ggYmVpc3BpZWxzd2Vpc2UgaW4gV2V0dGVya2FydGVuIGVpbnRyYWdlbiB6dSBrw7ZubmVuLiBGw7xyIGJlc3RpbW10ZSBBbndlbmR1bmdlbiB3aWUgZGllIEx1ZnRmYWhydCBpc3QgamVkb2NoIGF1Y2ggZGllIHZlcnRpa2FsZSBLb21wb25lbnRlIGRlciBXaW5kZ2VzY2h3aW5kaWdrZWl0IHdpY2h0aWcsIGJlaXNwaWVsc3dlaXNlIHVtIEF1ZndpbmRlIGbDvHIgU2VnZWxmbHVnemV1Z2Ugb2RlciBHbGVpdHNjaGlybWUgYWJ6dXNjaMOkdHplbi48L3BhcmE+Ly9BdXRob3JlZCBieTogbGV0aW1vbWUgaW4gY29tbWl0OmU4MThlZjdlMDQyMWE2YzA2NTlmZmFmNWI4OTg5MDdhZmEzNGI2ZWUsIHdpdGggbWVzc2FnZTpwcm9kdWN0IGJlcmxpbiBjaGFuZ2VzIAo=','e818ef7e0421a6c0659ffaf5b898907afa34b6ee; ','product berlin changes
; ','ZGlmZiAtLWdpdCBhL2lucHV0L1dlYXRoZXIgU3RhdGlvbiBVc2VyIE1hbnVhbC54bWwgYi9pbnB1dC9XZWF0aGVyIFN0YXRpb24gVXNlciBNYW51YWwueG1sCmluZGV4IDY2MTE1YWMuLmI2ZDE4ZWIgMTAwNjQ0Ci0tLSBhL2lucHV0L1dlYXRoZXIgU3RhdGlvbiBVc2VyIE1hbnVhbC54bWwKKysrIGIvaW5wdXQvV2VhdGhlciBTdGF0aW9uIFVzZXIgTWFudWFsLnhtbApAQCAtMTUsMTAgKzE1LDcgQEAKICAgICA8L3NlY3QxPgogICAgIDxzZWN0MSBjb25kaXRpb249InB2Omhhc0ZlYXR1cmUoJ0FpclByZXNzdXJlJykiPgogICAgICAgICA8dGl0bGU+VW5kZXJzdGFuZGluZyB0aGUgQWlyIFByZXNzdXJlIEdhdWdlPC90aXRsZT4KLSAgICAgICAgPHBhcmE+TG9yZW0gaXBzdW0gZG9sb3Igc2l0IGFtZXQsIGNvbnNldGV0dXIgc2FkaXBzY2luZyBlbGl0ciwgc2VkIGRpYW0gbm9udW15IGVpcm1vZCB0ZW1wb3IKLSAgICAgICAgICAgIGludmlkdW50IHV0IGxhYm9yZSBldCBkb2xvcmUgbWFnbmEgYWxpcXV5YW0gZXJhdCwgc2VkIGRpYW0gdm9sdXB0dWEuIEF0IHZlcm8gZW9zIGV0Ci0gICAgICAgICAgICBhY2N1c2FtIGV0IGp1c3RvIGR1byBkb2xvcmVzIGV0IGVhIHJlYnVtLiBTdGV0IGNsaXRhIGthc2QgZ3ViZXJncmVuLCBubyBzZWEgdGFraW1hdGEKLSAgICAgICAgICAgIHNhbmN0dXMgZXN0IExvcmVtIGlwc3VtIGRvbG9yIHNpdCBhbWV0LjwvcGFyYT4KKyAgICAgICAgPHBhcmE+RGVyIEx1ZnRkcnVjayBhbiBlaW5lbSBiZWxpZWJpZ2VuIE9ydCBkZXIgRXJkYXRtb3NwaMOkcmUgaXN0IGRlciBoeWRyb3N0YXRpc2NoZSBEcnVjayBkZXIgTHVmdCwgZGVyIGFuIGRpZXNlbSBPcnQgaGVycnNjaHQuIERpZXNlciBEcnVjayBlbnRzdGVodCAodmVyYW5zY2hhdWxpY2h0KSBkdXJjaCBkaWUgR2V3aWNodHNrcmFmdCBkZXIgTHVmdHPDpHVsZSwgZGllIGF1ZiBkZXIgRXJkb2JlcmZsw6RjaGUgb2RlciBlaW5lbSBLw7ZycGVyIHN0ZWh0LiBEZXIgbWl0dGxlcmUgTHVmdGRydWNrIGRlciBBdG1vc3Bow6RyZSAoYXRtb3NwaMOkcmlzY2hlciBEcnVjaykgYXVmIE1lZXJlc2jDtmhlIGJldHLDpGd0IG5vcm1nZW3DpMOfIDEwMSAzMjUgUGEgPSAxMDEsMzI1IGtQYSA9IDEgMDEzLDI1IGhQYSDiiYggMSBiYXIuLjwvcGFyYT4KICAgICA8L3NlY3QxPgogICAgIDxzZWN0MSBjb25kaXRpb249InB2Omhhc0ZlYXR1cmUoJ1RlbXBlcmF0dXJlJykiPgogICAgICAgICA8dGl0bGU+VW5kZXJzdGFuZGluZyB0aGUgVGhlcm1vbWV0ZXI8L3RpdGxlPgpAQCAtMzMsMTAgKzMwLDcgQEAKICAgICA8L3NlY3QxPgogICAgIDxzZWN0MSBjb25kaXRpb249InB2Omhhc0ZlYXR1cmUoJ1dpbmRTcGVlZCcpIj4KICAgICAgICAgPHRpdGxlPlVuZGVyc3RhbmRpbmcgdGhlIFdpbmQgU3BlZWQgR2F1Z2U8L3RpdGxlPgotICAgICAgICA8cGFyYT5Mb3JlbSBpcHN1bSBkb2xvciBzaXQgYW1ldCwgY29uc2V0ZXR1ciBzYWRpcHNjaW5nIGVsaXRyLCBzZWQgZGlhbSBub251bXkgZWlybW9kIHRlbXBvcgotICAgICAgICAgICAgaW52aWR1bnQgdXQgbGFib3JlIGV0IGRvbG9yZSBtYWduYSBhbGlxdXlhbSBlcmF0LCBzZWQgZGlhbSB2b2x1cHR1YS4gQXQgdmVybyBlb3MgZXQKLSAgICAgICAgICAgIGFjY3VzYW0gZXQganVzdG8gZHVvIGRvbG9yZXMgZXQgZWEgcmVidW0uIFN0ZXQgY2xpdGEga2FzZCBndWJlcmdyZW4sIG5vIHNlYSB0YWtpbWF0YQotICAgICAgICAgICAgc2FuY3R1cyBlc3QgTG9yZW0gaXBzdW0gZG9sb3Igc2l0IGFtZXQuPC9wYXJhPgorICAgICAgICA8cGFyYT5EaWUgV2luZGdlc2Nod2luZGlna2VpdCBpc3QgZGllIEdlc2Nod2luZGlna2VpdCBkZXIgTHVmdCBnZWdlbsO8YmVyIGRlbSBCb2Rlbi4gU2llIGlzdCBlaW5lIGdlcmljaHRldGUgR3LDtsOfZSwgZGVmaW5pZXJ0IGFscyBWZWt0b3IgbWl0IGVpbmVyIHdhYWdlcmVjaHRlbiB1bmQgZWluZXIgc2Vua3JlY2h0ZW4gS29tcG9uZW50ZS4gRGllc2VyIHdpcmQgamVkb2NoIGluIGRlciBQcmF4aXMgbWVpc3QgYXVmIGRpZSBob3Jpem9udGFsZSBLb21wb25lbnRlIGJlc2NocsOkbmt0IHVuZCBkdXJjaCBiZXN0aW1tdGUgR2VzY2h3aW5kaWdrZWl0c2ludGVydmFsbGUgaW4gZWluZSBXaW5kc3TDpHJrZSBrYXRlZ29yaXNpZXJ0LiBFcyB3aXJkIGRhZHVyY2ggbcO2Z2xpY2gsIGRlbiBHZXNjaHdpbmRpZ2tlaXRzdmVrdG9yIGFud2VuZHVuZ3NvcmllbnRpZXJ0IGF1Znp1YmVyZWl0ZW4sIHVtIGRpZSBqZXdlaWxzIHJlbGV2YW50ZW4gRWxlbWVudGUgaGllcm5hY2ggYmVpc3BpZWxzd2Vpc2UgaW4gV2V0dGVya2FydGVuIGVpbnRyYWdlbiB6dSBrw7ZubmVuLiBGw7xyIGJlc3RpbW10ZSBBbndlbmR1bmdlbiB3aWUgZGllIEx1ZnRmYWhydCBpc3QgamVkb2NoIGF1Y2ggZGllIHZlcnRpa2FsZSBLb21wb25lbnRlIGRlciBXaW5kZ2VzY2h3aW5kaWdrZWl0IHdpY2h0aWcsIGJlaXNwaWVsc3dlaXNlIHVtIEF1ZndpbmRlIGbDvHIgU2VnZWxmbHVnemV1Z2Ugb2RlciBHbGVpdHNjaGlybWUgYWJ6dXNjaMOkdHplbi48L3BhcmE+CiAgICAgICAgIDxzZWN0MiBjb25kaXRpb249InB2Omhhc0ZlYXR1cmUoJ0dhbGUnKSI+CiAgICAgICAgICAgICA8dGl0bGU+R2FsZSBXYXJuaW5nPC90aXRsZT4KICAgICAgICAgICAgIDxwYXJhPkxvcmVtIGlwc3VtIGRvbG9yIHNpdCBhbWV0LCBjb25zZXRldHVyIHNhZGlwc2NpbmcgZWxpdHIsIHNlZCBkaWFtIG5vbnVteSBlaXJtb2QgdGVtcG9yIGludmlkdW50IHV0IGxhYm9yZSBldCBkb2xvcmUgbWFnbmEgYWxpcXV5YW0gZXJhdCwgc2VkIGRpYW0gdm9sdXB0dWEuIEF0IHZlcm8gZW9zIGV0IGFjY3VzYW0gZXQganVzdG8gZHVvIGRvbG9yZXMgZXQgZWEgcmVidW0uIFN0ZXQgY2xpdGEga2FzZCBndWJlcmdyZW4sIG5vIHNlYSB0YWtpbWF0YSBzYW5jdHVzIGVzdCBMb3JlbSBpcHN1bSBkb2xvciBzaXQgYW1ldC48L3BhcmE+Cg==',252,2,1,'CHANGE_OUTSIDE_VARIATION_POINT');
INSERT IGNORE INTO developer_group (id_developer_group) VALUES 
(3);
INSERT IGNORE INTO customization_fact (idcustomization, lines_added,lines_deleted,custom_diff,commit_set,message_set,greater_diff,idvariationpoint,id_developer_group, idproductrelease, type) VALUES
(3,0,4,'ZGlmZiAtLWdpdCBhL2lucHV0L2pzL3NjYWxlLmpzIGIvaW5wdXQvanMvc2NhbGUuanMKaW5kZXggYzI3OWVhYS4uM2ZmOWE5OSAxMDA2NDQKLS0tIGEvaW5wdXQvanMvc2NhbGUuanMKKysrIGIvaW5wdXQvanMvc2NhbGUuanMKQEAgLTkxLDEwICs5MSw2IEBAIEV4cHJlc3Npb246ICAocHY6aGFzRmVhdHVyZSgnV2luZFNwZWVkJykpQ2hhbmdlIFR5cGU6IENIQU5HRV9JTl9WQVJJQVRJT05fUE9JTlRfQk9EWQogICAgIC5kYXRhKHJvb3QuZGVzY2VuZGFudHMoKSkKICAgICAuZW50ZXIoKS5hcHBlbmQoImciKQogICAgICAgIC5hdHRyKCJ0cmFuc2Zvcm0iLCBmdW5jdGlvbihkKSB7IHJldHVybiAidHJhbnNsYXRlKCIgKyBkLngwICsgIiwiICsgZC55MCArICIpIjsgfSkKLSAgICAgIC5hdHRyKCJjbGFzcyIsICJub2RlIikKLSAgICAgIC5lYWNoKGZ1bmN0aW9uKGQpIHsgZC5ub2RlID0gdGhpczsgfSkKLSAgICAgIC5vbigibW91c2VvdmVyIiwgaG92ZXJlZCh0cnVlKSkKLSAgICAgIC5vbigibW91c2VvdXQiLCBob3ZlcmVkKGZhbHNlKSkKICAgICAub24oImNsaWNrIiwgZnVuY3Rpb24oZCl7CiAgICAgCSAgICBpZihkLmRhdGEub3BlcmF0aW9uPT09InJldXNlZCIpIHdpbmRvdy5hbGVydCgiVGhpcyBhc3NldCBkb2VzIG5vdCBoYXZlIGFueSBEaWZmIGFzc29jaWF0ZWQhXG4gU2VsZWN0IGFub3RoZXIgYXNzZXQiKTsKICAgICAJICAgIGVsc2V7Cg==','','','ZGlmZiAtLWdpdCBhL2lucHV0L2pzL3NjYWxlLmpzIGIvaW5wdXQvanMvc2NhbGUuanMKaW5kZXggYzI3OWVhYS4uM2ZmOWE5OSAxMDA2NDQKLS0tIGEvaW5wdXQvanMvc2NhbGUuanMKKysrIGIvaW5wdXQvanMvc2NhbGUuanMKQEAgLTkxLDEwICs5MSw2IEBACiAgICAgLmRhdGEocm9vdC5kZXNjZW5kYW50cygpKQogICAgIC5lbnRlcigpLmFwcGVuZCgiZyIpCiAgICAgICAgLmF0dHIoInRyYW5zZm9ybSIsIGZ1bmN0aW9uKGQpIHsgcmV0dXJuICJ0cmFuc2xhdGUoIiArIGQueDAgKyAiLCIgKyBkLnkwICsgIikiOyB9KQotICAgICAgLmF0dHIoImNsYXNzIiwgIm5vZGUiKQotICAgICAgLmVhY2goZnVuY3Rpb24oZCkgeyBkLm5vZGUgPSB0aGlzOyB9KQotICAgICAgLm9uKCJtb3VzZW92ZXIiLCBob3ZlcmVkKHRydWUpKQotICAgICAgLm9uKCJtb3VzZW91dCIsIGhvdmVyZWQoZmFsc2UpKQogICAgIC5vbigiY2xpY2siLCBmdW5jdGlvbihkKXsKICAgICAJICAgIGlmKGQuZGF0YS5vcGVyYXRpb249PT0icmV1c2VkIikgd2luZG93LmFsZXJ0KCJUaGlzIGFzc2V0IGRvZXMgbm90IGhhdmUgYW55IERpZmYgYXNzb2NpYXRlZCFcbiBTZWxlY3QgYW5vdGhlciBhc3NldCIpOwogICAgIAkgICAgZWxzZXsKQEAgLTEwMyw2ICs5OSwxMCBAQAogICAgIAkJICAgIHdpbmRvdy5sb2NhdGlvbi5ocmVmID0gImh0dHA6Ly9sb2NhbGhvc3Q6ODA4MC9maWxlX3ZwX3N0cnVjdHVyZT9wcj0iICtkLmRhdGEucHIrIiZmaWxlPSIrIGQuZGF0YS5wX2Fzc2V0X2lkOwogICAgIAkJICAgIC8qXV0+Ki8JCiAgICAgCSAgICB9ICB9KTsKKworCXZhciBjb2xvciA9IGQzLnNjYWxlTGluZWFyKCkKKwkJLmRvbWFpbihbMSwgNl0pCisJCS5yYW5nZShbJyMwMGI3MDAnLCcjZmY5YTAwJywnI0U4NDY0NiInXSk7IAkKIC8vIFBWOkVORENPTkQKIAogCg==',14,3,1,'CHANGE_IN_VARIATION_POINT_BODY');
INSERT IGNORE INTO developer_group (id_developer_group) VALUES 
(4);
INSERT IGNORE INTO developer_bridge (id_developer_group,id_developer) VALUES 
(4,1);
INSERT IGNORE INTO customization_fact (idcustomization, lines_added,lines_deleted,custom_diff,commit_set,message_set,greater_diff,idvariationpoint,id_developer_group, idproductrelease, type) VALUES
(4,4,0,'ZGlmZiAtLWdpdCBhL2lucHV0L2pzL3NjYWxlLmpzIGIvaW5wdXQvanMvc2NhbGUuanMKaW5kZXggYzI3OWVhYS4uM2ZmOWE5OSAxMDA2NDQKLS0tIGEvaW5wdXQvanMvc2NhbGUuanMKKysrIGIvaW5wdXQvanMvc2NhbGUuanMKQEAgLTEwMyw2ICs5OSwxMCBAQCBFeHByZXNzaW9uOiAgKHB2Omhhc0ZlYXR1cmUoJ1dpbmRTcGVlZCcpKUNoYW5nZSBUeXBlOiBDSEFOR0VfSU5fVkFSSUFUSU9OX1BPSU5UX0JPRFkKICAgICAJCSAgICB3aW5kb3cubG9jYXRpb24uaHJlZiA9ICJodHRwOi8vbG9jYWxob3N0OjgwODAvZmlsZV92cF9zdHJ1Y3R1cmU/cHI9IiArZC5kYXRhLnByKyImZmlsZT0iKyBkLmRhdGEucF9hc3NldF9pZDsKICAgICAJCSAgICAvKl1dPiovCQogICAgIAkgICAgfSAgfSk7CisvL0F1dGhvcmVkIGJ5OiBsZXRpbW9tZSBpbiBjb21taXQ6ZTgxOGVmN2UwNDIxYTZjMDY1OWZmYWY1Yjg5ODkwN2FmYTM0YjZlZSwgd2l0aCBtZXNzYWdlOnByb2R1Y3QgYmVybGluIGNoYW5nZXMgCisJdmFyIGNvbG9yID0gZDMuc2NhbGVMaW5lYXIoKS8vQXV0aG9yZWQgYnk6IGxldGltb21lIGluIGNvbW1pdDplODE4ZWY3ZTA0MjFhNmMwNjU5ZmZhZjViODk4OTA3YWZhMzRiNmVlLCB3aXRoIG1lc3NhZ2U6cHJvZHVjdCBiZXJsaW4gY2hhbmdlcyAKKwkJLmRvbWFpbihbMSwgNl0pLy9BdXRob3JlZCBieTogbGV0aW1vbWUgaW4gY29tbWl0OmU4MThlZjdlMDQyMWE2YzA2NTlmZmFmNWI4OTg5MDdhZmEzNGI2ZWUsIHdpdGggbWVzc2FnZTpwcm9kdWN0IGJlcmxpbiBjaGFuZ2VzIAorCQkucmFuZ2UoWycjMDBiNzAwJywnI2ZmOWEwMCcsJyNFODQ2NDYiJ10pOyAJLy9BdXRob3JlZCBieTogbGV0aW1vbWUgaW4gY29tbWl0OmU4MThlZjdlMDQyMWE2YzA2NTlmZmFmNWI4OTg5MDdhZmEzNGI2ZWUsIHdpdGggbWVzc2FnZTpwcm9kdWN0IGJlcmxpbiBjaGFuZ2VzIAogLy8gUFY6RU5EQ09ORAogCiAK','e818ef7e0421a6c0659ffaf5b898907afa34b6ee; e818ef7e0421a6c0659ffaf5b898907afa34b6ee; e818ef7e0421a6c0659ffaf5b898907afa34b6ee; e818ef7e0421a6c0659ffaf5b898907afa34b6ee; ','product berlin changes
; ','ZGlmZiAtLWdpdCBhL2lucHV0L2pzL3NjYWxlLmpzIGIvaW5wdXQvanMvc2NhbGUuanMKaW5kZXggYzI3OWVhYS4uM2ZmOWE5OSAxMDA2NDQKLS0tIGEvaW5wdXQvanMvc2NhbGUuanMKKysrIGIvaW5wdXQvanMvc2NhbGUuanMKQEAgLTkxLDEwICs5MSw2IEBACiAgICAgLmRhdGEocm9vdC5kZXNjZW5kYW50cygpKQogICAgIC5lbnRlcigpLmFwcGVuZCgiZyIpCiAgICAgICAgLmF0dHIoInRyYW5zZm9ybSIsIGZ1bmN0aW9uKGQpIHsgcmV0dXJuICJ0cmFuc2xhdGUoIiArIGQueDAgKyAiLCIgKyBkLnkwICsgIikiOyB9KQotICAgICAgLmF0dHIoImNsYXNzIiwgIm5vZGUiKQotICAgICAgLmVhY2goZnVuY3Rpb24oZCkgeyBkLm5vZGUgPSB0aGlzOyB9KQotICAgICAgLm9uKCJtb3VzZW92ZXIiLCBob3ZlcmVkKHRydWUpKQotICAgICAgLm9uKCJtb3VzZW91dCIsIGhvdmVyZWQoZmFsc2UpKQogICAgIC5vbigiY2xpY2siLCBmdW5jdGlvbihkKXsKICAgICAJICAgIGlmKGQuZGF0YS5vcGVyYXRpb249PT0icmV1c2VkIikgd2luZG93LmFsZXJ0KCJUaGlzIGFzc2V0IGRvZXMgbm90IGhhdmUgYW55IERpZmYgYXNzb2NpYXRlZCFcbiBTZWxlY3QgYW5vdGhlciBhc3NldCIpOwogICAgIAkgICAgZWxzZXsKQEAgLTEwMyw2ICs5OSwxMCBAQAogICAgIAkJICAgIHdpbmRvdy5sb2NhdGlvbi5ocmVmID0gImh0dHA6Ly9sb2NhbGhvc3Q6ODA4MC9maWxlX3ZwX3N0cnVjdHVyZT9wcj0iICtkLmRhdGEucHIrIiZmaWxlPSIrIGQuZGF0YS5wX2Fzc2V0X2lkOwogICAgIAkJICAgIC8qXV0+Ki8JCiAgICAgCSAgICB9ICB9KTsKKworCXZhciBjb2xvciA9IGQzLnNjYWxlTGluZWFyKCkKKwkJLmRvbWFpbihbMSwgNl0pCisJCS5yYW5nZShbJyMwMGI3MDAnLCcjZmY5YTAwJywnI0U4NDY0NiInXSk7IAkKIC8vIFBWOkVORENPTkQKIAogCg==',14,4,1,'CHANGE_IN_VARIATION_POINT_BODY');
INSERT IGNORE INTO developer_group (id_developer_group) VALUES 
(5);
INSERT IGNORE INTO developer_bridge (id_developer_group,id_developer) VALUES 
(5,1);
INSERT IGNORE INTO customization_fact (idcustomization, lines_added,lines_deleted,custom_diff,commit_set,message_set,greater_diff,idvariationpoint,id_developer_group, idproductrelease, type) VALUES
(5,3,2,'ZGlmZiAtLWdpdCBhL2lucHV0L2pzL3NlbnNvcnMuanMgYi9pbnB1dC9qcy9zZW5zb3JzLmpzCmluZGV4IDU4ZDQ0NDEuLmU4NjAwN2YgMTAwNjQ0Ci0tLSBhL2lucHV0L2pzL3NlbnNvcnMuanMKKysrIGIvaW5wdXQvanMvc2Vuc29ycy5qcwpAQCAtNDAsMTQgKzQwLDE1IEBAIEV4cHJlc3Npb246ICAocHY6aGFzRmVhdHVyZSgnV2luZFNwZWVkJykgb3IgcHY6aGFzRmVhdHVyZSgnQWlyUHJlc3N1cmUnKSlDaGFuZ2UgVHlwZTogQ0hBTkdFX0lOX1ZBUklBVElPTl9QT0lOVF9CT0RZCiAJCXZhciBtZWFzdXJlID0gbWVhc3VyZVRleHQudmFsdWU7CiAJCXZhciBpbnRWYWx1ZSA9IGNoZWNrTWVhc3VyZShtaW4sIG1heCwgbWVhc3VyZSk7CiAJCWlmIChpc05hTihpbnRWYWx1ZSkpIHJldHVybiBmYWxzZTsKKwkJdmFyIHJvb3QgPSBzdHJhdGlmeShkYXRhKS8vQXV0aG9yZWQgYnk6IGxldGltb21lIGluIGNvbW1pdDplODE4ZWY3ZTA0MjFhNmMwNjU5ZmZhZjViODk4OTA3YWZhMzRiNmVlLCB3aXRoIG1lc3NhZ2U6cHJvZHVjdCBiZXJsaW4gY2hhbmdlcyAKKwkgICAgICAuc3VtKGZ1bmN0aW9uKGQpIHsgcmV0dXJuIGQudmFsdWU7IH0pLy9BdXRob3JlZCBieTogbGV0aW1vbWUgaW4gY29tbWl0OmU4MThlZjdlMDQyMWE2YzA2NTlmZmFmNWI4OTg5MDdhZmEzNGI2ZWUsIHdpdGggbWVzc2FnZTpwcm9kdWN0IGJlcmxpbiBjaGFuZ2VzIAorCSAgICAgIC5zb3J0KGZ1bmN0aW9uKGEsIGIpIHsgcmV0dXJuIGIuaGVpZ2h0IC0gYS5oZWlnaHQgfHwgYi52YWx1ZSAtIGEudmFsdWU7IH0pOy8vQXV0aG9yZWQgYnk6IGxldGltb21lIGluIGNvbW1pdDplODE4ZWY3ZTA0MjFhNmMwNjU5ZmZhZjViODk4OTA3YWZhMzRiNmVlLCB3aXRoIG1lc3NhZ2U6cHJvZHVjdCBiZXJsaW4gY2hhbmdlcyAKIAkJZnVuY3Rpb24gZ2V0TWV0YUNvbnRlbnRCeU5hbWUobmFtZSxjb250ZW50KXsKIAkJCSAgIHZhciBjb250ZW50ID0gKGNvbnRlbnQ9PW51bGwpPydjb250ZW50Jzpjb250ZW50OwogCQkJICAgcmV0dXJuIGRvY3VtZW50LnF1ZXJ5U2VsZWN0b3IoIm1ldGFbbmFtZT0nIituYW1lKyInXSIpLmdldEF0dHJpYnV0ZShjb250ZW50KTsKIAkJCX0KIAkJCQogCQkJJChkb2N1bWVudCkucmVhZHkoZnVuY3Rpb24oKXsKLQkJCQkvL2NvbnNvbGUubG9nKGRpZmZTdHJpbmcpOyAvL2RpZmZTdHJpbmcgc2hvdWxkIGJlIHRoZSB2YWx1ZSBvZiBkaWZmdmlldyB2YWx1ZQotCQkJCS8vZ2V0IHNlbGVjdCgiI2RpZmZ2YWx1ZSIpLiBtZXRhZGF0YQogCQkJCXZhciBkaWZmdmFsdWUgPSBnZXRNZXRhQ29udGVudEJ5TmFtZSgiZGlmZnZhbHVlIik7CiAJCQkJaWYgKGRpZmZ2YWx1ZT09bnVsbCkgcmV0dXJuIG51bGw7CiAJCQl9KTsK','e818ef7e0421a6c0659ffaf5b898907afa34b6ee; e818ef7e0421a6c0659ffaf5b898907afa34b6ee; e818ef7e0421a6c0659ffaf5b898907afa34b6ee; ','product berlin changes
; ','ZGlmZiAtLWdpdCBhL2lucHV0L2pzL3NlbnNvcnMuanMgYi9pbnB1dC9qcy9zZW5zb3JzLmpzCmluZGV4IDU4ZDQ0NDEuLmU4NjAwN2YgMTAwNjQ0Ci0tLSBhL2lucHV0L2pzL3NlbnNvcnMuanMKKysrIGIvaW5wdXQvanMvc2Vuc29ycy5qcwpAQCAtNDAsMTQgKzQwLDE1IEBACiAJCXZhciBtZWFzdXJlID0gbWVhc3VyZVRleHQudmFsdWU7CiAJCXZhciBpbnRWYWx1ZSA9IGNoZWNrTWVhc3VyZShtaW4sIG1heCwgbWVhc3VyZSk7CiAJCWlmIChpc05hTihpbnRWYWx1ZSkpIHJldHVybiBmYWxzZTsKKwkJdmFyIHJvb3QgPSBzdHJhdGlmeShkYXRhKQorCSAgICAgIC5zdW0oZnVuY3Rpb24oZCkgeyByZXR1cm4gZC52YWx1ZTsgfSkKKwkgICAgICAuc29ydChmdW5jdGlvbihhLCBiKSB7IHJldHVybiBiLmhlaWdodCAtIGEuaGVpZ2h0IHx8IGIudmFsdWUgLSBhLnZhbHVlOyB9KTsKIAkJZnVuY3Rpb24gZ2V0TWV0YUNvbnRlbnRCeU5hbWUobmFtZSxjb250ZW50KXsKIAkJCSAgIHZhciBjb250ZW50ID0gKGNvbnRlbnQ9PW51bGwpPydjb250ZW50Jzpjb250ZW50OwogCQkJICAgcmV0dXJuIGRvY3VtZW50LnF1ZXJ5U2VsZWN0b3IoIm1ldGFbbmFtZT0nIituYW1lKyInXSIpLmdldEF0dHJpYnV0ZShjb250ZW50KTsKIAkJCX0KIAkJCQogCQkJJChkb2N1bWVudCkucmVhZHkoZnVuY3Rpb24oKXsKLQkJCQkvL2NvbnNvbGUubG9nKGRpZmZTdHJpbmcpOyAvL2RpZmZTdHJpbmcgc2hvdWxkIGJlIHRoZSB2YWx1ZSBvZiBkaWZmdmlldyB2YWx1ZQotCQkJCS8vZ2V0IHNlbGVjdCgiI2RpZmZ2YWx1ZSIpLiBtZXRhZGF0YQogCQkJCXZhciBkaWZmdmFsdWUgPSBnZXRNZXRhQ29udGVudEJ5TmFtZSgiZGlmZnZhbHVlIik7CiAJCQkJaWYgKGRpZmZ2YWx1ZT09bnVsbCkgcmV0dXJuIG51bGw7CiAJCQl9KTsK',20,5,1,'CHANGE_IN_VARIATION_POINT_BODY');
INSERT IGNORE INTO developer_group (id_developer_group) VALUES 
(6);
INSERT IGNORE INTO developer_bridge (id_developer_group,id_developer) VALUES 
(6,1);
INSERT IGNORE INTO customization_fact (idcustomization, lines_added,lines_deleted,custom_diff,commit_set,message_set,greater_diff,idvariationpoint,id_developer_group, idproductrelease, type) VALUES
(6,2,1,'ZGlmZiAtLWdpdCBhL2lucHV0L2pzL3NldHRpbmdzLmpzIGIvaW5wdXQvanMvc2V0dGluZ3MuanMKaW5kZXggMGM0YTY0My4uODViY2ZlZiAxMDA2NDQKLS0tIGEvaW5wdXQvanMvc2V0dGluZ3MuanMKKysrIGIvaW5wdXQvanMvc2V0dGluZ3MuanMKQEAgLTM1LDcgKzM1LDggQEAgRXhwcmVzc2lvbjogIChwdjpoYXNGZWF0dXJlKCdHZXJtYW4nKSlDaGFuZ2UgVHlwZTogQ0hBTkdFX0lOX1ZBUklBVElPTl9QT0lOVF9CT0RZCiB2YXIgbWFpblRpdGxlID0gJ1dldHRlcnN0YXRpb24nOwogdmFyIHRlbXBUaXRsZSA9ICdUZW1wZXJhdHVyJzsKIHZhciBwcmVzVGl0bGUgPSAnTHVmdGRydWNrJzsKLXZhciB0ZW1wV2FybmluZyA9ICdFeHRyZW1lIEhpdHplJzsKK3ZhciB0ZW1wV2FybmluZyA9ICdFeHRyZW1lIEhpdHplISc7Ly9BdXRob3JlZCBieTogbGV0aW1vbWUgaW4gY29tbWl0OmU4MThlZjdlMDQyMWE2YzA2NTlmZmFmNWI4OTg5MDdhZmEzNGI2ZWUsIHdpdGggbWVzc2FnZTpwcm9kdWN0IGJlcmxpbiBjaGFuZ2VzIAogdmFyIHdpbmRUaXRsZSA9ICdXaW5kZ2VzY2h3aW5kaWdrZWl0JzsKIHZhciB3aW5kV2FybmluZyA9ICdTdHVybXdhcm51bmcnOwordmFyIGdlbmVyaWNXYXJuaW5nID0gJ0FjaHR1bmcnOy8vQXV0aG9yZWQgYnk6IGxldGltb21lIGluIGNvbW1pdDplODE4ZWY3ZTA0MjFhNmMwNjU5ZmZhZjViODk4OTA3YWZhMzRiNmVlLCB3aXRoIG1lc3NhZ2U6cHJvZHVjdCBiZXJsaW4gY2hhbmdlcyAKIC8vIFBWOkVORENPTkQK','e818ef7e0421a6c0659ffaf5b898907afa34b6ee; e818ef7e0421a6c0659ffaf5b898907afa34b6ee; ','product berlin changes
; ','ZGlmZiAtLWdpdCBhL2lucHV0L2pzL3NldHRpbmdzLmpzIGIvaW5wdXQvanMvc2V0dGluZ3MuanMKaW5kZXggMGM0YTY0My4uODViY2ZlZiAxMDA2NDQKLS0tIGEvaW5wdXQvanMvc2V0dGluZ3MuanMKKysrIGIvaW5wdXQvanMvc2V0dGluZ3MuanMKQEAgLTM1LDcgKzM1LDggQEAKIHZhciBtYWluVGl0bGUgPSAnV2V0dGVyc3RhdGlvbic7CiB2YXIgdGVtcFRpdGxlID0gJ1RlbXBlcmF0dXInOwogdmFyIHByZXNUaXRsZSA9ICdMdWZ0ZHJ1Y2snOwotdmFyIHRlbXBXYXJuaW5nID0gJ0V4dHJlbWUgSGl0emUnOwordmFyIHRlbXBXYXJuaW5nID0gJ0V4dHJlbWUgSGl0emUhJzsKIHZhciB3aW5kVGl0bGUgPSAnV2luZGdlc2Nod2luZGlna2VpdCc7CiB2YXIgd2luZFdhcm5pbmcgPSAnU3R1cm13YXJudW5nJzsKK3ZhciBnZW5lcmljV2FybmluZyA9ICdBY2h0dW5nJzsKIC8vIFBWOkVORENPTkQKXCBObyBuZXdsaW5lIGF0IGVuZCBvZiBmaWxlCg==',32,6,1,'CHANGE_IN_VARIATION_POINT_BODY');
INSERT IGNORE INTO product_release (idproductrelease,name,date,commits_set) VALUES
(2,'productLondon-v1.0','1970-01-18 16:53:46','');
INSERT IGNORE INTO developer_group (id_developer_group) VALUES 
(7);
INSERT IGNORE INTO developer_bridge (id_developer_group,id_developer) VALUES 
(7,1);
INSERT IGNORE INTO variation_point (idvariationpoint, expression, idcoreasset,id_feature_group) VALUES
(254,'No Expression',62,0);
INSERT IGNORE INTO customization_fact (idcustomization, lines_added,lines_deleted,custom_diff,commit_set,message_set,greater_diff,idvariationpoint,id_developer_group, idproductrelease, type) VALUES
(7,14,0,'ZGlmZiAtLWdpdCBhL2lucHV0L2FsZ29yaXRobXMvQ01ha2VMaXN0cy50eHQgYi9pbnB1dC9hbGdvcml0aG1zL0NNYWtlTGlzdHMudHh0Cm5ldyBmaWxlIG1vZGUgMTAwNjQ0CmluZGV4IDAwMDAwMDAuLjE2NzRkODMKLS0tIC9kZXYvbnVsbApAQCAtMCwwICsxLDE0IEBAIEV4cHJlc3Npb246IE5vIEV4cHJlc3Npb25DaGFuZ2UgVHlwZTogTkVXX0FTU0VUX1dJVEhfTk9fVkFSSUFUSU9OUE9JTlQKKy8vQXV0aG9yZWQgYnk6IGxldGltb21lIGluIGNvbW1pdDo1YTBlNmRmYjQ0NGZiMWM3NmJhZDhmY2QwOTAzMWJhNWQyYjQ0OTNmLCB3aXRoIG1lc3NhZ2U6YWRkZWQgYyBmaWxlcyBpbiBhbGdvcml0aG0KK2xpc3QoQVBQRU5EIFNPVVJDRS8vQXV0aG9yZWQgYnk6IGxldGltb21lIGluIGNvbW1pdDo1YTBlNmRmYjQ0NGZiMWM3NmJhZDhmY2QwOTAzMWJhNWQyYjQ0OTNmLCB3aXRoIG1lc3NhZ2U6YWRkZWQgYyBmaWxlcyBpbiBhbGdvcml0aG0KKyAgICBkaWFsb2cuYy8vQXV0aG9yZWQgYnk6IGxldGltb21lIGluIGNvbW1pdDo1YTBlNmRmYjQ0NGZiMWM3NmJhZDhmY2QwOTAzMWJhNWQyYjQ0OTNmLCB3aXRoIG1lc3NhZ2U6YWRkZWQgYyBmaWxlcyBpbiBhbGdvcml0aG0KKyAgICBtYWluLmMvL0F1dGhvcmVkIGJ5OiBsZXRpbW9tZSBpbiBjb21taXQ6NWEwZTZkZmI0NDRmYjFjNzZiYWQ4ZmNkMDkwMzFiYTVkMmI0NDkzZiwgd2l0aCBtZXNzYWdlOmFkZGVkIGMgZmlsZXMgaW4gYWxnb3JpdGhtCisgICAgc2V0dGluZ3MuYy8vQXV0aG9yZWQgYnk6IGxldGltb21lIGluIGNvbW1pdDo1YTBlNmRmYjQ0NGZiMWM3NmJhZDhmY2QwOTAzMWJhNWQyYjQ0OTNmLCB3aXRoIG1lc3NhZ2U6YWRkZWQgYyBmaWxlcyBpbiBhbGdvcml0aG0KKyAgICB0ZXh0LmMvL0F1dGhvcmVkIGJ5OiBsZXRpbW9tZSBpbiBjb21taXQ6NWEwZTZkZmI0NDRmYjFjNzZiYWQ4ZmNkMDkwMzFiYTVkMmI0NDkzZiwgd2l0aCBtZXNzYWdlOmFkZGVkIGMgZmlsZXMgaW4gYWxnb3JpdGhtCisgICAgbm90ZXBhZC5oKS8vQXV0aG9yZWQgYnk6IGxldGltb21lIGluIGNvbW1pdDo1YTBlNmRmYjQ0NGZiMWM3NmJhZDhmY2QwOTAzMWJhNWQyYjQ0OTNmLCB3aXRoIG1lc3NhZ2U6YWRkZWQgYyBmaWxlcyBpbiBhbGdvcml0aG0KKy8vQXV0aG9yZWQgYnk6IGxldGltb21lIGluIGNvbW1pdDo1YTBlNmRmYjQ0NGZiMWM3NmJhZDhmY2QwOTAzMWJhNWQyYjQ0OTNmLCB3aXRoIG1lc3NhZ2U6YWRkZWQgYyBmaWxlcyBpbiBhbGdvcml0aG0KK2FkZF9yY19kZXBzKHJzcmMucmMgJHtDTUFLRV9DVVJSRU5UX1NPVVJDRV9ESVJ9L3Jlcy9ub3RlcGFkLmljbykvL0F1dGhvcmVkIGJ5OiBsZXRpbW9tZSBpbiBjb21taXQ6NWEwZTZkZmI0NDRmYjFjNzZiYWQ4ZmNkMDkwMzFiYTVkMmI0NDkzZiwgd2l0aCBtZXNzYWdlOmFkZGVkIGMgZmlsZXMgaW4gYWxnb3JpdGhtCithZGRfZXhlY3V0YWJsZShub3RlcGFkICR7U09VUkNFfSByc3JjLnJjKS8vQXV0aG9yZWQgYnk6IGxldGltb21lIGluIGNvbW1pdDo1YTBlNmRmYjQ0NGZiMWM3NmJhZDhmY2QwOTAzMWJhNWQyYjQ0OTNmLCB3aXRoIG1lc3NhZ2U6YWRkZWQgYyBmaWxlcyBpbiBhbGdvcml0aG0KK3NldF9tb2R1bGVfdHlwZShub3RlcGFkIHdpbjMyZ3VpIFVOSUNPREUpLy9BdXRob3JlZCBieTogbGV0aW1vbWUgaW4gY29tbWl0OjVhMGU2ZGZiNDQ0ZmIxYzc2YmFkOGZjZDA5MDMxYmE1ZDJiNDQ5M2YsIHdpdGggbWVzc2FnZTphZGRlZCBjIGZpbGVzIGluIGFsZ29yaXRobQorYWRkX2ltcG9ydGxpYnMobm90ZXBhZCB1c2VyMzIgZ2RpMzIgY29tY3RsMzIgY29tZGxnMzIgYWR2YXBpMzIgc2hlbGwzMiBtc3ZjcnQga2VybmVsMzIpLy9BdXRob3JlZCBieTogbGV0aW1vbWUgaW4gY29tbWl0OjVhMGU2ZGZiNDQ0ZmIxYzc2YmFkOGZjZDA5MDMxYmE1ZDJiNDQ5M2YsIHdpdGggbWVzc2FnZTphZGRlZCBjIGZpbGVzIGluIGFsZ29yaXRobQorYWRkX3BjaChub3RlcGFkIG5vdGVwYWQuaCBTT1VSQ0UpLy9BdXRob3JlZCBieTogbGV0aW1vbWUgaW4gY29tbWl0OjVhMGU2ZGZiNDQ0ZmIxYzc2YmFkOGZjZDA5MDMxYmE1ZDJiNDQ5M2YsIHdpdGggbWVzc2FnZTphZGRlZCBjIGZpbGVzIGluIGFsZ29yaXRobQorYWRkX2NkX2ZpbGUoVEFSR0VUIG5vdGVwYWQgREVTVElOQVRJT04gcmVhY3Rvcy9zeXN0ZW0zMiBGT1IgYWxsKS8vQXV0aG9yZWQgYnk6IGxldGltb21lIGluIGNvbW1pdDo1YTBlNmRmYjQ0NGZiMWM3NmJhZDhmY2QwOTAzMWJhNWQyYjQ0OTNmLCB3aXRoIG1lc3NhZ2U6YWRkZWQgYyBmaWxlcyBpbiBhbGdvcml0aG0K','5a0e6dfb444fb1c76bad8fcd09031ba5d2b4493f; 5a0e6dfb444fb1c76bad8fcd09031ba5d2b4493f; 5a0e6dfb444fb1c76bad8fcd09031ba5d2b4493f; 5a0e6dfb444fb1c76bad8fcd09031ba5d2b4493f; 5a0e6dfb444fb1c76bad8fcd09031ba5d2b4493f; 5a0e6dfb444fb1c76bad8fcd09031ba5d2b4493f; 5a0e6dfb444fb1c76bad8fcd09031ba5d2b4493f; 5a0e6dfb444fb1c76bad8fcd09031ba5d2b4493f; 5a0e6dfb444fb1c76bad8fcd09031ba5d2b4493f; 5a0e6dfb444fb1c76bad8fcd09031ba5d2b4493f; 5a0e6dfb444fb1c76bad8fcd09031ba5d2b4493f; 5a0e6dfb444fb1c76bad8fcd09031ba5d2b4493f; 5a0e6dfb444fb1c76bad8fcd09031ba5d2b4493f; 5a0e6dfb444fb1c76bad8fcd09031ba5d2b4493f; ','added c files in algorithm; ','ZGlmZiAtLWdpdCBhL2lucHV0L2FsZ29yaXRobXMvQ01ha2VMaXN0cy50eHQgYi9pbnB1dC9hbGdvcml0aG1zL0NNYWtlTGlzdHMudHh0Cm5ldyBmaWxlIG1vZGUgMTAwNjQ0CmluZGV4IDAwMDAwMDAuLjE2NzRkODMKLS0tIC9kZXYvbnVsbAorKysgYi9pbnB1dC9hbGdvcml0aG1zL0NNYWtlTGlzdHMudHh0CkBAIC0wLDAgKzEsMTQgQEAKKworbGlzdChBUFBFTkQgU09VUkNFCisgICAgZGlhbG9nLmMKKyAgICBtYWluLmMKKyAgICBzZXR0aW5ncy5jCisgICAgdGV4dC5jCisgICAgbm90ZXBhZC5oKQorCithZGRfcmNfZGVwcyhyc3JjLnJjICR7Q01BS0VfQ1VSUkVOVF9TT1VSQ0VfRElSfS9yZXMvbm90ZXBhZC5pY28pCithZGRfZXhlY3V0YWJsZShub3RlcGFkICR7U09VUkNFfSByc3JjLnJjKQorc2V0X21vZHVsZV90eXBlKG5vdGVwYWQgd2luMzJndWkgVU5JQ09ERSkKK2FkZF9pbXBvcnRsaWJzKG5vdGVwYWQgdXNlcjMyIGdkaTMyIGNvbWN0bDMyIGNvbWRsZzMyIGFkdmFwaTMyIHNoZWxsMzIgbXN2Y3J0IGtlcm5lbDMyKQorYWRkX3BjaChub3RlcGFkIG5vdGVwYWQuaCBTT1VSQ0UpCithZGRfY2RfZmlsZShUQVJHRVQgbm90ZXBhZCBERVNUSU5BVElPTiByZWFjdG9zL3N5c3RlbTMyIEZPUiBhbGwpCg==',254,7,2,'NEW_ASSET_WITH_NO_VARIATIONPOINT');
INSERT IGNORE INTO developer_group (id_developer_group) VALUES 
(8);
INSERT IGNORE INTO developer_bridge (id_developer_group,id_developer) VALUES 
(8,1);
INSERT IGNORE INTO variation_point (idvariationpoint, expression, idcoreasset,id_feature_group) VALUES
(255,'No Expression',63,0);
INSERT IGNORE INTO customization_fact (idcustomization, lines_added,lines_deleted,custom_diff,commit_set,message_set,greater_diff,idvariationpoint,id_developer_group, idproductrelease, type) VALUES
(8,37,0,'ZGlmZiAtLWdpdCBhL2lucHV0L2FsZ29yaXRobXMvZGlhbG9nLmMgYi9pbnB1dC9hbGdvcml0aG1zL2RpYWxvZy5jCm5ldyBmaWxlIG1vZGUgMTAwNjQ0CmluZGV4IDAwMDAwMDAuLmEzYjY5MTYKLS0tIC9kZXYvbnVsbApAQCAtMCwxICsxLDM4IEBAIEV4cHJlc3Npb246IE5vIEV4cHJlc3Npb25DaGFuZ2UgVHlwZTogTkVXX0FTU0VUX1dJVEhfTk9fVkFSSUFUSU9OUE9JTlQKKy8qLy9BdXRob3JlZCBieTogbGV0aW1vbWUgaW4gY29tbWl0OjVhMGU2ZGZiNDQ0ZmIxYzc2YmFkOGZjZDA5MDMxYmE1ZDJiNDQ5M2YsIHdpdGggbWVzc2FnZTphZGRlZCBjIGZpbGVzIGluIGFsZ29yaXRobQorICogIE5vdGVwYWQgKGRpYWxvZy5jKS8vQXV0aG9yZWQgYnk6IGxldGltb21lIGluIGNvbW1pdDo1YTBlNmRmYjQ0NGZiMWM3NmJhZDhmY2QwOTAzMWJhNWQyYjQ0OTNmLCB3aXRoIG1lc3NhZ2U6YWRkZWQgYyBmaWxlcyBpbiBhbGdvcml0aG0KKyAqLy9BdXRob3JlZCBieTogbGV0aW1vbWUgaW4gY29tbWl0OjVhMGU2ZGZiNDQ0ZmIxYzc2YmFkOGZjZDA5MDMxYmE1ZDJiNDQ5M2YsIHdpdGggbWVzc2FnZTphZGRlZCBjIGZpbGVzIGluIGFsZ29yaXRobQorICogIENvcHlyaWdodCAxOTk4LDk5IE1hcmNlbCBCYXVyIDxtYmF1ckBnMjYuZXRoei5jaD4vL0F1dGhvcmVkIGJ5OiBsZXRpbW9tZSBpbiBjb21taXQ6NWEwZTZkZmI0NDRmYjFjNzZiYWQ4ZmNkMDkwMzFiYTVkMmI0NDkzZiwgd2l0aCBtZXNzYWdlOmFkZGVkIGMgZmlsZXMgaW4gYWxnb3JpdGhtCisgKiAgQ29weXJpZ2h0IDIwMDIgU3lsdmFpbiBQZXRyZW9sbGUgPHNwZXRyZW9sbGVAeWFob28uZnI+Ly9BdXRob3JlZCBieTogbGV0aW1vbWUgaW4gY29tbWl0OjVhMGU2ZGZiNDQ0ZmIxYzc2YmFkOGZjZDA5MDMxYmE1ZDJiNDQ5M2YsIHdpdGggbWVzc2FnZTphZGRlZCBjIGZpbGVzIGluIGFsZ29yaXRobQorICogIENvcHlyaWdodCAyMDAyIEFuZHJpeSBQYWxhbWFyY2h1ay8vQXV0aG9yZWQgYnk6IGxldGltb21lIGluIGNvbW1pdDo1YTBlNmRmYjQ0NGZiMWM3NmJhZDhmY2QwOTAzMWJhNWQyYjQ0OTNmLCB3aXRoIG1lc3NhZ2U6YWRkZWQgYyBmaWxlcyBpbiBhbGdvcml0aG0KKyAqLy9BdXRob3JlZCBieTogbGV0aW1vbWUgaW4gY29tbWl0OjVhMGU2ZGZiNDQ0ZmIxYzc2YmFkOGZjZDA5MDMxYmE1ZDJiNDQ5M2YsIHdpdGggbWVzc2FnZTphZGRlZCBjIGZpbGVzIGluIGFsZ29yaXRobQorICogVGhpcyBsaWJyYXJ5IGlzIGZyZWUgc29mdHdhcmU7IHlvdSBjYW4gcmVkaXN0cmlidXRlIGl0IGFuZC9vci8vQXV0aG9yZWQgYnk6IGxldGltb21lIGluIGNvbW1pdDo1YTBlNmRmYjQ0NGZiMWM3NmJhZDhmY2QwOTAzMWJhNWQyYjQ0OTNmLCB3aXRoIG1lc3NhZ2U6YWRkZWQgYyBmaWxlcyBpbiBhbGdvcml0aG0KKyAqIG1vZGlmeSBpdCB1bmRlciB0aGUgdGVybXMgb2YgdGhlIEdOVSBMZXNzZXIgR2VuZXJhbCBQdWJsaWMvL0F1dGhvcmVkIGJ5OiBsZXRpbW9tZSBpbiBjb21taXQ6NWEwZTZkZmI0NDRmYjFjNzZiYWQ4ZmNkMDkwMzFiYTVkMmI0NDkzZiwgd2l0aCBtZXNzYWdlOmFkZGVkIGMgZmlsZXMgaW4gYWxnb3JpdGhtCisgKiBMaWNlbnNlIGFzIHB1Ymxpc2hlZCBieSB0aGUgRnJlZSBTb2Z0d2FyZSBGb3VuZGF0aW9uOyBlaXRoZXIvL0F1dGhvcmVkIGJ5OiBsZXRpbW9tZSBpbiBjb21taXQ6NWEwZTZkZmI0NDRmYjFjNzZiYWQ4ZmNkMDkwMzFiYTVkMmI0NDkzZiwgd2l0aCBtZXNzYWdlOmFkZGVkIGMgZmlsZXMgaW4gYWxnb3JpdGhtCisgKiB2ZXJzaW9uIDIuMSBvZiB0aGUgTGljZW5zZSwgb3IgKGF0IHlvdXIgb3B0aW9uKSBhbnkgbGF0ZXIgdmVyc2lvbi4vL0F1dGhvcmVkIGJ5OiBsZXRpbW9tZSBpbiBjb21taXQ6NWEwZTZkZmI0NDRmYjFjNzZiYWQ4ZmNkMDkwMzFiYTVkMmI0NDkzZiwgd2l0aCBtZXNzYWdlOmFkZGVkIGMgZmlsZXMgaW4gYWxnb3JpdGhtCisgKi8vQXV0aG9yZWQgYnk6IGxldGltb21lIGluIGNvbW1pdDo1YTBlNmRmYjQ0NGZiMWM3NmJhZDhmY2QwOTAzMWJhNWQyYjQ0OTNmLCB3aXRoIG1lc3NhZ2U6YWRkZWQgYyBmaWxlcyBpbiBhbGdvcml0aG0KKyAqIFRoaXMgbGlicmFyeSBpcyBkaXN0cmlidXRlZCBpbiB0aGUgaG9wZSB0aGF0IGl0IHdpbGwgYmUgdXNlZnVsLC8vQXV0aG9yZWQgYnk6IGxldGltb21lIGluIGNvbW1pdDo1YTBlNmRmYjQ0NGZiMWM3NmJhZDhmY2QwOTAzMWJhNWQyYjQ0OTNmLCB3aXRoIG1lc3NhZ2U6YWRkZWQgYyBmaWxlcyBpbiBhbGdvcml0aG0KKyAqIGJ1dCBXSVRIT1VUIEFOWSBXQVJSQU5UWTsgd2l0aG91dCBldmVuIHRoZSBpbXBsaWVkIHdhcnJhbnR5IG9mLy9BdXRob3JlZCBieTogbGV0aW1vbWUgaW4gY29tbWl0OjVhMGU2ZGZiNDQ0ZmIxYzc2YmFkOGZjZDA5MDMxYmE1ZDJiNDQ5M2YsIHdpdGggbWVzc2FnZTphZGRlZCBjIGZpbGVzIGluIGFsZ29yaXRobQorICogTUVSQ0hBTlRBQklMSVRZIG9yIEZJVE5FU1MgRk9SIEEgUEFSVElDVUxBUiBQVVJQT1NFLiAgU2VlIHRoZSBHTlUvL0F1dGhvcmVkIGJ5OiBsZXRpbW9tZSBpbiBjb21taXQ6NWEwZTZkZmI0NDRmYjFjNzZiYWQ4ZmNkMDkwMzFiYTVkMmI0NDkzZiwgd2l0aCBtZXNzYWdlOmFkZGVkIGMgZmlsZXMgaW4gYWxnb3JpdGhtCisgKiBMZXNzZXIgR2VuZXJhbCBQdWJsaWMgTGljZW5zZSBmb3IgbW9yZSBkZXRhaWxzLi8vQXV0aG9yZWQgYnk6IGxldGltb21lIGluIGNvbW1pdDo1YTBlNmRmYjQ0NGZiMWM3NmJhZDhmY2QwOTAzMWJhNWQyYjQ0OTNmLCB3aXRoIG1lc3NhZ2U6YWRkZWQgYyBmaWxlcyBpbiBhbGdvcml0aG0KKyAqLy9BdXRob3JlZCBieTogbGV0aW1vbWUgaW4gY29tbWl0OjVhMGU2ZGZiNDQ0ZmIxYzc2YmFkOGZjZDA5MDMxYmE1ZDJiNDQ5M2YsIHdpdGggbWVzc2FnZTphZGRlZCBjIGZpbGVzIGluIGFsZ29yaXRobQorICogWW91IHNob3VsZCBoYXZlIHJlY2VpdmVkIGEgY29weSBvZiB0aGUgR05VIExlc3NlciBHZW5lcmFsIFB1YmxpYy8vQXV0aG9yZWQgYnk6IGxldGltb21lIGluIGNvbW1pdDo1YTBlNmRmYjQ0NGZiMWM3NmJhZDhmY2QwOTAzMWJhNWQyYjQ0OTNmLCB3aXRoIG1lc3NhZ2U6YWRkZWQgYyBmaWxlcyBpbiBhbGdvcml0aG0KKyAqIExpY2Vuc2UgYWxvbmcgd2l0aCB0aGlzIGxpYnJhcnk7IGlmIG5vdCwgd3JpdGUgdG8gdGhlIEZyZWUgU29mdHdhcmUvL0F1dGhvcmVkIGJ5OiBsZXRpbW9tZSBpbiBjb21taXQ6NWEwZTZkZmI0NDRmYjFjNzZiYWQ4ZmNkMDkwMzFiYTVkMmI0NDkzZiwgd2l0aCBtZXNzYWdlOmFkZGVkIGMgZmlsZXMgaW4gYWxnb3JpdGhtCisgKiBGb3VuZGF0aW9uLCBJbmMuLCA1MSBGcmFua2xpbiBTdHJlZXQsIEZpZnRoIEZsb29yLCBCb3N0b24sIE1BICAwMjExMC0xMzAxICBVU0EvL0F1dGhvcmVkIGJ5OiBsZXRpbW9tZSBpbiBjb21taXQ6NWEwZTZkZmI0NDRmYjFjNzZiYWQ4ZmNkMDkwMzFiYTVkMmI0NDkzZiwgd2l0aCBtZXNzYWdlOmFkZGVkIGMgZmlsZXMgaW4gYWxnb3JpdGhtCisgKi8vL0F1dGhvcmVkIGJ5OiBsZXRpbW9tZSBpbiBjb21taXQ6NWEwZTZkZmI0NDRmYjFjNzZiYWQ4ZmNkMDkwMzFiYTVkMmI0NDkzZiwgd2l0aCBtZXNzYWdlOmFkZGVkIGMgZmlsZXMgaW4gYWxnb3JpdGhtCisvL0F1dGhvcmVkIGJ5OiBsZXRpbW9tZSBpbiBjb21taXQ6NWEwZTZkZmI0NDRmYjFjNzZiYWQ4ZmNkMDkwMzFiYTVkMmI0NDkzZiwgd2l0aCBtZXNzYWdlOmFkZGVkIGMgZmlsZXMgaW4gYWxnb3JpdGhtCisjaW5jbHVkZSAibm90ZXBhZC5oIi8vQXV0aG9yZWQgYnk6IGxldGltb21lIGluIGNvbW1pdDo1YTBlNmRmYjQ0NGZiMWM3NmJhZDhmY2QwOTAzMWJhNWQyYjQ0OTNmLCB3aXRoIG1lc3NhZ2U6YWRkZWQgYyBmaWxlcyBpbiBhbGdvcml0aG0KKy8vQXV0aG9yZWQgYnk6IGxldGltb21lIGluIGNvbW1pdDo1YTBlNmRmYjQ0NGZiMWM3NmJhZDhmY2QwOTAzMWJhNWQyYjQ0OTNmLCB3aXRoIG1lc3NhZ2U6YWRkZWQgYyBmaWxlcyBpbiBhbGdvcml0aG0KKyNpbmNsdWRlIDxhc3NlcnQuaD4vL0F1dGhvcmVkIGJ5OiBsZXRpbW9tZSBpbiBjb21taXQ6NWEwZTZkZmI0NDRmYjFjNzZiYWQ4ZmNkMDkwMzFiYTVkMmI0NDkzZiwgd2l0aCBtZXNzYWdlOmFkZGVkIGMgZmlsZXMgaW4gYWxnb3JpdGhtCisjaW5jbHVkZSA8Y29tbWN0cmwuaD4vL0F1dGhvcmVkIGJ5OiBsZXRpbW9tZSBpbiBjb21taXQ6NWEwZTZkZmI0NDRmYjFjNzZiYWQ4ZmNkMDkwMzFiYTVkMmI0NDkzZiwgd2l0aCBtZXNzYWdlOmFkZGVkIGMgZmlsZXMgaW4gYWxnb3JpdGhtCisjaW5jbHVkZSA8c3Ryc2FmZS5oPi8vQXV0aG9yZWQgYnk6IGxldGltb21lIGluIGNvbW1pdDo1YTBlNmRmYjQ0NGZiMWM3NmJhZDhmY2QwOTAzMWJhNWQyYjQ0OTNmLCB3aXRoIG1lc3NhZ2U6YWRkZWQgYyBmaWxlcyBpbiBhbGdvcml0aG0KKy8vQXV0aG9yZWQgYnk6IGxldGltb21lIGluIGNvbW1pdDo1YTBlNmRmYjQ0NGZiMWM3NmJhZDhmY2QwOTAzMWJhNWQyYjQ0OTNmLCB3aXRoIG1lc3NhZ2U6YWRkZWQgYyBmaWxlcyBpbiBhbGdvcml0aG0KK0xSRVNVTFQgQ0FMTEJBQ0sgRURJVF9XbmRQcm9jKEhXTkQgaFduZCwgVUlOVCBtc2csIFdQQVJBTSB3UGFyYW0sIExQQVJBTSBsUGFyYW0pOy8vQXV0aG9yZWQgYnk6IGxldGltb21lIGluIGNvbW1pdDo1YTBlNmRmYjQ0NGZiMWM3NmJhZDhmY2QwOTAzMWJhNWQyYjQ0OTNmLCB3aXRoIG1lc3NhZ2U6YWRkZWQgYyBmaWxlcyBpbiBhbGdvcml0aG0KKy8vQXV0aG9yZWQgYnk6IGxldGltb21lIGluIGNvbW1pdDo1YTBlNmRmYjQ0NGZiMWM3NmJhZDhmY2QwOTAzMWJhNWQyYjQ0OTNmLCB3aXRoIG1lc3NhZ2U6YWRkZWQgYyBmaWxlcyBpbiBhbGdvcml0aG0KK3N0YXRpYyBjb25zdCBUQ0hBUiBoZWxwZmlsZVtdID0gX1QoIm5vdGVwYWQuaGxwIik7Ly9BdXRob3JlZCBieTogbGV0aW1vbWUgaW4gY29tbWl0OjVhMGU2ZGZiNDQ0ZmIxYzc2YmFkOGZjZDA5MDMxYmE1ZDJiNDQ5M2YsIHdpdGggbWVzc2FnZTphZGRlZCBjIGZpbGVzIGluIGFsZ29yaXRobQorc3RhdGljIGNvbnN0IFRDSEFSIGVtcHR5X3N0cltdID0gX1QoIiIpOy8vQXV0aG9yZWQgYnk6IGxldGltb21lIGluIGNvbW1pdDo1YTBlNmRmYjQ0NGZiMWM3NmJhZDhmY2QwOTAzMWJhNWQyYjQ0OTNmLCB3aXRoIG1lc3NhZ2U6YWRkZWQgYyBmaWxlcyBpbiBhbGdvcml0aG0KK3N0YXRpYyBjb25zdCBUQ0hBUiBzekRlZmF1bHRFeHRbXSA9IF9UKCJ0eHQiKTsvL0F1dGhvcmVkIGJ5OiBsZXRpbW9tZSBpbiBjb21taXQ6NWEwZTZkZmI0NDRmYjFjNzZiYWQ4ZmNkMDkwMzFiYTVkMmI0NDkzZiwgd2l0aCBtZXNzYWdlOmFkZGVkIGMgZmlsZXMgaW4gYWxnb3JpdGhtCitzdGF0aWMgY29uc3QgVENIQVIgdHh0X2ZpbGVzW10gPSBfVCgiKi50eHQiKTsvL0F1dGhvcmVkIGJ5OiBsZXRpbW9tZSBpbiBjb21taXQ6NWEwZTZkZmI0NDRmYjFjNzZiYWQ4ZmNkMDkwMzFiYTVkMmI0NDkzZiwgd2l0aCBtZXNzYWdlOmFkZGVkIGMgZmlsZXMgaW4gYWxnb3JpdGhtCisvL0F1dGhvcmVkIGJ5OiBsZXRpbW9tZSBpbiBjb21taXQ6NWEwZTZkZmI0NDRmYjFjNzZiYWQ4ZmNkMDkwMzFiYTVkMmI0NDkzZiwgd2l0aCBtZXNzYWdlOmFkZGVkIGMgZmlsZXMgaW4gYWxnb3JpdGhtCitzdGF0aWMgVUlOVF9QVFIgQ0FMTEJBQ0sgRElBTE9HX1BBR0VTRVRVUF9Ib29rKEhXTkQgaERsZywgVUlOVCBtc2csIFdQQVJBTSB3UGFyYW0sIExQQVJBTSBsUGFyYW0pOy8vQXV0aG9yZWQgYnk6IGxldGltb21lIGluIGNvbW1pdDo1YTBlNmRmYjQ0NGZiMWM3NmJhZDhmY2QwOTAzMWJhNWQyYjQ0OTNmLCB3aXRoIG1lc3NhZ2U6YWRkZWQgYyBmaWxlcyBpbiBhbGdvcml0aG0KKy8vQXV0aG9yZWQgYnk6IGxldGltb21lIGluIGNvbW1pdDo1YTBlNmRmYjQ0NGZiMWM3NmJhZDhmY2QwOTAzMWJhNWQyYjQ0OTNmLCB3aXRoIG1lc3NhZ2U6YWRkZWQgYyBmaWxlcyBpbiBhbGdvcml0aG0K','5a0e6dfb444fb1c76bad8fcd09031ba5d2b4493f; 5a0e6dfb444fb1c76bad8fcd09031ba5d2b4493f; 5a0e6dfb444fb1c76bad8fcd09031ba5d2b4493f; 5a0e6dfb444fb1c76bad8fcd09031ba5d2b4493f; 5a0e6dfb444fb1c76bad8fcd09031ba5d2b4493f; 5a0e6dfb444fb1c76bad8fcd09031ba5d2b4493f; 5a0e6dfb444fb1c76bad8fcd09031ba5d2b4493f; 5a0e6dfb444fb1c76bad8fcd09031ba5d2b4493f; 5a0e6dfb444fb1c76bad8fcd09031ba5d2b4493f; 5a0e6dfb444fb1c76bad8fcd09031ba5d2b4493f; 5a0e6dfb444fb1c76bad8fcd09031ba5d2b4493f; 5a0e6dfb444fb1c76bad8fcd09031ba5d2b4493f; 5a0e6dfb444fb1c76bad8fcd09031ba5d2b4493f; 5a0e6dfb444fb1c76bad8fcd09031ba5d2b4493f; 5a0e6dfb444fb1c76bad8fcd09031ba5d2b4493f; 5a0e6dfb444fb1c76bad8fcd09031ba5d2b4493f; 5a0e6dfb444fb1c76bad8fcd09031ba5d2b4493f; 5a0e6dfb444fb1c76bad8fcd09031ba5d2b4493f; 5a0e6dfb444fb1c76bad8fcd09031ba5d2b4493f; 5a0e6dfb444fb1c76bad8fcd09031ba5d2b4493f; 5a0e6dfb444fb1c76bad8fcd09031ba5d2b4493f; 5a0e6dfb444fb1c76bad8fcd09031ba5d2b4493f; 5a0e6dfb444fb1c76bad8fcd09031ba5d2b4493f; 5a0e6dfb444fb1c76bad8fcd09031ba5d2b4493f; 5a0e6dfb444fb1c76bad8fcd09031ba5d2b4493f; 5a0e6dfb444fb1c76bad8fcd09031ba5d2b4493f; 5a0e6dfb444fb1c76bad8fcd09031ba5d2b4493f; 5a0e6dfb444fb1c76bad8fcd09031ba5d2b4493f; 5a0e6dfb444fb1c76bad8fcd09031ba5d2b4493f; 5a0e6dfb444fb1c76bad8fcd09031ba5d2b4493f; 5a0e6dfb444fb1c76bad8fcd09031ba5d2b4493f; 5a0e6dfb444fb1c76bad8fcd09031ba5d2b4493f; 5a0e6dfb444fb1c76bad8fcd09031ba5d2b4493f; 5a0e6dfb444fb1c76bad8fcd09031ba5d2b4493f; 5a0e6dfb444fb1c76bad8fcd09031ba5d2b4493f; 5a0e6dfb444fb1c76bad8fcd09031ba5d2b4493f; 5a0e6dfb444fb1c76bad8fcd09031ba5d2b4493f; ','added c files in algorithm; ','ZGlmZiAtLWdpdCBhL2lucHV0L2FsZ29yaXRobXMvZGlhbG9nLmMgYi9pbnB1dC9hbGdvcml0aG1zL2RpYWxvZy5jCm5ldyBmaWxlIG1vZGUgMTAwNjQ0CmluZGV4IDAwMDAwMDAuLmEzYjY5MTYKLS0tIC9kZXYvbnVsbAorKysgYi9pbnB1dC9hbGdvcml0aG1zL2RpYWxvZy5jCkBAIC0wLDAgKzEsMTMxMCBAQAorLyoKKyAqICBOb3RlcGFkIChkaWFsb2cuYykKKyAqCisgKiAgQ29weXJpZ2h0IDE5OTgsOTkgTWFyY2VsIEJhdXIgPG1iYXVyQGcyNi5ldGh6LmNoPgorICogIENvcHlyaWdodCAyMDAyIFN5bHZhaW4gUGV0cmVvbGxlIDxzcGV0cmVvbGxlQHlhaG9vLmZyPgorICogIENvcHlyaWdodCAyMDAyIEFuZHJpeSBQYWxhbWFyY2h1aworICoKKyAqIFRoaXMgbGlicmFyeSBpcyBmcmVlIHNvZnR3YXJlOyB5b3UgY2FuIHJlZGlzdHJpYnV0ZSBpdCBhbmQvb3IKKyAqIG1vZGlmeSBpdCB1bmRlciB0aGUgdGVybXMgb2YgdGhlIEdOVSBMZXNzZXIgR2VuZXJhbCBQdWJsaWMKKyAqIExpY2Vuc2UgYXMgcHVibGlzaGVkIGJ5IHRoZSBGcmVlIFNvZnR3YXJlIEZvdW5kYXRpb247IGVpdGhlcgorICogdmVyc2lvbiAyLjEgb2YgdGhlIExpY2Vuc2UsIG9yIChhdCB5b3VyIG9wdGlvbikgYW55IGxhdGVyIHZlcnNpb24uCisgKgorICogVGhpcyBsaWJyYXJ5IGlzIGRpc3RyaWJ1dGVkIGluIHRoZSBob3BlIHRoYXQgaXQgd2lsbCBiZSB1c2VmdWwsCisgKiBidXQgV0lUSE9VVCBBTlkgV0FSUkFOVFk7IHdpdGhvdXQgZXZlbiB0aGUgaW1wbGllZCB3YXJyYW50eSBvZgorICogTUVSQ0hBTlRBQklMSVRZIG9yIEZJVE5FU1MgRk9SIEEgUEFSVElDVUxBUiBQVVJQT1NFLiAgU2VlIHRoZSBHTlUKKyAqIExlc3NlciBHZW5lcmFsIFB1YmxpYyBMaWNlbnNlIGZvciBtb3JlIGRldGFpbHMuCisgKgorICogWW91IHNob3VsZCBoYXZlIHJlY2VpdmVkIGEgY29weSBvZiB0aGUgR05VIExlc3NlciBHZW5lcmFsIFB1YmxpYworICogTGljZW5zZSBhbG9uZyB3aXRoIHRoaXMgbGlicmFyeTsgaWYgbm90LCB3cml0ZSB0byB0aGUgRnJlZSBTb2Z0d2FyZQorICogRm91bmRhdGlvbiwgSW5jLiwgNTEgRnJhbmtsaW4gU3RyZWV0LCBGaWZ0aCBGbG9vciwgQm9zdG9uLCBNQSAgMDIxMTAtMTMwMSAgVVNBCisgKi8KKworI2luY2x1ZGUgIm5vdGVwYWQuaCIKKworI2luY2x1ZGUgPGFzc2VydC5oPgorI2luY2x1ZGUgPGNvbW1jdHJsLmg+CisjaW5jbHVkZSA8c3Ryc2FmZS5oPgorCitMUkVTVUxUIENBTExCQUNLIEVESVRfV25kUHJvYyhIV05EIGhXbmQsIFVJTlQgbXNnLCBXUEFSQU0gd1BhcmFtLCBMUEFSQU0gbFBhcmFtKTsKKworc3RhdGljIGNvbnN0IFRDSEFSIGhlbHBmaWxlW10gPSBfVCgibm90ZXBhZC5obHAiKTsKK3N0YXRpYyBjb25zdCBUQ0hBUiBlbXB0eV9zdHJbXSA9IF9UKCIiKTsKK3N0YXRpYyBjb25zdCBUQ0hBUiBzekRlZmF1bHRFeHRbXSA9IF9UKCJ0eHQiKTsKK3N0YXRpYyBjb25zdCBUQ0hBUiB0eHRfZmlsZXNbXSA9IF9UKCIqLnR4dCIpOworCitzdGF0aWMgVUlOVF9QVFIgQ0FMTEJBQ0sgRElBTE9HX1BBR0VTRVRVUF9Ib29rKEhXTkQgaERsZywgVUlOVCBtc2csIFdQQVJBTSB3UGFyYW0sIExQQVJBTSBsUGFyYW0pOworCisvLyBQVjpJRkNPTkQocHY6aGFzRmVhdHVyZSgnQWlyUHJlc3N1cmUnKSkKK1ZPSUQgU2hvd0xhc3RFcnJvcihWT0lEKQoreworICAgIERXT1JEIGVycm9yID0gR2V0TGFzdEVycm9yKCk7CisgICAgaWYgKGVycm9yICE9IE5PX0VSUk9SKQorICAgIHsKKyAgICAgICAgTFBUU1RSIGxwTXNnQnVmID0gTlVMTDsKKyAgICAgICAgVENIQVIgc3pUaXRsZVtNQVhfU1RSSU5HX0xFTl07CisKKyAgICAgICAgTG9hZFN0cmluZyhHbG9iYWxzLmhJbnN0YW5jZSwgU1RSSU5HX0VSUk9SLCBzelRpdGxlLCBBUlJBWV9TSVpFKHN6VGl0bGUpKTsKKworICAgICAgICBGb3JtYXRNZXNzYWdlKEZPUk1BVF9NRVNTQUdFX0FMTE9DQVRFX0JVRkZFUiB8IEZPUk1BVF9NRVNTQUdFX0ZST01fU1lTVEVNLAorICAgICAgICAgICAgICAgICAgICAgIE5VTEwsCisgICAgICAgICAgICAgICAgICAgICAgZXJyb3IsCisgICAgICAgICAgICAgICAgICAgICAgMCwKKyAgICAgICAgICAgICAgICAgICAgICAoTFBUU1RSKSAmbHBNc2dCdWYsCisgICAgICAgICAgICAgICAgICAgICAgMCwKKyAgICAgICAgICAgICAgICAgICAgICBOVUxMKTsKKworICAgICAgICBNZXNzYWdlQm94KE5VTEwsIGxwTXNnQnVmLCBzelRpdGxlLCBNQl9PSyB8IE1CX0lDT05FUlJPUik7CisgICAgICAgIExvY2FsRnJlZShscE1zZ0J1Zik7CisgICAgfQorfQorLy8gUFY6RU5EQ09ORAorLyoqCisgKiBTZXRzIHRoZSBjYXB0aW9uIG9mIHRoZSBtYWluIHdpbmRvdyBhY2NvcmRpbmcgdG8gR2xvYmFscy5zekZpbGVUaXRsZToKKyAqICAgICh1bnRpdGxlZCkgLSBOb3RlcGFkICAgICAgaWYgbm8gZmlsZSBpcyBvcGVuCisgKiAgICBbZmlsZW5hbWVdIC0gTm90ZXBhZCAgICAgIGlmIGEgZmlsZSBpcyBnaXZlbgorICovCit2b2lkIFVwZGF0ZVdpbmRvd0NhcHRpb24oQk9PTCBjbGVhck1vZGlmeUFsZXJ0KQoreworICAgIFRDSEFSIHN6Q2FwdGlvbltNQVhfU1RSSU5HX0xFTl07CisgICAgVENIQVIgc3pOb3RlcGFkW01BWF9TVFJJTkdfTEVOXTsKKyAgICBUQ0hBUiBzekZpbGVuYW1lW01BWF9TVFJJTkdfTEVOXTsKKy8vIFBWOklGQ09ORChwdjpoYXNGZWF0dXJlKCdXaW5kU3BlZWQnKSkKKyAgICAvKiBMb2FkIHRoZSBuYW1lIG9mIHRoZSBhcHBsaWNhdGlvbiAqLworICAgIExvYWRTdHJpbmcoR2xvYmFscy5oSW5zdGFuY2UsIFNUUklOR19OT1RFUEFELCBzek5vdGVwYWQsIEFSUkFZX1NJWkUoc3pOb3RlcGFkKSk7CisKKyAgICAvKiBEZXRlcm1pbmUgaWYgdGhlIGZpbGUgaGFzIGJlZW4gc2F2ZWQgb3IgaWYgdGhpcyBpcyBhIG5ldyBmaWxlICovCisgICAgaWYgKEdsb2JhbHMuc3pGaWxlVGl0bGVbMF0gIT0gMCkKKyAgICAgICAgU3RyaW5nQ2NoQ29weShzekZpbGVuYW1lLCBBUlJBWV9TSVpFKHN6RmlsZW5hbWUpLCBHbG9iYWxzLnN6RmlsZVRpdGxlKTsKKyAgICBlbHNlCisgICAgICAgIExvYWRTdHJpbmcoR2xvYmFscy5oSW5zdGFuY2UsIFNUUklOR19VTlRJVExFRCwgc3pGaWxlbmFtZSwgQVJSQVlfU0laRShzekZpbGVuYW1lKSk7CisKKyAgICAvKiBXaGVuIGEgZmlsZSBpcyBiZWluZyBvcGVuZWQgb3IgY3JlYXRlZCwgdGhlcmUgaXMgbm8gbmVlZCB0byBoYXZlIHRoZSBlZGl0ZWQgZmxhZyBzaG93bgorICAgICAgIHdoZW4gdGhlIG5ldyBvciBvcGVuZWQgZmlsZSBoYXMgbm90IGJlZW4gZWRpdGVkIHlldCAqLworICAgIGlmIChjbGVhck1vZGlmeUFsZXJ0KQorICAgICAgICBTdHJpbmdDYlByaW50ZihzekNhcHRpb24sIEFSUkFZX1NJWkUoc3pDYXB0aW9uKSwgX1QoIiVzIC0gJXMiKSwgc3pGaWxlbmFtZSwgc3pOb3RlcGFkKTsKKyAgICBlbHNlCisgICAgeworICAgICAgICBCT09MIGlzTW9kaWZpZWQgPSAoU2VuZE1lc3NhZ2UoR2xvYmFscy5oRWRpdCwgRU1fR0VUTU9ESUZZLCAwLCAwKSA/IFRSVUUgOiBGQUxTRSk7CisKKyAgICAgICAgLyogVXBkYXRlIHRoZSBjYXB0aW9uIGJhc2VkIHVwb24gaWYgdGhlIHVzZXIgaGFzIG1vZGlmaWVkIHRoZSBjb250ZW50cyBvZiB0aGUgZmlsZSBvciBub3QgKi8KKyAgICAgICAgU3RyaW5nQ2JQcmludGYoc3pDYXB0aW9uLCBBUlJBWV9TSVpFKHN6Q2FwdGlvbiksIF9UKCIlcyVzIC0gJXMiKSwKKyAgICAgICAgICAgIChpc01vZGlmaWVkID8gX1QoIioiKSA6IF9UKCIiKSksIHN6RmlsZW5hbWUsIHN6Tm90ZXBhZCk7CisgICAgfQorLy8gUFY6IEVORENPTkQKKyAgICAvKiBVcGRhdGUgdGhlIHdpbmRvdyBjYXB0aW9uICovCisgICAgU2V0V2luZG93VGV4dChHbG9iYWxzLmhNYWluV25kLCBzekNhcHRpb24pOworfQorCitpbnQgRElBTE9HX1N0cmluZ01zZ0JveChIV05EIGhQYXJlbnQsIGludCBmb3JtYXRJZCwgTFBDVFNUUiBzelN0cmluZywgRFdPUkQgZHdGbGFncykKK3sKKyAgICBUQ0hBUiBzek1lc3NhZ2VbTUFYX1NUUklOR19MRU5dOworICAgIFRDSEFSIHN6UmVzb3VyY2VbTUFYX1NUUklOR19MRU5dOworCisgICAgLyogTG9hZCBhbmQgZm9ybWF0IHN6TWVzc2FnZSAqLworICAgIExvYWRTdHJpbmcoR2xvYmFscy5oSW5zdGFuY2UsIGZvcm1hdElkLCBzelJlc291cmNlLCBBUlJBWV9TSVpFKHN6UmVzb3VyY2UpKTsKKyAgICBfc250cHJpbnRmKHN6TWVzc2FnZSwgQVJSQVlfU0laRShzek1lc3NhZ2UpLCBzelJlc291cmNlLCBzelN0cmluZyk7CisKKyAgICAvKiBMb2FkIHN6Q2FwdGlvbiAqLworICAgIGlmICgoZHdGbGFncyAmIE1CX0lDT05NQVNLKSA9PSBNQl9JQ09ORVhDTEFNQVRJT04pCisgICAgICAgIExvYWRTdHJpbmcoR2xvYmFscy5oSW5zdGFuY2UsIFNUUklOR19FUlJPUiwgc3pSZXNvdXJjZSwgQVJSQVlfU0laRShzelJlc291cmNlKSk7CisgICAgZWxzZQorICAgICAgICBMb2FkU3RyaW5nKEdsb2JhbHMuaEluc3RhbmNlLCBTVFJJTkdfTk9URVBBRCwgc3pSZXNvdXJjZSwgQVJSQVlfU0laRShzelJlc291cmNlKSk7CisKKyAgICAvKiBEaXNwbGF5IE1vZGFsIERpYWxvZyAqLworICAgIC8vIGlmIChoUGFyZW50ID09IE5VTEwpCisgICAgICAgIC8vIGhQYXJlbnQgPSBHbG9iYWxzLmhNYWluV25kOworICAgIHJldHVybiBNZXNzYWdlQm94KGhQYXJlbnQsIHN6TWVzc2FnZSwgc3pSZXNvdXJjZSwgZHdGbGFncyk7Cit9CisKK3N0YXRpYyB2b2lkIEFsZXJ0RmlsZU5vdEZvdW5kKExQQ1RTVFIgc3pGaWxlTmFtZSkKK3sKKyAgICBESUFMT0dfU3RyaW5nTXNnQm94KEdsb2JhbHMuaE1haW5XbmQsIFNUUklOR19OT1RGT1VORCwgc3pGaWxlTmFtZSwgTUJfSUNPTkVYQ0xBTUFUSU9OIHwgTUJfT0spOworfQorCitzdGF0aWMgaW50IEFsZXJ0RmlsZU5vdFNhdmVkKExQQ1RTVFIgc3pGaWxlTmFtZSkKK3sKKyAgICBUQ0hBUiBzelVudGl0bGVkW01BWF9TVFJJTkdfTEVOXTsKKworICAgIExvYWRTdHJpbmcoR2xvYmFscy5oSW5zdGFuY2UsIFNUUklOR19VTlRJVExFRCwgc3pVbnRpdGxlZCwgQVJSQVlfU0laRShzelVudGl0bGVkKSk7CisKKyAgICByZXR1cm4gRElBTE9HX1N0cmluZ01zZ0JveChHbG9iYWxzLmhNYWluV25kLCBTVFJJTkdfTk9UU0FWRUQsCisgICAgICAgICAgICAgICAgICAgICAgICAgICAgICAgc3pGaWxlTmFtZVswXSA/IHN6RmlsZU5hbWUgOiBzelVudGl0bGVkLAorICAgICAgICAgICAgICAgICAgICAgICAgICAgICAgIE1CX0lDT05RVUVTVElPTiB8IE1CX1lFU05PQ0FOQ0VMKTsKK30KKworc3RhdGljIHZvaWQgQWxlcnRQcmludEVycm9yKHZvaWQpCit7CisgICAgVENIQVIgc3pVbnRpdGxlZFtNQVhfU1RSSU5HX0xFTl07CisKKyAgICBMb2FkU3RyaW5nKEdsb2JhbHMuaEluc3RhbmNlLCBTVFJJTkdfVU5USVRMRUQsIHN6VW50aXRsZWQsIEFSUkFZX1NJWkUoc3pVbnRpdGxlZCkpOworCisgICAgRElBTE9HX1N0cmluZ01zZ0JveChHbG9iYWxzLmhNYWluV25kLCBTVFJJTkdfUFJJTlRFUlJPUiwKKyAgICAgICAgICAgICAgICAgICAgICAgIEdsb2JhbHMuc3pGaWxlTmFtZVswXSA/IEdsb2JhbHMuc3pGaWxlTmFtZSA6IHN6VW50aXRsZWQsCisgICAgICAgICAgICAgICAgICAgICAgICBNQl9JQ09ORVhDTEFNQVRJT04gfCBNQl9PSyk7Cit9CisKKy8qKgorICogUmV0dXJuczoKKyAqICAgVFJVRSAgLSBpZiBmaWxlIGV4aXN0cworICogICBGQUxTRSAtIGlmIGZpbGUgZG9lcyBub3QgZXhpc3QKKyAqLworQk9PTCBGaWxlRXhpc3RzKExQQ1RTVFIgc3pGaWxlbmFtZSkKK3sKKyAgICBXSU4zMl9GSU5EX0RBVEEgZW50cnk7CisgICAgSEFORExFIGhGaWxlOworCisgICAgaEZpbGUgPSBGaW5kRmlyc3RGaWxlKHN6RmlsZW5hbWUsICZlbnRyeSk7CisgICAgRmluZENsb3NlKGhGaWxlKTsKKworICAgIHJldHVybiAoaEZpbGUgIT0gSU5WQUxJRF9IQU5ETEVfVkFMVUUpOworfQorCitCT09MIEhhc0ZpbGVFeHRlbnNpb24oTFBDVFNUUiBzekZpbGVuYW1lKQoreworICAgIExQQ1RTVFIgczsKKworICAgIHMgPSBfdGNzcmNocihzekZpbGVuYW1lLCBfVCgnXFwnKSk7CisgICAgaWYgKHMpCisgICAgICAgIHN6RmlsZW5hbWUgPSBzOworICAgIHJldHVybiBfdGNzcmNocihzekZpbGVuYW1lLCBfVCgnLicpKSAhPSBOVUxMOworfQorCitpbnQgR2V0U2VsZWN0aW9uVGV4dExlbmd0aChIV05EIGhXbmQpCit7CisgICAgRFdPUkQgZHdTdGFydCA9IDA7CisgICAgRFdPUkQgZHdFbmQgPSAwOworCisgICAgU2VuZE1lc3NhZ2UoaFduZCwgRU1fR0VUU0VMLCAoV1BBUkFNKSZkd1N0YXJ0LCAoTFBBUkFNKSZkd0VuZCk7CisKKyAgICByZXR1cm4gZHdFbmQgLSBkd1N0YXJ0OworfQorCitpbnQgR2V0U2VsZWN0aW9uVGV4dChIV05EIGhXbmQsIExQVFNUUiBscFN0cmluZywgaW50IG5NYXhDb3VudCkKK3sKKyAgICBEV09SRCBkd1N0YXJ0ID0gMDsKKyAgICBEV09SRCBkd0VuZCA9IDA7CisgICAgRFdPUkQgZHdTaXplOworICAgIEhSRVNVTFQgaFJlc3VsdDsKKyAgICBMUFRTVFIgbHBUZW1wOworCisgICAgaWYgKCFscFN0cmluZykKKyAgICB7CisgICAgICAgIHJldHVybiAwOworICAgIH0KKy8vIFBWOklGQ09ORChwdjpoYXNGZWF0dXJlKCdUZW1wZXJhdHVyZScpIG9yIHB2Omhhc0ZlYXR1cmUoJ0dhbGUnKSApCisgICAgU2VuZE1lc3NhZ2UoaFduZCwgRU1fR0VUU0VMLCAoV1BBUkFNKSZkd1N0YXJ0LCAoTFBBUkFNKSZkd0VuZCk7CisKKyAgICBpZiAoZHdTdGFydCA9PSBkd0VuZCkKKyAgICB7CisgICAgICAgIHJldHVybiAwOworICAgIH0KKworICAgIGR3U2l6ZSA9IEdldFdpbmRvd1RleHRMZW5ndGgoaFduZCkgKyAxOworICAgIGxwVGVtcCA9IEhlYXBBbGxvYyhHZXRQcm9jZXNzSGVhcCgpLCAwLCBkd1NpemUgKiBzaXplb2YoVENIQVIpKTsKKyAgICBpZiAoIWxwVGVtcCkKKyAgICB7CisgICAgICAgIHJldHVybiAwOworICAgIH0KKworICAgIGR3U2l6ZSA9IEdldFdpbmRvd1RleHQoaFduZCwgbHBUZW1wLCBkd1NpemUpOworLy9QVjpJRkNPTkQKKyAgICBpZiAoIWR3U2l6ZSkKKyAgICB7CisgICAgICAgIEhlYXBGcmVlKEdldFByb2Nlc3NIZWFwKCksIDAsIGxwVGVtcCk7CisgICAgICAgIHJldHVybiAwOworICAgIH0KKworICAgIGhSZXN1bHQgPSBTdHJpbmdDY2hDb3B5TihscFN0cmluZywgbk1heENvdW50LCBscFRlbXAgKyBkd1N0YXJ0LCBkd0VuZCAtIGR3U3RhcnQpOworICAgIEhlYXBGcmVlKEdldFByb2Nlc3NIZWFwKCksIDAsIGxwVGVtcCk7CisKKyAgICBzd2l0Y2ggKGhSZXN1bHQpCisgICAgeworICAgICAgICBjYXNlIFNfT0s6CisgICAgICAgIHsKKyAgICAgICAgICAgIHJldHVybiBkd0VuZCAtIGR3U3RhcnQ7CisgICAgICAgIH0KKworICAgICAgICBjYXNlIFNUUlNBRkVfRV9JTlNVRkZJQ0lFTlRfQlVGRkVSOgorICAgICAgICB7CisgICAgICAgICAgICByZXR1cm4gbk1heENvdW50IC0gMTsKKyAgICAgICAgfQorCisgICAgICAgIGRlZmF1bHQ6CisgICAgICAgIHsKKyAgICAgICAgICAgIHJldHVybiAwOworICAgICAgICB9CisgICAgfQorfQorCitzdGF0aWMgUkVDVAorR2V0UHJpbnRpbmdSZWN0KEhEQyBoZGMsIFJFQ1QgbWFyZ2lucykKK3sKKyAgICBpbnQgaUxvZ1BpeGVsc1gsIGlMb2dQaXhlbHNZOworICAgIGludCBpSG9yelJlcywgaVZlcnRSZXM7CisgICAgaW50IGlQaHlzUGFnZVgsIGlQaHlzUGFnZVksIGlQaHlzUGFnZVcsIGlQaHlzUGFnZUg7CisgICAgUkVDVCByY1ByaW50UmVjdDsKKworICAgIGlQaHlzUGFnZVggPSBHZXREZXZpY2VDYXBzKGhkYywgUEhZU0lDQUxPRkZTRVRYKTsKKyAgICBpUGh5c1BhZ2VZID0gR2V0RGV2aWNlQ2FwcyhoZGMsIFBIWVNJQ0FMT0ZGU0VUWSk7CisgICAgaVBoeXNQYWdlVyA9IEdldERldmljZUNhcHMoaGRjLCBQSFlTSUNBTFdJRFRIKTsKKyAgICBpUGh5c1BhZ2VIID0gR2V0RGV2aWNlQ2FwcyhoZGMsIFBIWVNJQ0FMSEVJR0hUKTsKKyAgICBpTG9nUGl4ZWxzWCA9IEdldERldmljZUNhcHMoaGRjLCBMT0dQSVhFTFNYKTsKKyAgICBpTG9nUGl4ZWxzWSA9IEdldERldmljZUNhcHMoaGRjLCBMT0dQSVhFTFNZKTsKKyAgICBpSG9yelJlcyA9IEdldERldmljZUNhcHMoaGRjLCBIT1JaUkVTKTsKKyAgICBpVmVydFJlcyA9IEdldERldmljZUNhcHMoaGRjLCBWRVJUUkVTKTsKKworICAgIHJjUHJpbnRSZWN0LmxlZnQgPSAobWFyZ2lucy5sZWZ0ICogaUxvZ1BpeGVsc1ggLyAyNTQwKSAtIGlQaHlzUGFnZVg7CisgICAgcmNQcmludFJlY3QudG9wID0gKG1hcmdpbnMudG9wICogaUxvZ1BpeGVsc1kgLyAyNTQwKSAtIGlQaHlzUGFnZVk7CisgICAgcmNQcmludFJlY3QucmlnaHQgPSBpSG9yelJlcyAtICgoKG1hcmdpbnMubGVmdCAqIGlMb2dQaXhlbHNYIC8gMjU0MCkgLSBpUGh5c1BhZ2VYKSArICgobWFyZ2lucy5yaWdodCAqIGlMb2dQaXhlbHNYIC8gMjU0MCkgLSAoaVBoeXNQYWdlVyAtIGlQaHlzUGFnZVggLSBpSG9yelJlcykpKTsKKyAgICByY1ByaW50UmVjdC5ib3R0b20gPSBpVmVydFJlcyAtICgoKG1hcmdpbnMudG9wICogaUxvZ1BpeGVsc1kgLyAyNTQwKSAtIGlQaHlzUGFnZVkpICsgKChtYXJnaW5zLmJvdHRvbSAqIGlMb2dQaXhlbHNZIC8gMjU0MCkgLSAoaVBoeXNQYWdlSCAtIGlQaHlzUGFnZVkgLSBpVmVydFJlcykpKTsKKworICAgIHJldHVybiByY1ByaW50UmVjdDsKK30KKworc3RhdGljIEJPT0wgRG9TYXZlRmlsZShWT0lEKQoreworICAgIEJPT0wgYlJldCA9IFRSVUU7CisgICAgSEFORExFIGhGaWxlOworICAgIExQVFNUUiBwVGVtcDsKKyAgICBEV09SRCBzaXplOworCisgICAgaEZpbGUgPSBDcmVhdGVGaWxlKEdsb2JhbHMuc3pGaWxlTmFtZSwgR0VORVJJQ19XUklURSwgRklMRV9TSEFSRV9XUklURSwKKyAgICAgICAgICAgICAgICAgICAgICAgTlVMTCwgQ1JFQVRFX0FMV0FZUywgRklMRV9BVFRSSUJVVEVfTk9STUFMLCBOVUxMKTsKKyAgICBpZihoRmlsZSA9PSBJTlZBTElEX0hBTkRMRV9WQUxVRSkKKyAgICB7CisgICAgICAgIFNob3dMYXN0RXJyb3IoKTsKKyAgICAgICAgcmV0dXJuIEZBTFNFOworICAgIH0KKworICAgIHNpemUgPSBHZXRXaW5kb3dUZXh0TGVuZ3RoKEdsb2JhbHMuaEVkaXQpICsgMTsKKyAgICBwVGVtcCA9IEhlYXBBbGxvYyhHZXRQcm9jZXNzSGVhcCgpLCAwLCBzaXplICogc2l6ZW9mKCpwVGVtcCkpOworICAgIGlmICghcFRlbXApCisgICAgeworICAgICAgICBDbG9zZUhhbmRsZShoRmlsZSk7CisgICAgICAgIFNob3dMYXN0RXJyb3IoKTsKKyAgICAgICAgcmV0dXJuIEZBTFNFOworICAgIH0KKyAgICBzaXplID0gR2V0V2luZG93VGV4dChHbG9iYWxzLmhFZGl0LCBwVGVtcCwgc2l6ZSk7CisKKyAgICBpZiAoc2l6ZSkKKyAgICB7CisgICAgICAgIGlmICghV3JpdGVUZXh0KGhGaWxlLCAoTFBXU1RSKXBUZW1wLCBzaXplLCBHbG9iYWxzLmVuY0ZpbGUsIEdsb2JhbHMuaUVvbG4pKQorICAgICAgICB7CisgICAgICAgICAgICBTaG93TGFzdEVycm9yKCk7CisgICAgICAgICAgICBiUmV0ID0gRkFMU0U7CisgICAgICAgIH0KKyAgICAgICAgZWxzZQorICAgICAgICB7CisgICAgICAgICAgICBTZW5kTWVzc2FnZShHbG9iYWxzLmhFZGl0LCBFTV9TRVRNT0RJRlksIEZBTFNFLCAwKTsKKyAgICAgICAgICAgIGJSZXQgPSBUUlVFOworICAgICAgICB9CisgICAgfQorCisgICAgQ2xvc2VIYW5kbGUoaEZpbGUpOworICAgIEhlYXBGcmVlKEdldFByb2Nlc3NIZWFwKCksIDAsIHBUZW1wKTsKKyAgICByZXR1cm4gYlJldDsKK30KKworLyoqCisgKiBSZXR1cm5zOgorICogICBUUlVFICAtIFVzZXIgYWdyZWVkIHRvIGNsb3NlIChib3RoIHNhdmUvZG9uJ3Qgc2F2ZSkKKyAqICAgRkFMU0UgLSBVc2VyIGNhbmNlbGxlZCBjbG9zZSBieSBzZWxlY3RpbmcgIkNhbmNlbCIKKyAqLworQk9PTCBEb0Nsb3NlRmlsZShWT0lEKQoreworICAgIGludCBuUmVzdWx0OworCisgICAgaWYgKFNlbmRNZXNzYWdlKEdsb2JhbHMuaEVkaXQsIEVNX0dFVE1PRElGWSwgMCwgMCkpCisgICAgeworICAgICAgICAvKiBwcm9tcHQgdXNlciB0byBzYXZlIGNoYW5nZXMgKi8KKyAgICAgICAgblJlc3VsdCA9IEFsZXJ0RmlsZU5vdFNhdmVkKEdsb2JhbHMuc3pGaWxlTmFtZSk7CisgICAgICAgIHN3aXRjaCAoblJlc3VsdCkKKyAgICAgICAgeworICAgICAgICAgICAgY2FzZSBJRFlFUzoKKyAgICAgICAgICAgICAgICBpZighRElBTE9HX0ZpbGVTYXZlKCkpCisgICAgICAgICAgICAgICAgICAgIHJldHVybiBGQUxTRTsKKyAgICAgICAgICAgICAgICBicmVhazsKKworICAgICAgICAgICAgY2FzZSBJRE5POgorICAgICAgICAgICAgICAgIGJyZWFrOworCisgICAgICAgICAgICBjYXNlIElEQ0FOQ0VMOgorICAgICAgICAgICAgICAgIHJldHVybiBGQUxTRTsKKworICAgICAgICAgICAgZGVmYXVsdDoKKyAgICAgICAgICAgICAgICByZXR1cm4gRkFMU0U7CisgICAgICAgIH0KKyAgICB9CisKKyAgICBTZXRGaWxlTmFtZShlbXB0eV9zdHIpOworICAgIFVwZGF0ZVdpbmRvd0NhcHRpb24oVFJVRSk7CisKKyAgICByZXR1cm4gVFJVRTsKK30KKworVk9JRCBEb09wZW5GaWxlKExQQ1RTVFIgc3pGaWxlTmFtZSkKK3sKKyAgICBzdGF0aWMgY29uc3QgVENIQVIgZG90bG9nW10gPSBfVCgiLkxPRyIpOworICAgIEhBTkRMRSBoRmlsZTsKKyAgICBMUFRTVFIgcHN6VGV4dCA9IE5VTEw7CisgICAgRFdPUkQgZHdUZXh0TGVuOworICAgIFRDSEFSIGxvZ1s1XTsKKworICAgIC8qIENsb3NlIGFueSBmaWxlcyBhbmQgcHJvbXB0IHRvIHNhdmUgY2hhbmdlcyAqLworICAgIGlmICghRG9DbG9zZUZpbGUoKSkKKyAgICAgICAgcmV0dXJuOworCisgICAgaEZpbGUgPSBDcmVhdGVGaWxlKHN6RmlsZU5hbWUsIEdFTkVSSUNfUkVBRCwgRklMRV9TSEFSRV9SRUFEIHwgRklMRV9TSEFSRV9XUklURSwgTlVMTCwKKyAgICAgICAgICAgICAgICAgICAgICAgT1BFTl9BTFdBWVMsIEZJTEVfQVRUUklCVVRFX05PUk1BTCwgTlVMTCk7CisgICAgaWYgKGhGaWxlID09IElOVkFMSURfSEFORExFX1ZBTFVFKQorICAgIHsKKyAgICAgICAgU2hvd0xhc3RFcnJvcigpOworICAgICAgICBnb3RvIGRvbmU7CisgICAgfQorCisgICAgaWYgKCFSZWFkVGV4dChoRmlsZSwgKExQV1NUUiAqKSZwc3pUZXh0LCAmZHdUZXh0TGVuLCAmR2xvYmFscy5lbmNGaWxlLCAmR2xvYmFscy5pRW9sbikpCisgICAgeworICAgICAgICBTaG93TGFzdEVycm9yKCk7CisgICAgICAgIGdvdG8gZG9uZTsKKyAgICB9CisgICAgU2V0V2luZG93VGV4dChHbG9iYWxzLmhFZGl0LCBwc3pUZXh0KTsKKworICAgIFNlbmRNZXNzYWdlKEdsb2JhbHMuaEVkaXQsIEVNX1NFVE1PRElGWSwgRkFMU0UsIDApOworICAgIFNlbmRNZXNzYWdlKEdsb2JhbHMuaEVkaXQsIEVNX0VNUFRZVU5ET0JVRkZFUiwgMCwgMCk7CisgICAgU2V0Rm9jdXMoR2xvYmFscy5oRWRpdCk7CisKKyAgICAvKiAgSWYgdGhlIGZpbGUgc3RhcnRzIHdpdGggLkxPRywgYWRkIGEgdGltZS9kYXRlIGF0IHRoZSBlbmQgYW5kIHNldCBjdXJzb3IgYWZ0ZXIKKyAgICAgKiAgU2VlIGh0dHA6Ly9zdXBwb3J0Lm1pY3Jvc29mdC5jb20vP2tiaWQ9MjYwNTYzCisgICAgICovCisgICAgaWYgKEdldFdpbmRvd1RleHQoR2xvYmFscy5oRWRpdCwgbG9nLCBBUlJBWV9TSVpFKGxvZykpICYmICFfdGNzY21wKGxvZywgZG90bG9nKSkKKyAgICB7CisgICAgICAgIHN0YXRpYyBjb25zdCBUQ0hBUiBsZltdID0gX1QoIlxyXG4iKTsKKyAgICAgICAgU2VuZE1lc3NhZ2UoR2xvYmFscy5oRWRpdCwgRU1fU0VUU0VMLCBHZXRXaW5kb3dUZXh0TGVuZ3RoKEdsb2JhbHMuaEVkaXQpLCAtMSk7CisgICAgICAgIFNlbmRNZXNzYWdlKEdsb2JhbHMuaEVkaXQsIEVNX1JFUExBQ0VTRUwsIFRSVUUsIChMUEFSQU0pbGYpOworICAgICAgICBESUFMT0dfRWRpdFRpbWVEYXRlKCk7CisgICAgICAgIFNlbmRNZXNzYWdlKEdsb2JhbHMuaEVkaXQsIEVNX1JFUExBQ0VTRUwsIFRSVUUsIChMUEFSQU0pbGYpOworICAgIH0KKworICAgIFNldEZpbGVOYW1lKHN6RmlsZU5hbWUpOworICAgIFVwZGF0ZVdpbmRvd0NhcHRpb24oVFJVRSk7CisgICAgTk9URVBBRF9FbmFibGVTZWFyY2hNZW51KCk7Citkb25lOgorICAgIGlmIChoRmlsZSAhPSBJTlZBTElEX0hBTkRMRV9WQUxVRSkKKyAgICAgICAgQ2xvc2VIYW5kbGUoaEZpbGUpOworICAgIGlmIChwc3pUZXh0KQorICAgICAgICBIZWFwRnJlZShHZXRQcm9jZXNzSGVhcCgpLCAwLCBwc3pUZXh0KTsKK30KKworVk9JRCBESUFMT0dfRmlsZU5ldyhWT0lEKQoreworICAgIC8qIENsb3NlIGFueSBmaWxlcyBhbmQgcHJvbXB0IHRvIHNhdmUgY2hhbmdlcyAqLworICAgIGlmIChEb0Nsb3NlRmlsZSgpKSB7CisgICAgICAgIFNldFdpbmRvd1RleHQoR2xvYmFscy5oRWRpdCwgZW1wdHlfc3RyKTsKKyAgICAgICAgU2VuZE1lc3NhZ2UoR2xvYmFscy5oRWRpdCwgRU1fRU1QVFlVTkRPQlVGRkVSLCAwLCAwKTsKKyAgICAgICAgU2V0Rm9jdXMoR2xvYmFscy5oRWRpdCk7CisgICAgICAgIE5PVEVQQURfRW5hYmxlU2VhcmNoTWVudSgpOworICAgIH0KK30KKworVk9JRCBESUFMT0dfRmlsZU9wZW4oVk9JRCkKK3sKKyAgICBPUEVORklMRU5BTUUgb3BlbmZpbGVuYW1lOworICAgIFRDSEFSIHN6UGF0aFtNQVhfUEFUSF07CisKKyAgICBaZXJvTWVtb3J5KCZvcGVuZmlsZW5hbWUsIHNpemVvZihvcGVuZmlsZW5hbWUpKTsKKworICAgIGlmIChHbG9iYWxzLnN6RmlsZU5hbWVbMF0gPT0gMCkKKyAgICAgICAgX3Rjc2NweShzelBhdGgsIHR4dF9maWxlcyk7CisgICAgZWxzZQorICAgICAgICBfdGNzY3B5KHN6UGF0aCwgR2xvYmFscy5zekZpbGVOYW1lKTsKKworICAgIG9wZW5maWxlbmFtZS5sU3RydWN0U2l6ZSA9IHNpemVvZihvcGVuZmlsZW5hbWUpOworICAgIG9wZW5maWxlbmFtZS5od25kT3duZXIgPSBHbG9iYWxzLmhNYWluV25kOworICAgIG9wZW5maWxlbmFtZS5oSW5zdGFuY2UgPSBHbG9iYWxzLmhJbnN0YW5jZTsKKyAgICBvcGVuZmlsZW5hbWUubHBzdHJGaWx0ZXIgPSBHbG9iYWxzLnN6RmlsdGVyOworICAgIG9wZW5maWxlbmFtZS5scHN0ckZpbGUgPSBzelBhdGg7CisgICAgb3BlbmZpbGVuYW1lLm5NYXhGaWxlID0gQVJSQVlfU0laRShzelBhdGgpOworICAgIG9wZW5maWxlbmFtZS5GbGFncyA9IE9GTl9GSUxFTVVTVEVYSVNUIHwgT0ZOX1BBVEhNVVNURVhJU1QgfCBPRk5fSElERVJFQURPTkxZOworICAgIG9wZW5maWxlbmFtZS5scHN0ckRlZkV4dCA9IHN6RGVmYXVsdEV4dDsKKworICAgIGlmIChHZXRPcGVuRmlsZU5hbWUoJm9wZW5maWxlbmFtZSkpIHsKKyAgICAgICAgaWYgKEZpbGVFeGlzdHMob3BlbmZpbGVuYW1lLmxwc3RyRmlsZSkpCisgICAgICAgICAgICBEb09wZW5GaWxlKG9wZW5maWxlbmFtZS5scHN0ckZpbGUpOworICAgICAgICBlbHNlCisgICAgICAgICAgICBBbGVydEZpbGVOb3RGb3VuZChvcGVuZmlsZW5hbWUubHBzdHJGaWxlKTsKKyAgICB9Cit9CisKK0JPT0wgRElBTE9HX0ZpbGVTYXZlKFZPSUQpCit7CisgICAgaWYgKEdsb2JhbHMuc3pGaWxlTmFtZVswXSA9PSAwKQorICAgIHsKKyAgICAgICAgcmV0dXJuIERJQUxPR19GaWxlU2F2ZUFzKCk7CisgICAgfQorICAgIGVsc2UgaWYgKERvU2F2ZUZpbGUoKSkKKyAgICB7CisgICAgICAgIFVwZGF0ZVdpbmRvd0NhcHRpb24oVFJVRSk7CisgICAgICAgIHJldHVybiBUUlVFOworICAgIH0KKyAgICByZXR1cm4gRkFMU0U7Cit9CisKK3N0YXRpYyBVSU5UX1BUUgorQ0FMTEJBQ0sKK0RJQUxPR19GaWxlU2F2ZUFzX0hvb2soSFdORCBoRGxnLCBVSU5UIG1zZywgV1BBUkFNIHdQYXJhbSwgTFBBUkFNIGxQYXJhbSkKK3sKKyAgICBUQ0hBUiBzelRleHRbMTI4XTsKKyAgICBIV05EIGhDb21ibzsKKworICAgIFVOUkVGRVJFTkNFRF9QQVJBTUVURVIod1BhcmFtKTsKKworICAgIHN3aXRjaChtc2cpCisgICAgeworICAgICAgICBjYXNlIFdNX0lOSVRESUFMT0c6CisgICAgICAgICAgICBoQ29tYm8gPSBHZXREbGdJdGVtKGhEbGcsIElEX0VOQ09ESU5HKTsKKworICAgICAgICAgICAgTG9hZFN0cmluZyhHbG9iYWxzLmhJbnN0YW5jZSwgU1RSSU5HX0FOU0ksIHN6VGV4dCwgQVJSQVlfU0laRShzelRleHQpKTsKKyAgICAgICAgICAgIFNlbmRNZXNzYWdlKGhDb21ibywgQ0JfQUREU1RSSU5HLCAwLCAoTFBBUkFNKSBzelRleHQpOworCisgICAgICAgICAgICBMb2FkU3RyaW5nKEdsb2JhbHMuaEluc3RhbmNlLCBTVFJJTkdfVU5JQ09ERSwgc3pUZXh0LCBBUlJBWV9TSVpFKHN6VGV4dCkpOworICAgICAgICAgICAgU2VuZE1lc3NhZ2UoaENvbWJvLCBDQl9BRERTVFJJTkcsIDAsIChMUEFSQU0pIHN6VGV4dCk7CisKKyAgICAgICAgICAgIExvYWRTdHJpbmcoR2xvYmFscy5oSW5zdGFuY2UsIFNUUklOR19VTklDT0RFX0JFLCBzelRleHQsIEFSUkFZX1NJWkUoc3pUZXh0KSk7CisgICAgICAgICAgICBTZW5kTWVzc2FnZShoQ29tYm8sIENCX0FERFNUUklORywgMCwgKExQQVJBTSkgc3pUZXh0KTsKKworICAgICAgICAgICAgTG9hZFN0cmluZyhHbG9iYWxzLmhJbnN0YW5jZSwgU1RSSU5HX1VURjgsIHN6VGV4dCwgQVJSQVlfU0laRShzelRleHQpKTsKKyAgICAgICAgICAgIFNlbmRNZXNzYWdlKGhDb21ibywgQ0JfQUREU1RSSU5HLCAwLCAoTFBBUkFNKSBzelRleHQpOworCisgICAgICAgICAgICBTZW5kTWVzc2FnZShoQ29tYm8sIENCX1NFVENVUlNFTCwgR2xvYmFscy5lbmNGaWxlLCAwKTsKKworICAgICAgICAgICAgaENvbWJvID0gR2V0RGxnSXRlbShoRGxnLCBJRF9FT0xOKTsKKworICAgICAgICAgICAgTG9hZFN0cmluZyhHbG9iYWxzLmhJbnN0YW5jZSwgU1RSSU5HX0NSTEYsIHN6VGV4dCwgQVJSQVlfU0laRShzelRleHQpKTsKKyAgICAgICAgICAgIFNlbmRNZXNzYWdlKGhDb21ibywgQ0JfQUREU1RSSU5HLCAwLCAoTFBBUkFNKSBzelRleHQpOworCisgICAgICAgICAgICBMb2FkU3RyaW5nKEdsb2JhbHMuaEluc3RhbmNlLCBTVFJJTkdfTEYsIHN6VGV4dCwgQVJSQVlfU0laRShzelRleHQpKTsKKyAgICAgICAgICAgIFNlbmRNZXNzYWdlKGhDb21ibywgQ0JfQUREU1RSSU5HLCAwLCAoTFBBUkFNKSBzelRleHQpOworCisgICAgICAgICAgICBMb2FkU3RyaW5nKEdsb2JhbHMuaEluc3RhbmNlLCBTVFJJTkdfQ1IsIHN6VGV4dCwgQVJSQVlfU0laRShzelRleHQpKTsKKyAgICAgICAgICAgIFNlbmRNZXNzYWdlKGhDb21ibywgQ0JfQUREU1RSSU5HLCAwLCAoTFBBUkFNKSBzelRleHQpOworCisgICAgICAgICAgICBTZW5kTWVzc2FnZShoQ29tYm8sIENCX1NFVENVUlNFTCwgR2xvYmFscy5pRW9sbiwgMCk7CisgICAgICAgICAgICBicmVhazsKKworICAgICAgICBjYXNlIFdNX05PVElGWToKKyAgICAgICAgICAgIGlmICgoKE5NSERSICopIGxQYXJhbSktPmNvZGUgPT0gQ0ROX0ZJTEVPSykKKyAgICAgICAgICAgIHsKKyAgICAgICAgICAgICAgICBoQ29tYm8gPSBHZXREbGdJdGVtKGhEbGcsIElEX0VOQ09ESU5HKTsKKyAgICAgICAgICAgICAgICBpZiAoaENvbWJvKQorICAgICAgICAgICAgICAgICAgICBHbG9iYWxzLmVuY0ZpbGUgPSAoaW50KSBTZW5kTWVzc2FnZShoQ29tYm8sIENCX0dFVENVUlNFTCwgMCwgMCk7CisKKyAgICAgICAgICAgICAgICBoQ29tYm8gPSBHZXREbGdJdGVtKGhEbGcsIElEX0VPTE4pOworICAgICAgICAgICAgICAgIGlmIChoQ29tYm8pCisgICAgICAgICAgICAgICAgICAgIEdsb2JhbHMuaUVvbG4gPSAoaW50KSBTZW5kTWVzc2FnZShoQ29tYm8sIENCX0dFVENVUlNFTCwgMCwgMCk7CisgICAgICAgICAgICB9CisgICAgICAgICAgICBicmVhazsKKyAgICB9CisgICAgcmV0dXJuIDA7Cit9CisKK0JPT0wgRElBTE9HX0ZpbGVTYXZlQXMoVk9JRCkKK3sKKyAgICBPUEVORklMRU5BTUUgc2F2ZWFzOworICAgIFRDSEFSIHN6UGF0aFtNQVhfUEFUSF07CisKKyAgICBaZXJvTWVtb3J5KCZzYXZlYXMsIHNpemVvZihzYXZlYXMpKTsKKworICAgIGlmIChHbG9iYWxzLnN6RmlsZU5hbWVbMF0gPT0gMCkKKyAgICAgICAgX3Rjc2NweShzelBhdGgsIHR4dF9maWxlcyk7CisgICAgZWxzZQorICAgICAgICBfdGNzY3B5KHN6UGF0aCwgR2xvYmFscy5zekZpbGVOYW1lKTsKKworICAgIHNhdmVhcy5sU3RydWN0U2l6ZSA9IHNpemVvZihPUEVORklMRU5BTUUpOworICAgIHNhdmVhcy5od25kT3duZXIgPSBHbG9iYWxzLmhNYWluV25kOworICAgIHNhdmVhcy5oSW5zdGFuY2UgPSBHbG9iYWxzLmhJbnN0YW5jZTsKKyAgICBzYXZlYXMubHBzdHJGaWx0ZXIgPSBHbG9iYWxzLnN6RmlsdGVyOworICAgIHNhdmVhcy5scHN0ckZpbGUgPSBzelBhdGg7CisgICAgc2F2ZWFzLm5NYXhGaWxlID0gQVJSQVlfU0laRShzelBhdGgpOworICAgIHNhdmVhcy5GbGFncyA9IE9GTl9QQVRITVVTVEVYSVNUIHwgT0ZOX09WRVJXUklURVBST01QVCB8IE9GTl9ISURFUkVBRE9OTFkgfAorICAgICAgICAgICAgICAgICAgIE9GTl9FWFBMT1JFUiB8IE9GTl9FTkFCTEVURU1QTEFURSB8IE9GTl9FTkFCTEVIT09LOworICAgIHNhdmVhcy5scHN0ckRlZkV4dCA9IHN6RGVmYXVsdEV4dDsKKyAgICBzYXZlYXMubHBUZW1wbGF0ZU5hbWUgPSBNQUtFSU5UUkVTT1VSQ0UoRElBTE9HX0VOQ09ESU5HKTsKKyAgICBzYXZlYXMubHBmbkhvb2sgPSBESUFMT0dfRmlsZVNhdmVBc19Ib29rOworCisgICAgaWYgKEdldFNhdmVGaWxlTmFtZSgmc2F2ZWFzKSkKKyAgICB7CisgICAgICAgIC8qIEhBQ0s6IEJlY2F1c2UgaW4gUk9TLCBTYXZlLUFzIGJveGVzIGRvbid0IGNoZWNrIHRoZSB2YWxpZGl0eQorICAgICAgICAgKiBvZiBmaWxlIG5hbWVzIGFuZCB0aHVzLCBoZXJlLCBzelBhdGggY2FuIGJlIGludmFsaWQgISEgV2Ugb25seQorICAgICAgICAgKiBzZWUgaXRzIHZhbGlkaXR5IHdoZW4gd2UgY2FsbCBEb1NhdmVGaWxlKCkuLi4gKi8KKyAgICAgICAgU2V0RmlsZU5hbWUoc3pQYXRoKTsKKyAgICAgICAgaWYgKERvU2F2ZUZpbGUoKSkKKyAgICAgICAgeworICAgICAgICAgICAgVXBkYXRlV2luZG93Q2FwdGlvbihUUlVFKTsKKyAgICAgICAgICAgIHJldHVybiBUUlVFOworICAgICAgICB9CisgICAgICAgIGVsc2UKKyAgICAgICAgeworICAgICAgICAgICAgU2V0RmlsZU5hbWUoX1QoIiIpKTsKKyAgICAgICAgICAgIHJldHVybiBGQUxTRTsKKyAgICAgICAgfQorICAgIH0KKyAgICBlbHNlCisgICAgeworICAgICAgICByZXR1cm4gRkFMU0U7CisgICAgfQorfQorCitWT0lEIERJQUxPR19GaWxlUHJpbnQoVk9JRCkKK3sKKyAgICBET0NJTkZPIGRpOworICAgIFRFWFRNRVRSSUMgdG07CisgICAgUFJJTlRETEcgcHJpbnRlcjsKKyAgICBTSVpFIHN6TWV0cmljOworICAgIGludCBib3JkZXI7CisgICAgaW50IHhMZWZ0LCB5VG9wLCBwYWdlY291bnQsIGRvcGFnZSwgY29weWNvdW50OworICAgIHVuc2lnbmVkIGludCBpOworICAgIExPR0ZPTlQgaGRyRm9udDsKKyAgICBIRk9OVCBmb250LCBvbGRfZm9udD0wOworICAgIERXT1JEIHNpemU7CisgICAgTFBUU1RSIHBUZW1wOworICAgIHN0YXRpYyBjb25zdCBUQ0hBUiB0aW1lc19uZXdfcm9tYW5bXSA9IF9UKCJUaW1lcyBOZXcgUm9tYW4iKTsKKyAgICBSRUNUIHJjUHJpbnRSZWN0OworCisgICAgLyogR2V0IGEgc21hbGwgZm9udCBhbmQgcHJpbnQgc29tZSBoZWFkZXIgaW5mbyBvbiBlYWNoIHBhZ2UgKi8KKyAgICBaZXJvTWVtb3J5KCZoZHJGb250LCBzaXplb2YoaGRyRm9udCkpOworICAgIGhkckZvbnQubGZIZWlnaHQgPSAxMDA7CisgICAgaGRyRm9udC5sZldlaWdodCA9IEZXX0JPTEQ7CisgICAgaGRyRm9udC5sZkNoYXJTZXQgPSBBTlNJX0NIQVJTRVQ7CisgICAgaGRyRm9udC5sZk91dFByZWNpc2lvbiA9IE9VVF9ERUZBVUxUX1BSRUNJUzsKKyAgICBoZHJGb250LmxmQ2xpcFByZWNpc2lvbiA9IENMSVBfREVGQVVMVF9QUkVDSVM7CisgICAgaGRyRm9udC5sZlF1YWxpdHkgPSBQUk9PRl9RVUFMSVRZOworICAgIGhkckZvbnQubGZQaXRjaEFuZEZhbWlseSA9IFZBUklBQkxFX1BJVENIIHwgRkZfUk9NQU47CisgICAgX3Rjc2NweShoZHJGb250LmxmRmFjZU5hbWUsIHRpbWVzX25ld19yb21hbik7CisKKyAgICBmb250ID0gQ3JlYXRlRm9udEluZGlyZWN0KCZoZHJGb250KTsKKworICAgIC8qIEdldCBDdXJyZW50IFNldHRpbmdzICovCisgICAgWmVyb01lbW9yeSgmcHJpbnRlciwgc2l6ZW9mKHByaW50ZXIpKTsKKyAgICBwcmludGVyLmxTdHJ1Y3RTaXplID0gc2l6ZW9mKHByaW50ZXIpOworICAgIHByaW50ZXIuaHduZE93bmVyID0gR2xvYmFscy5oTWFpblduZDsKKyAgICBwcmludGVyLmhJbnN0YW5jZSA9IEdsb2JhbHMuaEluc3RhbmNlOworCisgICAgLyogU2V0IHNvbWUgZGVmYXVsdCBmbGFncyAqLworICAgIHByaW50ZXIuRmxhZ3MgPSBQRF9SRVRVUk5EQyB8IFBEX1NFTEVDVElPTjsKKworICAgIC8qIERpc2FibGUgdGhlIHNlbGVjdGlvbiByYWRpbyBidXR0b24gaWYgdGhlcmUgaXMgbm8gdGV4dCBzZWxlY3RlZCAqLworICAgIGlmICghR2V0U2VsZWN0aW9uVGV4dExlbmd0aChHbG9iYWxzLmhFZGl0KSkKKyAgICB7CisgICAgICAgIHByaW50ZXIuRmxhZ3MgPSBwcmludGVyLkZsYWdzIHwgUERfTk9TRUxFQ1RJT047CisgICAgfQorCisgICAgcHJpbnRlci5uRnJvbVBhZ2UgPSAwOworICAgIHByaW50ZXIubk1pblBhZ2UgPSAxOworICAgIC8qIHdlIHJlYWxseSBuZWVkIHRvIGNhbGN1bGF0ZSBudW1iZXIgb2YgcGFnZXMgdG8gc2V0IG5NYXhQYWdlIGFuZCBuVG9QYWdlICovCisgICAgcHJpbnRlci5uVG9QYWdlID0gKFdPUkQpLTE7CisgICAgcHJpbnRlci5uTWF4UGFnZSA9IChXT1JEKS0xOworCisgICAgLyogTGV0IGNvbW1kbGcgbWFuYWdlIGNvcHkgc2V0dGluZ3MgKi8KKyAgICBwcmludGVyLm5Db3BpZXMgPSAoV09SRClQRF9VU0VERVZNT0RFQ09QSUVTOworCisgICAgcHJpbnRlci5oRGV2TW9kZSA9IEdsb2JhbHMuaERldk1vZGU7CisgICAgcHJpbnRlci5oRGV2TmFtZXMgPSBHbG9iYWxzLmhEZXZOYW1lczsKKworICAgIGlmICghUHJpbnREbGcoJnByaW50ZXIpKQorICAgIHsKKyAgICAgICAgRGVsZXRlT2JqZWN0KGZvbnQpOworICAgICAgICByZXR1cm47CisgICAgfQorCisgICAgR2xvYmFscy5oRGV2TW9kZSA9IHByaW50ZXIuaERldk1vZGU7CisgICAgR2xvYmFscy5oRGV2TmFtZXMgPSBwcmludGVyLmhEZXZOYW1lczsKKworICAgIGFzc2VydChwcmludGVyLmhEQyAhPSAwKTsKKworICAgIC8qIGluaXRpYWxpemUgRE9DSU5GTyAqLworICAgIGRpLmNiU2l6ZSA9IHNpemVvZihET0NJTkZPKTsKKyAgICBkaS5scHN6RG9jTmFtZSA9IEdsb2JhbHMuc3pGaWxlVGl0bGU7CisgICAgZGkubHBzek91dHB1dCA9IE5VTEw7CisgICAgZGkubHBzekRhdGF0eXBlID0gTlVMTDsKKyAgICBkaS5md1R5cGUgPSAwOworCisgICAgaWYgKFN0YXJ0RG9jKHByaW50ZXIuaERDLCAmZGkpIDw9IDApCisgICAgeworICAgICAgICBEZWxldGVPYmplY3QoZm9udCk7CisgICAgICAgIHJldHVybjsKKyAgICB9CisKKworICAgIC8qIEdldCB0aGUgZmlsZSB0ZXh0ICovCisgICAgaWYgKHByaW50ZXIuRmxhZ3MgJiBQRF9TRUxFQ1RJT04pCisgICAgeworICAgICAgICBzaXplID0gR2V0U2VsZWN0aW9uVGV4dExlbmd0aChHbG9iYWxzLmhFZGl0KSArIDE7CisgICAgfQorICAgIGVsc2UKKyAgICB7CisgICAgICAgIHNpemUgPSBHZXRXaW5kb3dUZXh0TGVuZ3RoKEdsb2JhbHMuaEVkaXQpICsgMTsKKyAgICB9CisKKyAgICBwVGVtcCA9IEhlYXBBbGxvYyhHZXRQcm9jZXNzSGVhcCgpLCAwLCBzaXplICogc2l6ZW9mKFRDSEFSKSk7CisgICAgaWYgKCFwVGVtcCkKKyAgICB7CisgICAgICAgIEVuZERvYyhwcmludGVyLmhEQyk7CisgICAgICAgIERlbGV0ZU9iamVjdChmb250KTsKKyAgICAgICAgU2hvd0xhc3RFcnJvcigpOworICAgICAgICByZXR1cm47CisgICAgfQorCisgICAgaWYgKHByaW50ZXIuRmxhZ3MgJiBQRF9TRUxFQ1RJT04pCisgICAgeworICAgICAgICBzaXplID0gR2V0U2VsZWN0aW9uVGV4dChHbG9iYWxzLmhFZGl0LCBwVGVtcCwgc2l6ZSk7CisgICAgfQorICAgIGVsc2UKKyAgICB7CisgICAgICAgIHNpemUgPSBHZXRXaW5kb3dUZXh0KEdsb2JhbHMuaEVkaXQsIHBUZW1wLCBzaXplKTsKKyAgICB9CisKKyAgICAvKiBHZXQgdGhlIGN1cnJlbnQgcHJpbnRpbmcgYXJlYSAqLworICAgIHJjUHJpbnRSZWN0ID0gR2V0UHJpbnRpbmdSZWN0KHByaW50ZXIuaERDLCBHbG9iYWxzLmxNYXJnaW5zKTsKKworICAgIC8qIEVuc3VyZSB0aGF0IGVhY2ggbG9naWNhbCB1bml0IG1hcHMgdG8gb25lIHBpeGVsICovCisgICAgU2V0TWFwTW9kZShwcmludGVyLmhEQywgTU1fVEVYVCk7CisKKyAgICAvKiBOZWVkZWQgdG8gZ2V0IHRoZSBjb3JyZWN0IGhlaWdodCBvZiBhIHRleHQgbGluZSAqLworICAgIEdldFRleHRNZXRyaWNzKHByaW50ZXIuaERDLCAmdG0pOworCisgICAgYm9yZGVyID0gMTU7CisgICAgZm9yIChjb3B5Y291bnQ9MTsgY29weWNvdW50IDw9IHByaW50ZXIubkNvcGllczsgY29weWNvdW50KyspIHsKKyAgICAgICAgaSA9IDA7CisgICAgICAgIHBhZ2Vjb3VudCA9IDE7CisgICAgICAgIGRvIHsKKyAgICAgICAgICAgIC8qIERvbid0IHN0YXJ0IGEgcGFnZSBpZiBub25lIG9mIHRoZSBjb25kaXRpb25zIGJlbG93IGFyZSB0cnVlICovCisgICAgICAgICAgICBkb3BhZ2UgPSAwOworCisgICAgICAgICAgICAvKiBUaGUgdXNlciB3YW50cyB0byBwcmludCB0aGUgY3VycmVudCBzZWxlY3Rpb24gKi8KKyAgICAgICAgICAgIGlmIChwcmludGVyLkZsYWdzICYgUERfU0VMRUNUSU9OKQorICAgICAgICAgICAgeworICAgICAgICAgICAgICAgIGRvcGFnZSA9IDE7CisgICAgICAgICAgICB9CisKKyAgICAgICAgICAgIC8qIFRoZSB1c2VyIHdhbnRzIHRvIHByaW50IHRoZSBlbnRpcmUgZG9jdW1lbnQgKi8KKyAgICAgICAgICAgIGlmICghKHByaW50ZXIuRmxhZ3MgJiBQRF9QQUdFTlVNUykgJiYgIShwcmludGVyLkZsYWdzICYgUERfU0VMRUNUSU9OKSkKKyAgICAgICAgICAgIHsKKyAgICAgICAgICAgICAgICBkb3BhZ2UgPSAxOworICAgICAgICAgICAgfQorCisgICAgICAgICAgICAvKiBUaGUgdXNlciB3YW50cyB0byBwcmludCBhIHNwZWNpZmllZCByYW5nZSBvZiBwYWdlcyAqLworICAgICAgICAgICAgaWYgKChwYWdlY291bnQgPj0gcHJpbnRlci5uRnJvbVBhZ2UgJiYgcGFnZWNvdW50IDw9IHByaW50ZXIublRvUGFnZSkpCisgICAgICAgICAgICB7CisgICAgICAgICAgICAgICAgZG9wYWdlID0gMTsKKyAgICAgICAgICAgIH0KKworICAgICAgICAgICAgb2xkX2ZvbnQgPSBTZWxlY3RPYmplY3QocHJpbnRlci5oREMsIGZvbnQpOworCisgICAgICAgICAgICBpZiAoZG9wYWdlKSB7CisgICAgICAgICAgICAgICAgaWYgKFN0YXJ0UGFnZShwcmludGVyLmhEQykgPD0gMCkgeworICAgICAgICAgICAgICAgICAgICBTZWxlY3RPYmplY3QocHJpbnRlci5oREMsIG9sZF9mb250KTsKKyAgICAgICAgICAgICAgICAgICAgRW5kRG9jKHByaW50ZXIuaERDKTsKKyAgICAgICAgICAgICAgICAgICAgRGVsZXRlREMocHJpbnRlci5oREMpOworICAgICAgICAgICAgICAgICAgICBIZWFwRnJlZShHZXRQcm9jZXNzSGVhcCgpLCAwLCBwVGVtcCk7CisgICAgICAgICAgICAgICAgICAgIERlbGV0ZU9iamVjdChmb250KTsKKyAgICAgICAgICAgICAgICAgICAgQWxlcnRQcmludEVycm9yKCk7CisgICAgICAgICAgICAgICAgICAgIHJldHVybjsKKyAgICAgICAgICAgICAgICB9CisKKyAgICAgICAgICAgICAgICBTZXRWaWV3cG9ydE9yZ0V4KHByaW50ZXIuaERDLCByY1ByaW50UmVjdC5sZWZ0LCByY1ByaW50UmVjdC50b3AsIE5VTEwpOworCisgICAgICAgICAgICAgICAgLyogV3JpdGUgYSByZWN0YW5nbGUgYW5kIGhlYWRlciBhdCB0aGUgdG9wIG9mIGVhY2ggcGFnZSAqLworICAgICAgICAgICAgICAgIFJlY3RhbmdsZShwcmludGVyLmhEQywgYm9yZGVyLCBib3JkZXIsIHJjUHJpbnRSZWN0LnJpZ2h0IC0gYm9yZGVyLCBib3JkZXIgKyB0bS50bUhlaWdodCAqIDIpOworICAgICAgICAgICAgICAgIC8qIEkgZG9uJ3Qga25vdyB3aGF0J3MgdXAgd2l0aCB0aGlzIFRleHRPdXQgY29tbWFuZC4gVGhpcyBjb21lcyBvdXQKKyAgICAgICAgICAgICAgICBraW5kIG9mIG1hbmdsZWQuCisgICAgICAgICAgICAgICAgKi8KKyAgICAgICAgICAgICAgICBUZXh0T3V0KHByaW50ZXIuaERDLAorICAgICAgICAgICAgICAgICAgICAgICAgYm9yZGVyICogMiwKKyAgICAgICAgICAgICAgICAgICAgICAgIGJvcmRlciArIHRtLnRtSGVpZ2h0IC8gMiwKKyAgICAgICAgICAgICAgICAgICAgICAgIEdsb2JhbHMuc3pGaWxlVGl0bGUsCisgICAgICAgICAgICAgICAgICAgICAgICBsc3RybGVuKEdsb2JhbHMuc3pGaWxlVGl0bGUpKTsKKyAgICAgICAgICAgIH0KKworICAgICAgICAgICAgLyogVGhlIHN0YXJ0aW5nIHBvaW50IGZvciB0aGUgbWFpbiB0ZXh0ICovCisgICAgICAgICAgICB4TGVmdCA9IDA7CisgICAgICAgICAgICB5VG9wID0gYm9yZGVyICsgdG0udG1IZWlnaHQgKiA0OworCisgICAgICAgICAgICBTZWxlY3RPYmplY3QocHJpbnRlci5oREMsIG9sZF9mb250KTsKKworICAgICAgICAgICAgLyogU2luY2Ugb3V0cHV0dGluZyBzdHJpbmdzIGlzIGdpdmluZyBtZSBwcm9ibGVtcywgb3V0cHV0IHRoZSBtYWluCisgICAgICAgICAgICAgKiB0ZXh0IG9uZSBjaGFyYWN0ZXIgYXQgYSB0aW1lLiAqLworICAgICAgICAgICAgZG8geworICAgICAgICAgICAgICAgIGlmIChwVGVtcFtpXSA9PSAnXG4nKSB7CisgICAgICAgICAgICAgICAgICAgIHhMZWZ0ID0gMDsKKyAgICAgICAgICAgICAgICAgICAgeVRvcCArPSB0bS50bUhlaWdodDsKKyAgICAgICAgICAgICAgICB9CisgICAgICAgICAgICAgICAgZWxzZSBpZiAocFRlbXBbaV0gIT0gJ1xyJykgeworICAgICAgICAgICAgICAgICAgICBpZiAoZG9wYWdlKQorICAgICAgICAgICAgICAgICAgICAgICAgVGV4dE91dChwcmludGVyLmhEQywgeExlZnQsIHlUb3AsICZwVGVtcFtpXSwgMSk7CisKKyAgICAgICAgICAgICAgICAgICAgLyogV2UgbmVlZCB0byBnZXQgdGhlIHdpZHRoIGZvciBlYWNoIGluZGl2aWR1YWwgY2hhciwgc2luY2UgYSBwcm9wb3J0aW9uYWwgZm9udCBtYXkgYmUgdXNlZCAqLworICAgICAgICAgICAgICAgICAgICBHZXRUZXh0RXh0ZW50UG9pbnQzMihwcmludGVyLmhEQywgJnBUZW1wW2ldLCAxLCAmc3pNZXRyaWMpOworICAgICAgICAgICAgICAgICAgICB4TGVmdCArPSBzek1ldHJpYy5jeDsKKworICAgICAgICAgICAgICAgICAgICAvKiBJbnNlcnQgYSBsaW5lIGJyZWFrIGlmIHRoZSBjdXJyZW50IGxpbmUgZG9lcyBub3QgZml0IGludG8gdGhlIHByaW50aW5nIGFyZWEgKi8KKyAgICAgICAgICAgICAgICAgICAgaWYgKHhMZWZ0ID4gcmNQcmludFJlY3QucmlnaHQpCisgICAgICAgICAgICAgICAgICAgIHsKKyAgICAgICAgICAgICAgICAgICAgICAgIHhMZWZ0ID0gMDsKKyAgICAgICAgICAgICAgICAgICAgICAgIHlUb3AgPSB5VG9wICsgdG0udG1IZWlnaHQ7CisgICAgICAgICAgICAgICAgICAgIH0KKyAgICAgICAgICAgICAgICB9CisgICAgICAgICAgICB9IHdoaWxlIChpKysgPCBzaXplICYmIHlUb3AgPCByY1ByaW50UmVjdC5ib3R0b20pOworCisgICAgICAgICAgICBpZiAoZG9wYWdlKQorICAgICAgICAgICAgICAgIEVuZFBhZ2UocHJpbnRlci5oREMpOworICAgICAgICAgICAgcGFnZWNvdW50Kys7CisgICAgICAgIH0gd2hpbGUgKGkgPCBzaXplKTsKKyAgICB9CisKKyAgICBpZiAob2xkX2ZvbnQgIT0gMCkKKyAgICAgICAgU2VsZWN0T2JqZWN0KHByaW50ZXIuaERDLCBvbGRfZm9udCk7CisgICAgRW5kRG9jKHByaW50ZXIuaERDKTsKKyAgICBEZWxldGVEQyhwcmludGVyLmhEQyk7CisgICAgSGVhcEZyZWUoR2V0UHJvY2Vzc0hlYXAoKSwgMCwgcFRlbXApOworICAgIERlbGV0ZU9iamVjdChmb250KTsKK30KKworVk9JRCBESUFMT0dfRmlsZUV4aXQoVk9JRCkKK3sKKyAgICBQb3N0TWVzc2FnZShHbG9iYWxzLmhNYWluV25kLCBXTV9DTE9TRSwgMCwgMGwpOworfQorCitWT0lEIERJQUxPR19FZGl0VW5kbyhWT0lEKQoreworICAgIFNlbmRNZXNzYWdlKEdsb2JhbHMuaEVkaXQsIEVNX1VORE8sIDAsIDApOworfQorCitWT0lEIERJQUxPR19FZGl0Q3V0KFZPSUQpCit7CisgICAgU2VuZE1lc3NhZ2UoR2xvYmFscy5oRWRpdCwgV01fQ1VULCAwLCAwKTsKK30KKworVk9JRCBESUFMT0dfRWRpdENvcHkoVk9JRCkKK3sKKyAgICBTZW5kTWVzc2FnZShHbG9iYWxzLmhFZGl0LCBXTV9DT1BZLCAwLCAwKTsKK30KKworVk9JRCBESUFMT0dfRWRpdFBhc3RlKFZPSUQpCit7CisgICAgU2VuZE1lc3NhZ2UoR2xvYmFscy5oRWRpdCwgV01fUEFTVEUsIDAsIDApOworfQorCitWT0lEIERJQUxPR19FZGl0RGVsZXRlKFZPSUQpCit7CisgICAgU2VuZE1lc3NhZ2UoR2xvYmFscy5oRWRpdCwgV01fQ0xFQVIsIDAsIDApOworfQorCitWT0lEIERJQUxPR19FZGl0U2VsZWN0QWxsKFZPSUQpCit7CisgICAgU2VuZE1lc3NhZ2UoR2xvYmFscy5oRWRpdCwgRU1fU0VUU0VMLCAwLCAoTFBBUkFNKS0xKTsKK30KKworVk9JRCBESUFMT0dfRWRpdFRpbWVEYXRlKFZPSUQpCit7CisgICAgU1lTVEVNVElNRSBzdDsKKyAgICBUQ0hBUiBzekRhdGVbTUFYX1NUUklOR19MRU5dOworICAgIFRDSEFSIHN6VGV4dFtNQVhfU1RSSU5HX0xFTiAqIDIgKyAyXTsKKworICAgIEdldExvY2FsVGltZSgmc3QpOworCisgICAgR2V0VGltZUZvcm1hdChMT0NBTEVfVVNFUl9ERUZBVUxULCAwLCAmc3QsIE5VTEwsIHN6RGF0ZSwgTUFYX1NUUklOR19MRU4pOworICAgIF90Y3NjcHkoc3pUZXh0LCBzekRhdGUpOworICAgIF90Y3NjYXQoc3pUZXh0LCBfVCgiICIpKTsKKyAgICBHZXREYXRlRm9ybWF0KExPQ0FMRV9VU0VSX0RFRkFVTFQsIERBVEVfTE9OR0RBVEUsICZzdCwgTlVMTCwgc3pEYXRlLCBNQVhfU1RSSU5HX0xFTik7CisgICAgX3Rjc2NhdChzelRleHQsIHN6RGF0ZSk7CisgICAgU2VuZE1lc3NhZ2UoR2xvYmFscy5oRWRpdCwgRU1fUkVQTEFDRVNFTCwgVFJVRSwgKExQQVJBTSlzelRleHQpOworfQorCitWT0lEIERvQ3JlYXRlU3RhdHVzQmFyKFZPSUQpCit7CisgICAgUkVDVCByYzsKKyAgICBSRUNUIHJjc3RhdHVzOworICAgIEJPT0wgYlN0YXR1c0JhclZpc2libGU7CisKKyAgICAvKiBDaGVjayBpZiBzdGF0dXMgYmFyIG9iamVjdCBhbHJlYWR5IGV4aXN0cy4gKi8KKyAgICBpZiAoR2xvYmFscy5oU3RhdHVzQmFyID09IE5VTEwpCisgICAgeworICAgICAgICAvKiBUcnkgdG8gY3JlYXRlIHRoZSBzdGF0dXMgYmFyICovCisgICAgICAgIEdsb2JhbHMuaFN0YXR1c0JhciA9IENyZWF0ZVN0YXR1c1dpbmRvdyhXU19DSElMRCB8IFdTX1ZJU0lCTEUgfCBXU19FWF9TVEFUSUNFREdFLAorICAgICAgICAgICAgICAgICAgICAgICAgICAgICAgICAgICAgICAgICAgICAgICAgTlVMTCwKKyAgICAgICAgICAgICAgICAgICAgICAgICAgICAgICAgICAgICAgICAgICAgICAgIEdsb2JhbHMuaE1haW5XbmQsCisgICAgICAgICAgICAgICAgICAgICAgICAgICAgICAgICAgICAgICAgICAgICAgICBDTURfU1RBVFVTQkFSX1dORF9JRCk7CisKKyAgICAgICAgaWYgKEdsb2JhbHMuaFN0YXR1c0JhciA9PSBOVUxMKQorICAgICAgICB7CisgICAgICAgICAgICBTaG93TGFzdEVycm9yKCk7CisgICAgICAgICAgICByZXR1cm47CisgICAgICAgIH0KKworICAgICAgICAvKiBMb2FkIHRoZSBzdHJpbmcgZm9yIGZvcm1hdHRpbmcgY29sdW1uL3JvdyB0ZXh0IG91dHB1dCAqLworICAgICAgICBMb2FkU3RyaW5nKEdsb2JhbHMuaEluc3RhbmNlLCBTVFJJTkdfTElORV9DT0xVTU4sIEdsb2JhbHMuc3pTdGF0dXNCYXJMaW5lQ29sLCBNQVhfUEFUSCAtIDEpOworCisgICAgICAgIC8qIFNldCB0aGUgc3RhdHVzIGJhciBmb3Igc2luZ2xlLXRleHQgb3V0cHV0ICovCisgICAgICAgIFNlbmRNZXNzYWdlKEdsb2JhbHMuaFN0YXR1c0JhciwgU0JfU0lNUExFLCAoV1BBUkFNKVRSVUUsIChMUEFSQU0pMCk7CisgICAgfQorCisgICAgLyogU2V0IHN0YXR1cyBiYXIgdmlzaWJsaXR5IGFjY29yZGluZyB0byB0aGUgc2V0dGluZ3MuICovCisgICAgaWYgKChHbG9iYWxzLmJXcmFwTG9uZ0xpbmVzICE9IEZBTFNFKSB8fCAoR2xvYmFscy5iU2hvd1N0YXR1c0JhciA9PSBGQUxTRSkpCisgICAgeworICAgICAgICBiU3RhdHVzQmFyVmlzaWJsZSA9IEZBTFNFOworICAgICAgICBTaG93V2luZG93KEdsb2JhbHMuaFN0YXR1c0JhciwgU1dfSElERSk7CisgICAgfQorICAgIGVsc2UKKyAgICB7CisgICAgICAgIGJTdGF0dXNCYXJWaXNpYmxlID0gVFJVRTsKKyAgICAgICAgU2hvd1dpbmRvdyhHbG9iYWxzLmhTdGF0dXNCYXIsIFNXX1NIT1cpOworICAgICAgICBTZW5kTWVzc2FnZShHbG9iYWxzLmhTdGF0dXNCYXIsIFdNX1NJWkUsIDAsIDApOworICAgIH0KKworICAgIC8qIFNldCBjaGVjayBzdGF0ZSBpbiBzaG93IHN0YXR1cyBiYXIgaXRlbS4gKi8KKyAgICBpZiAoYlN0YXR1c0JhclZpc2libGUpCisgICAgeworICAgICAgICBDaGVja01lbnVJdGVtKEdsb2JhbHMuaE1lbnUsIENNRF9TVEFUVVNCQVIsIE1GX0JZQ09NTUFORCB8IE1GX0NIRUNLRUQpOworICAgIH0KKyAgICBlbHNlCisgICAgeworICAgICAgICBDaGVja01lbnVJdGVtKEdsb2JhbHMuaE1lbnUsIENNRF9TVEFUVVNCQVIsIE1GX0JZQ09NTUFORCB8IE1GX1VOQ0hFQ0tFRCk7CisgICAgfQorCisgICAgLyogVXBkYXRlIG1lbnUgbWFyIHdpdGggdGhlIHByZXZpb3VzIGNoYW5nZXMgKi8KKyAgICBEcmF3TWVudUJhcihHbG9iYWxzLmhNYWluV25kKTsKKworICAgIC8qIFNlZmV0eSB0ZXN0IGlzIGVkaXQgY29udHJvbCBleGlzdHMgKi8KKyAgICBpZiAoR2xvYmFscy5oRWRpdCAhPSBOVUxMKQorICAgIHsKKyAgICAgICAgLyogUmV0cmlldmUgdGhlIHNpemVzIG9mIHRoZSBjb250cm9scyAqLworICAgICAgICBHZXRDbGllbnRSZWN0KEdsb2JhbHMuaE1haW5XbmQsICZyYyk7CisgICAgICAgIEdldENsaWVudFJlY3QoR2xvYmFscy5oU3RhdHVzQmFyLCAmcmNzdGF0dXMpOworCisgICAgICAgIC8qIElmIHN0YXR1cyBiYXIgaXMgY3VycmVudGx5IHZpc2libGUsIHVwZGF0ZSBkaW1lbnNpb25zIG9mIGVkaXQgY29udHJvbCAqLworICAgICAgICBpZiAoYlN0YXR1c0JhclZpc2libGUpCisgICAgICAgICAgICByYy5ib3R0b20gLT0gKHJjc3RhdHVzLmJvdHRvbSAtIHJjc3RhdHVzLnRvcCk7CisKKyAgICAgICAgLyogUmVzaXplIGVkaXQgY29udHJvbCB0byByaWdodCBzaXplLiAqLworICAgICAgICBNb3ZlV2luZG93KEdsb2JhbHMuaEVkaXQsCisgICAgICAgICAgICAgICAgICAgcmMubGVmdCwKKyAgICAgICAgICAgICAgICAgICByYy50b3AsCisgICAgICAgICAgICAgICAgICAgcmMucmlnaHQgLSByYy5sZWZ0LAorICAgICAgICAgICAgICAgICAgIHJjLmJvdHRvbSAtIHJjLnRvcCwKKyAgICAgICAgICAgICAgICAgICBUUlVFKTsKKyAgICB9CisKKyAgICAvKiBVcGRhdGUgY29udGVudCB3aXRoIGN1cnJlbnQgcm93L2NvbHVtbiB0ZXh0ICovCisgICAgRElBTE9HX1N0YXR1c0JhclVwZGF0ZUNhcmV0UG9zKCk7Cit9CisKK1ZPSUQgRG9DcmVhdGVFZGl0V2luZG93KFZPSUQpCit7CisgICAgRFdPUkQgZHdTdHlsZTsKKyAgICBpbnQgaVNpemU7CisgICAgTFBUU1RSIHBUZW1wID0gTlVMTDsKKyAgICBCT09MIGJNb2RpZmllZCA9IEZBTFNFOworCisgICAgaVNpemUgPSAwOworCisgICAgLyogSWYgdGhlIGVkaXQgY29udHJvbCBhbHJlYWR5IGV4aXN0cywgdHJ5IHRvIHNhdmUgaXRzIGNvbnRlbnQgKi8KKyAgICBpZiAoR2xvYmFscy5oRWRpdCAhPSBOVUxMKQorICAgIHsKKyAgICAgICAgLyogbnVtYmVyIG9mIGNoYXJzIGN1cnJlbnRseSB3cml0dGVuIGludG8gdGhlIGVkaXRvci4gKi8KKyAgICAgICAgaVNpemUgPSBHZXRXaW5kb3dUZXh0TGVuZ3RoKEdsb2JhbHMuaEVkaXQpOworICAgICAgICBpZiAoaVNpemUpCisgICAgICAgIHsKKyAgICAgICAgICAgIC8qIEFsbG9jYXRlcyB0ZW1wb3JhcnkgYnVmZmVyLiAqLworICAgICAgICAgICAgcFRlbXAgPSBIZWFwQWxsb2MoR2V0UHJvY2Vzc0hlYXAoKSwgMCwgKGlTaXplICsgMSkgKiBzaXplb2YoVENIQVIpKTsKKyAgICAgICAgICAgIGlmICghcFRlbXApCisgICAgICAgICAgICB7CisgICAgICAgICAgICAgICAgU2hvd0xhc3RFcnJvcigpOworICAgICAgICAgICAgICAgIHJldHVybjsKKyAgICAgICAgICAgIH0KKworICAgICAgICAgICAgLyogUmVjb3ZlciB0aGUgdGV4dCBpbnRvIHRoZSBjb250cm9sLiAqLworICAgICAgICAgICAgR2V0V2luZG93VGV4dChHbG9iYWxzLmhFZGl0LCBwVGVtcCwgaVNpemUgKyAxKTsKKworICAgICAgICAgICAgaWYgKFNlbmRNZXNzYWdlKEdsb2JhbHMuaEVkaXQsIEVNX0dFVE1PRElGWSwgMCwgMCkpCisgICAgICAgICAgICAgICAgYk1vZGlmaWVkID0gVFJVRTsKKyAgICAgICAgfQorCisgICAgICAgIC8qIFJlc3RvcmUgb3JpZ2luYWwgd2luZG93IHByb2NlZHVyZSAqLworICAgICAgICBTZXRXaW5kb3dMb25nUHRyKEdsb2JhbHMuaEVkaXQsIEdXTFBfV05EUFJPQywgKExPTkdfUFRSKUdsb2JhbHMuRWRpdFByb2MpOworCisgICAgICAgIC8qIERlc3Ryb3kgdGhlIGVkaXQgY29udHJvbCAqLworICAgICAgICBEZXN0cm95V2luZG93KEdsb2JhbHMuaEVkaXQpOworICAgIH0KKworICAgIC8qIFVwZGF0ZSB3cmFwIHN0YXR1cyBpbnRvIHRoZSBtYWluIG1lbnUgYW5kIHJlY292ZXIgc3R5bGUgZmxhZ3MgKi8KKyAgICBpZiAoR2xvYmFscy5iV3JhcExvbmdMaW5lcykKKyAgICB7CisgICAgICAgIGR3U3R5bGUgPSBFRElUX1NUWUxFX1dSQVA7CisgICAgICAgIEVuYWJsZU1lbnVJdGVtKEdsb2JhbHMuaE1lbnUsIENNRF9TVEFUVVNCQVIsIE1GX0JZQ09NTUFORCB8IE1GX0RJU0FCTEVEIHwgTUZfR1JBWUVEKTsKKyAgICB9IGVsc2UgeworICAgICAgICBkd1N0eWxlID0gRURJVF9TVFlMRTsKKyAgICAgICAgRW5hYmxlTWVudUl0ZW0oR2xvYmFscy5oTWVudSwgQ01EX1NUQVRVU0JBUiwgTUZfQllDT01NQU5EIHwgTUZfRU5BQkxFRCk7CisgICAgfQorCisgICAgLyogVXBkYXRlIHByZXZpb3VzIGNoYW5nZXMgKi8KKyAgICBEcmF3TWVudUJhcihHbG9iYWxzLmhNYWluV25kKTsKKworICAgIC8qIENyZWF0ZSB0aGUgbmV3IGVkaXQgY29udHJvbCAqLworICAgIEdsb2JhbHMuaEVkaXQgPSBDcmVhdGVXaW5kb3dFeChXU19FWF9DTElFTlRFREdFLAorICAgICAgICAgICAgICAgICAgICAgICAgICAgICAgICAgICBFRElUX0NMQVNTLAorICAgICAgICAgICAgICAgICAgICAgICAgICAgICAgICAgICBOVUxMLAorICAgICAgICAgICAgICAgICAgICAgICAgICAgICAgICAgICBkd1N0eWxlLAorICAgICAgICAgICAgICAgICAgICAgICAgICAgICAgICAgICBDV19VU0VERUZBVUxULAorICAgICAgICAgICAgICAgICAgICAgICAgICAgICAgICAgICBDV19VU0VERUZBVUxULAorICAgICAgICAgICAgICAgICAgICAgICAgICAgICAgICAgICBDV19VU0VERUZBVUxULAorICAgICAgICAgICAgICAgICAgICAgICAgICAgICAgICAgICBDV19VU0VERUZBVUxULAorICAgICAgICAgICAgICAgICAgICAgICAgICAgICAgICAgICBHbG9iYWxzLmhNYWluV25kLAorICAgICAgICAgICAgICAgICAgICAgICAgICAgICAgICAgICBOVUxMLAorICAgICAgICAgICAgICAgICAgICAgICAgICAgICAgICAgICBHbG9iYWxzLmhJbnN0YW5jZSwKKyAgICAgICAgICAgICAgICAgICAgICAgICAgICAgICAgICAgTlVMTCk7CisKKyAgICBpZiAoR2xvYmFscy5oRWRpdCA9PSBOVUxMKQorICAgIHsKKyAgICAgICAgaWYgKHBUZW1wKQorICAgICAgICB7CisgICAgICAgICAgICBIZWFwRnJlZShHZXRQcm9jZXNzSGVhcCgpLCAwLCBwVGVtcCk7CisgICAgICAgIH0KKworICAgICAgICBTaG93TGFzdEVycm9yKCk7CisgICAgICAgIHJldHVybjsKKyAgICB9CisKKyAgICBTZW5kTWVzc2FnZShHbG9iYWxzLmhFZGl0LCBXTV9TRVRGT05ULCAoV1BBUkFNKUdsb2JhbHMuaEZvbnQsIEZBTFNFKTsKKyAgICBTZW5kTWVzc2FnZShHbG9iYWxzLmhFZGl0LCBFTV9MSU1JVFRFWFQsIDAsIDApOworCisgICAgLyogSWYgc29tZSB0ZXh0IHdhcyBwcmV2aW91c2x5IHNhdmVkLCByZXN0b3JlIGl0LiAqLworICAgIGlmIChpU2l6ZSAhPSAwKQorICAgIHsKKyAgICAgICAgU2V0V2luZG93VGV4dChHbG9iYWxzLmhFZGl0LCBwVGVtcCk7CisgICAgICAgIEhlYXBGcmVlKEdldFByb2Nlc3NIZWFwKCksIDAsIHBUZW1wKTsKKworICAgICAgICBpZiAoYk1vZGlmaWVkKQorICAgICAgICAgICAgU2VuZE1lc3NhZ2UoR2xvYmFscy5oRWRpdCwgRU1fU0VUTU9ESUZZLCBUUlVFLCAwKTsKKyAgICB9CisKKyAgICAvKiBTdWItY2xhc3MgYSBuZXcgd2luZG93IGNhbGxiYWNrIGZvciByb3cvY29sdW1uIGRldGVjdGlvbi4gKi8KKyAgICBHbG9iYWxzLkVkaXRQcm9jID0gKFdORFBST0MpU2V0V2luZG93TG9uZ1B0cihHbG9iYWxzLmhFZGl0LAorICAgICAgICAgICAgICAgICAgICAgICAgICAgICAgICAgICAgICAgICAgICAgICAgIEdXTFBfV05EUFJPQywKKyAgICAgICAgICAgICAgICAgICAgICAgICAgICAgICAgICAgICAgICAgICAgICAgICAoTE9OR19QVFIpRURJVF9XbmRQcm9jKTsKKworICAgIC8qIENyZWF0ZS91cGRhdGUgc3RhdHVzIGJhciAqLworICAgIERvQ3JlYXRlU3RhdHVzQmFyKCk7CisKKyAgICAvKiBGaW5hbGx5IHNob3dzIG5ldyBlZGl0IGNvbnRyb2wgYW5kIHNldCBmb2N1cyBpbnRvIGl0LiAqLworICAgIFNob3dXaW5kb3coR2xvYmFscy5oRWRpdCwgU1dfU0hPVyk7CisgICAgU2V0Rm9jdXMoR2xvYmFscy5oRWRpdCk7Cit9CisKK1ZPSUQgRElBTE9HX0VkaXRXcmFwKFZPSUQpCit7CisgICAgR2xvYmFscy5iV3JhcExvbmdMaW5lcyA9ICFHbG9iYWxzLmJXcmFwTG9uZ0xpbmVzOworCisgICAgaWYgKEdsb2JhbHMuYldyYXBMb25nTGluZXMpCisgICAgeworICAgICAgICBFbmFibGVNZW51SXRlbShHbG9iYWxzLmhNZW51LCBDTURfR09UTywgTUZfQllDT01NQU5EIHwgTUZfRElTQUJMRUQgfCBNRl9HUkFZRUQpOworICAgIH0KKyAgICBlbHNlCisgICAgeworICAgICAgICBFbmFibGVNZW51SXRlbShHbG9iYWxzLmhNZW51LCBDTURfR09UTywgTUZfQllDT01NQU5EIHwgTUZfRU5BQkxFRCk7CisgICAgfQorCisgICAgRG9DcmVhdGVFZGl0V2luZG93KCk7Cit9CisKK1ZPSUQgRElBTE9HX1NlbGVjdEZvbnQoVk9JRCkKK3sKKyAgICBDSE9PU0VGT05UIGNmOworICAgIExPR0ZPTlQgbGYgPSBHbG9iYWxzLmxmRm9udDsKKworICAgIFplcm9NZW1vcnkoICZjZiwgc2l6ZW9mKGNmKSApOworICAgIGNmLmxTdHJ1Y3RTaXplID0gc2l6ZW9mKGNmKTsKKyAgICBjZi5od25kT3duZXIgPSBHbG9iYWxzLmhNYWluV25kOworICAgIGNmLmxwTG9nRm9udCA9ICZsZjsKKyAgICBjZi5GbGFncyA9IENGX1NDUkVFTkZPTlRTIHwgQ0ZfSU5JVFRPTE9HRk9OVFNUUlVDVCB8IENGX05PVkVSVEZPTlRTOworCisgICAgaWYgKENob29zZUZvbnQoJmNmKSkKKyAgICB7CisgICAgICAgIEhGT05UIGN1cnJmb250ID0gR2xvYmFscy5oRm9udDsKKworICAgICAgICBHbG9iYWxzLmhGb250ID0gQ3JlYXRlRm9udEluZGlyZWN0KCZsZik7CisgICAgICAgIEdsb2JhbHMubGZGb250ID0gbGY7CisgICAgICAgIFNlbmRNZXNzYWdlKEdsb2JhbHMuaEVkaXQsIFdNX1NFVEZPTlQsIChXUEFSQU0pR2xvYmFscy5oRm9udCwgKExQQVJBTSlUUlVFKTsKKyAgICAgICAgaWYgKGN1cnJmb250ICE9IE5VTEwpCisgICAgICAgICAgICBEZWxldGVPYmplY3QoY3VycmZvbnQpOworICAgIH0KK30KKwordHlwZWRlZiBIV05EIChXSU5BUEkgKkZJTkRQUk9DKShMUEZJTkRSRVBMQUNFIGxwZnIpOworCitzdGF0aWMgVk9JRCBESUFMT0dfU2VhcmNoRGlhbG9nKEZJTkRQUk9DIHBmblByb2MpCit7CisgICAgaWYgKEdsb2JhbHMuaEZpbmRSZXBsYWNlRGxnICE9IE5VTEwpCisgICAgeworICAgICAgICBTZXRGb2N1cyhHbG9iYWxzLmhGaW5kUmVwbGFjZURsZyk7CisgICAgICAgIHJldHVybjsKKyAgICB9CisKKyAgICBaZXJvTWVtb3J5KCZHbG9iYWxzLmZpbmQsIHNpemVvZihHbG9iYWxzLmZpbmQpKTsKKyAgICBHbG9iYWxzLmZpbmQubFN0cnVjdFNpemUgPSBzaXplb2YoR2xvYmFscy5maW5kKTsKKyAgICBHbG9iYWxzLmZpbmQuaHduZE93bmVyID0gR2xvYmFscy5oTWFpblduZDsKKyAgICBHbG9iYWxzLmZpbmQuaEluc3RhbmNlID0gR2xvYmFscy5oSW5zdGFuY2U7CisgICAgR2xvYmFscy5maW5kLmxwc3RyRmluZFdoYXQgPSBHbG9iYWxzLnN6RmluZFRleHQ7CisgICAgR2xvYmFscy5maW5kLndGaW5kV2hhdExlbiA9IEFSUkFZX1NJWkUoR2xvYmFscy5zekZpbmRUZXh0KTsKKyAgICBHbG9iYWxzLmZpbmQubHBzdHJSZXBsYWNlV2l0aCA9IEdsb2JhbHMuc3pSZXBsYWNlVGV4dDsKKyAgICBHbG9iYWxzLmZpbmQud1JlcGxhY2VXaXRoTGVuID0gQVJSQVlfU0laRShHbG9iYWxzLnN6UmVwbGFjZVRleHQpOworICAgIEdsb2JhbHMuZmluZC5GbGFncyA9IEZSX0RPV047CisKKyAgICAvKiBXZSBvbmx5IG5lZWQgdG8gY3JlYXRlIHRoZSBtb2RhbCBGaW5kUmVwbGFjZSBkaWFsb2cgd2hpY2ggd2lsbCAqLworICAgIC8qIG5vdGlmeSB1cyBvZiBpbmNvbWluZyBldmVudHMgdXNpbmcgaE1haW5XbmQgV2luZG93IE1lc3NhZ2VzICAgICovCisKKyAgICBHbG9iYWxzLmhGaW5kUmVwbGFjZURsZyA9IHBmblByb2MoJkdsb2JhbHMuZmluZCk7CisgICAgYXNzZXJ0KEdsb2JhbHMuaEZpbmRSZXBsYWNlRGxnICE9IE5VTEwpOworfQorCitWT0lEIERJQUxPR19TZWFyY2goVk9JRCkKK3sKKyAgICBESUFMT0dfU2VhcmNoRGlhbG9nKEZpbmRUZXh0KTsKK30KKworVk9JRCBESUFMT0dfU2VhcmNoTmV4dChWT0lEKQoreworICAgIGlmIChHbG9iYWxzLmZpbmQubHBzdHJGaW5kV2hhdCAhPSBOVUxMKQorICAgICAgICBOT1RFUEFEX0ZpbmROZXh0KCZHbG9iYWxzLmZpbmQsIEZBTFNFLCBUUlVFKTsKKyAgICBlbHNlCisgICAgICAgIERJQUxPR19TZWFyY2goKTsKK30KKworVk9JRCBESUFMT0dfUmVwbGFjZShWT0lEKQoreworICAgIERJQUxPR19TZWFyY2hEaWFsb2coUmVwbGFjZVRleHQpOworfQorCitzdGF0aWMgSU5UX1BUUgorQ0FMTEJBQ0sKK0RJQUxPR19Hb1RvX0RpYWxvZ1Byb2MoSFdORCBod25kRGlhbG9nLCBVSU5UIHVNc2csIFdQQVJBTSB3UGFyYW0sIExQQVJBTSBsUGFyYW0pCit7CisgICAgQk9PTCBiUmVzdWx0ID0gRkFMU0U7CisgICAgSFdORCBoVGV4dEJveDsKKyAgICBUQ0hBUiBzelRleHRbMzJdOworCisgICAgc3dpdGNoKHVNc2cpIHsKKyAgICBjYXNlIFdNX0lOSVRESUFMT0c6CisgICAgICAgIGhUZXh0Qm94ID0gR2V0RGxnSXRlbShod25kRGlhbG9nLCBJRF9MSU5FTlVNQkVSKTsKKyAgICAgICAgX3NudHByaW50ZihzelRleHQsIEFSUkFZX1NJWkUoc3pUZXh0KSwgX1QoIiVsZCIpLCBsUGFyYW0pOworICAgICAgICBTZXRXaW5kb3dUZXh0KGhUZXh0Qm94LCBzelRleHQpOworICAgICAgICBicmVhazsKKyAgICBjYXNlIFdNX0NPTU1BTkQ6CisgICAgICAgIGlmIChISVdPUkQod1BhcmFtKSA9PSBCTl9DTElDS0VEKQorICAgICAgICB7CisgICAgICAgICAgICBpZiAoTE9XT1JEKHdQYXJhbSkgPT0gSURPSykKKyAgICAgICAgICAgIHsKKyAgICAgICAgICAgICAgICBoVGV4dEJveCA9IEdldERsZ0l0ZW0oaHduZERpYWxvZywgSURfTElORU5VTUJFUik7CisgICAgICAgICAgICAgICAgR2V0V2luZG93VGV4dChoVGV4dEJveCwgc3pUZXh0LCBBUlJBWV9TSVpFKHN6VGV4dCkpOworICAgICAgICAgICAgICAgIEVuZERpYWxvZyhod25kRGlhbG9nLCBfdHRvaShzelRleHQpKTsKKyAgICAgICAgICAgICAgICBiUmVzdWx0ID0gVFJVRTsKKyAgICAgICAgICAgIH0KKyAgICAgICAgICAgIGVsc2UgaWYgKExPV09SRCh3UGFyYW0pID09IElEQ0FOQ0VMKQorICAgICAgICAgICAgeworICAgICAgICAgICAgICAgIEVuZERpYWxvZyhod25kRGlhbG9nLCAwKTsKKyAgICAgICAgICAgICAgICBiUmVzdWx0ID0gVFJVRTsKKyAgICAgICAgICAgIH0KKyAgICAgICAgfQorICAgICAgICBicmVhazsKKyAgICB9CisKKyAgICByZXR1cm4gYlJlc3VsdDsKK30KKworVk9JRCBESUFMT0dfR29UbyhWT0lEKQoreworICAgIElOVF9QVFIgbkxpbmU7CisgICAgTFBUU1RSIHBzelRleHQ7CisgICAgaW50IG5MZW5ndGgsIGk7CisgICAgRFdPUkQgZHdTdGFydCwgZHdFbmQ7CisKKyAgICBuTGVuZ3RoID0gR2V0V2luZG93VGV4dExlbmd0aChHbG9iYWxzLmhFZGl0KTsKKyAgICBwc3pUZXh0ID0gKExQVFNUUikgSGVhcEFsbG9jKEdldFByb2Nlc3NIZWFwKCksIDAsIChuTGVuZ3RoICsgMSkgKiBzaXplb2YoKnBzelRleHQpKTsKKyAgICBpZiAoIXBzelRleHQpCisgICAgICAgIHJldHVybjsKKworICAgIC8qIFJldHJpZXZlIGN1cnJlbnQgdGV4dCAqLworICAgIEdldFdpbmRvd1RleHQoR2xvYmFscy5oRWRpdCwgcHN6VGV4dCwgbkxlbmd0aCArIDEpOworICAgIFNlbmRNZXNzYWdlKEdsb2JhbHMuaEVkaXQsIEVNX0dFVFNFTCwgKFdQQVJBTSkgJmR3U3RhcnQsIChMUEFSQU0pICZkd0VuZCk7CisKKyAgICBuTGluZSA9IDE7CisgICAgZm9yIChpID0gMDsgKGkgPCAoaW50KSBkd1N0YXJ0KSAmJiBwc3pUZXh0W2ldOyBpKyspCisgICAgeworICAgICAgICBpZiAocHN6VGV4dFtpXSA9PSAnXG4nKQorICAgICAgICAgICAgbkxpbmUrKzsKKyAgICB9CisKKyAgICBuTGluZSA9IERpYWxvZ0JveFBhcmFtKEdsb2JhbHMuaEluc3RhbmNlLAorICAgICAgICAgICAgICAgICAgICAgICAgICAgTUFLRUlOVFJFU09VUkNFKERJQUxPR19HT1RPKSwKKyAgICAgICAgICAgICAgICAgICAgICAgICAgIEdsb2JhbHMuaE1haW5XbmQsCisgICAgICAgICAgICAgICAgICAgICAgICAgICBESUFMT0dfR29Ub19EaWFsb2dQcm9jLAorICAgICAgICAgICAgICAgICAgICAgICAgICAgbkxpbmUpOworCisgICAgaWYgKG5MaW5lID49IDEpCisgICAgeworICAgICAgICBmb3IgKGkgPSAwOyBwc3pUZXh0W2ldICYmIChuTGluZSA+IDEpICYmIChpIDwgbkxlbmd0aCAtIDEpOyBpKyspCisgICAgICAgIHsKKyAgICAgICAgICAgIGlmIChwc3pUZXh0W2ldID09ICdcbicpCisgICAgICAgICAgICAgICAgbkxpbmUtLTsKKyAgICAgICAgfQorICAgICAgICBTZW5kTWVzc2FnZShHbG9iYWxzLmhFZGl0LCBFTV9TRVRTRUwsIGksIGkpOworICAgICAgICBTZW5kTWVzc2FnZShHbG9iYWxzLmhFZGl0LCBFTV9TQ1JPTExDQVJFVCwgMCwgMCk7CisgICAgfQorICAgIEhlYXBGcmVlKEdldFByb2Nlc3NIZWFwKCksIDAsIHBzelRleHQpOworfQorCitWT0lEIERJQUxPR19TdGF0dXNCYXJVcGRhdGVDYXJldFBvcyhWT0lEKQoreworICAgIGludCBsaW5lLCBjb2w7CisgICAgVENIQVIgYnVmZltNQVhfUEFUSF07CisgICAgRFdPUkQgZHdTdGFydCwgZHdTaXplOworCisgICAgU2VuZE1lc3NhZ2UoR2xvYmFscy5oRWRpdCwgRU1fR0VUU0VMLCAoV1BBUkFNKSZkd1N0YXJ0LCAoTFBBUkFNKSZkd1NpemUpOworICAgIGxpbmUgPSBTZW5kTWVzc2FnZShHbG9iYWxzLmhFZGl0LCBFTV9MSU5FRlJPTUNIQVIsIChXUEFSQU0pZHdTdGFydCwgMCk7CisgICAgY29sID0gZHdTdGFydCAtIFNlbmRNZXNzYWdlKEdsb2JhbHMuaEVkaXQsIEVNX0xJTkVJTkRFWCwgKFdQQVJBTSlsaW5lLCAwKTsKKworICAgIF9zdHByaW50ZihidWZmLCBHbG9iYWxzLnN6U3RhdHVzQmFyTGluZUNvbCwgbGluZSArIDEsIGNvbCArIDEpOworICAgIFNlbmRNZXNzYWdlKEdsb2JhbHMuaFN0YXR1c0JhciwgU0JfU0VUVEVYVCwgU0JfU0lNUExFSUQsIChMUEFSQU0pYnVmZik7Cit9CisKK1ZPSUQgRElBTE9HX1ZpZXdTdGF0dXNCYXIoVk9JRCkKK3sKKyAgICBHbG9iYWxzLmJTaG93U3RhdHVzQmFyID0gIUdsb2JhbHMuYlNob3dTdGF0dXNCYXI7CisKKyAgICBEb0NyZWF0ZVN0YXR1c0JhcigpOworfQorCitWT0lEIERJQUxPR19IZWxwQ29udGVudHMoVk9JRCkKK3sKKyAgICBXaW5IZWxwKEdsb2JhbHMuaE1haW5XbmQsIGhlbHBmaWxlLCBIRUxQX0lOREVYLCAwKTsKK30KKworVk9JRCBESUFMT0dfSGVscEFib3V0Tm90ZXBhZChWT0lEKQoreworICAgIFRDSEFSIHN6Tm90ZXBhZFtNQVhfU1RSSU5HX0xFTl07CisgICAgSElDT04gbm90ZXBhZEljb24gPSBMb2FkSWNvbihHbG9iYWxzLmhJbnN0YW5jZSwgTUFLRUlOVFJFU09VUkNFKElESV9OUElDT04pKTsKKworICAgIExvYWRTdHJpbmcoR2xvYmFscy5oSW5zdGFuY2UsIFNUUklOR19OT1RFUEFELCBzek5vdGVwYWQsIEFSUkFZX1NJWkUoc3pOb3RlcGFkKSk7CisgICAgU2hlbGxBYm91dChHbG9iYWxzLmhNYWluV25kLCBzek5vdGVwYWQsIDAsIG5vdGVwYWRJY29uKTsKKyAgICBEZWxldGVPYmplY3Qobm90ZXBhZEljb24pOworfQorCitJTlRfUFRSCitDQUxMQkFDSworQWJvdXREaWFsb2dQcm9jKEhXTkQgaERsZywgVUlOVCBtZXNzYWdlLCBXUEFSQU0gd1BhcmFtLCBMUEFSQU0gbFBhcmFtKQoreworICAgIEhXTkQgaExpY2Vuc2VFZGl0V25kOworICAgIFRDSEFSICpzdHJMaWNlbnNlOworCisgICAgc3dpdGNoIChtZXNzYWdlKQorICAgIHsKKyAgICBjYXNlIFdNX0lOSVRESUFMT0c6CisKKyAgICAgICAgaExpY2Vuc2VFZGl0V25kID0gR2V0RGxnSXRlbShoRGxnLCBJRENfTElDRU5TRSk7CisKKyAgICAgICAgLyogMHgxMDAwIHNob3VsZCBiZSBlbm91Z2ggKi8KKyAgICAgICAgc3RyTGljZW5zZSA9IChUQ0hBUiAqKV9hbGxvY2EoMHgxMDAwKTsKKyAgICAgICAgTG9hZFN0cmluZyhHZXRNb2R1bGVIYW5kbGUoTlVMTCksIFNUUklOR19MSUNFTlNFLCBzdHJMaWNlbnNlLCAweDEwMDApOworCisgICAgICAgIFNldFdpbmRvd1RleHQoaExpY2Vuc2VFZGl0V25kLCBzdHJMaWNlbnNlKTsKKworICAgICAgICByZXR1cm4gVFJVRTsKKworICAgIGNhc2UgV01fQ09NTUFORDoKKworICAgICAgICBpZiAoKExPV09SRCh3UGFyYW0pID09IElET0spIHx8IChMT1dPUkQod1BhcmFtKSA9PSBJRENBTkNFTCkpCisgICAgICAgIHsKKyAgICAgICAgICAgIEVuZERpYWxvZyhoRGxnLCBMT1dPUkQod1BhcmFtKSk7CisgICAgICAgICAgICByZXR1cm4gVFJVRTsKKyAgICAgICAgfQorCisgICAgICAgIGJyZWFrOworICAgIH0KKworICAgIHJldHVybiAwOworfQorCisvKioqKioqKioqKioqKioqKioqKioqKioqKioqKioqKioqKioqKioqKioqKioqKioqKioqKioqKioqKioqKioqKioqKioqKioKKyAqCisgKiAgICAgICAgICAgRElBTE9HX0ZpbGVQYWdlU2V0dXAKKyAqLworVk9JRCBESUFMT0dfRmlsZVBhZ2VTZXR1cCh2b2lkKQoreworICAgIFBBR0VTRVRVUERMRyBwYWdlOworCisgICAgWmVyb01lbW9yeSgmcGFnZSwgc2l6ZW9mKHBhZ2UpKTsKKyAgICBwYWdlLmxTdHJ1Y3RTaXplID0gc2l6ZW9mKHBhZ2UpOworICAgIHBhZ2UuaHduZE93bmVyID0gR2xvYmFscy5oTWFpblduZDsKKyAgICBwYWdlLkZsYWdzID0gUFNEX0VOQUJMRVBBR0VTRVRVUFRFTVBMQVRFIHwgUFNEX0VOQUJMRVBBR0VTRVRVUEhPT0sgfCBQU0RfTUFSR0lOUzsKKyAgICBwYWdlLmhJbnN0YW5jZSA9IEdsb2JhbHMuaEluc3RhbmNlOworICAgIHBhZ2UucnRNYXJnaW4gPSBHbG9iYWxzLmxNYXJnaW5zOworICAgIHBhZ2UuaERldk1vZGUgPSBHbG9iYWxzLmhEZXZNb2RlOworICAgIHBhZ2UuaERldk5hbWVzID0gR2xvYmFscy5oRGV2TmFtZXM7CisgICAgcGFnZS5scFBhZ2VTZXR1cFRlbXBsYXRlTmFtZSA9IE1BS0VJTlRSRVNPVVJDRShESUFMT0dfUEFHRVNFVFVQKTsKKyAgICBwYWdlLmxwZm5QYWdlU2V0dXBIb29rID0gRElBTE9HX1BBR0VTRVRVUF9Ib29rOworCisgICAgUGFnZVNldHVwRGxnKCZwYWdlKTsKKworICAgIEdsb2JhbHMuaERldk1vZGUgPSBwYWdlLmhEZXZNb2RlOworICAgIEdsb2JhbHMuaERldk5hbWVzID0gcGFnZS5oRGV2TmFtZXM7CisgICAgR2xvYmFscy5sTWFyZ2lucyA9IHBhZ2UucnRNYXJnaW47Cit9CisKKy8qICogKiAqICogKiAqICogKiAqICogKiAqICogKiAqICogKiAqICogKiAqICogKiAqICogKiAqICogKiAqICogKiAqICogKgorICoKKyAqICAgICAgICAgICBESUFMT0dfUEFHRVNFVFVQX0hvb2sKKyAqLworCitzdGF0aWMgVUlOVF9QVFIgQ0FMTEJBQ0sgRElBTE9HX1BBR0VTRVRVUF9Ib29rKEhXTkQgaERsZywgVUlOVCBtc2csIFdQQVJBTSB3UGFyYW0sIExQQVJBTSBsUGFyYW0pCit7CisgICAgc3dpdGNoIChtc2cpCisgICAgeworICAgIGNhc2UgV01fQ09NTUFORDoKKyAgICAgICAgaWYgKEhJV09SRCh3UGFyYW0pID09IEJOX0NMSUNLRUQpCisgICAgICAgIHsKKyAgICAgICAgICAgIHN3aXRjaCAoTE9XT1JEKHdQYXJhbSkpCisgICAgICAgICAgICB7CisgICAgICAgICAgICBjYXNlIElET0s6CisgICAgICAgICAgICAgICAgLyogc2F2ZSB1c2VyIGlucHV0IGFuZCBjbG9zZSBkaWFsb2cgKi8KKyAgICAgICAgICAgICAgICBHZXREbGdJdGVtVGV4dChoRGxnLCAweDE0MSwgR2xvYmFscy5zekhlYWRlciwgQVJSQVlfU0laRShHbG9iYWxzLnN6SGVhZGVyKSk7CisgICAgICAgICAgICAgICAgR2V0RGxnSXRlbVRleHQoaERsZywgMHgxNDMsIEdsb2JhbHMuc3pGb290ZXIsIEFSUkFZX1NJWkUoR2xvYmFscy5zekZvb3RlcikpOworICAgICAgICAgICAgICAgIHJldHVybiBGQUxTRTsKKworICAgICAgICAgICAgY2FzZSBJRENBTkNFTDoKKyAgICAgICAgICAgICAgICAvKiBkaXNjYXJkIHVzZXIgaW5wdXQgYW5kIGNsb3NlIGRpYWxvZyAqLworICAgICAgICAgICAgICAgIHJldHVybiBGQUxTRTsKKworICAgICAgICAgICAgY2FzZSBJREhFTFA6CisgICAgICAgICAgICAgICAgeworICAgICAgICAgICAgICAgICAgICAvKiBGSVhNRTogQnJpbmcgdGhpcyB0byB3b3JrICovCisgICAgICAgICAgICAgICAgICAgIHN0YXRpYyBjb25zdCBUQ0hBUiBzb3JyeVtdID0gX1QoIlNvcnJ5LCBubyBoZWxwIGF2YWlsYWJsZSIpOworICAgICAgICAgICAgICAgICAgICBzdGF0aWMgY29uc3QgVENIQVIgaGVscFtdID0gX1QoIkhlbHAiKTsKKyAgICAgICAgICAgICAgICAgICAgTWVzc2FnZUJveChHbG9iYWxzLmhNYWluV25kLCBzb3JyeSwgaGVscCwgTUJfSUNPTkVYQ0xBTUFUSU9OKTsKKyAgICAgICAgICAgICAgICAgICAgcmV0dXJuIFRSVUU7CisgICAgICAgICAgICAgICAgfQorCisgICAgICAgICAgICBkZWZhdWx0OgorICAgICAgICAgICAgICAgIGJyZWFrOworICAgICAgICAgICAgfQorICAgICAgICB9CisgICAgICAgIGJyZWFrOworCisgICAgY2FzZSBXTV9JTklURElBTE9HOgorICAgICAgICAvKiBmZXRjaCBsYXN0IHVzZXIgaW5wdXQgcHJpb3IgdG8gZGlzcGxheSBkaWFsb2cgKi8KKyAgICAgICAgU2V0RGxnSXRlbVRleHQoaERsZywgMHgxNDEsIEdsb2JhbHMuc3pIZWFkZXIpOworICAgICAgICBTZXREbGdJdGVtVGV4dChoRGxnLCAweDE0MywgR2xvYmFscy5zekZvb3Rlcik7CisgICAgICAgIGJyZWFrOworICAgIH0KKworICAgIHJldHVybiBGQUxTRTsKK30K',255,8,2,'NEW_ASSET_WITH_NO_VARIATIONPOINT');
INSERT IGNORE INTO developer_group (id_developer_group) VALUES 
(9);
INSERT IGNORE INTO developer_bridge (id_developer_group,id_developer) VALUES 
(9,1);

INSERT IGNORE INTO customization_fact (idcustomization, lines_added,lines_deleted,custom_diff,commit_set,message_set,greater_diff,idvariationpoint,id_developer_group, idproductrelease, type) VALUES
(9,34,0,'ZGlmZiAtLWdpdCBhL2lucHV0L2FsZ29yaXRobXMvZGlhbG9nLmMgYi9pbnB1dC9hbGdvcml0aG1zL2RpYWxvZy5jCm5ldyBmaWxlIG1vZGUgMTAwNjQ0CmluZGV4IDAwMDAwMDAuLmEzYjY5MTYKLS0tIC9kZXYvbnVsbApAQCAtMCwyICszOCwzNCBAQCBFeHByZXNzaW9uOiAgKHB2Omhhc0ZlYXR1cmUoJ0FpclByZXNzdXJlJykpQ2hhbmdlIFR5cGU6IE5FV19BU1NFVF9XSVRIX05FV19WQVJJQVRJT05QT0lOVF9BTkRfTkVXX0ZFQVRVUkVTCisvLyBQVjpJRkNPTkQocHY6aGFzRmVhdHVyZSgnQWlyUHJlc3N1cmUnKSkvL0F1dGhvcmVkIGJ5OiBsZXRpbW9tZSBpbiBjb21taXQ6NWEwZTZkZmI0NDRmYjFjNzZiYWQ4ZmNkMDkwMzFiYTVkMmI0NDkzZiwgd2l0aCBtZXNzYWdlOmFkZGVkIGMgZmlsZXMgaW4gYWxnb3JpdGhtCitWT0lEIFNob3dMYXN0RXJyb3IoVk9JRCkvL0F1dGhvcmVkIGJ5OiBsZXRpbW9tZSBpbiBjb21taXQ6NWEwZTZkZmI0NDRmYjFjNzZiYWQ4ZmNkMDkwMzFiYTVkMmI0NDkzZiwgd2l0aCBtZXNzYWdlOmFkZGVkIGMgZmlsZXMgaW4gYWxnb3JpdGhtCit7Ly9BdXRob3JlZCBieTogbGV0aW1vbWUgaW4gY29tbWl0OjVhMGU2ZGZiNDQ0ZmIxYzc2YmFkOGZjZDA5MDMxYmE1ZDJiNDQ5M2YsIHdpdGggbWVzc2FnZTphZGRlZCBjIGZpbGVzIGluIGFsZ29yaXRobQorICAgIERXT1JEIGVycm9yID0gR2V0TGFzdEVycm9yKCk7Ly9BdXRob3JlZCBieTogbGV0aW1vbWUgaW4gY29tbWl0OjVhMGU2ZGZiNDQ0ZmIxYzc2YmFkOGZjZDA5MDMxYmE1ZDJiNDQ5M2YsIHdpdGggbWVzc2FnZTphZGRlZCBjIGZpbGVzIGluIGFsZ29yaXRobQorICAgIGlmIChlcnJvciAhPSBOT19FUlJPUikvL0F1dGhvcmVkIGJ5OiBsZXRpbW9tZSBpbiBjb21taXQ6NWEwZTZkZmI0NDRmYjFjNzZiYWQ4ZmNkMDkwMzFiYTVkMmI0NDkzZiwgd2l0aCBtZXNzYWdlOmFkZGVkIGMgZmlsZXMgaW4gYWxnb3JpdGhtCisgICAgey8vQXV0aG9yZWQgYnk6IGxldGltb21lIGluIGNvbW1pdDo1YTBlNmRmYjQ0NGZiMWM3NmJhZDhmY2QwOTAzMWJhNWQyYjQ0OTNmLCB3aXRoIG1lc3NhZ2U6YWRkZWQgYyBmaWxlcyBpbiBhbGdvcml0aG0KKyAgICAgICAgTFBUU1RSIGxwTXNnQnVmID0gTlVMTDsvL0F1dGhvcmVkIGJ5OiBsZXRpbW9tZSBpbiBjb21taXQ6NWEwZTZkZmI0NDRmYjFjNzZiYWQ4ZmNkMDkwMzFiYTVkMmI0NDkzZiwgd2l0aCBtZXNzYWdlOmFkZGVkIGMgZmlsZXMgaW4gYWxnb3JpdGhtCisgICAgICAgIFRDSEFSIHN6VGl0bGVbTUFYX1NUUklOR19MRU5dOy8vQXV0aG9yZWQgYnk6IGxldGltb21lIGluIGNvbW1pdDo1YTBlNmRmYjQ0NGZiMWM3NmJhZDhmY2QwOTAzMWJhNWQyYjQ0OTNmLCB3aXRoIG1lc3NhZ2U6YWRkZWQgYyBmaWxlcyBpbiBhbGdvcml0aG0KKy8vQXV0aG9yZWQgYnk6IGxldGltb21lIGluIGNvbW1pdDo1YTBlNmRmYjQ0NGZiMWM3NmJhZDhmY2QwOTAzMWJhNWQyYjQ0OTNmLCB3aXRoIG1lc3NhZ2U6YWRkZWQgYyBmaWxlcyBpbiBhbGdvcml0aG0KKyAgICAgICAgTG9hZFN0cmluZyhHbG9iYWxzLmhJbnN0YW5jZSwgU1RSSU5HX0VSUk9SLCBzelRpdGxlLCBBUlJBWV9TSVpFKHN6VGl0bGUpKTsvL0F1dGhvcmVkIGJ5OiBsZXRpbW9tZSBpbiBjb21taXQ6NWEwZTZkZmI0NDRmYjFjNzZiYWQ4ZmNkMDkwMzFiYTVkMmI0NDkzZiwgd2l0aCBtZXNzYWdlOmFkZGVkIGMgZmlsZXMgaW4gYWxnb3JpdGhtCisvL0F1dGhvcmVkIGJ5OiBsZXRpbW9tZSBpbiBjb21taXQ6NWEwZTZkZmI0NDRmYjFjNzZiYWQ4ZmNkMDkwMzFiYTVkMmI0NDkzZiwgd2l0aCBtZXNzYWdlOmFkZGVkIGMgZmlsZXMgaW4gYWxnb3JpdGhtCisgICAgICAgIEZvcm1hdE1lc3NhZ2UoRk9STUFUX01FU1NBR0VfQUxMT0NBVEVfQlVGRkVSIHwgRk9STUFUX01FU1NBR0VfRlJPTV9TWVNURU0sLy9BdXRob3JlZCBieTogbGV0aW1vbWUgaW4gY29tbWl0OjVhMGU2ZGZiNDQ0ZmIxYzc2YmFkOGZjZDA5MDMxYmE1ZDJiNDQ5M2YsIHdpdGggbWVzc2FnZTphZGRlZCBjIGZpbGVzIGluIGFsZ29yaXRobQorICAgICAgICAgICAgICAgICAgICAgIE5VTEwsLy9BdXRob3JlZCBieTogbGV0aW1vbWUgaW4gY29tbWl0OjVhMGU2ZGZiNDQ0ZmIxYzc2YmFkOGZjZDA5MDMxYmE1ZDJiNDQ5M2YsIHdpdGggbWVzc2FnZTphZGRlZCBjIGZpbGVzIGluIGFsZ29yaXRobQorICAgICAgICAgICAgICAgICAgICAgIGVycm9yLC8vQXV0aG9yZWQgYnk6IGxldGltb21lIGluIGNvbW1pdDo1YTBlNmRmYjQ0NGZiMWM3NmJhZDhmY2QwOTAzMWJhNWQyYjQ0OTNmLCB3aXRoIG1lc3NhZ2U6YWRkZWQgYyBmaWxlcyBpbiBhbGdvcml0aG0KKyAgICAgICAgICAgICAgICAgICAgICAwLC8vQXV0aG9yZWQgYnk6IGxldGltb21lIGluIGNvbW1pdDo1YTBlNmRmYjQ0NGZiMWM3NmJhZDhmY2QwOTAzMWJhNWQyYjQ0OTNmLCB3aXRoIG1lc3NhZ2U6YWRkZWQgYyBmaWxlcyBpbiBhbGdvcml0aG0KKyAgICAgICAgICAgICAgICAgICAgICAoTFBUU1RSKSAmbHBNc2dCdWYsLy9BdXRob3JlZCBieTogbGV0aW1vbWUgaW4gY29tbWl0OjVhMGU2ZGZiNDQ0ZmIxYzc2YmFkOGZjZDA5MDMxYmE1ZDJiNDQ5M2YsIHdpdGggbWVzc2FnZTphZGRlZCBjIGZpbGVzIGluIGFsZ29yaXRobQorICAgICAgICAgICAgICAgICAgICAgIDAsLy9BdXRob3JlZCBieTogbGV0aW1vbWUgaW4gY29tbWl0OjVhMGU2ZGZiNDQ0ZmIxYzc2YmFkOGZjZDA5MDMxYmE1ZDJiNDQ5M2YsIHdpdGggbWVzc2FnZTphZGRlZCBjIGZpbGVzIGluIGFsZ29yaXRobQorICAgICAgICAgICAgICAgICAgICAgIE5VTEwpOy8vQXV0aG9yZWQgYnk6IGxldGltb21lIGluIGNvbW1pdDo1YTBlNmRmYjQ0NGZiMWM3NmJhZDhmY2QwOTAzMWJhNWQyYjQ0OTNmLCB3aXRoIG1lc3NhZ2U6YWRkZWQgYyBmaWxlcyBpbiBhbGdvcml0aG0KKy8vQXV0aG9yZWQgYnk6IGxldGltb21lIGluIGNvbW1pdDo1YTBlNmRmYjQ0NGZiMWM3NmJhZDhmY2QwOTAzMWJhNWQyYjQ0OTNmLCB3aXRoIG1lc3NhZ2U6YWRkZWQgYyBmaWxlcyBpbiBhbGdvcml0aG0KKyAgICAgICAgTWVzc2FnZUJveChOVUxMLCBscE1zZ0J1Ziwgc3pUaXRsZSwgTUJfT0sgfCBNQl9JQ09ORVJST1IpOy8vQXV0aG9yZWQgYnk6IGxldGltb21lIGluIGNvbW1pdDo1YTBlNmRmYjQ0NGZiMWM3NmJhZDhmY2QwOTAzMWJhNWQyYjQ0OTNmLCB3aXRoIG1lc3NhZ2U6YWRkZWQgYyBmaWxlcyBpbiBhbGdvcml0aG0KKyAgICAgICAgTG9jYWxGcmVlKGxwTXNnQnVmKTsvL0F1dGhvcmVkIGJ5OiBsZXRpbW9tZSBpbiBjb21taXQ6NWEwZTZkZmI0NDRmYjFjNzZiYWQ4ZmNkMDkwMzFiYTVkMmI0NDkzZiwgd2l0aCBtZXNzYWdlOmFkZGVkIGMgZmlsZXMgaW4gYWxnb3JpdGhtCisgICAgfS8vQXV0aG9yZWQgYnk6IGxldGltb21lIGluIGNvbW1pdDo1YTBlNmRmYjQ0NGZiMWM3NmJhZDhmY2QwOTAzMWJhNWQyYjQ0OTNmLCB3aXRoIG1lc3NhZ2U6YWRkZWQgYyBmaWxlcyBpbiBhbGdvcml0aG0KK30vL0F1dGhvcmVkIGJ5OiBsZXRpbW9tZSBpbiBjb21taXQ6NWEwZTZkZmI0NDRmYjFjNzZiYWQ4ZmNkMDkwMzFiYTVkMmI0NDkzZiwgd2l0aCBtZXNzYWdlOmFkZGVkIGMgZmlsZXMgaW4gYWxnb3JpdGhtCisvLyBQVjpFTkRDT05ELy9BdXRob3JlZCBieTogbGV0aW1vbWUgaW4gY29tbWl0OjVhMGU2ZGZiNDQ0ZmIxYzc2YmFkOGZjZDA5MDMxYmE1ZDJiNDQ5M2YsIHdpdGggbWVzc2FnZTphZGRlZCBjIGZpbGVzIGluIGFsZ29yaXRobQorLyoqLy9BdXRob3JlZCBieTogbGV0aW1vbWUgaW4gY29tbWl0OjVhMGU2ZGZiNDQ0ZmIxYzc2YmFkOGZjZDA5MDMxYmE1ZDJiNDQ5M2YsIHdpdGggbWVzc2FnZTphZGRlZCBjIGZpbGVzIGluIGFsZ29yaXRobQorICogU2V0cyB0aGUgY2FwdGlvbiBvZiB0aGUgbWFpbiB3aW5kb3cgYWNjb3JkaW5nIHRvIEdsb2JhbHMuc3pGaWxlVGl0bGU6Ly9BdXRob3JlZCBieTogbGV0aW1vbWUgaW4gY29tbWl0OjVhMGU2ZGZiNDQ0ZmIxYzc2YmFkOGZjZDA5MDMxYmE1ZDJiNDQ5M2YsIHdpdGggbWVzc2FnZTphZGRlZCBjIGZpbGVzIGluIGFsZ29yaXRobQorICogICAgKHVudGl0bGVkKSAtIE5vdGVwYWQgICAgICBpZiBubyBmaWxlIGlzIG9wZW4vL0F1dGhvcmVkIGJ5OiBsZXRpbW9tZSBpbiBjb21taXQ6NWEwZTZkZmI0NDRmYjFjNzZiYWQ4ZmNkMDkwMzFiYTVkMmI0NDkzZiwgd2l0aCBtZXNzYWdlOmFkZGVkIGMgZmlsZXMgaW4gYWxnb3JpdGhtCisgKiAgICBbZmlsZW5hbWVdIC0gTm90ZXBhZCAgICAgIGlmIGEgZmlsZSBpcyBnaXZlbi8vQXV0aG9yZWQgYnk6IGxldGltb21lIGluIGNvbW1pdDo1YTBlNmRmYjQ0NGZiMWM3NmJhZDhmY2QwOTAzMWJhNWQyYjQ0OTNmLCB3aXRoIG1lc3NhZ2U6YWRkZWQgYyBmaWxlcyBpbiBhbGdvcml0aG0KKyAqLy8vQXV0aG9yZWQgYnk6IGxldGltb21lIGluIGNvbW1pdDo1YTBlNmRmYjQ0NGZiMWM3NmJhZDhmY2QwOTAzMWJhNWQyYjQ0OTNmLCB3aXRoIG1lc3NhZ2U6YWRkZWQgYyBmaWxlcyBpbiBhbGdvcml0aG0KK3ZvaWQgVXBkYXRlV2luZG93Q2FwdGlvbihCT09MIGNsZWFyTW9kaWZ5QWxlcnQpLy9BdXRob3JlZCBieTogbGV0aW1vbWUgaW4gY29tbWl0OjVhMGU2ZGZiNDQ0ZmIxYzc2YmFkOGZjZDA5MDMxYmE1ZDJiNDQ5M2YsIHdpdGggbWVzc2FnZTphZGRlZCBjIGZpbGVzIGluIGFsZ29yaXRobQorey8vQXV0aG9yZWQgYnk6IGxldGltb21lIGluIGNvbW1pdDo1YTBlNmRmYjQ0NGZiMWM3NmJhZDhmY2QwOTAzMWJhNWQyYjQ0OTNmLCB3aXRoIG1lc3NhZ2U6YWRkZWQgYyBmaWxlcyBpbiBhbGdvcml0aG0KKyAgICBUQ0hBUiBzekNhcHRpb25bTUFYX1NUUklOR19MRU5dOy8vQXV0aG9yZWQgYnk6IGxldGltb21lIGluIGNvbW1pdDo1YTBlNmRmYjQ0NGZiMWM3NmJhZDhmY2QwOTAzMWJhNWQyYjQ0OTNmLCB3aXRoIG1lc3NhZ2U6YWRkZWQgYyBmaWxlcyBpbiBhbGdvcml0aG0KKyAgICBUQ0hBUiBzek5vdGVwYWRbTUFYX1NUUklOR19MRU5dOy8vQXV0aG9yZWQgYnk6IGxldGltb21lIGluIGNvbW1pdDo1YTBlNmRmYjQ0NGZiMWM3NmJhZDhmY2QwOTAzMWJhNWQyYjQ0OTNmLCB3aXRoIG1lc3NhZ2U6YWRkZWQgYyBmaWxlcyBpbiBhbGdvcml0aG0KKyAgICBUQ0hBUiBzekZpbGVuYW1lW01BWF9TVFJJTkdfTEVOXTsvL0F1dGhvcmVkIGJ5OiBsZXRpbW9tZSBpbiBjb21taXQ6NWEwZTZkZmI0NDRmYjFjNzZiYWQ4ZmNkMDkwMzFiYTVkMmI0NDkzZiwgd2l0aCBtZXNzYWdlOmFkZGVkIGMgZmlsZXMgaW4gYWxnb3JpdGhtCg==','5a0e6dfb444fb1c76bad8fcd09031ba5d2b4493f; 5a0e6dfb444fb1c76bad8fcd09031ba5d2b4493f; 5a0e6dfb444fb1c76bad8fcd09031ba5d2b4493f; 5a0e6dfb444fb1c76bad8fcd09031ba5d2b4493f; 5a0e6dfb444fb1c76bad8fcd09031ba5d2b4493f; 5a0e6dfb444fb1c76bad8fcd09031ba5d2b4493f; 5a0e6dfb444fb1c76bad8fcd09031ba5d2b4493f; 5a0e6dfb444fb1c76bad8fcd09031ba5d2b4493f; 5a0e6dfb444fb1c76bad8fcd09031ba5d2b4493f; 5a0e6dfb444fb1c76bad8fcd09031ba5d2b4493f; 5a0e6dfb444fb1c76bad8fcd09031ba5d2b4493f; 5a0e6dfb444fb1c76bad8fcd09031ba5d2b4493f; 5a0e6dfb444fb1c76bad8fcd09031ba5d2b4493f; 5a0e6dfb444fb1c76bad8fcd09031ba5d2b4493f; 5a0e6dfb444fb1c76bad8fcd09031ba5d2b4493f; 5a0e6dfb444fb1c76bad8fcd09031ba5d2b4493f; 5a0e6dfb444fb1c76bad8fcd09031ba5d2b4493f; 5a0e6dfb444fb1c76bad8fcd09031ba5d2b4493f; 5a0e6dfb444fb1c76bad8fcd09031ba5d2b4493f; 5a0e6dfb444fb1c76bad8fcd09031ba5d2b4493f; 5a0e6dfb444fb1c76bad8fcd09031ba5d2b4493f; 5a0e6dfb444fb1c76bad8fcd09031ba5d2b4493f; 5a0e6dfb444fb1c76bad8fcd09031ba5d2b4493f; 5a0e6dfb444fb1c76bad8fcd09031ba5d2b4493f; 5a0e6dfb444fb1c76bad8fcd09031ba5d2b4493f; 5a0e6dfb444fb1c76bad8fcd09031ba5d2b4493f; 5a0e6dfb444fb1c76bad8fcd09031ba5d2b4493f; 5a0e6dfb444fb1c76bad8fcd09031ba5d2b4493f; 5a0e6dfb444fb1c76bad8fcd09031ba5d2b4493f; 5a0e6dfb444fb1c76bad8fcd09031ba5d2b4493f; 5a0e6dfb444fb1c76bad8fcd09031ba5d2b4493f; 5a0e6dfb444fb1c76bad8fcd09031ba5d2b4493f; 5a0e6dfb444fb1c76bad8fcd09031ba5d2b4493f; 5a0e6dfb444fb1c76bad8fcd09031ba5d2b4493f; ','added c files in algorithm; ','ZGlmZiAtLWdpdCBhL2lucHV0L2FsZ29yaXRobXMvZGlhbG9nLmMgYi9pbnB1dC9hbGdvcml0aG1zL2RpYWxvZy5jCm5ldyBmaWxlIG1vZGUgMTAwNjQ0CmluZGV4IDAwMDAwMDAuLmEzYjY5MTYKLS0tIC9kZXYvbnVsbAorKysgYi9pbnB1dC9hbGdvcml0aG1zL2RpYWxvZy5jCkBAIC0wLDAgKzEsMTMxMCBAQAorLyoKKyAqICBOb3RlcGFkIChkaWFsb2cuYykKKyAqCisgKiAgQ29weXJpZ2h0IDE5OTgsOTkgTWFyY2VsIEJhdXIgPG1iYXVyQGcyNi5ldGh6LmNoPgorICogIENvcHlyaWdodCAyMDAyIFN5bHZhaW4gUGV0cmVvbGxlIDxzcGV0cmVvbGxlQHlhaG9vLmZyPgorICogIENvcHlyaWdodCAyMDAyIEFuZHJpeSBQYWxhbWFyY2h1aworICoKKyAqIFRoaXMgbGlicmFyeSBpcyBmcmVlIHNvZnR3YXJlOyB5b3UgY2FuIHJlZGlzdHJpYnV0ZSBpdCBhbmQvb3IKKyAqIG1vZGlmeSBpdCB1bmRlciB0aGUgdGVybXMgb2YgdGhlIEdOVSBMZXNzZXIgR2VuZXJhbCBQdWJsaWMKKyAqIExpY2Vuc2UgYXMgcHVibGlzaGVkIGJ5IHRoZSBGcmVlIFNvZnR3YXJlIEZvdW5kYXRpb247IGVpdGhlcgorICogdmVyc2lvbiAyLjEgb2YgdGhlIExpY2Vuc2UsIG9yIChhdCB5b3VyIG9wdGlvbikgYW55IGxhdGVyIHZlcnNpb24uCisgKgorICogVGhpcyBsaWJyYXJ5IGlzIGRpc3RyaWJ1dGVkIGluIHRoZSBob3BlIHRoYXQgaXQgd2lsbCBiZSB1c2VmdWwsCisgKiBidXQgV0lUSE9VVCBBTlkgV0FSUkFOVFk7IHdpdGhvdXQgZXZlbiB0aGUgaW1wbGllZCB3YXJyYW50eSBvZgorICogTUVSQ0hBTlRBQklMSVRZIG9yIEZJVE5FU1MgRk9SIEEgUEFSVElDVUxBUiBQVVJQT1NFLiAgU2VlIHRoZSBHTlUKKyAqIExlc3NlciBHZW5lcmFsIFB1YmxpYyBMaWNlbnNlIGZvciBtb3JlIGRldGFpbHMuCisgKgorICogWW91IHNob3VsZCBoYXZlIHJlY2VpdmVkIGEgY29weSBvZiB0aGUgR05VIExlc3NlciBHZW5lcmFsIFB1YmxpYworICogTGljZW5zZSBhbG9uZyB3aXRoIHRoaXMgbGlicmFyeTsgaWYgbm90LCB3cml0ZSB0byB0aGUgRnJlZSBTb2Z0d2FyZQorICogRm91bmRhdGlvbiwgSW5jLiwgNTEgRnJhbmtsaW4gU3RyZWV0LCBGaWZ0aCBGbG9vciwgQm9zdG9uLCBNQSAgMDIxMTAtMTMwMSAgVVNBCisgKi8KKworI2luY2x1ZGUgIm5vdGVwYWQuaCIKKworI2luY2x1ZGUgPGFzc2VydC5oPgorI2luY2x1ZGUgPGNvbW1jdHJsLmg+CisjaW5jbHVkZSA8c3Ryc2FmZS5oPgorCitMUkVTVUxUIENBTExCQUNLIEVESVRfV25kUHJvYyhIV05EIGhXbmQsIFVJTlQgbXNnLCBXUEFSQU0gd1BhcmFtLCBMUEFSQU0gbFBhcmFtKTsKKworc3RhdGljIGNvbnN0IFRDSEFSIGhlbHBmaWxlW10gPSBfVCgibm90ZXBhZC5obHAiKTsKK3N0YXRpYyBjb25zdCBUQ0hBUiBlbXB0eV9zdHJbXSA9IF9UKCIiKTsKK3N0YXRpYyBjb25zdCBUQ0hBUiBzekRlZmF1bHRFeHRbXSA9IF9UKCJ0eHQiKTsKK3N0YXRpYyBjb25zdCBUQ0hBUiB0eHRfZmlsZXNbXSA9IF9UKCIqLnR4dCIpOworCitzdGF0aWMgVUlOVF9QVFIgQ0FMTEJBQ0sgRElBTE9HX1BBR0VTRVRVUF9Ib29rKEhXTkQgaERsZywgVUlOVCBtc2csIFdQQVJBTSB3UGFyYW0sIExQQVJBTSBsUGFyYW0pOworCisvLyBQVjpJRkNPTkQocHY6aGFzRmVhdHVyZSgnQWlyUHJlc3N1cmUnKSkKK1ZPSUQgU2hvd0xhc3RFcnJvcihWT0lEKQoreworICAgIERXT1JEIGVycm9yID0gR2V0TGFzdEVycm9yKCk7CisgICAgaWYgKGVycm9yICE9IE5PX0VSUk9SKQorICAgIHsKKyAgICAgICAgTFBUU1RSIGxwTXNnQnVmID0gTlVMTDsKKyAgICAgICAgVENIQVIgc3pUaXRsZVtNQVhfU1RSSU5HX0xFTl07CisKKyAgICAgICAgTG9hZFN0cmluZyhHbG9iYWxzLmhJbnN0YW5jZSwgU1RSSU5HX0VSUk9SLCBzelRpdGxlLCBBUlJBWV9TSVpFKHN6VGl0bGUpKTsKKworICAgICAgICBGb3JtYXRNZXNzYWdlKEZPUk1BVF9NRVNTQUdFX0FMTE9DQVRFX0JVRkZFUiB8IEZPUk1BVF9NRVNTQUdFX0ZST01fU1lTVEVNLAorICAgICAgICAgICAgICAgICAgICAgIE5VTEwsCisgICAgICAgICAgICAgICAgICAgICAgZXJyb3IsCisgICAgICAgICAgICAgICAgICAgICAgMCwKKyAgICAgICAgICAgICAgICAgICAgICAoTFBUU1RSKSAmbHBNc2dCdWYsCisgICAgICAgICAgICAgICAgICAgICAgMCwKKyAgICAgICAgICAgICAgICAgICAgICBOVUxMKTsKKworICAgICAgICBNZXNzYWdlQm94KE5VTEwsIGxwTXNnQnVmLCBzelRpdGxlLCBNQl9PSyB8IE1CX0lDT05FUlJPUik7CisgICAgICAgIExvY2FsRnJlZShscE1zZ0J1Zik7CisgICAgfQorfQorLy8gUFY6RU5EQ09ORAorLyoqCisgKiBTZXRzIHRoZSBjYXB0aW9uIG9mIHRoZSBtYWluIHdpbmRvdyBhY2NvcmRpbmcgdG8gR2xvYmFscy5zekZpbGVUaXRsZToKKyAqICAgICh1bnRpdGxlZCkgLSBOb3RlcGFkICAgICAgaWYgbm8gZmlsZSBpcyBvcGVuCisgKiAgICBbZmlsZW5hbWVdIC0gTm90ZXBhZCAgICAgIGlmIGEgZmlsZSBpcyBnaXZlbgorICovCit2b2lkIFVwZGF0ZVdpbmRvd0NhcHRpb24oQk9PTCBjbGVhck1vZGlmeUFsZXJ0KQoreworICAgIFRDSEFSIHN6Q2FwdGlvbltNQVhfU1RSSU5HX0xFTl07CisgICAgVENIQVIgc3pOb3RlcGFkW01BWF9TVFJJTkdfTEVOXTsKKyAgICBUQ0hBUiBzekZpbGVuYW1lW01BWF9TVFJJTkdfTEVOXTsKKy8vIFBWOklGQ09ORChwdjpoYXNGZWF0dXJlKCdXaW5kU3BlZWQnKSkKKyAgICAvKiBMb2FkIHRoZSBuYW1lIG9mIHRoZSBhcHBsaWNhdGlvbiAqLworICAgIExvYWRTdHJpbmcoR2xvYmFscy5oSW5zdGFuY2UsIFNUUklOR19OT1RFUEFELCBzek5vdGVwYWQsIEFSUkFZX1NJWkUoc3pOb3RlcGFkKSk7CisKKyAgICAvKiBEZXRlcm1pbmUgaWYgdGhlIGZpbGUgaGFzIGJlZW4gc2F2ZWQgb3IgaWYgdGhpcyBpcyBhIG5ldyBmaWxlICovCisgICAgaWYgKEdsb2JhbHMuc3pGaWxlVGl0bGVbMF0gIT0gMCkKKyAgICAgICAgU3RyaW5nQ2NoQ29weShzekZpbGVuYW1lLCBBUlJBWV9TSVpFKHN6RmlsZW5hbWUpLCBHbG9iYWxzLnN6RmlsZVRpdGxlKTsKKyAgICBlbHNlCisgICAgICAgIExvYWRTdHJpbmcoR2xvYmFscy5oSW5zdGFuY2UsIFNUUklOR19VTlRJVExFRCwgc3pGaWxlbmFtZSwgQVJSQVlfU0laRShzekZpbGVuYW1lKSk7CisKKyAgICAvKiBXaGVuIGEgZmlsZSBpcyBiZWluZyBvcGVuZWQgb3IgY3JlYXRlZCwgdGhlcmUgaXMgbm8gbmVlZCB0byBoYXZlIHRoZSBlZGl0ZWQgZmxhZyBzaG93bgorICAgICAgIHdoZW4gdGhlIG5ldyBvciBvcGVuZWQgZmlsZSBoYXMgbm90IGJlZW4gZWRpdGVkIHlldCAqLworICAgIGlmIChjbGVhck1vZGlmeUFsZXJ0KQorICAgICAgICBTdHJpbmdDYlByaW50ZihzekNhcHRpb24sIEFSUkFZX1NJWkUoc3pDYXB0aW9uKSwgX1QoIiVzIC0gJXMiKSwgc3pGaWxlbmFtZSwgc3pOb3RlcGFkKTsKKyAgICBlbHNlCisgICAgeworICAgICAgICBCT09MIGlzTW9kaWZpZWQgPSAoU2VuZE1lc3NhZ2UoR2xvYmFscy5oRWRpdCwgRU1fR0VUTU9ESUZZLCAwLCAwKSA/IFRSVUUgOiBGQUxTRSk7CisKKyAgICAgICAgLyogVXBkYXRlIHRoZSBjYXB0aW9uIGJhc2VkIHVwb24gaWYgdGhlIHVzZXIgaGFzIG1vZGlmaWVkIHRoZSBjb250ZW50cyBvZiB0aGUgZmlsZSBvciBub3QgKi8KKyAgICAgICAgU3RyaW5nQ2JQcmludGYoc3pDYXB0aW9uLCBBUlJBWV9TSVpFKHN6Q2FwdGlvbiksIF9UKCIlcyVzIC0gJXMiKSwKKyAgICAgICAgICAgIChpc01vZGlmaWVkID8gX1QoIioiKSA6IF9UKCIiKSksIHN6RmlsZW5hbWUsIHN6Tm90ZXBhZCk7CisgICAgfQorLy8gUFY6IEVORENPTkQKKyAgICAvKiBVcGRhdGUgdGhlIHdpbmRvdyBjYXB0aW9uICovCisgICAgU2V0V2luZG93VGV4dChHbG9iYWxzLmhNYWluV25kLCBzekNhcHRpb24pOworfQorCitpbnQgRElBTE9HX1N0cmluZ01zZ0JveChIV05EIGhQYXJlbnQsIGludCBmb3JtYXRJZCwgTFBDVFNUUiBzelN0cmluZywgRFdPUkQgZHdGbGFncykKK3sKKyAgICBUQ0hBUiBzek1lc3NhZ2VbTUFYX1NUUklOR19MRU5dOworICAgIFRDSEFSIHN6UmVzb3VyY2VbTUFYX1NUUklOR19MRU5dOworCisgICAgLyogTG9hZCBhbmQgZm9ybWF0IHN6TWVzc2FnZSAqLworICAgIExvYWRTdHJpbmcoR2xvYmFscy5oSW5zdGFuY2UsIGZvcm1hdElkLCBzelJlc291cmNlLCBBUlJBWV9TSVpFKHN6UmVzb3VyY2UpKTsKKyAgICBfc250cHJpbnRmKHN6TWVzc2FnZSwgQVJSQVlfU0laRShzek1lc3NhZ2UpLCBzelJlc291cmNlLCBzelN0cmluZyk7CisKKyAgICAvKiBMb2FkIHN6Q2FwdGlvbiAqLworICAgIGlmICgoZHdGbGFncyAmIE1CX0lDT05NQVNLKSA9PSBNQl9JQ09ORVhDTEFNQVRJT04pCisgICAgICAgIExvYWRTdHJpbmcoR2xvYmFscy5oSW5zdGFuY2UsIFNUUklOR19FUlJPUiwgc3pSZXNvdXJjZSwgQVJSQVlfU0laRShzelJlc291cmNlKSk7CisgICAgZWxzZQorICAgICAgICBMb2FkU3RyaW5nKEdsb2JhbHMuaEluc3RhbmNlLCBTVFJJTkdfTk9URVBBRCwgc3pSZXNvdXJjZSwgQVJSQVlfU0laRShzelJlc291cmNlKSk7CisKKyAgICAvKiBEaXNwbGF5IE1vZGFsIERpYWxvZyAqLworICAgIC8vIGlmIChoUGFyZW50ID09IE5VTEwpCisgICAgICAgIC8vIGhQYXJlbnQgPSBHbG9iYWxzLmhNYWluV25kOworICAgIHJldHVybiBNZXNzYWdlQm94KGhQYXJlbnQsIHN6TWVzc2FnZSwgc3pSZXNvdXJjZSwgZHdGbGFncyk7Cit9CisKK3N0YXRpYyB2b2lkIEFsZXJ0RmlsZU5vdEZvdW5kKExQQ1RTVFIgc3pGaWxlTmFtZSkKK3sKKyAgICBESUFMT0dfU3RyaW5nTXNnQm94KEdsb2JhbHMuaE1haW5XbmQsIFNUUklOR19OT1RGT1VORCwgc3pGaWxlTmFtZSwgTUJfSUNPTkVYQ0xBTUFUSU9OIHwgTUJfT0spOworfQorCitzdGF0aWMgaW50IEFsZXJ0RmlsZU5vdFNhdmVkKExQQ1RTVFIgc3pGaWxlTmFtZSkKK3sKKyAgICBUQ0hBUiBzelVudGl0bGVkW01BWF9TVFJJTkdfTEVOXTsKKworICAgIExvYWRTdHJpbmcoR2xvYmFscy5oSW5zdGFuY2UsIFNUUklOR19VTlRJVExFRCwgc3pVbnRpdGxlZCwgQVJSQVlfU0laRShzelVudGl0bGVkKSk7CisKKyAgICByZXR1cm4gRElBTE9HX1N0cmluZ01zZ0JveChHbG9iYWxzLmhNYWluV25kLCBTVFJJTkdfTk9UU0FWRUQsCisgICAgICAgICAgICAgICAgICAgICAgICAgICAgICAgc3pGaWxlTmFtZVswXSA/IHN6RmlsZU5hbWUgOiBzelVudGl0bGVkLAorICAgICAgICAgICAgICAgICAgICAgICAgICAgICAgIE1CX0lDT05RVUVTVElPTiB8IE1CX1lFU05PQ0FOQ0VMKTsKK30KKworc3RhdGljIHZvaWQgQWxlcnRQcmludEVycm9yKHZvaWQpCit7CisgICAgVENIQVIgc3pVbnRpdGxlZFtNQVhfU1RSSU5HX0xFTl07CisKKyAgICBMb2FkU3RyaW5nKEdsb2JhbHMuaEluc3RhbmNlLCBTVFJJTkdfVU5USVRMRUQsIHN6VW50aXRsZWQsIEFSUkFZX1NJWkUoc3pVbnRpdGxlZCkpOworCisgICAgRElBTE9HX1N0cmluZ01zZ0JveChHbG9iYWxzLmhNYWluV25kLCBTVFJJTkdfUFJJTlRFUlJPUiwKKyAgICAgICAgICAgICAgICAgICAgICAgIEdsb2JhbHMuc3pGaWxlTmFtZVswXSA/IEdsb2JhbHMuc3pGaWxlTmFtZSA6IHN6VW50aXRsZWQsCisgICAgICAgICAgICAgICAgICAgICAgICBNQl9JQ09ORVhDTEFNQVRJT04gfCBNQl9PSyk7Cit9CisKKy8qKgorICogUmV0dXJuczoKKyAqICAgVFJVRSAgLSBpZiBmaWxlIGV4aXN0cworICogICBGQUxTRSAtIGlmIGZpbGUgZG9lcyBub3QgZXhpc3QKKyAqLworQk9PTCBGaWxlRXhpc3RzKExQQ1RTVFIgc3pGaWxlbmFtZSkKK3sKKyAgICBXSU4zMl9GSU5EX0RBVEEgZW50cnk7CisgICAgSEFORExFIGhGaWxlOworCisgICAgaEZpbGUgPSBGaW5kRmlyc3RGaWxlKHN6RmlsZW5hbWUsICZlbnRyeSk7CisgICAgRmluZENsb3NlKGhGaWxlKTsKKworICAgIHJldHVybiAoaEZpbGUgIT0gSU5WQUxJRF9IQU5ETEVfVkFMVUUpOworfQorCitCT09MIEhhc0ZpbGVFeHRlbnNpb24oTFBDVFNUUiBzekZpbGVuYW1lKQoreworICAgIExQQ1RTVFIgczsKKworICAgIHMgPSBfdGNzcmNocihzekZpbGVuYW1lLCBfVCgnXFwnKSk7CisgICAgaWYgKHMpCisgICAgICAgIHN6RmlsZW5hbWUgPSBzOworICAgIHJldHVybiBfdGNzcmNocihzekZpbGVuYW1lLCBfVCgnLicpKSAhPSBOVUxMOworfQorCitpbnQgR2V0U2VsZWN0aW9uVGV4dExlbmd0aChIV05EIGhXbmQpCit7CisgICAgRFdPUkQgZHdTdGFydCA9IDA7CisgICAgRFdPUkQgZHdFbmQgPSAwOworCisgICAgU2VuZE1lc3NhZ2UoaFduZCwgRU1fR0VUU0VMLCAoV1BBUkFNKSZkd1N0YXJ0LCAoTFBBUkFNKSZkd0VuZCk7CisKKyAgICByZXR1cm4gZHdFbmQgLSBkd1N0YXJ0OworfQorCitpbnQgR2V0U2VsZWN0aW9uVGV4dChIV05EIGhXbmQsIExQVFNUUiBscFN0cmluZywgaW50IG5NYXhDb3VudCkKK3sKKyAgICBEV09SRCBkd1N0YXJ0ID0gMDsKKyAgICBEV09SRCBkd0VuZCA9IDA7CisgICAgRFdPUkQgZHdTaXplOworICAgIEhSRVNVTFQgaFJlc3VsdDsKKyAgICBMUFRTVFIgbHBUZW1wOworCisgICAgaWYgKCFscFN0cmluZykKKyAgICB7CisgICAgICAgIHJldHVybiAwOworICAgIH0KKy8vIFBWOklGQ09ORChwdjpoYXNGZWF0dXJlKCdUZW1wZXJhdHVyZScpIG9yIHB2Omhhc0ZlYXR1cmUoJ0dhbGUnKSApCisgICAgU2VuZE1lc3NhZ2UoaFduZCwgRU1fR0VUU0VMLCAoV1BBUkFNKSZkd1N0YXJ0LCAoTFBBUkFNKSZkd0VuZCk7CisKKyAgICBpZiAoZHdTdGFydCA9PSBkd0VuZCkKKyAgICB7CisgICAgICAgIHJldHVybiAwOworICAgIH0KKworICAgIGR3U2l6ZSA9IEdldFdpbmRvd1RleHRMZW5ndGgoaFduZCkgKyAxOworICAgIGxwVGVtcCA9IEhlYXBBbGxvYyhHZXRQcm9jZXNzSGVhcCgpLCAwLCBkd1NpemUgKiBzaXplb2YoVENIQVIpKTsKKyAgICBpZiAoIWxwVGVtcCkKKyAgICB7CisgICAgICAgIHJldHVybiAwOworICAgIH0KKworICAgIGR3U2l6ZSA9IEdldFdpbmRvd1RleHQoaFduZCwgbHBUZW1wLCBkd1NpemUpOworLy9QVjpJRkNPTkQKKyAgICBpZiAoIWR3U2l6ZSkKKyAgICB7CisgICAgICAgIEhlYXBGcmVlKEdldFByb2Nlc3NIZWFwKCksIDAsIGxwVGVtcCk7CisgICAgICAgIHJldHVybiAwOworICAgIH0KKworICAgIGhSZXN1bHQgPSBTdHJpbmdDY2hDb3B5TihscFN0cmluZywgbk1heENvdW50LCBscFRlbXAgKyBkd1N0YXJ0LCBkd0VuZCAtIGR3U3RhcnQpOworICAgIEhlYXBGcmVlKEdldFByb2Nlc3NIZWFwKCksIDAsIGxwVGVtcCk7CisKKyAgICBzd2l0Y2ggKGhSZXN1bHQpCisgICAgeworICAgICAgICBjYXNlIFNfT0s6CisgICAgICAgIHsKKyAgICAgICAgICAgIHJldHVybiBkd0VuZCAtIGR3U3RhcnQ7CisgICAgICAgIH0KKworICAgICAgICBjYXNlIFNUUlNBRkVfRV9JTlNVRkZJQ0lFTlRfQlVGRkVSOgorICAgICAgICB7CisgICAgICAgICAgICByZXR1cm4gbk1heENvdW50IC0gMTsKKyAgICAgICAgfQorCisgICAgICAgIGRlZmF1bHQ6CisgICAgICAgIHsKKyAgICAgICAgICAgIHJldHVybiAwOworICAgICAgICB9CisgICAgfQorfQorCitzdGF0aWMgUkVDVAorR2V0UHJpbnRpbmdSZWN0KEhEQyBoZGMsIFJFQ1QgbWFyZ2lucykKK3sKKyAgICBpbnQgaUxvZ1BpeGVsc1gsIGlMb2dQaXhlbHNZOworICAgIGludCBpSG9yelJlcywgaVZlcnRSZXM7CisgICAgaW50IGlQaHlzUGFnZVgsIGlQaHlzUGFnZVksIGlQaHlzUGFnZVcsIGlQaHlzUGFnZUg7CisgICAgUkVDVCByY1ByaW50UmVjdDsKKworICAgIGlQaHlzUGFnZVggPSBHZXREZXZpY2VDYXBzKGhkYywgUEhZU0lDQUxPRkZTRVRYKTsKKyAgICBpUGh5c1BhZ2VZID0gR2V0RGV2aWNlQ2FwcyhoZGMsIFBIWVNJQ0FMT0ZGU0VUWSk7CisgICAgaVBoeXNQYWdlVyA9IEdldERldmljZUNhcHMoaGRjLCBQSFlTSUNBTFdJRFRIKTsKKyAgICBpUGh5c1BhZ2VIID0gR2V0RGV2aWNlQ2FwcyhoZGMsIFBIWVNJQ0FMSEVJR0hUKTsKKyAgICBpTG9nUGl4ZWxzWCA9IEdldERldmljZUNhcHMoaGRjLCBMT0dQSVhFTFNYKTsKKyAgICBpTG9nUGl4ZWxzWSA9IEdldERldmljZUNhcHMoaGRjLCBMT0dQSVhFTFNZKTsKKyAgICBpSG9yelJlcyA9IEdldERldmljZUNhcHMoaGRjLCBIT1JaUkVTKTsKKyAgICBpVmVydFJlcyA9IEdldERldmljZUNhcHMoaGRjLCBWRVJUUkVTKTsKKworICAgIHJjUHJpbnRSZWN0LmxlZnQgPSAobWFyZ2lucy5sZWZ0ICogaUxvZ1BpeGVsc1ggLyAyNTQwKSAtIGlQaHlzUGFnZVg7CisgICAgcmNQcmludFJlY3QudG9wID0gKG1hcmdpbnMudG9wICogaUxvZ1BpeGVsc1kgLyAyNTQwKSAtIGlQaHlzUGFnZVk7CisgICAgcmNQcmludFJlY3QucmlnaHQgPSBpSG9yelJlcyAtICgoKG1hcmdpbnMubGVmdCAqIGlMb2dQaXhlbHNYIC8gMjU0MCkgLSBpUGh5c1BhZ2VYKSArICgobWFyZ2lucy5yaWdodCAqIGlMb2dQaXhlbHNYIC8gMjU0MCkgLSAoaVBoeXNQYWdlVyAtIGlQaHlzUGFnZVggLSBpSG9yelJlcykpKTsKKyAgICByY1ByaW50UmVjdC5ib3R0b20gPSBpVmVydFJlcyAtICgoKG1hcmdpbnMudG9wICogaUxvZ1BpeGVsc1kgLyAyNTQwKSAtIGlQaHlzUGFnZVkpICsgKChtYXJnaW5zLmJvdHRvbSAqIGlMb2dQaXhlbHNZIC8gMjU0MCkgLSAoaVBoeXNQYWdlSCAtIGlQaHlzUGFnZVkgLSBpVmVydFJlcykpKTsKKworICAgIHJldHVybiByY1ByaW50UmVjdDsKK30KKworc3RhdGljIEJPT0wgRG9TYXZlRmlsZShWT0lEKQoreworICAgIEJPT0wgYlJldCA9IFRSVUU7CisgICAgSEFORExFIGhGaWxlOworICAgIExQVFNUUiBwVGVtcDsKKyAgICBEV09SRCBzaXplOworCisgICAgaEZpbGUgPSBDcmVhdGVGaWxlKEdsb2JhbHMuc3pGaWxlTmFtZSwgR0VORVJJQ19XUklURSwgRklMRV9TSEFSRV9XUklURSwKKyAgICAgICAgICAgICAgICAgICAgICAgTlVMTCwgQ1JFQVRFX0FMV0FZUywgRklMRV9BVFRSSUJVVEVfTk9STUFMLCBOVUxMKTsKKyAgICBpZihoRmlsZSA9PSBJTlZBTElEX0hBTkRMRV9WQUxVRSkKKyAgICB7CisgICAgICAgIFNob3dMYXN0RXJyb3IoKTsKKyAgICAgICAgcmV0dXJuIEZBTFNFOworICAgIH0KKworICAgIHNpemUgPSBHZXRXaW5kb3dUZXh0TGVuZ3RoKEdsb2JhbHMuaEVkaXQpICsgMTsKKyAgICBwVGVtcCA9IEhlYXBBbGxvYyhHZXRQcm9jZXNzSGVhcCgpLCAwLCBzaXplICogc2l6ZW9mKCpwVGVtcCkpOworICAgIGlmICghcFRlbXApCisgICAgeworICAgICAgICBDbG9zZUhhbmRsZShoRmlsZSk7CisgICAgICAgIFNob3dMYXN0RXJyb3IoKTsKKyAgICAgICAgcmV0dXJuIEZBTFNFOworICAgIH0KKyAgICBzaXplID0gR2V0V2luZG93VGV4dChHbG9iYWxzLmhFZGl0LCBwVGVtcCwgc2l6ZSk7CisKKyAgICBpZiAoc2l6ZSkKKyAgICB7CisgICAgICAgIGlmICghV3JpdGVUZXh0KGhGaWxlLCAoTFBXU1RSKXBUZW1wLCBzaXplLCBHbG9iYWxzLmVuY0ZpbGUsIEdsb2JhbHMuaUVvbG4pKQorICAgICAgICB7CisgICAgICAgICAgICBTaG93TGFzdEVycm9yKCk7CisgICAgICAgICAgICBiUmV0ID0gRkFMU0U7CisgICAgICAgIH0KKyAgICAgICAgZWxzZQorICAgICAgICB7CisgICAgICAgICAgICBTZW5kTWVzc2FnZShHbG9iYWxzLmhFZGl0LCBFTV9TRVRNT0RJRlksIEZBTFNFLCAwKTsKKyAgICAgICAgICAgIGJSZXQgPSBUUlVFOworICAgICAgICB9CisgICAgfQorCisgICAgQ2xvc2VIYW5kbGUoaEZpbGUpOworICAgIEhlYXBGcmVlKEdldFByb2Nlc3NIZWFwKCksIDAsIHBUZW1wKTsKKyAgICByZXR1cm4gYlJldDsKK30KKworLyoqCisgKiBSZXR1cm5zOgorICogICBUUlVFICAtIFVzZXIgYWdyZWVkIHRvIGNsb3NlIChib3RoIHNhdmUvZG9uJ3Qgc2F2ZSkKKyAqICAgRkFMU0UgLSBVc2VyIGNhbmNlbGxlZCBjbG9zZSBieSBzZWxlY3RpbmcgIkNhbmNlbCIKKyAqLworQk9PTCBEb0Nsb3NlRmlsZShWT0lEKQoreworICAgIGludCBuUmVzdWx0OworCisgICAgaWYgKFNlbmRNZXNzYWdlKEdsb2JhbHMuaEVkaXQsIEVNX0dFVE1PRElGWSwgMCwgMCkpCisgICAgeworICAgICAgICAvKiBwcm9tcHQgdXNlciB0byBzYXZlIGNoYW5nZXMgKi8KKyAgICAgICAgblJlc3VsdCA9IEFsZXJ0RmlsZU5vdFNhdmVkKEdsb2JhbHMuc3pGaWxlTmFtZSk7CisgICAgICAgIHN3aXRjaCAoblJlc3VsdCkKKyAgICAgICAgeworICAgICAgICAgICAgY2FzZSBJRFlFUzoKKyAgICAgICAgICAgICAgICBpZighRElBTE9HX0ZpbGVTYXZlKCkpCisgICAgICAgICAgICAgICAgICAgIHJldHVybiBGQUxTRTsKKyAgICAgICAgICAgICAgICBicmVhazsKKworICAgICAgICAgICAgY2FzZSBJRE5POgorICAgICAgICAgICAgICAgIGJyZWFrOworCisgICAgICAgICAgICBjYXNlIElEQ0FOQ0VMOgorICAgICAgICAgICAgICAgIHJldHVybiBGQUxTRTsKKworICAgICAgICAgICAgZGVmYXVsdDoKKyAgICAgICAgICAgICAgICByZXR1cm4gRkFMU0U7CisgICAgICAgIH0KKyAgICB9CisKKyAgICBTZXRGaWxlTmFtZShlbXB0eV9zdHIpOworICAgIFVwZGF0ZVdpbmRvd0NhcHRpb24oVFJVRSk7CisKKyAgICByZXR1cm4gVFJVRTsKK30KKworVk9JRCBEb09wZW5GaWxlKExQQ1RTVFIgc3pGaWxlTmFtZSkKK3sKKyAgICBzdGF0aWMgY29uc3QgVENIQVIgZG90bG9nW10gPSBfVCgiLkxPRyIpOworICAgIEhBTkRMRSBoRmlsZTsKKyAgICBMUFRTVFIgcHN6VGV4dCA9IE5VTEw7CisgICAgRFdPUkQgZHdUZXh0TGVuOworICAgIFRDSEFSIGxvZ1s1XTsKKworICAgIC8qIENsb3NlIGFueSBmaWxlcyBhbmQgcHJvbXB0IHRvIHNhdmUgY2hhbmdlcyAqLworICAgIGlmICghRG9DbG9zZUZpbGUoKSkKKyAgICAgICAgcmV0dXJuOworCisgICAgaEZpbGUgPSBDcmVhdGVGaWxlKHN6RmlsZU5hbWUsIEdFTkVSSUNfUkVBRCwgRklMRV9TSEFSRV9SRUFEIHwgRklMRV9TSEFSRV9XUklURSwgTlVMTCwKKyAgICAgICAgICAgICAgICAgICAgICAgT1BFTl9BTFdBWVMsIEZJTEVfQVRUUklCVVRFX05PUk1BTCwgTlVMTCk7CisgICAgaWYgKGhGaWxlID09IElOVkFMSURfSEFORExFX1ZBTFVFKQorICAgIHsKKyAgICAgICAgU2hvd0xhc3RFcnJvcigpOworICAgICAgICBnb3RvIGRvbmU7CisgICAgfQorCisgICAgaWYgKCFSZWFkVGV4dChoRmlsZSwgKExQV1NUUiAqKSZwc3pUZXh0LCAmZHdUZXh0TGVuLCAmR2xvYmFscy5lbmNGaWxlLCAmR2xvYmFscy5pRW9sbikpCisgICAgeworICAgICAgICBTaG93TGFzdEVycm9yKCk7CisgICAgICAgIGdvdG8gZG9uZTsKKyAgICB9CisgICAgU2V0V2luZG93VGV4dChHbG9iYWxzLmhFZGl0LCBwc3pUZXh0KTsKKworICAgIFNlbmRNZXNzYWdlKEdsb2JhbHMuaEVkaXQsIEVNX1NFVE1PRElGWSwgRkFMU0UsIDApOworICAgIFNlbmRNZXNzYWdlKEdsb2JhbHMuaEVkaXQsIEVNX0VNUFRZVU5ET0JVRkZFUiwgMCwgMCk7CisgICAgU2V0Rm9jdXMoR2xvYmFscy5oRWRpdCk7CisKKyAgICAvKiAgSWYgdGhlIGZpbGUgc3RhcnRzIHdpdGggLkxPRywgYWRkIGEgdGltZS9kYXRlIGF0IHRoZSBlbmQgYW5kIHNldCBjdXJzb3IgYWZ0ZXIKKyAgICAgKiAgU2VlIGh0dHA6Ly9zdXBwb3J0Lm1pY3Jvc29mdC5jb20vP2tiaWQ9MjYwNTYzCisgICAgICovCisgICAgaWYgKEdldFdpbmRvd1RleHQoR2xvYmFscy5oRWRpdCwgbG9nLCBBUlJBWV9TSVpFKGxvZykpICYmICFfdGNzY21wKGxvZywgZG90bG9nKSkKKyAgICB7CisgICAgICAgIHN0YXRpYyBjb25zdCBUQ0hBUiBsZltdID0gX1QoIlxyXG4iKTsKKyAgICAgICAgU2VuZE1lc3NhZ2UoR2xvYmFscy5oRWRpdCwgRU1fU0VUU0VMLCBHZXRXaW5kb3dUZXh0TGVuZ3RoKEdsb2JhbHMuaEVkaXQpLCAtMSk7CisgICAgICAgIFNlbmRNZXNzYWdlKEdsb2JhbHMuaEVkaXQsIEVNX1JFUExBQ0VTRUwsIFRSVUUsIChMUEFSQU0pbGYpOworICAgICAgICBESUFMT0dfRWRpdFRpbWVEYXRlKCk7CisgICAgICAgIFNlbmRNZXNzYWdlKEdsb2JhbHMuaEVkaXQsIEVNX1JFUExBQ0VTRUwsIFRSVUUsIChMUEFSQU0pbGYpOworICAgIH0KKworICAgIFNldEZpbGVOYW1lKHN6RmlsZU5hbWUpOworICAgIFVwZGF0ZVdpbmRvd0NhcHRpb24oVFJVRSk7CisgICAgTk9URVBBRF9FbmFibGVTZWFyY2hNZW51KCk7Citkb25lOgorICAgIGlmIChoRmlsZSAhPSBJTlZBTElEX0hBTkRMRV9WQUxVRSkKKyAgICAgICAgQ2xvc2VIYW5kbGUoaEZpbGUpOworICAgIGlmIChwc3pUZXh0KQorICAgICAgICBIZWFwRnJlZShHZXRQcm9jZXNzSGVhcCgpLCAwLCBwc3pUZXh0KTsKK30KKworVk9JRCBESUFMT0dfRmlsZU5ldyhWT0lEKQoreworICAgIC8qIENsb3NlIGFueSBmaWxlcyBhbmQgcHJvbXB0IHRvIHNhdmUgY2hhbmdlcyAqLworICAgIGlmIChEb0Nsb3NlRmlsZSgpKSB7CisgICAgICAgIFNldFdpbmRvd1RleHQoR2xvYmFscy5oRWRpdCwgZW1wdHlfc3RyKTsKKyAgICAgICAgU2VuZE1lc3NhZ2UoR2xvYmFscy5oRWRpdCwgRU1fRU1QVFlVTkRPQlVGRkVSLCAwLCAwKTsKKyAgICAgICAgU2V0Rm9jdXMoR2xvYmFscy5oRWRpdCk7CisgICAgICAgIE5PVEVQQURfRW5hYmxlU2VhcmNoTWVudSgpOworICAgIH0KK30KKworVk9JRCBESUFMT0dfRmlsZU9wZW4oVk9JRCkKK3sKKyAgICBPUEVORklMRU5BTUUgb3BlbmZpbGVuYW1lOworICAgIFRDSEFSIHN6UGF0aFtNQVhfUEFUSF07CisKKyAgICBaZXJvTWVtb3J5KCZvcGVuZmlsZW5hbWUsIHNpemVvZihvcGVuZmlsZW5hbWUpKTsKKworICAgIGlmIChHbG9iYWxzLnN6RmlsZU5hbWVbMF0gPT0gMCkKKyAgICAgICAgX3Rjc2NweShzelBhdGgsIHR4dF9maWxlcyk7CisgICAgZWxzZQorICAgICAgICBfdGNzY3B5KHN6UGF0aCwgR2xvYmFscy5zekZpbGVOYW1lKTsKKworICAgIG9wZW5maWxlbmFtZS5sU3RydWN0U2l6ZSA9IHNpemVvZihvcGVuZmlsZW5hbWUpOworICAgIG9wZW5maWxlbmFtZS5od25kT3duZXIgPSBHbG9iYWxzLmhNYWluV25kOworICAgIG9wZW5maWxlbmFtZS5oSW5zdGFuY2UgPSBHbG9iYWxzLmhJbnN0YW5jZTsKKyAgICBvcGVuZmlsZW5hbWUubHBzdHJGaWx0ZXIgPSBHbG9iYWxzLnN6RmlsdGVyOworICAgIG9wZW5maWxlbmFtZS5scHN0ckZpbGUgPSBzelBhdGg7CisgICAgb3BlbmZpbGVuYW1lLm5NYXhGaWxlID0gQVJSQVlfU0laRShzelBhdGgpOworICAgIG9wZW5maWxlbmFtZS5GbGFncyA9IE9GTl9GSUxFTVVTVEVYSVNUIHwgT0ZOX1BBVEhNVVNURVhJU1QgfCBPRk5fSElERVJFQURPTkxZOworICAgIG9wZW5maWxlbmFtZS5scHN0ckRlZkV4dCA9IHN6RGVmYXVsdEV4dDsKKworICAgIGlmIChHZXRPcGVuRmlsZU5hbWUoJm9wZW5maWxlbmFtZSkpIHsKKyAgICAgICAgaWYgKEZpbGVFeGlzdHMob3BlbmZpbGVuYW1lLmxwc3RyRmlsZSkpCisgICAgICAgICAgICBEb09wZW5GaWxlKG9wZW5maWxlbmFtZS5scHN0ckZpbGUpOworICAgICAgICBlbHNlCisgICAgICAgICAgICBBbGVydEZpbGVOb3RGb3VuZChvcGVuZmlsZW5hbWUubHBzdHJGaWxlKTsKKyAgICB9Cit9CisKK0JPT0wgRElBTE9HX0ZpbGVTYXZlKFZPSUQpCit7CisgICAgaWYgKEdsb2JhbHMuc3pGaWxlTmFtZVswXSA9PSAwKQorICAgIHsKKyAgICAgICAgcmV0dXJuIERJQUxPR19GaWxlU2F2ZUFzKCk7CisgICAgfQorICAgIGVsc2UgaWYgKERvU2F2ZUZpbGUoKSkKKyAgICB7CisgICAgICAgIFVwZGF0ZVdpbmRvd0NhcHRpb24oVFJVRSk7CisgICAgICAgIHJldHVybiBUUlVFOworICAgIH0KKyAgICByZXR1cm4gRkFMU0U7Cit9CisKK3N0YXRpYyBVSU5UX1BUUgorQ0FMTEJBQ0sKK0RJQUxPR19GaWxlU2F2ZUFzX0hvb2soSFdORCBoRGxnLCBVSU5UIG1zZywgV1BBUkFNIHdQYXJhbSwgTFBBUkFNIGxQYXJhbSkKK3sKKyAgICBUQ0hBUiBzelRleHRbMTI4XTsKKyAgICBIV05EIGhDb21ibzsKKworICAgIFVOUkVGRVJFTkNFRF9QQVJBTUVURVIod1BhcmFtKTsKKworICAgIHN3aXRjaChtc2cpCisgICAgeworICAgICAgICBjYXNlIFdNX0lOSVRESUFMT0c6CisgICAgICAgICAgICBoQ29tYm8gPSBHZXREbGdJdGVtKGhEbGcsIElEX0VOQ09ESU5HKTsKKworICAgICAgICAgICAgTG9hZFN0cmluZyhHbG9iYWxzLmhJbnN0YW5jZSwgU1RSSU5HX0FOU0ksIHN6VGV4dCwgQVJSQVlfU0laRShzelRleHQpKTsKKyAgICAgICAgICAgIFNlbmRNZXNzYWdlKGhDb21ibywgQ0JfQUREU1RSSU5HLCAwLCAoTFBBUkFNKSBzelRleHQpOworCisgICAgICAgICAgICBMb2FkU3RyaW5nKEdsb2JhbHMuaEluc3RhbmNlLCBTVFJJTkdfVU5JQ09ERSwgc3pUZXh0LCBBUlJBWV9TSVpFKHN6VGV4dCkpOworICAgICAgICAgICAgU2VuZE1lc3NhZ2UoaENvbWJvLCBDQl9BRERTVFJJTkcsIDAsIChMUEFSQU0pIHN6VGV4dCk7CisKKyAgICAgICAgICAgIExvYWRTdHJpbmcoR2xvYmFscy5oSW5zdGFuY2UsIFNUUklOR19VTklDT0RFX0JFLCBzelRleHQsIEFSUkFZX1NJWkUoc3pUZXh0KSk7CisgICAgICAgICAgICBTZW5kTWVzc2FnZShoQ29tYm8sIENCX0FERFNUUklORywgMCwgKExQQVJBTSkgc3pUZXh0KTsKKworICAgICAgICAgICAgTG9hZFN0cmluZyhHbG9iYWxzLmhJbnN0YW5jZSwgU1RSSU5HX1VURjgsIHN6VGV4dCwgQVJSQVlfU0laRShzelRleHQpKTsKKyAgICAgICAgICAgIFNlbmRNZXNzYWdlKGhDb21ibywgQ0JfQUREU1RSSU5HLCAwLCAoTFBBUkFNKSBzelRleHQpOworCisgICAgICAgICAgICBTZW5kTWVzc2FnZShoQ29tYm8sIENCX1NFVENVUlNFTCwgR2xvYmFscy5lbmNGaWxlLCAwKTsKKworICAgICAgICAgICAgaENvbWJvID0gR2V0RGxnSXRlbShoRGxnLCBJRF9FT0xOKTsKKworICAgICAgICAgICAgTG9hZFN0cmluZyhHbG9iYWxzLmhJbnN0YW5jZSwgU1RSSU5HX0NSTEYsIHN6VGV4dCwgQVJSQVlfU0laRShzelRleHQpKTsKKyAgICAgICAgICAgIFNlbmRNZXNzYWdlKGhDb21ibywgQ0JfQUREU1RSSU5HLCAwLCAoTFBBUkFNKSBzelRleHQpOworCisgICAgICAgICAgICBMb2FkU3RyaW5nKEdsb2JhbHMuaEluc3RhbmNlLCBTVFJJTkdfTEYsIHN6VGV4dCwgQVJSQVlfU0laRShzelRleHQpKTsKKyAgICAgICAgICAgIFNlbmRNZXNzYWdlKGhDb21ibywgQ0JfQUREU1RSSU5HLCAwLCAoTFBBUkFNKSBzelRleHQpOworCisgICAgICAgICAgICBMb2FkU3RyaW5nKEdsb2JhbHMuaEluc3RhbmNlLCBTVFJJTkdfQ1IsIHN6VGV4dCwgQVJSQVlfU0laRShzelRleHQpKTsKKyAgICAgICAgICAgIFNlbmRNZXNzYWdlKGhDb21ibywgQ0JfQUREU1RSSU5HLCAwLCAoTFBBUkFNKSBzelRleHQpOworCisgICAgICAgICAgICBTZW5kTWVzc2FnZShoQ29tYm8sIENCX1NFVENVUlNFTCwgR2xvYmFscy5pRW9sbiwgMCk7CisgICAgICAgICAgICBicmVhazsKKworICAgICAgICBjYXNlIFdNX05PVElGWToKKyAgICAgICAgICAgIGlmICgoKE5NSERSICopIGxQYXJhbSktPmNvZGUgPT0gQ0ROX0ZJTEVPSykKKyAgICAgICAgICAgIHsKKyAgICAgICAgICAgICAgICBoQ29tYm8gPSBHZXREbGdJdGVtKGhEbGcsIElEX0VOQ09ESU5HKTsKKyAgICAgICAgICAgICAgICBpZiAoaENvbWJvKQorICAgICAgICAgICAgICAgICAgICBHbG9iYWxzLmVuY0ZpbGUgPSAoaW50KSBTZW5kTWVzc2FnZShoQ29tYm8sIENCX0dFVENVUlNFTCwgMCwgMCk7CisKKyAgICAgICAgICAgICAgICBoQ29tYm8gPSBHZXREbGdJdGVtKGhEbGcsIElEX0VPTE4pOworICAgICAgICAgICAgICAgIGlmIChoQ29tYm8pCisgICAgICAgICAgICAgICAgICAgIEdsb2JhbHMuaUVvbG4gPSAoaW50KSBTZW5kTWVzc2FnZShoQ29tYm8sIENCX0dFVENVUlNFTCwgMCwgMCk7CisgICAgICAgICAgICB9CisgICAgICAgICAgICBicmVhazsKKyAgICB9CisgICAgcmV0dXJuIDA7Cit9CisKK0JPT0wgRElBTE9HX0ZpbGVTYXZlQXMoVk9JRCkKK3sKKyAgICBPUEVORklMRU5BTUUgc2F2ZWFzOworICAgIFRDSEFSIHN6UGF0aFtNQVhfUEFUSF07CisKKyAgICBaZXJvTWVtb3J5KCZzYXZlYXMsIHNpemVvZihzYXZlYXMpKTsKKworICAgIGlmIChHbG9iYWxzLnN6RmlsZU5hbWVbMF0gPT0gMCkKKyAgICAgICAgX3Rjc2NweShzelBhdGgsIHR4dF9maWxlcyk7CisgICAgZWxzZQorICAgICAgICBfdGNzY3B5KHN6UGF0aCwgR2xvYmFscy5zekZpbGVOYW1lKTsKKworICAgIHNhdmVhcy5sU3RydWN0U2l6ZSA9IHNpemVvZihPUEVORklMRU5BTUUpOworICAgIHNhdmVhcy5od25kT3duZXIgPSBHbG9iYWxzLmhNYWluV25kOworICAgIHNhdmVhcy5oSW5zdGFuY2UgPSBHbG9iYWxzLmhJbnN0YW5jZTsKKyAgICBzYXZlYXMubHBzdHJGaWx0ZXIgPSBHbG9iYWxzLnN6RmlsdGVyOworICAgIHNhdmVhcy5scHN0ckZpbGUgPSBzelBhdGg7CisgICAgc2F2ZWFzLm5NYXhGaWxlID0gQVJSQVlfU0laRShzelBhdGgpOworICAgIHNhdmVhcy5GbGFncyA9IE9GTl9QQVRITVVTVEVYSVNUIHwgT0ZOX09WRVJXUklURVBST01QVCB8IE9GTl9ISURFUkVBRE9OTFkgfAorICAgICAgICAgICAgICAgICAgIE9GTl9FWFBMT1JFUiB8IE9GTl9FTkFCTEVURU1QTEFURSB8IE9GTl9FTkFCTEVIT09LOworICAgIHNhdmVhcy5scHN0ckRlZkV4dCA9IHN6RGVmYXVsdEV4dDsKKyAgICBzYXZlYXMubHBUZW1wbGF0ZU5hbWUgPSBNQUtFSU5UUkVTT1VSQ0UoRElBTE9HX0VOQ09ESU5HKTsKKyAgICBzYXZlYXMubHBmbkhvb2sgPSBESUFMT0dfRmlsZVNhdmVBc19Ib29rOworCisgICAgaWYgKEdldFNhdmVGaWxlTmFtZSgmc2F2ZWFzKSkKKyAgICB7CisgICAgICAgIC8qIEhBQ0s6IEJlY2F1c2UgaW4gUk9TLCBTYXZlLUFzIGJveGVzIGRvbid0IGNoZWNrIHRoZSB2YWxpZGl0eQorICAgICAgICAgKiBvZiBmaWxlIG5hbWVzIGFuZCB0aHVzLCBoZXJlLCBzelBhdGggY2FuIGJlIGludmFsaWQgISEgV2Ugb25seQorICAgICAgICAgKiBzZWUgaXRzIHZhbGlkaXR5IHdoZW4gd2UgY2FsbCBEb1NhdmVGaWxlKCkuLi4gKi8KKyAgICAgICAgU2V0RmlsZU5hbWUoc3pQYXRoKTsKKyAgICAgICAgaWYgKERvU2F2ZUZpbGUoKSkKKyAgICAgICAgeworICAgICAgICAgICAgVXBkYXRlV2luZG93Q2FwdGlvbihUUlVFKTsKKyAgICAgICAgICAgIHJldHVybiBUUlVFOworICAgICAgICB9CisgICAgICAgIGVsc2UKKyAgICAgICAgeworICAgICAgICAgICAgU2V0RmlsZU5hbWUoX1QoIiIpKTsKKyAgICAgICAgICAgIHJldHVybiBGQUxTRTsKKyAgICAgICAgfQorICAgIH0KKyAgICBlbHNlCisgICAgeworICAgICAgICByZXR1cm4gRkFMU0U7CisgICAgfQorfQorCitWT0lEIERJQUxPR19GaWxlUHJpbnQoVk9JRCkKK3sKKyAgICBET0NJTkZPIGRpOworICAgIFRFWFRNRVRSSUMgdG07CisgICAgUFJJTlRETEcgcHJpbnRlcjsKKyAgICBTSVpFIHN6TWV0cmljOworICAgIGludCBib3JkZXI7CisgICAgaW50IHhMZWZ0LCB5VG9wLCBwYWdlY291bnQsIGRvcGFnZSwgY29weWNvdW50OworICAgIHVuc2lnbmVkIGludCBpOworICAgIExPR0ZPTlQgaGRyRm9udDsKKyAgICBIRk9OVCBmb250LCBvbGRfZm9udD0wOworICAgIERXT1JEIHNpemU7CisgICAgTFBUU1RSIHBUZW1wOworICAgIHN0YXRpYyBjb25zdCBUQ0hBUiB0aW1lc19uZXdfcm9tYW5bXSA9IF9UKCJUaW1lcyBOZXcgUm9tYW4iKTsKKyAgICBSRUNUIHJjUHJpbnRSZWN0OworCisgICAgLyogR2V0IGEgc21hbGwgZm9udCBhbmQgcHJpbnQgc29tZSBoZWFkZXIgaW5mbyBvbiBlYWNoIHBhZ2UgKi8KKyAgICBaZXJvTWVtb3J5KCZoZHJGb250LCBzaXplb2YoaGRyRm9udCkpOworICAgIGhkckZvbnQubGZIZWlnaHQgPSAxMDA7CisgICAgaGRyRm9udC5sZldlaWdodCA9IEZXX0JPTEQ7CisgICAgaGRyRm9udC5sZkNoYXJTZXQgPSBBTlNJX0NIQVJTRVQ7CisgICAgaGRyRm9udC5sZk91dFByZWNpc2lvbiA9IE9VVF9ERUZBVUxUX1BSRUNJUzsKKyAgICBoZHJGb250LmxmQ2xpcFByZWNpc2lvbiA9IENMSVBfREVGQVVMVF9QUkVDSVM7CisgICAgaGRyRm9udC5sZlF1YWxpdHkgPSBQUk9PRl9RVUFMSVRZOworICAgIGhkckZvbnQubGZQaXRjaEFuZEZhbWlseSA9IFZBUklBQkxFX1BJVENIIHwgRkZfUk9NQU47CisgICAgX3Rjc2NweShoZHJGb250LmxmRmFjZU5hbWUsIHRpbWVzX25ld19yb21hbik7CisKKyAgICBmb250ID0gQ3JlYXRlRm9udEluZGlyZWN0KCZoZHJGb250KTsKKworICAgIC8qIEdldCBDdXJyZW50IFNldHRpbmdzICovCisgICAgWmVyb01lbW9yeSgmcHJpbnRlciwgc2l6ZW9mKHByaW50ZXIpKTsKKyAgICBwcmludGVyLmxTdHJ1Y3RTaXplID0gc2l6ZW9mKHByaW50ZXIpOworICAgIHByaW50ZXIuaHduZE93bmVyID0gR2xvYmFscy5oTWFpblduZDsKKyAgICBwcmludGVyLmhJbnN0YW5jZSA9IEdsb2JhbHMuaEluc3RhbmNlOworCisgICAgLyogU2V0IHNvbWUgZGVmYXVsdCBmbGFncyAqLworICAgIHByaW50ZXIuRmxhZ3MgPSBQRF9SRVRVUk5EQyB8IFBEX1NFTEVDVElPTjsKKworICAgIC8qIERpc2FibGUgdGhlIHNlbGVjdGlvbiByYWRpbyBidXR0b24gaWYgdGhlcmUgaXMgbm8gdGV4dCBzZWxlY3RlZCAqLworICAgIGlmICghR2V0U2VsZWN0aW9uVGV4dExlbmd0aChHbG9iYWxzLmhFZGl0KSkKKyAgICB7CisgICAgICAgIHByaW50ZXIuRmxhZ3MgPSBwcmludGVyLkZsYWdzIHwgUERfTk9TRUxFQ1RJT047CisgICAgfQorCisgICAgcHJpbnRlci5uRnJvbVBhZ2UgPSAwOworICAgIHByaW50ZXIubk1pblBhZ2UgPSAxOworICAgIC8qIHdlIHJlYWxseSBuZWVkIHRvIGNhbGN1bGF0ZSBudW1iZXIgb2YgcGFnZXMgdG8gc2V0IG5NYXhQYWdlIGFuZCBuVG9QYWdlICovCisgICAgcHJpbnRlci5uVG9QYWdlID0gKFdPUkQpLTE7CisgICAgcHJpbnRlci5uTWF4UGFnZSA9IChXT1JEKS0xOworCisgICAgLyogTGV0IGNvbW1kbGcgbWFuYWdlIGNvcHkgc2V0dGluZ3MgKi8KKyAgICBwcmludGVyLm5Db3BpZXMgPSAoV09SRClQRF9VU0VERVZNT0RFQ09QSUVTOworCisgICAgcHJpbnRlci5oRGV2TW9kZSA9IEdsb2JhbHMuaERldk1vZGU7CisgICAgcHJpbnRlci5oRGV2TmFtZXMgPSBHbG9iYWxzLmhEZXZOYW1lczsKKworICAgIGlmICghUHJpbnREbGcoJnByaW50ZXIpKQorICAgIHsKKyAgICAgICAgRGVsZXRlT2JqZWN0KGZvbnQpOworICAgICAgICByZXR1cm47CisgICAgfQorCisgICAgR2xvYmFscy5oRGV2TW9kZSA9IHByaW50ZXIuaERldk1vZGU7CisgICAgR2xvYmFscy5oRGV2TmFtZXMgPSBwcmludGVyLmhEZXZOYW1lczsKKworICAgIGFzc2VydChwcmludGVyLmhEQyAhPSAwKTsKKworICAgIC8qIGluaXRpYWxpemUgRE9DSU5GTyAqLworICAgIGRpLmNiU2l6ZSA9IHNpemVvZihET0NJTkZPKTsKKyAgICBkaS5scHN6RG9jTmFtZSA9IEdsb2JhbHMuc3pGaWxlVGl0bGU7CisgICAgZGkubHBzek91dHB1dCA9IE5VTEw7CisgICAgZGkubHBzekRhdGF0eXBlID0gTlVMTDsKKyAgICBkaS5md1R5cGUgPSAwOworCisgICAgaWYgKFN0YXJ0RG9jKHByaW50ZXIuaERDLCAmZGkpIDw9IDApCisgICAgeworICAgICAgICBEZWxldGVPYmplY3QoZm9udCk7CisgICAgICAgIHJldHVybjsKKyAgICB9CisKKworICAgIC8qIEdldCB0aGUgZmlsZSB0ZXh0ICovCisgICAgaWYgKHByaW50ZXIuRmxhZ3MgJiBQRF9TRUxFQ1RJT04pCisgICAgeworICAgICAgICBzaXplID0gR2V0U2VsZWN0aW9uVGV4dExlbmd0aChHbG9iYWxzLmhFZGl0KSArIDE7CisgICAgfQorICAgIGVsc2UKKyAgICB7CisgICAgICAgIHNpemUgPSBHZXRXaW5kb3dUZXh0TGVuZ3RoKEdsb2JhbHMuaEVkaXQpICsgMTsKKyAgICB9CisKKyAgICBwVGVtcCA9IEhlYXBBbGxvYyhHZXRQcm9jZXNzSGVhcCgpLCAwLCBzaXplICogc2l6ZW9mKFRDSEFSKSk7CisgICAgaWYgKCFwVGVtcCkKKyAgICB7CisgICAgICAgIEVuZERvYyhwcmludGVyLmhEQyk7CisgICAgICAgIERlbGV0ZU9iamVjdChmb250KTsKKyAgICAgICAgU2hvd0xhc3RFcnJvcigpOworICAgICAgICByZXR1cm47CisgICAgfQorCisgICAgaWYgKHByaW50ZXIuRmxhZ3MgJiBQRF9TRUxFQ1RJT04pCisgICAgeworICAgICAgICBzaXplID0gR2V0U2VsZWN0aW9uVGV4dChHbG9iYWxzLmhFZGl0LCBwVGVtcCwgc2l6ZSk7CisgICAgfQorICAgIGVsc2UKKyAgICB7CisgICAgICAgIHNpemUgPSBHZXRXaW5kb3dUZXh0KEdsb2JhbHMuaEVkaXQsIHBUZW1wLCBzaXplKTsKKyAgICB9CisKKyAgICAvKiBHZXQgdGhlIGN1cnJlbnQgcHJpbnRpbmcgYXJlYSAqLworICAgIHJjUHJpbnRSZWN0ID0gR2V0UHJpbnRpbmdSZWN0KHByaW50ZXIuaERDLCBHbG9iYWxzLmxNYXJnaW5zKTsKKworICAgIC8qIEVuc3VyZSB0aGF0IGVhY2ggbG9naWNhbCB1bml0IG1hcHMgdG8gb25lIHBpeGVsICovCisgICAgU2V0TWFwTW9kZShwcmludGVyLmhEQywgTU1fVEVYVCk7CisKKyAgICAvKiBOZWVkZWQgdG8gZ2V0IHRoZSBjb3JyZWN0IGhlaWdodCBvZiBhIHRleHQgbGluZSAqLworICAgIEdldFRleHRNZXRyaWNzKHByaW50ZXIuaERDLCAmdG0pOworCisgICAgYm9yZGVyID0gMTU7CisgICAgZm9yIChjb3B5Y291bnQ9MTsgY29weWNvdW50IDw9IHByaW50ZXIubkNvcGllczsgY29weWNvdW50KyspIHsKKyAgICAgICAgaSA9IDA7CisgICAgICAgIHBhZ2Vjb3VudCA9IDE7CisgICAgICAgIGRvIHsKKyAgICAgICAgICAgIC8qIERvbid0IHN0YXJ0IGEgcGFnZSBpZiBub25lIG9mIHRoZSBjb25kaXRpb25zIGJlbG93IGFyZSB0cnVlICovCisgICAgICAgICAgICBkb3BhZ2UgPSAwOworCisgICAgICAgICAgICAvKiBUaGUgdXNlciB3YW50cyB0byBwcmludCB0aGUgY3VycmVudCBzZWxlY3Rpb24gKi8KKyAgICAgICAgICAgIGlmIChwcmludGVyLkZsYWdzICYgUERfU0VMRUNUSU9OKQorICAgICAgICAgICAgeworICAgICAgICAgICAgICAgIGRvcGFnZSA9IDE7CisgICAgICAgICAgICB9CisKKyAgICAgICAgICAgIC8qIFRoZSB1c2VyIHdhbnRzIHRvIHByaW50IHRoZSBlbnRpcmUgZG9jdW1lbnQgKi8KKyAgICAgICAgICAgIGlmICghKHByaW50ZXIuRmxhZ3MgJiBQRF9QQUdFTlVNUykgJiYgIShwcmludGVyLkZsYWdzICYgUERfU0VMRUNUSU9OKSkKKyAgICAgICAgICAgIHsKKyAgICAgICAgICAgICAgICBkb3BhZ2UgPSAxOworICAgICAgICAgICAgfQorCisgICAgICAgICAgICAvKiBUaGUgdXNlciB3YW50cyB0byBwcmludCBhIHNwZWNpZmllZCByYW5nZSBvZiBwYWdlcyAqLworICAgICAgICAgICAgaWYgKChwYWdlY291bnQgPj0gcHJpbnRlci5uRnJvbVBhZ2UgJiYgcGFnZWNvdW50IDw9IHByaW50ZXIublRvUGFnZSkpCisgICAgICAgICAgICB7CisgICAgICAgICAgICAgICAgZG9wYWdlID0gMTsKKyAgICAgICAgICAgIH0KKworICAgICAgICAgICAgb2xkX2ZvbnQgPSBTZWxlY3RPYmplY3QocHJpbnRlci5oREMsIGZvbnQpOworCisgICAgICAgICAgICBpZiAoZG9wYWdlKSB7CisgICAgICAgICAgICAgICAgaWYgKFN0YXJ0UGFnZShwcmludGVyLmhEQykgPD0gMCkgeworICAgICAgICAgICAgICAgICAgICBTZWxlY3RPYmplY3QocHJpbnRlci5oREMsIG9sZF9mb250KTsKKyAgICAgICAgICAgICAgICAgICAgRW5kRG9jKHByaW50ZXIuaERDKTsKKyAgICAgICAgICAgICAgICAgICAgRGVsZXRlREMocHJpbnRlci5oREMpOworICAgICAgICAgICAgICAgICAgICBIZWFwRnJlZShHZXRQcm9jZXNzSGVhcCgpLCAwLCBwVGVtcCk7CisgICAgICAgICAgICAgICAgICAgIERlbGV0ZU9iamVjdChmb250KTsKKyAgICAgICAgICAgICAgICAgICAgQWxlcnRQcmludEVycm9yKCk7CisgICAgICAgICAgICAgICAgICAgIHJldHVybjsKKyAgICAgICAgICAgICAgICB9CisKKyAgICAgICAgICAgICAgICBTZXRWaWV3cG9ydE9yZ0V4KHByaW50ZXIuaERDLCByY1ByaW50UmVjdC5sZWZ0LCByY1ByaW50UmVjdC50b3AsIE5VTEwpOworCisgICAgICAgICAgICAgICAgLyogV3JpdGUgYSByZWN0YW5nbGUgYW5kIGhlYWRlciBhdCB0aGUgdG9wIG9mIGVhY2ggcGFnZSAqLworICAgICAgICAgICAgICAgIFJlY3RhbmdsZShwcmludGVyLmhEQywgYm9yZGVyLCBib3JkZXIsIHJjUHJpbnRSZWN0LnJpZ2h0IC0gYm9yZGVyLCBib3JkZXIgKyB0bS50bUhlaWdodCAqIDIpOworICAgICAgICAgICAgICAgIC8qIEkgZG9uJ3Qga25vdyB3aGF0J3MgdXAgd2l0aCB0aGlzIFRleHRPdXQgY29tbWFuZC4gVGhpcyBjb21lcyBvdXQKKyAgICAgICAgICAgICAgICBraW5kIG9mIG1hbmdsZWQuCisgICAgICAgICAgICAgICAgKi8KKyAgICAgICAgICAgICAgICBUZXh0T3V0KHByaW50ZXIuaERDLAorICAgICAgICAgICAgICAgICAgICAgICAgYm9yZGVyICogMiwKKyAgICAgICAgICAgICAgICAgICAgICAgIGJvcmRlciArIHRtLnRtSGVpZ2h0IC8gMiwKKyAgICAgICAgICAgICAgICAgICAgICAgIEdsb2JhbHMuc3pGaWxlVGl0bGUsCisgICAgICAgICAgICAgICAgICAgICAgICBsc3RybGVuKEdsb2JhbHMuc3pGaWxlVGl0bGUpKTsKKyAgICAgICAgICAgIH0KKworICAgICAgICAgICAgLyogVGhlIHN0YXJ0aW5nIHBvaW50IGZvciB0aGUgbWFpbiB0ZXh0ICovCisgICAgICAgICAgICB4TGVmdCA9IDA7CisgICAgICAgICAgICB5VG9wID0gYm9yZGVyICsgdG0udG1IZWlnaHQgKiA0OworCisgICAgICAgICAgICBTZWxlY3RPYmplY3QocHJpbnRlci5oREMsIG9sZF9mb250KTsKKworICAgICAgICAgICAgLyogU2luY2Ugb3V0cHV0dGluZyBzdHJpbmdzIGlzIGdpdmluZyBtZSBwcm9ibGVtcywgb3V0cHV0IHRoZSBtYWluCisgICAgICAgICAgICAgKiB0ZXh0IG9uZSBjaGFyYWN0ZXIgYXQgYSB0aW1lLiAqLworICAgICAgICAgICAgZG8geworICAgICAgICAgICAgICAgIGlmIChwVGVtcFtpXSA9PSAnXG4nKSB7CisgICAgICAgICAgICAgICAgICAgIHhMZWZ0ID0gMDsKKyAgICAgICAgICAgICAgICAgICAgeVRvcCArPSB0bS50bUhlaWdodDsKKyAgICAgICAgICAgICAgICB9CisgICAgICAgICAgICAgICAgZWxzZSBpZiAocFRlbXBbaV0gIT0gJ1xyJykgeworICAgICAgICAgICAgICAgICAgICBpZiAoZG9wYWdlKQorICAgICAgICAgICAgICAgICAgICAgICAgVGV4dE91dChwcmludGVyLmhEQywgeExlZnQsIHlUb3AsICZwVGVtcFtpXSwgMSk7CisKKyAgICAgICAgICAgICAgICAgICAgLyogV2UgbmVlZCB0byBnZXQgdGhlIHdpZHRoIGZvciBlYWNoIGluZGl2aWR1YWwgY2hhciwgc2luY2UgYSBwcm9wb3J0aW9uYWwgZm9udCBtYXkgYmUgdXNlZCAqLworICAgICAgICAgICAgICAgICAgICBHZXRUZXh0RXh0ZW50UG9pbnQzMihwcmludGVyLmhEQywgJnBUZW1wW2ldLCAxLCAmc3pNZXRyaWMpOworICAgICAgICAgICAgICAgICAgICB4TGVmdCArPSBzek1ldHJpYy5jeDsKKworICAgICAgICAgICAgICAgICAgICAvKiBJbnNlcnQgYSBsaW5lIGJyZWFrIGlmIHRoZSBjdXJyZW50IGxpbmUgZG9lcyBub3QgZml0IGludG8gdGhlIHByaW50aW5nIGFyZWEgKi8KKyAgICAgICAgICAgICAgICAgICAgaWYgKHhMZWZ0ID4gcmNQcmludFJlY3QucmlnaHQpCisgICAgICAgICAgICAgICAgICAgIHsKKyAgICAgICAgICAgICAgICAgICAgICAgIHhMZWZ0ID0gMDsKKyAgICAgICAgICAgICAgICAgICAgICAgIHlUb3AgPSB5VG9wICsgdG0udG1IZWlnaHQ7CisgICAgICAgICAgICAgICAgICAgIH0KKyAgICAgICAgICAgICAgICB9CisgICAgICAgICAgICB9IHdoaWxlIChpKysgPCBzaXplICYmIHlUb3AgPCByY1ByaW50UmVjdC5ib3R0b20pOworCisgICAgICAgICAgICBpZiAoZG9wYWdlKQorICAgICAgICAgICAgICAgIEVuZFBhZ2UocHJpbnRlci5oREMpOworICAgICAgICAgICAgcGFnZWNvdW50Kys7CisgICAgICAgIH0gd2hpbGUgKGkgPCBzaXplKTsKKyAgICB9CisKKyAgICBpZiAob2xkX2ZvbnQgIT0gMCkKKyAgICAgICAgU2VsZWN0T2JqZWN0KHByaW50ZXIuaERDLCBvbGRfZm9udCk7CisgICAgRW5kRG9jKHByaW50ZXIuaERDKTsKKyAgICBEZWxldGVEQyhwcmludGVyLmhEQyk7CisgICAgSGVhcEZyZWUoR2V0UHJvY2Vzc0hlYXAoKSwgMCwgcFRlbXApOworICAgIERlbGV0ZU9iamVjdChmb250KTsKK30KKworVk9JRCBESUFMT0dfRmlsZUV4aXQoVk9JRCkKK3sKKyAgICBQb3N0TWVzc2FnZShHbG9iYWxzLmhNYWluV25kLCBXTV9DTE9TRSwgMCwgMGwpOworfQorCitWT0lEIERJQUxPR19FZGl0VW5kbyhWT0lEKQoreworICAgIFNlbmRNZXNzYWdlKEdsb2JhbHMuaEVkaXQsIEVNX1VORE8sIDAsIDApOworfQorCitWT0lEIERJQUxPR19FZGl0Q3V0KFZPSUQpCit7CisgICAgU2VuZE1lc3NhZ2UoR2xvYmFscy5oRWRpdCwgV01fQ1VULCAwLCAwKTsKK30KKworVk9JRCBESUFMT0dfRWRpdENvcHkoVk9JRCkKK3sKKyAgICBTZW5kTWVzc2FnZShHbG9iYWxzLmhFZGl0LCBXTV9DT1BZLCAwLCAwKTsKK30KKworVk9JRCBESUFMT0dfRWRpdFBhc3RlKFZPSUQpCit7CisgICAgU2VuZE1lc3NhZ2UoR2xvYmFscy5oRWRpdCwgV01fUEFTVEUsIDAsIDApOworfQorCitWT0lEIERJQUxPR19FZGl0RGVsZXRlKFZPSUQpCit7CisgICAgU2VuZE1lc3NhZ2UoR2xvYmFscy5oRWRpdCwgV01fQ0xFQVIsIDAsIDApOworfQorCitWT0lEIERJQUxPR19FZGl0U2VsZWN0QWxsKFZPSUQpCit7CisgICAgU2VuZE1lc3NhZ2UoR2xvYmFscy5oRWRpdCwgRU1fU0VUU0VMLCAwLCAoTFBBUkFNKS0xKTsKK30KKworVk9JRCBESUFMT0dfRWRpdFRpbWVEYXRlKFZPSUQpCit7CisgICAgU1lTVEVNVElNRSBzdDsKKyAgICBUQ0hBUiBzekRhdGVbTUFYX1NUUklOR19MRU5dOworICAgIFRDSEFSIHN6VGV4dFtNQVhfU1RSSU5HX0xFTiAqIDIgKyAyXTsKKworICAgIEdldExvY2FsVGltZSgmc3QpOworCisgICAgR2V0VGltZUZvcm1hdChMT0NBTEVfVVNFUl9ERUZBVUxULCAwLCAmc3QsIE5VTEwsIHN6RGF0ZSwgTUFYX1NUUklOR19MRU4pOworICAgIF90Y3NjcHkoc3pUZXh0LCBzekRhdGUpOworICAgIF90Y3NjYXQoc3pUZXh0LCBfVCgiICIpKTsKKyAgICBHZXREYXRlRm9ybWF0KExPQ0FMRV9VU0VSX0RFRkFVTFQsIERBVEVfTE9OR0RBVEUsICZzdCwgTlVMTCwgc3pEYXRlLCBNQVhfU1RSSU5HX0xFTik7CisgICAgX3Rjc2NhdChzelRleHQsIHN6RGF0ZSk7CisgICAgU2VuZE1lc3NhZ2UoR2xvYmFscy5oRWRpdCwgRU1fUkVQTEFDRVNFTCwgVFJVRSwgKExQQVJBTSlzelRleHQpOworfQorCitWT0lEIERvQ3JlYXRlU3RhdHVzQmFyKFZPSUQpCit7CisgICAgUkVDVCByYzsKKyAgICBSRUNUIHJjc3RhdHVzOworICAgIEJPT0wgYlN0YXR1c0JhclZpc2libGU7CisKKyAgICAvKiBDaGVjayBpZiBzdGF0dXMgYmFyIG9iamVjdCBhbHJlYWR5IGV4aXN0cy4gKi8KKyAgICBpZiAoR2xvYmFscy5oU3RhdHVzQmFyID09IE5VTEwpCisgICAgeworICAgICAgICAvKiBUcnkgdG8gY3JlYXRlIHRoZSBzdGF0dXMgYmFyICovCisgICAgICAgIEdsb2JhbHMuaFN0YXR1c0JhciA9IENyZWF0ZVN0YXR1c1dpbmRvdyhXU19DSElMRCB8IFdTX1ZJU0lCTEUgfCBXU19FWF9TVEFUSUNFREdFLAorICAgICAgICAgICAgICAgICAgICAgICAgICAgICAgICAgICAgICAgICAgICAgICAgTlVMTCwKKyAgICAgICAgICAgICAgICAgICAgICAgICAgICAgICAgICAgICAgICAgICAgICAgIEdsb2JhbHMuaE1haW5XbmQsCisgICAgICAgICAgICAgICAgICAgICAgICAgICAgICAgICAgICAgICAgICAgICAgICBDTURfU1RBVFVTQkFSX1dORF9JRCk7CisKKyAgICAgICAgaWYgKEdsb2JhbHMuaFN0YXR1c0JhciA9PSBOVUxMKQorICAgICAgICB7CisgICAgICAgICAgICBTaG93TGFzdEVycm9yKCk7CisgICAgICAgICAgICByZXR1cm47CisgICAgICAgIH0KKworICAgICAgICAvKiBMb2FkIHRoZSBzdHJpbmcgZm9yIGZvcm1hdHRpbmcgY29sdW1uL3JvdyB0ZXh0IG91dHB1dCAqLworICAgICAgICBMb2FkU3RyaW5nKEdsb2JhbHMuaEluc3RhbmNlLCBTVFJJTkdfTElORV9DT0xVTU4sIEdsb2JhbHMuc3pTdGF0dXNCYXJMaW5lQ29sLCBNQVhfUEFUSCAtIDEpOworCisgICAgICAgIC8qIFNldCB0aGUgc3RhdHVzIGJhciBmb3Igc2luZ2xlLXRleHQgb3V0cHV0ICovCisgICAgICAgIFNlbmRNZXNzYWdlKEdsb2JhbHMuaFN0YXR1c0JhciwgU0JfU0lNUExFLCAoV1BBUkFNKVRSVUUsIChMUEFSQU0pMCk7CisgICAgfQorCisgICAgLyogU2V0IHN0YXR1cyBiYXIgdmlzaWJsaXR5IGFjY29yZGluZyB0byB0aGUgc2V0dGluZ3MuICovCisgICAgaWYgKChHbG9iYWxzLmJXcmFwTG9uZ0xpbmVzICE9IEZBTFNFKSB8fCAoR2xvYmFscy5iU2hvd1N0YXR1c0JhciA9PSBGQUxTRSkpCisgICAgeworICAgICAgICBiU3RhdHVzQmFyVmlzaWJsZSA9IEZBTFNFOworICAgICAgICBTaG93V2luZG93KEdsb2JhbHMuaFN0YXR1c0JhciwgU1dfSElERSk7CisgICAgfQorICAgIGVsc2UKKyAgICB7CisgICAgICAgIGJTdGF0dXNCYXJWaXNpYmxlID0gVFJVRTsKKyAgICAgICAgU2hvd1dpbmRvdyhHbG9iYWxzLmhTdGF0dXNCYXIsIFNXX1NIT1cpOworICAgICAgICBTZW5kTWVzc2FnZShHbG9iYWxzLmhTdGF0dXNCYXIsIFdNX1NJWkUsIDAsIDApOworICAgIH0KKworICAgIC8qIFNldCBjaGVjayBzdGF0ZSBpbiBzaG93IHN0YXR1cyBiYXIgaXRlbS4gKi8KKyAgICBpZiAoYlN0YXR1c0JhclZpc2libGUpCisgICAgeworICAgICAgICBDaGVja01lbnVJdGVtKEdsb2JhbHMuaE1lbnUsIENNRF9TVEFUVVNCQVIsIE1GX0JZQ09NTUFORCB8IE1GX0NIRUNLRUQpOworICAgIH0KKyAgICBlbHNlCisgICAgeworICAgICAgICBDaGVja01lbnVJdGVtKEdsb2JhbHMuaE1lbnUsIENNRF9TVEFUVVNCQVIsIE1GX0JZQ09NTUFORCB8IE1GX1VOQ0hFQ0tFRCk7CisgICAgfQorCisgICAgLyogVXBkYXRlIG1lbnUgbWFyIHdpdGggdGhlIHByZXZpb3VzIGNoYW5nZXMgKi8KKyAgICBEcmF3TWVudUJhcihHbG9iYWxzLmhNYWluV25kKTsKKworICAgIC8qIFNlZmV0eSB0ZXN0IGlzIGVkaXQgY29udHJvbCBleGlzdHMgKi8KKyAgICBpZiAoR2xvYmFscy5oRWRpdCAhPSBOVUxMKQorICAgIHsKKyAgICAgICAgLyogUmV0cmlldmUgdGhlIHNpemVzIG9mIHRoZSBjb250cm9scyAqLworICAgICAgICBHZXRDbGllbnRSZWN0KEdsb2JhbHMuaE1haW5XbmQsICZyYyk7CisgICAgICAgIEdldENsaWVudFJlY3QoR2xvYmFscy5oU3RhdHVzQmFyLCAmcmNzdGF0dXMpOworCisgICAgICAgIC8qIElmIHN0YXR1cyBiYXIgaXMgY3VycmVudGx5IHZpc2libGUsIHVwZGF0ZSBkaW1lbnNpb25zIG9mIGVkaXQgY29udHJvbCAqLworICAgICAgICBpZiAoYlN0YXR1c0JhclZpc2libGUpCisgICAgICAgICAgICByYy5ib3R0b20gLT0gKHJjc3RhdHVzLmJvdHRvbSAtIHJjc3RhdHVzLnRvcCk7CisKKyAgICAgICAgLyogUmVzaXplIGVkaXQgY29udHJvbCB0byByaWdodCBzaXplLiAqLworICAgICAgICBNb3ZlV2luZG93KEdsb2JhbHMuaEVkaXQsCisgICAgICAgICAgICAgICAgICAgcmMubGVmdCwKKyAgICAgICAgICAgICAgICAgICByYy50b3AsCisgICAgICAgICAgICAgICAgICAgcmMucmlnaHQgLSByYy5sZWZ0LAorICAgICAgICAgICAgICAgICAgIHJjLmJvdHRvbSAtIHJjLnRvcCwKKyAgICAgICAgICAgICAgICAgICBUUlVFKTsKKyAgICB9CisKKyAgICAvKiBVcGRhdGUgY29udGVudCB3aXRoIGN1cnJlbnQgcm93L2NvbHVtbiB0ZXh0ICovCisgICAgRElBTE9HX1N0YXR1c0JhclVwZGF0ZUNhcmV0UG9zKCk7Cit9CisKK1ZPSUQgRG9DcmVhdGVFZGl0V2luZG93KFZPSUQpCit7CisgICAgRFdPUkQgZHdTdHlsZTsKKyAgICBpbnQgaVNpemU7CisgICAgTFBUU1RSIHBUZW1wID0gTlVMTDsKKyAgICBCT09MIGJNb2RpZmllZCA9IEZBTFNFOworCisgICAgaVNpemUgPSAwOworCisgICAgLyogSWYgdGhlIGVkaXQgY29udHJvbCBhbHJlYWR5IGV4aXN0cywgdHJ5IHRvIHNhdmUgaXRzIGNvbnRlbnQgKi8KKyAgICBpZiAoR2xvYmFscy5oRWRpdCAhPSBOVUxMKQorICAgIHsKKyAgICAgICAgLyogbnVtYmVyIG9mIGNoYXJzIGN1cnJlbnRseSB3cml0dGVuIGludG8gdGhlIGVkaXRvci4gKi8KKyAgICAgICAgaVNpemUgPSBHZXRXaW5kb3dUZXh0TGVuZ3RoKEdsb2JhbHMuaEVkaXQpOworICAgICAgICBpZiAoaVNpemUpCisgICAgICAgIHsKKyAgICAgICAgICAgIC8qIEFsbG9jYXRlcyB0ZW1wb3JhcnkgYnVmZmVyLiAqLworICAgICAgICAgICAgcFRlbXAgPSBIZWFwQWxsb2MoR2V0UHJvY2Vzc0hlYXAoKSwgMCwgKGlTaXplICsgMSkgKiBzaXplb2YoVENIQVIpKTsKKyAgICAgICAgICAgIGlmICghcFRlbXApCisgICAgICAgICAgICB7CisgICAgICAgICAgICAgICAgU2hvd0xhc3RFcnJvcigpOworICAgICAgICAgICAgICAgIHJldHVybjsKKyAgICAgICAgICAgIH0KKworICAgICAgICAgICAgLyogUmVjb3ZlciB0aGUgdGV4dCBpbnRvIHRoZSBjb250cm9sLiAqLworICAgICAgICAgICAgR2V0V2luZG93VGV4dChHbG9iYWxzLmhFZGl0LCBwVGVtcCwgaVNpemUgKyAxKTsKKworICAgICAgICAgICAgaWYgKFNlbmRNZXNzYWdlKEdsb2JhbHMuaEVkaXQsIEVNX0dFVE1PRElGWSwgMCwgMCkpCisgICAgICAgICAgICAgICAgYk1vZGlmaWVkID0gVFJVRTsKKyAgICAgICAgfQorCisgICAgICAgIC8qIFJlc3RvcmUgb3JpZ2luYWwgd2luZG93IHByb2NlZHVyZSAqLworICAgICAgICBTZXRXaW5kb3dMb25nUHRyKEdsb2JhbHMuaEVkaXQsIEdXTFBfV05EUFJPQywgKExPTkdfUFRSKUdsb2JhbHMuRWRpdFByb2MpOworCisgICAgICAgIC8qIERlc3Ryb3kgdGhlIGVkaXQgY29udHJvbCAqLworICAgICAgICBEZXN0cm95V2luZG93KEdsb2JhbHMuaEVkaXQpOworICAgIH0KKworICAgIC8qIFVwZGF0ZSB3cmFwIHN0YXR1cyBpbnRvIHRoZSBtYWluIG1lbnUgYW5kIHJlY292ZXIgc3R5bGUgZmxhZ3MgKi8KKyAgICBpZiAoR2xvYmFscy5iV3JhcExvbmdMaW5lcykKKyAgICB7CisgICAgICAgIGR3U3R5bGUgPSBFRElUX1NUWUxFX1dSQVA7CisgICAgICAgIEVuYWJsZU1lbnVJdGVtKEdsb2JhbHMuaE1lbnUsIENNRF9TVEFUVVNCQVIsIE1GX0JZQ09NTUFORCB8IE1GX0RJU0FCTEVEIHwgTUZfR1JBWUVEKTsKKyAgICB9IGVsc2UgeworICAgICAgICBkd1N0eWxlID0gRURJVF9TVFlMRTsKKyAgICAgICAgRW5hYmxlTWVudUl0ZW0oR2xvYmFscy5oTWVudSwgQ01EX1NUQVRVU0JBUiwgTUZfQllDT01NQU5EIHwgTUZfRU5BQkxFRCk7CisgICAgfQorCisgICAgLyogVXBkYXRlIHByZXZpb3VzIGNoYW5nZXMgKi8KKyAgICBEcmF3TWVudUJhcihHbG9iYWxzLmhNYWluV25kKTsKKworICAgIC8qIENyZWF0ZSB0aGUgbmV3IGVkaXQgY29udHJvbCAqLworICAgIEdsb2JhbHMuaEVkaXQgPSBDcmVhdGVXaW5kb3dFeChXU19FWF9DTElFTlRFREdFLAorICAgICAgICAgICAgICAgICAgICAgICAgICAgICAgICAgICBFRElUX0NMQVNTLAorICAgICAgICAgICAgICAgICAgICAgICAgICAgICAgICAgICBOVUxMLAorICAgICAgICAgICAgICAgICAgICAgICAgICAgICAgICAgICBkd1N0eWxlLAorICAgICAgICAgICAgICAgICAgICAgICAgICAgICAgICAgICBDV19VU0VERUZBVUxULAorICAgICAgICAgICAgICAgICAgICAgICAgICAgICAgICAgICBDV19VU0VERUZBVUxULAorICAgICAgICAgICAgICAgICAgICAgICAgICAgICAgICAgICBDV19VU0VERUZBVUxULAorICAgICAgICAgICAgICAgICAgICAgICAgICAgICAgICAgICBDV19VU0VERUZBVUxULAorICAgICAgICAgICAgICAgICAgICAgICAgICAgICAgICAgICBHbG9iYWxzLmhNYWluV25kLAorICAgICAgICAgICAgICAgICAgICAgICAgICAgICAgICAgICBOVUxMLAorICAgICAgICAgICAgICAgICAgICAgICAgICAgICAgICAgICBHbG9iYWxzLmhJbnN0YW5jZSwKKyAgICAgICAgICAgICAgICAgICAgICAgICAgICAgICAgICAgTlVMTCk7CisKKyAgICBpZiAoR2xvYmFscy5oRWRpdCA9PSBOVUxMKQorICAgIHsKKyAgICAgICAgaWYgKHBUZW1wKQorICAgICAgICB7CisgICAgICAgICAgICBIZWFwRnJlZShHZXRQcm9jZXNzSGVhcCgpLCAwLCBwVGVtcCk7CisgICAgICAgIH0KKworICAgICAgICBTaG93TGFzdEVycm9yKCk7CisgICAgICAgIHJldHVybjsKKyAgICB9CisKKyAgICBTZW5kTWVzc2FnZShHbG9iYWxzLmhFZGl0LCBXTV9TRVRGT05ULCAoV1BBUkFNKUdsb2JhbHMuaEZvbnQsIEZBTFNFKTsKKyAgICBTZW5kTWVzc2FnZShHbG9iYWxzLmhFZGl0LCBFTV9MSU1JVFRFWFQsIDAsIDApOworCisgICAgLyogSWYgc29tZSB0ZXh0IHdhcyBwcmV2aW91c2x5IHNhdmVkLCByZXN0b3JlIGl0LiAqLworICAgIGlmIChpU2l6ZSAhPSAwKQorICAgIHsKKyAgICAgICAgU2V0V2luZG93VGV4dChHbG9iYWxzLmhFZGl0LCBwVGVtcCk7CisgICAgICAgIEhlYXBGcmVlKEdldFByb2Nlc3NIZWFwKCksIDAsIHBUZW1wKTsKKworICAgICAgICBpZiAoYk1vZGlmaWVkKQorICAgICAgICAgICAgU2VuZE1lc3NhZ2UoR2xvYmFscy5oRWRpdCwgRU1fU0VUTU9ESUZZLCBUUlVFLCAwKTsKKyAgICB9CisKKyAgICAvKiBTdWItY2xhc3MgYSBuZXcgd2luZG93IGNhbGxiYWNrIGZvciByb3cvY29sdW1uIGRldGVjdGlvbi4gKi8KKyAgICBHbG9iYWxzLkVkaXRQcm9jID0gKFdORFBST0MpU2V0V2luZG93TG9uZ1B0cihHbG9iYWxzLmhFZGl0LAorICAgICAgICAgICAgICAgICAgICAgICAgICAgICAgICAgICAgICAgICAgICAgICAgIEdXTFBfV05EUFJPQywKKyAgICAgICAgICAgICAgICAgICAgICAgICAgICAgICAgICAgICAgICAgICAgICAgICAoTE9OR19QVFIpRURJVF9XbmRQcm9jKTsKKworICAgIC8qIENyZWF0ZS91cGRhdGUgc3RhdHVzIGJhciAqLworICAgIERvQ3JlYXRlU3RhdHVzQmFyKCk7CisKKyAgICAvKiBGaW5hbGx5IHNob3dzIG5ldyBlZGl0IGNvbnRyb2wgYW5kIHNldCBmb2N1cyBpbnRvIGl0LiAqLworICAgIFNob3dXaW5kb3coR2xvYmFscy5oRWRpdCwgU1dfU0hPVyk7CisgICAgU2V0Rm9jdXMoR2xvYmFscy5oRWRpdCk7Cit9CisKK1ZPSUQgRElBTE9HX0VkaXRXcmFwKFZPSUQpCit7CisgICAgR2xvYmFscy5iV3JhcExvbmdMaW5lcyA9ICFHbG9iYWxzLmJXcmFwTG9uZ0xpbmVzOworCisgICAgaWYgKEdsb2JhbHMuYldyYXBMb25nTGluZXMpCisgICAgeworICAgICAgICBFbmFibGVNZW51SXRlbShHbG9iYWxzLmhNZW51LCBDTURfR09UTywgTUZfQllDT01NQU5EIHwgTUZfRElTQUJMRUQgfCBNRl9HUkFZRUQpOworICAgIH0KKyAgICBlbHNlCisgICAgeworICAgICAgICBFbmFibGVNZW51SXRlbShHbG9iYWxzLmhNZW51LCBDTURfR09UTywgTUZfQllDT01NQU5EIHwgTUZfRU5BQkxFRCk7CisgICAgfQorCisgICAgRG9DcmVhdGVFZGl0V2luZG93KCk7Cit9CisKK1ZPSUQgRElBTE9HX1NlbGVjdEZvbnQoVk9JRCkKK3sKKyAgICBDSE9PU0VGT05UIGNmOworICAgIExPR0ZPTlQgbGYgPSBHbG9iYWxzLmxmRm9udDsKKworICAgIFplcm9NZW1vcnkoICZjZiwgc2l6ZW9mKGNmKSApOworICAgIGNmLmxTdHJ1Y3RTaXplID0gc2l6ZW9mKGNmKTsKKyAgICBjZi5od25kT3duZXIgPSBHbG9iYWxzLmhNYWluV25kOworICAgIGNmLmxwTG9nRm9udCA9ICZsZjsKKyAgICBjZi5GbGFncyA9IENGX1NDUkVFTkZPTlRTIHwgQ0ZfSU5JVFRPTE9HRk9OVFNUUlVDVCB8IENGX05PVkVSVEZPTlRTOworCisgICAgaWYgKENob29zZUZvbnQoJmNmKSkKKyAgICB7CisgICAgICAgIEhGT05UIGN1cnJmb250ID0gR2xvYmFscy5oRm9udDsKKworICAgICAgICBHbG9iYWxzLmhGb250ID0gQ3JlYXRlRm9udEluZGlyZWN0KCZsZik7CisgICAgICAgIEdsb2JhbHMubGZGb250ID0gbGY7CisgICAgICAgIFNlbmRNZXNzYWdlKEdsb2JhbHMuaEVkaXQsIFdNX1NFVEZPTlQsIChXUEFSQU0pR2xvYmFscy5oRm9udCwgKExQQVJBTSlUUlVFKTsKKyAgICAgICAgaWYgKGN1cnJmb250ICE9IE5VTEwpCisgICAgICAgICAgICBEZWxldGVPYmplY3QoY3VycmZvbnQpOworICAgIH0KK30KKwordHlwZWRlZiBIV05EIChXSU5BUEkgKkZJTkRQUk9DKShMUEZJTkRSRVBMQUNFIGxwZnIpOworCitzdGF0aWMgVk9JRCBESUFMT0dfU2VhcmNoRGlhbG9nKEZJTkRQUk9DIHBmblByb2MpCit7CisgICAgaWYgKEdsb2JhbHMuaEZpbmRSZXBsYWNlRGxnICE9IE5VTEwpCisgICAgeworICAgICAgICBTZXRGb2N1cyhHbG9iYWxzLmhGaW5kUmVwbGFjZURsZyk7CisgICAgICAgIHJldHVybjsKKyAgICB9CisKKyAgICBaZXJvTWVtb3J5KCZHbG9iYWxzLmZpbmQsIHNpemVvZihHbG9iYWxzLmZpbmQpKTsKKyAgICBHbG9iYWxzLmZpbmQubFN0cnVjdFNpemUgPSBzaXplb2YoR2xvYmFscy5maW5kKTsKKyAgICBHbG9iYWxzLmZpbmQuaHduZE93bmVyID0gR2xvYmFscy5oTWFpblduZDsKKyAgICBHbG9iYWxzLmZpbmQuaEluc3RhbmNlID0gR2xvYmFscy5oSW5zdGFuY2U7CisgICAgR2xvYmFscy5maW5kLmxwc3RyRmluZFdoYXQgPSBHbG9iYWxzLnN6RmluZFRleHQ7CisgICAgR2xvYmFscy5maW5kLndGaW5kV2hhdExlbiA9IEFSUkFZX1NJWkUoR2xvYmFscy5zekZpbmRUZXh0KTsKKyAgICBHbG9iYWxzLmZpbmQubHBzdHJSZXBsYWNlV2l0aCA9IEdsb2JhbHMuc3pSZXBsYWNlVGV4dDsKKyAgICBHbG9iYWxzLmZpbmQud1JlcGxhY2VXaXRoTGVuID0gQVJSQVlfU0laRShHbG9iYWxzLnN6UmVwbGFjZVRleHQpOworICAgIEdsb2JhbHMuZmluZC5GbGFncyA9IEZSX0RPV047CisKKyAgICAvKiBXZSBvbmx5IG5lZWQgdG8gY3JlYXRlIHRoZSBtb2RhbCBGaW5kUmVwbGFjZSBkaWFsb2cgd2hpY2ggd2lsbCAqLworICAgIC8qIG5vdGlmeSB1cyBvZiBpbmNvbWluZyBldmVudHMgdXNpbmcgaE1haW5XbmQgV2luZG93IE1lc3NhZ2VzICAgICovCisKKyAgICBHbG9iYWxzLmhGaW5kUmVwbGFjZURsZyA9IHBmblByb2MoJkdsb2JhbHMuZmluZCk7CisgICAgYXNzZXJ0KEdsb2JhbHMuaEZpbmRSZXBsYWNlRGxnICE9IE5VTEwpOworfQorCitWT0lEIERJQUxPR19TZWFyY2goVk9JRCkKK3sKKyAgICBESUFMT0dfU2VhcmNoRGlhbG9nKEZpbmRUZXh0KTsKK30KKworVk9JRCBESUFMT0dfU2VhcmNoTmV4dChWT0lEKQoreworICAgIGlmIChHbG9iYWxzLmZpbmQubHBzdHJGaW5kV2hhdCAhPSBOVUxMKQorICAgICAgICBOT1RFUEFEX0ZpbmROZXh0KCZHbG9iYWxzLmZpbmQsIEZBTFNFLCBUUlVFKTsKKyAgICBlbHNlCisgICAgICAgIERJQUxPR19TZWFyY2goKTsKK30KKworVk9JRCBESUFMT0dfUmVwbGFjZShWT0lEKQoreworICAgIERJQUxPR19TZWFyY2hEaWFsb2coUmVwbGFjZVRleHQpOworfQorCitzdGF0aWMgSU5UX1BUUgorQ0FMTEJBQ0sKK0RJQUxPR19Hb1RvX0RpYWxvZ1Byb2MoSFdORCBod25kRGlhbG9nLCBVSU5UIHVNc2csIFdQQVJBTSB3UGFyYW0sIExQQVJBTSBsUGFyYW0pCit7CisgICAgQk9PTCBiUmVzdWx0ID0gRkFMU0U7CisgICAgSFdORCBoVGV4dEJveDsKKyAgICBUQ0hBUiBzelRleHRbMzJdOworCisgICAgc3dpdGNoKHVNc2cpIHsKKyAgICBjYXNlIFdNX0lOSVRESUFMT0c6CisgICAgICAgIGhUZXh0Qm94ID0gR2V0RGxnSXRlbShod25kRGlhbG9nLCBJRF9MSU5FTlVNQkVSKTsKKyAgICAgICAgX3NudHByaW50ZihzelRleHQsIEFSUkFZX1NJWkUoc3pUZXh0KSwgX1QoIiVsZCIpLCBsUGFyYW0pOworICAgICAgICBTZXRXaW5kb3dUZXh0KGhUZXh0Qm94LCBzelRleHQpOworICAgICAgICBicmVhazsKKyAgICBjYXNlIFdNX0NPTU1BTkQ6CisgICAgICAgIGlmIChISVdPUkQod1BhcmFtKSA9PSBCTl9DTElDS0VEKQorICAgICAgICB7CisgICAgICAgICAgICBpZiAoTE9XT1JEKHdQYXJhbSkgPT0gSURPSykKKyAgICAgICAgICAgIHsKKyAgICAgICAgICAgICAgICBoVGV4dEJveCA9IEdldERsZ0l0ZW0oaHduZERpYWxvZywgSURfTElORU5VTUJFUik7CisgICAgICAgICAgICAgICAgR2V0V2luZG93VGV4dChoVGV4dEJveCwgc3pUZXh0LCBBUlJBWV9TSVpFKHN6VGV4dCkpOworICAgICAgICAgICAgICAgIEVuZERpYWxvZyhod25kRGlhbG9nLCBfdHRvaShzelRleHQpKTsKKyAgICAgICAgICAgICAgICBiUmVzdWx0ID0gVFJVRTsKKyAgICAgICAgICAgIH0KKyAgICAgICAgICAgIGVsc2UgaWYgKExPV09SRCh3UGFyYW0pID09IElEQ0FOQ0VMKQorICAgICAgICAgICAgeworICAgICAgICAgICAgICAgIEVuZERpYWxvZyhod25kRGlhbG9nLCAwKTsKKyAgICAgICAgICAgICAgICBiUmVzdWx0ID0gVFJVRTsKKyAgICAgICAgICAgIH0KKyAgICAgICAgfQorICAgICAgICBicmVhazsKKyAgICB9CisKKyAgICByZXR1cm4gYlJlc3VsdDsKK30KKworVk9JRCBESUFMT0dfR29UbyhWT0lEKQoreworICAgIElOVF9QVFIgbkxpbmU7CisgICAgTFBUU1RSIHBzelRleHQ7CisgICAgaW50IG5MZW5ndGgsIGk7CisgICAgRFdPUkQgZHdTdGFydCwgZHdFbmQ7CisKKyAgICBuTGVuZ3RoID0gR2V0V2luZG93VGV4dExlbmd0aChHbG9iYWxzLmhFZGl0KTsKKyAgICBwc3pUZXh0ID0gKExQVFNUUikgSGVhcEFsbG9jKEdldFByb2Nlc3NIZWFwKCksIDAsIChuTGVuZ3RoICsgMSkgKiBzaXplb2YoKnBzelRleHQpKTsKKyAgICBpZiAoIXBzelRleHQpCisgICAgICAgIHJldHVybjsKKworICAgIC8qIFJldHJpZXZlIGN1cnJlbnQgdGV4dCAqLworICAgIEdldFdpbmRvd1RleHQoR2xvYmFscy5oRWRpdCwgcHN6VGV4dCwgbkxlbmd0aCArIDEpOworICAgIFNlbmRNZXNzYWdlKEdsb2JhbHMuaEVkaXQsIEVNX0dFVFNFTCwgKFdQQVJBTSkgJmR3U3RhcnQsIChMUEFSQU0pICZkd0VuZCk7CisKKyAgICBuTGluZSA9IDE7CisgICAgZm9yIChpID0gMDsgKGkgPCAoaW50KSBkd1N0YXJ0KSAmJiBwc3pUZXh0W2ldOyBpKyspCisgICAgeworICAgICAgICBpZiAocHN6VGV4dFtpXSA9PSAnXG4nKQorICAgICAgICAgICAgbkxpbmUrKzsKKyAgICB9CisKKyAgICBuTGluZSA9IERpYWxvZ0JveFBhcmFtKEdsb2JhbHMuaEluc3RhbmNlLAorICAgICAgICAgICAgICAgICAgICAgICAgICAgTUFLRUlOVFJFU09VUkNFKERJQUxPR19HT1RPKSwKKyAgICAgICAgICAgICAgICAgICAgICAgICAgIEdsb2JhbHMuaE1haW5XbmQsCisgICAgICAgICAgICAgICAgICAgICAgICAgICBESUFMT0dfR29Ub19EaWFsb2dQcm9jLAorICAgICAgICAgICAgICAgICAgICAgICAgICAgbkxpbmUpOworCisgICAgaWYgKG5MaW5lID49IDEpCisgICAgeworICAgICAgICBmb3IgKGkgPSAwOyBwc3pUZXh0W2ldICYmIChuTGluZSA+IDEpICYmIChpIDwgbkxlbmd0aCAtIDEpOyBpKyspCisgICAgICAgIHsKKyAgICAgICAgICAgIGlmIChwc3pUZXh0W2ldID09ICdcbicpCisgICAgICAgICAgICAgICAgbkxpbmUtLTsKKyAgICAgICAgfQorICAgICAgICBTZW5kTWVzc2FnZShHbG9iYWxzLmhFZGl0LCBFTV9TRVRTRUwsIGksIGkpOworICAgICAgICBTZW5kTWVzc2FnZShHbG9iYWxzLmhFZGl0LCBFTV9TQ1JPTExDQVJFVCwgMCwgMCk7CisgICAgfQorICAgIEhlYXBGcmVlKEdldFByb2Nlc3NIZWFwKCksIDAsIHBzelRleHQpOworfQorCitWT0lEIERJQUxPR19TdGF0dXNCYXJVcGRhdGVDYXJldFBvcyhWT0lEKQoreworICAgIGludCBsaW5lLCBjb2w7CisgICAgVENIQVIgYnVmZltNQVhfUEFUSF07CisgICAgRFdPUkQgZHdTdGFydCwgZHdTaXplOworCisgICAgU2VuZE1lc3NhZ2UoR2xvYmFscy5oRWRpdCwgRU1fR0VUU0VMLCAoV1BBUkFNKSZkd1N0YXJ0LCAoTFBBUkFNKSZkd1NpemUpOworICAgIGxpbmUgPSBTZW5kTWVzc2FnZShHbG9iYWxzLmhFZGl0LCBFTV9MSU5FRlJPTUNIQVIsIChXUEFSQU0pZHdTdGFydCwgMCk7CisgICAgY29sID0gZHdTdGFydCAtIFNlbmRNZXNzYWdlKEdsb2JhbHMuaEVkaXQsIEVNX0xJTkVJTkRFWCwgKFdQQVJBTSlsaW5lLCAwKTsKKworICAgIF9zdHByaW50ZihidWZmLCBHbG9iYWxzLnN6U3RhdHVzQmFyTGluZUNvbCwgbGluZSArIDEsIGNvbCArIDEpOworICAgIFNlbmRNZXNzYWdlKEdsb2JhbHMuaFN0YXR1c0JhciwgU0JfU0VUVEVYVCwgU0JfU0lNUExFSUQsIChMUEFSQU0pYnVmZik7Cit9CisKK1ZPSUQgRElBTE9HX1ZpZXdTdGF0dXNCYXIoVk9JRCkKK3sKKyAgICBHbG9iYWxzLmJTaG93U3RhdHVzQmFyID0gIUdsb2JhbHMuYlNob3dTdGF0dXNCYXI7CisKKyAgICBEb0NyZWF0ZVN0YXR1c0JhcigpOworfQorCitWT0lEIERJQUxPR19IZWxwQ29udGVudHMoVk9JRCkKK3sKKyAgICBXaW5IZWxwKEdsb2JhbHMuaE1haW5XbmQsIGhlbHBmaWxlLCBIRUxQX0lOREVYLCAwKTsKK30KKworVk9JRCBESUFMT0dfSGVscEFib3V0Tm90ZXBhZChWT0lEKQoreworICAgIFRDSEFSIHN6Tm90ZXBhZFtNQVhfU1RSSU5HX0xFTl07CisgICAgSElDT04gbm90ZXBhZEljb24gPSBMb2FkSWNvbihHbG9iYWxzLmhJbnN0YW5jZSwgTUFLRUlOVFJFU09VUkNFKElESV9OUElDT04pKTsKKworICAgIExvYWRTdHJpbmcoR2xvYmFscy5oSW5zdGFuY2UsIFNUUklOR19OT1RFUEFELCBzek5vdGVwYWQsIEFSUkFZX1NJWkUoc3pOb3RlcGFkKSk7CisgICAgU2hlbGxBYm91dChHbG9iYWxzLmhNYWluV25kLCBzek5vdGVwYWQsIDAsIG5vdGVwYWRJY29uKTsKKyAgICBEZWxldGVPYmplY3Qobm90ZXBhZEljb24pOworfQorCitJTlRfUFRSCitDQUxMQkFDSworQWJvdXREaWFsb2dQcm9jKEhXTkQgaERsZywgVUlOVCBtZXNzYWdlLCBXUEFSQU0gd1BhcmFtLCBMUEFSQU0gbFBhcmFtKQoreworICAgIEhXTkQgaExpY2Vuc2VFZGl0V25kOworICAgIFRDSEFSICpzdHJMaWNlbnNlOworCisgICAgc3dpdGNoIChtZXNzYWdlKQorICAgIHsKKyAgICBjYXNlIFdNX0lOSVRESUFMT0c6CisKKyAgICAgICAgaExpY2Vuc2VFZGl0V25kID0gR2V0RGxnSXRlbShoRGxnLCBJRENfTElDRU5TRSk7CisKKyAgICAgICAgLyogMHgxMDAwIHNob3VsZCBiZSBlbm91Z2ggKi8KKyAgICAgICAgc3RyTGljZW5zZSA9IChUQ0hBUiAqKV9hbGxvY2EoMHgxMDAwKTsKKyAgICAgICAgTG9hZFN0cmluZyhHZXRNb2R1bGVIYW5kbGUoTlVMTCksIFNUUklOR19MSUNFTlNFLCBzdHJMaWNlbnNlLCAweDEwMDApOworCisgICAgICAgIFNldFdpbmRvd1RleHQoaExpY2Vuc2VFZGl0V25kLCBzdHJMaWNlbnNlKTsKKworICAgICAgICByZXR1cm4gVFJVRTsKKworICAgIGNhc2UgV01fQ09NTUFORDoKKworICAgICAgICBpZiAoKExPV09SRCh3UGFyYW0pID09IElET0spIHx8IChMT1dPUkQod1BhcmFtKSA9PSBJRENBTkNFTCkpCisgICAgICAgIHsKKyAgICAgICAgICAgIEVuZERpYWxvZyhoRGxnLCBMT1dPUkQod1BhcmFtKSk7CisgICAgICAgICAgICByZXR1cm4gVFJVRTsKKyAgICAgICAgfQorCisgICAgICAgIGJyZWFrOworICAgIH0KKworICAgIHJldHVybiAwOworfQorCisvKioqKioqKioqKioqKioqKioqKioqKioqKioqKioqKioqKioqKioqKioqKioqKioqKioqKioqKioqKioqKioqKioqKioqKioKKyAqCisgKiAgICAgICAgICAgRElBTE9HX0ZpbGVQYWdlU2V0dXAKKyAqLworVk9JRCBESUFMT0dfRmlsZVBhZ2VTZXR1cCh2b2lkKQoreworICAgIFBBR0VTRVRVUERMRyBwYWdlOworCisgICAgWmVyb01lbW9yeSgmcGFnZSwgc2l6ZW9mKHBhZ2UpKTsKKyAgICBwYWdlLmxTdHJ1Y3RTaXplID0gc2l6ZW9mKHBhZ2UpOworICAgIHBhZ2UuaHduZE93bmVyID0gR2xvYmFscy5oTWFpblduZDsKKyAgICBwYWdlLkZsYWdzID0gUFNEX0VOQUJMRVBBR0VTRVRVUFRFTVBMQVRFIHwgUFNEX0VOQUJMRVBBR0VTRVRVUEhPT0sgfCBQU0RfTUFSR0lOUzsKKyAgICBwYWdlLmhJbnN0YW5jZSA9IEdsb2JhbHMuaEluc3RhbmNlOworICAgIHBhZ2UucnRNYXJnaW4gPSBHbG9iYWxzLmxNYXJnaW5zOworICAgIHBhZ2UuaERldk1vZGUgPSBHbG9iYWxzLmhEZXZNb2RlOworICAgIHBhZ2UuaERldk5hbWVzID0gR2xvYmFscy5oRGV2TmFtZXM7CisgICAgcGFnZS5scFBhZ2VTZXR1cFRlbXBsYXRlTmFtZSA9IE1BS0VJTlRSRVNPVVJDRShESUFMT0dfUEFHRVNFVFVQKTsKKyAgICBwYWdlLmxwZm5QYWdlU2V0dXBIb29rID0gRElBTE9HX1BBR0VTRVRVUF9Ib29rOworCisgICAgUGFnZVNldHVwRGxnKCZwYWdlKTsKKworICAgIEdsb2JhbHMuaERldk1vZGUgPSBwYWdlLmhEZXZNb2RlOworICAgIEdsb2JhbHMuaERldk5hbWVzID0gcGFnZS5oRGV2TmFtZXM7CisgICAgR2xvYmFscy5sTWFyZ2lucyA9IHBhZ2UucnRNYXJnaW47Cit9CisKKy8qICogKiAqICogKiAqICogKiAqICogKiAqICogKiAqICogKiAqICogKiAqICogKiAqICogKiAqICogKiAqICogKiAqICogKgorICoKKyAqICAgICAgICAgICBESUFMT0dfUEFHRVNFVFVQX0hvb2sKKyAqLworCitzdGF0aWMgVUlOVF9QVFIgQ0FMTEJBQ0sgRElBTE9HX1BBR0VTRVRVUF9Ib29rKEhXTkQgaERsZywgVUlOVCBtc2csIFdQQVJBTSB3UGFyYW0sIExQQVJBTSBsUGFyYW0pCit7CisgICAgc3dpdGNoIChtc2cpCisgICAgeworICAgIGNhc2UgV01fQ09NTUFORDoKKyAgICAgICAgaWYgKEhJV09SRCh3UGFyYW0pID09IEJOX0NMSUNLRUQpCisgICAgICAgIHsKKyAgICAgICAgICAgIHN3aXRjaCAoTE9XT1JEKHdQYXJhbSkpCisgICAgICAgICAgICB7CisgICAgICAgICAgICBjYXNlIElET0s6CisgICAgICAgICAgICAgICAgLyogc2F2ZSB1c2VyIGlucHV0IGFuZCBjbG9zZSBkaWFsb2cgKi8KKyAgICAgICAgICAgICAgICBHZXREbGdJdGVtVGV4dChoRGxnLCAweDE0MSwgR2xvYmFscy5zekhlYWRlciwgQVJSQVlfU0laRShHbG9iYWxzLnN6SGVhZGVyKSk7CisgICAgICAgICAgICAgICAgR2V0RGxnSXRlbVRleHQoaERsZywgMHgxNDMsIEdsb2JhbHMuc3pGb290ZXIsIEFSUkFZX1NJWkUoR2xvYmFscy5zekZvb3RlcikpOworICAgICAgICAgICAgICAgIHJldHVybiBGQUxTRTsKKworICAgICAgICAgICAgY2FzZSBJRENBTkNFTDoKKyAgICAgICAgICAgICAgICAvKiBkaXNjYXJkIHVzZXIgaW5wdXQgYW5kIGNsb3NlIGRpYWxvZyAqLworICAgICAgICAgICAgICAgIHJldHVybiBGQUxTRTsKKworICAgICAgICAgICAgY2FzZSBJREhFTFA6CisgICAgICAgICAgICAgICAgeworICAgICAgICAgICAgICAgICAgICAvKiBGSVhNRTogQnJpbmcgdGhpcyB0byB3b3JrICovCisgICAgICAgICAgICAgICAgICAgIHN0YXRpYyBjb25zdCBUQ0hBUiBzb3JyeVtdID0gX1QoIlNvcnJ5LCBubyBoZWxwIGF2YWlsYWJsZSIpOworICAgICAgICAgICAgICAgICAgICBzdGF0aWMgY29uc3QgVENIQVIgaGVscFtdID0gX1QoIkhlbHAiKTsKKyAgICAgICAgICAgICAgICAgICAgTWVzc2FnZUJveChHbG9iYWxzLmhNYWluV25kLCBzb3JyeSwgaGVscCwgTUJfSUNPTkVYQ0xBTUFUSU9OKTsKKyAgICAgICAgICAgICAgICAgICAgcmV0dXJuIFRSVUU7CisgICAgICAgICAgICAgICAgfQorCisgICAgICAgICAgICBkZWZhdWx0OgorICAgICAgICAgICAgICAgIGJyZWFrOworICAgICAgICAgICAgfQorICAgICAgICB9CisgICAgICAgIGJyZWFrOworCisgICAgY2FzZSBXTV9JTklURElBTE9HOgorICAgICAgICAvKiBmZXRjaCBsYXN0IHVzZXIgaW5wdXQgcHJpb3IgdG8gZGlzcGxheSBkaWFsb2cgKi8KKyAgICAgICAgU2V0RGxnSXRlbVRleHQoaERsZywgMHgxNDEsIEdsb2JhbHMuc3pIZWFkZXIpOworICAgICAgICBTZXREbGdJdGVtVGV4dChoRGxnLCAweDE0MywgR2xvYmFscy5zekZvb3Rlcik7CisgICAgICAgIGJyZWFrOworICAgIH0KKworICAgIHJldHVybiBGQUxTRTsKK30K',73,9,2,'NEW_ASSET_WITH_NEW_VARIATIONPOINT_AND_NEW_FEATURES');
INSERT IGNORE INTO developer_group (id_developer_group) VALUES 
(10);
INSERT IGNORE INTO developer_bridge (id_developer_group,id_developer) VALUES 
(10,1);

INSERT IGNORE INTO variation_point (idvariationpoint, expression, idcoreasset,id_feature_group) VALUES
(256,'No Expression',63,0);
INSERT IGNORE INTO customization_fact (idcustomization, lines_added,lines_deleted,custom_diff,commit_set,message_set,greater_diff,idvariationpoint,id_developer_group, idproductrelease, type) VALUES
(10,123,0,'ZGlmZiAtLWdpdCBhL2lucHV0L2FsZ29yaXRobXMvZGlhbG9nLmMgYi9pbnB1dC9hbGdvcml0aG1zL2RpYWxvZy5jCm5ldyBmaWxlIG1vZGUgMTAwNjQ0CmluZGV4IDAwMDAwMDAuLmEzYjY5MTYKLS0tIC9kZXYvbnVsbApAQCAtMiwxICs3MiwxMjMgQEAgRXhwcmVzc2lvbjogTm8gRXhwcmVzc2lvbkNoYW5nZSBUeXBlOiBORVdfQVNTRVRfV0lUSF9OT19WQVJJQVRJT05QT0lOVAorLy8gUFY6SUZDT05EKHB2Omhhc0ZlYXR1cmUoJ1dpbmRTcGVlZCcpKS8vQXV0aG9yZWQgYnk6IGxldGltb21lIGluIGNvbW1pdDo1YTBlNmRmYjQ0NGZiMWM3NmJhZDhmY2QwOTAzMWJhNWQyYjQ0OTNmLCB3aXRoIG1lc3NhZ2U6YWRkZWQgYyBmaWxlcyBpbiBhbGdvcml0aG0KKyAgICAvKiBMb2FkIHRoZSBuYW1lIG9mIHRoZSBhcHBsaWNhdGlvbiAqLy8vQXV0aG9yZWQgYnk6IGxldGltb21lIGluIGNvbW1pdDo1YTBlNmRmYjQ0NGZiMWM3NmJhZDhmY2QwOTAzMWJhNWQyYjQ0OTNmLCB3aXRoIG1lc3NhZ2U6YWRkZWQgYyBmaWxlcyBpbiBhbGdvcml0aG0KKyAgICBMb2FkU3RyaW5nKEdsb2JhbHMuaEluc3RhbmNlLCBTVFJJTkdfTk9URVBBRCwgc3pOb3RlcGFkLCBBUlJBWV9TSVpFKHN6Tm90ZXBhZCkpOy8vQXV0aG9yZWQgYnk6IGxldGltb21lIGluIGNvbW1pdDo1YTBlNmRmYjQ0NGZiMWM3NmJhZDhmY2QwOTAzMWJhNWQyYjQ0OTNmLCB3aXRoIG1lc3NhZ2U6YWRkZWQgYyBmaWxlcyBpbiBhbGdvcml0aG0KKy8vQXV0aG9yZWQgYnk6IGxldGltb21lIGluIGNvbW1pdDo1YTBlNmRmYjQ0NGZiMWM3NmJhZDhmY2QwOTAzMWJhNWQyYjQ0OTNmLCB3aXRoIG1lc3NhZ2U6YWRkZWQgYyBmaWxlcyBpbiBhbGdvcml0aG0KKyAgICAvKiBEZXRlcm1pbmUgaWYgdGhlIGZpbGUgaGFzIGJlZW4gc2F2ZWQgb3IgaWYgdGhpcyBpcyBhIG5ldyBmaWxlICovLy9BdXRob3JlZCBieTogbGV0aW1vbWUgaW4gY29tbWl0OjVhMGU2ZGZiNDQ0ZmIxYzc2YmFkOGZjZDA5MDMxYmE1ZDJiNDQ5M2YsIHdpdGggbWVzc2FnZTphZGRlZCBjIGZpbGVzIGluIGFsZ29yaXRobQorICAgIGlmIChHbG9iYWxzLnN6RmlsZVRpdGxlWzBdICE9IDApLy9BdXRob3JlZCBieTogbGV0aW1vbWUgaW4gY29tbWl0OjVhMGU2ZGZiNDQ0ZmIxYzc2YmFkOGZjZDA5MDMxYmE1ZDJiNDQ5M2YsIHdpdGggbWVzc2FnZTphZGRlZCBjIGZpbGVzIGluIGFsZ29yaXRobQorICAgICAgICBTdHJpbmdDY2hDb3B5KHN6RmlsZW5hbWUsIEFSUkFZX1NJWkUoc3pGaWxlbmFtZSksIEdsb2JhbHMuc3pGaWxlVGl0bGUpOy8vQXV0aG9yZWQgYnk6IGxldGltb21lIGluIGNvbW1pdDo1YTBlNmRmYjQ0NGZiMWM3NmJhZDhmY2QwOTAzMWJhNWQyYjQ0OTNmLCB3aXRoIG1lc3NhZ2U6YWRkZWQgYyBmaWxlcyBpbiBhbGdvcml0aG0KKyAgICBlbHNlLy9BdXRob3JlZCBieTogbGV0aW1vbWUgaW4gY29tbWl0OjVhMGU2ZGZiNDQ0ZmIxYzc2YmFkOGZjZDA5MDMxYmE1ZDJiNDQ5M2YsIHdpdGggbWVzc2FnZTphZGRlZCBjIGZpbGVzIGluIGFsZ29yaXRobQorICAgICAgICBMb2FkU3RyaW5nKEdsb2JhbHMuaEluc3RhbmNlLCBTVFJJTkdfVU5USVRMRUQsIHN6RmlsZW5hbWUsIEFSUkFZX1NJWkUoc3pGaWxlbmFtZSkpOy8vQXV0aG9yZWQgYnk6IGxldGltb21lIGluIGNvbW1pdDo1YTBlNmRmYjQ0NGZiMWM3NmJhZDhmY2QwOTAzMWJhNWQyYjQ0OTNmLCB3aXRoIG1lc3NhZ2U6YWRkZWQgYyBmaWxlcyBpbiBhbGdvcml0aG0KKy8vQXV0aG9yZWQgYnk6IGxldGltb21lIGluIGNvbW1pdDo1YTBlNmRmYjQ0NGZiMWM3NmJhZDhmY2QwOTAzMWJhNWQyYjQ0OTNmLCB3aXRoIG1lc3NhZ2U6YWRkZWQgYyBmaWxlcyBpbiBhbGdvcml0aG0KKyAgICAvKiBXaGVuIGEgZmlsZSBpcyBiZWluZyBvcGVuZWQgb3IgY3JlYXRlZCwgdGhlcmUgaXMgbm8gbmVlZCB0byBoYXZlIHRoZSBlZGl0ZWQgZmxhZyBzaG93bi8vQXV0aG9yZWQgYnk6IGxldGltb21lIGluIGNvbW1pdDo1YTBlNmRmYjQ0NGZiMWM3NmJhZDhmY2QwOTAzMWJhNWQyYjQ0OTNmLCB3aXRoIG1lc3NhZ2U6YWRkZWQgYyBmaWxlcyBpbiBhbGdvcml0aG0KKyAgICAgICB3aGVuIHRoZSBuZXcgb3Igb3BlbmVkIGZpbGUgaGFzIG5vdCBiZWVuIGVkaXRlZCB5ZXQgKi8vL0F1dGhvcmVkIGJ5OiBsZXRpbW9tZSBpbiBjb21taXQ6NWEwZTZkZmI0NDRmYjFjNzZiYWQ4ZmNkMDkwMzFiYTVkMmI0NDkzZiwgd2l0aCBtZXNzYWdlOmFkZGVkIGMgZmlsZXMgaW4gYWxnb3JpdGhtCisgICAgaWYgKGNsZWFyTW9kaWZ5QWxlcnQpLy9BdXRob3JlZCBieTogbGV0aW1vbWUgaW4gY29tbWl0OjVhMGU2ZGZiNDQ0ZmIxYzc2YmFkOGZjZDA5MDMxYmE1ZDJiNDQ5M2YsIHdpdGggbWVzc2FnZTphZGRlZCBjIGZpbGVzIGluIGFsZ29yaXRobQorICAgICAgICBTdHJpbmdDYlByaW50ZihzekNhcHRpb24sIEFSUkFZX1NJWkUoc3pDYXB0aW9uKSwgX1QoIiVzIC0gJXMiKSwgc3pGaWxlbmFtZSwgc3pOb3RlcGFkKTsvL0F1dGhvcmVkIGJ5OiBsZXRpbW9tZSBpbiBjb21taXQ6NWEwZTZkZmI0NDRmYjFjNzZiYWQ4ZmNkMDkwMzFiYTVkMmI0NDkzZiwgd2l0aCBtZXNzYWdlOmFkZGVkIGMgZmlsZXMgaW4gYWxnb3JpdGhtCisgICAgZWxzZS8vQXV0aG9yZWQgYnk6IGxldGltb21lIGluIGNvbW1pdDo1YTBlNmRmYjQ0NGZiMWM3NmJhZDhmY2QwOTAzMWJhNWQyYjQ0OTNmLCB3aXRoIG1lc3NhZ2U6YWRkZWQgYyBmaWxlcyBpbiBhbGdvcml0aG0KKyAgICB7Ly9BdXRob3JlZCBieTogbGV0aW1vbWUgaW4gY29tbWl0OjVhMGU2ZGZiNDQ0ZmIxYzc2YmFkOGZjZDA5MDMxYmE1ZDJiNDQ5M2YsIHdpdGggbWVzc2FnZTphZGRlZCBjIGZpbGVzIGluIGFsZ29yaXRobQorICAgICAgICBCT09MIGlzTW9kaWZpZWQgPSAoU2VuZE1lc3NhZ2UoR2xvYmFscy5oRWRpdCwgRU1fR0VUTU9ESUZZLCAwLCAwKSA/IFRSVUUgOiBGQUxTRSk7Ly9BdXRob3JlZCBieTogbGV0aW1vbWUgaW4gY29tbWl0OjVhMGU2ZGZiNDQ0ZmIxYzc2YmFkOGZjZDA5MDMxYmE1ZDJiNDQ5M2YsIHdpdGggbWVzc2FnZTphZGRlZCBjIGZpbGVzIGluIGFsZ29yaXRobQorLy9BdXRob3JlZCBieTogbGV0aW1vbWUgaW4gY29tbWl0OjVhMGU2ZGZiNDQ0ZmIxYzc2YmFkOGZjZDA5MDMxYmE1ZDJiNDQ5M2YsIHdpdGggbWVzc2FnZTphZGRlZCBjIGZpbGVzIGluIGFsZ29yaXRobQorICAgICAgICAvKiBVcGRhdGUgdGhlIGNhcHRpb24gYmFzZWQgdXBvbiBpZiB0aGUgdXNlciBoYXMgbW9kaWZpZWQgdGhlIGNvbnRlbnRzIG9mIHRoZSBmaWxlIG9yIG5vdCAqLy8vQXV0aG9yZWQgYnk6IGxldGltb21lIGluIGNvbW1pdDo1YTBlNmRmYjQ0NGZiMWM3NmJhZDhmY2QwOTAzMWJhNWQyYjQ0OTNmLCB3aXRoIG1lc3NhZ2U6YWRkZWQgYyBmaWxlcyBpbiBhbGdvcml0aG0KKyAgICAgICAgU3RyaW5nQ2JQcmludGYoc3pDYXB0aW9uLCBBUlJBWV9TSVpFKHN6Q2FwdGlvbiksIF9UKCIlcyVzIC0gJXMiKSwvL0F1dGhvcmVkIGJ5OiBsZXRpbW9tZSBpbiBjb21taXQ6NWEwZTZkZmI0NDRmYjFjNzZiYWQ4ZmNkMDkwMzFiYTVkMmI0NDkzZiwgd2l0aCBtZXNzYWdlOmFkZGVkIGMgZmlsZXMgaW4gYWxnb3JpdGhtCisgICAgICAgICAgICAoaXNNb2RpZmllZCA/IF9UKCIqIikgOiBfVCgiIikpLCBzekZpbGVuYW1lLCBzek5vdGVwYWQpOy8vQXV0aG9yZWQgYnk6IGxldGltb21lIGluIGNvbW1pdDo1YTBlNmRmYjQ0NGZiMWM3NmJhZDhmY2QwOTAzMWJhNWQyYjQ0OTNmLCB3aXRoIG1lc3NhZ2U6YWRkZWQgYyBmaWxlcyBpbiBhbGdvcml0aG0KKyAgICB9Ly9BdXRob3JlZCBieTogbGV0aW1vbWUgaW4gY29tbWl0OjVhMGU2ZGZiNDQ0ZmIxYzc2YmFkOGZjZDA5MDMxYmE1ZDJiNDQ5M2YsIHdpdGggbWVzc2FnZTphZGRlZCBjIGZpbGVzIGluIGFsZ29yaXRobQorLy8gUFY6IEVORENPTkQvL0F1dGhvcmVkIGJ5OiBsZXRpbW9tZSBpbiBjb21taXQ6NWEwZTZkZmI0NDRmYjFjNzZiYWQ4ZmNkMDkwMzFiYTVkMmI0NDkzZiwgd2l0aCBtZXNzYWdlOmFkZGVkIGMgZmlsZXMgaW4gYWxnb3JpdGhtCisgICAgLyogVXBkYXRlIHRoZSB3aW5kb3cgY2FwdGlvbiAqLy8vQXV0aG9yZWQgYnk6IGxldGltb21lIGluIGNvbW1pdDo1YTBlNmRmYjQ0NGZiMWM3NmJhZDhmY2QwOTAzMWJhNWQyYjQ0OTNmLCB3aXRoIG1lc3NhZ2U6YWRkZWQgYyBmaWxlcyBpbiBhbGdvcml0aG0KKyAgICBTZXRXaW5kb3dUZXh0KEdsb2JhbHMuaE1haW5XbmQsIHN6Q2FwdGlvbik7Ly9BdXRob3JlZCBieTogbGV0aW1vbWUgaW4gY29tbWl0OjVhMGU2ZGZiNDQ0ZmIxYzc2YmFkOGZjZDA5MDMxYmE1ZDJiNDQ5M2YsIHdpdGggbWVzc2FnZTphZGRlZCBjIGZpbGVzIGluIGFsZ29yaXRobQorfS8vQXV0aG9yZWQgYnk6IGxldGltb21lIGluIGNvbW1pdDo1YTBlNmRmYjQ0NGZiMWM3NmJhZDhmY2QwOTAzMWJhNWQyYjQ0OTNmLCB3aXRoIG1lc3NhZ2U6YWRkZWQgYyBmaWxlcyBpbiBhbGdvcml0aG0KKy8vQXV0aG9yZWQgYnk6IGxldGltb21lIGluIGNvbW1pdDo1YTBlNmRmYjQ0NGZiMWM3NmJhZDhmY2QwOTAzMWJhNWQyYjQ0OTNmLCB3aXRoIG1lc3NhZ2U6YWRkZWQgYyBmaWxlcyBpbiBhbGdvcml0aG0KK2ludCBESUFMT0dfU3RyaW5nTXNnQm94KEhXTkQgaFBhcmVudCwgaW50IGZvcm1hdElkLCBMUENUU1RSIHN6U3RyaW5nLCBEV09SRCBkd0ZsYWdzKS8vQXV0aG9yZWQgYnk6IGxldGltb21lIGluIGNvbW1pdDo1YTBlNmRmYjQ0NGZiMWM3NmJhZDhmY2QwOTAzMWJhNWQyYjQ0OTNmLCB3aXRoIG1lc3NhZ2U6YWRkZWQgYyBmaWxlcyBpbiBhbGdvcml0aG0KK3svL0F1dGhvcmVkIGJ5OiBsZXRpbW9tZSBpbiBjb21taXQ6NWEwZTZkZmI0NDRmYjFjNzZiYWQ4ZmNkMDkwMzFiYTVkMmI0NDkzZiwgd2l0aCBtZXNzYWdlOmFkZGVkIGMgZmlsZXMgaW4gYWxnb3JpdGhtCisgICAgVENIQVIgc3pNZXNzYWdlW01BWF9TVFJJTkdfTEVOXTsvL0F1dGhvcmVkIGJ5OiBsZXRpbW9tZSBpbiBjb21taXQ6NWEwZTZkZmI0NDRmYjFjNzZiYWQ4ZmNkMDkwMzFiYTVkMmI0NDkzZiwgd2l0aCBtZXNzYWdlOmFkZGVkIGMgZmlsZXMgaW4gYWxnb3JpdGhtCisgICAgVENIQVIgc3pSZXNvdXJjZVtNQVhfU1RSSU5HX0xFTl07Ly9BdXRob3JlZCBieTogbGV0aW1vbWUgaW4gY29tbWl0OjVhMGU2ZGZiNDQ0ZmIxYzc2YmFkOGZjZDA5MDMxYmE1ZDJiNDQ5M2YsIHdpdGggbWVzc2FnZTphZGRlZCBjIGZpbGVzIGluIGFsZ29yaXRobQorLy9BdXRob3JlZCBieTogbGV0aW1vbWUgaW4gY29tbWl0OjVhMGU2ZGZiNDQ0ZmIxYzc2YmFkOGZjZDA5MDMxYmE1ZDJiNDQ5M2YsIHdpdGggbWVzc2FnZTphZGRlZCBjIGZpbGVzIGluIGFsZ29yaXRobQorICAgIC8qIExvYWQgYW5kIGZvcm1hdCBzek1lc3NhZ2UgKi8vL0F1dGhvcmVkIGJ5OiBsZXRpbW9tZSBpbiBjb21taXQ6NWEwZTZkZmI0NDRmYjFjNzZiYWQ4ZmNkMDkwMzFiYTVkMmI0NDkzZiwgd2l0aCBtZXNzYWdlOmFkZGVkIGMgZmlsZXMgaW4gYWxnb3JpdGhtCisgICAgTG9hZFN0cmluZyhHbG9iYWxzLmhJbnN0YW5jZSwgZm9ybWF0SWQsIHN6UmVzb3VyY2UsIEFSUkFZX1NJWkUoc3pSZXNvdXJjZSkpOy8vQXV0aG9yZWQgYnk6IGxldGltb21lIGluIGNvbW1pdDo1YTBlNmRmYjQ0NGZiMWM3NmJhZDhmY2QwOTAzMWJhNWQyYjQ0OTNmLCB3aXRoIG1lc3NhZ2U6YWRkZWQgYyBmaWxlcyBpbiBhbGdvcml0aG0KKyAgICBfc250cHJpbnRmKHN6TWVzc2FnZSwgQVJSQVlfU0laRShzek1lc3NhZ2UpLCBzelJlc291cmNlLCBzelN0cmluZyk7Ly9BdXRob3JlZCBieTogbGV0aW1vbWUgaW4gY29tbWl0OjVhMGU2ZGZiNDQ0ZmIxYzc2YmFkOGZjZDA5MDMxYmE1ZDJiNDQ5M2YsIHdpdGggbWVzc2FnZTphZGRlZCBjIGZpbGVzIGluIGFsZ29yaXRobQorLy9BdXRob3JlZCBieTogbGV0aW1vbWUgaW4gY29tbWl0OjVhMGU2ZGZiNDQ0ZmIxYzc2YmFkOGZjZDA5MDMxYmE1ZDJiNDQ5M2YsIHdpdGggbWVzc2FnZTphZGRlZCBjIGZpbGVzIGluIGFsZ29yaXRobQorICAgIC8qIExvYWQgc3pDYXB0aW9uICovLy9BdXRob3JlZCBieTogbGV0aW1vbWUgaW4gY29tbWl0OjVhMGU2ZGZiNDQ0ZmIxYzc2YmFkOGZjZDA5MDMxYmE1ZDJiNDQ5M2YsIHdpdGggbWVzc2FnZTphZGRlZCBjIGZpbGVzIGluIGFsZ29yaXRobQorICAgIGlmICgoZHdGbGFncyAmIE1CX0lDT05NQVNLKSA9PSBNQl9JQ09ORVhDTEFNQVRJT04pLy9BdXRob3JlZCBieTogbGV0aW1vbWUgaW4gY29tbWl0OjVhMGU2ZGZiNDQ0ZmIxYzc2YmFkOGZjZDA5MDMxYmE1ZDJiNDQ5M2YsIHdpdGggbWVzc2FnZTphZGRlZCBjIGZpbGVzIGluIGFsZ29yaXRobQorICAgICAgICBMb2FkU3RyaW5nKEdsb2JhbHMuaEluc3RhbmNlLCBTVFJJTkdfRVJST1IsIHN6UmVzb3VyY2UsIEFSUkFZX1NJWkUoc3pSZXNvdXJjZSkpOy8vQXV0aG9yZWQgYnk6IGxldGltb21lIGluIGNvbW1pdDo1YTBlNmRmYjQ0NGZiMWM3NmJhZDhmY2QwOTAzMWJhNWQyYjQ0OTNmLCB3aXRoIG1lc3NhZ2U6YWRkZWQgYyBmaWxlcyBpbiBhbGdvcml0aG0KKyAgICBlbHNlLy9BdXRob3JlZCBieTogbGV0aW1vbWUgaW4gY29tbWl0OjVhMGU2ZGZiNDQ0ZmIxYzc2YmFkOGZjZDA5MDMxYmE1ZDJiNDQ5M2YsIHdpdGggbWVzc2FnZTphZGRlZCBjIGZpbGVzIGluIGFsZ29yaXRobQorICAgICAgICBMb2FkU3RyaW5nKEdsb2JhbHMuaEluc3RhbmNlLCBTVFJJTkdfTk9URVBBRCwgc3pSZXNvdXJjZSwgQVJSQVlfU0laRShzelJlc291cmNlKSk7Ly9BdXRob3JlZCBieTogbGV0aW1vbWUgaW4gY29tbWl0OjVhMGU2ZGZiNDQ0ZmIxYzc2YmFkOGZjZDA5MDMxYmE1ZDJiNDQ5M2YsIHdpdGggbWVzc2FnZTphZGRlZCBjIGZpbGVzIGluIGFsZ29yaXRobQorLy9BdXRob3JlZCBieTogbGV0aW1vbWUgaW4gY29tbWl0OjVhMGU2ZGZiNDQ0ZmIxYzc2YmFkOGZjZDA5MDMxYmE1ZDJiNDQ5M2YsIHdpdGggbWVzc2FnZTphZGRlZCBjIGZpbGVzIGluIGFsZ29yaXRobQorICAgIC8qIERpc3BsYXkgTW9kYWwgRGlhbG9nICovLy9BdXRob3JlZCBieTogbGV0aW1vbWUgaW4gY29tbWl0OjVhMGU2ZGZiNDQ0ZmIxYzc2YmFkOGZjZDA5MDMxYmE1ZDJiNDQ5M2YsIHdpdGggbWVzc2FnZTphZGRlZCBjIGZpbGVzIGluIGFsZ29yaXRobQorICAgIC8vIGlmIChoUGFyZW50ID09IE5VTEwpLy9BdXRob3JlZCBieTogbGV0aW1vbWUgaW4gY29tbWl0OjVhMGU2ZGZiNDQ0ZmIxYzc2YmFkOGZjZDA5MDMxYmE1ZDJiNDQ5M2YsIHdpdGggbWVzc2FnZTphZGRlZCBjIGZpbGVzIGluIGFsZ29yaXRobQorICAgICAgICAvLyBoUGFyZW50ID0gR2xvYmFscy5oTWFpblduZDsvL0F1dGhvcmVkIGJ5OiBsZXRpbW9tZSBpbiBjb21taXQ6NWEwZTZkZmI0NDRmYjFjNzZiYWQ4ZmNkMDkwMzFiYTVkMmI0NDkzZiwgd2l0aCBtZXNzYWdlOmFkZGVkIGMgZmlsZXMgaW4gYWxnb3JpdGhtCisgICAgcmV0dXJuIE1lc3NhZ2VCb3goaFBhcmVudCwgc3pNZXNzYWdlLCBzelJlc291cmNlLCBkd0ZsYWdzKTsvL0F1dGhvcmVkIGJ5OiBsZXRpbW9tZSBpbiBjb21taXQ6NWEwZTZkZmI0NDRmYjFjNzZiYWQ4ZmNkMDkwMzFiYTVkMmI0NDkzZiwgd2l0aCBtZXNzYWdlOmFkZGVkIGMgZmlsZXMgaW4gYWxnb3JpdGhtCit9Ly9BdXRob3JlZCBieTogbGV0aW1vbWUgaW4gY29tbWl0OjVhMGU2ZGZiNDQ0ZmIxYzc2YmFkOGZjZDA5MDMxYmE1ZDJiNDQ5M2YsIHdpdGggbWVzc2FnZTphZGRlZCBjIGZpbGVzIGluIGFsZ29yaXRobQorLy9BdXRob3JlZCBieTogbGV0aW1vbWUgaW4gY29tbWl0OjVhMGU2ZGZiNDQ0ZmIxYzc2YmFkOGZjZDA5MDMxYmE1ZDJiNDQ5M2YsIHdpdGggbWVzc2FnZTphZGRlZCBjIGZpbGVzIGluIGFsZ29yaXRobQorc3RhdGljIHZvaWQgQWxlcnRGaWxlTm90Rm91bmQoTFBDVFNUUiBzekZpbGVOYW1lKS8vQXV0aG9yZWQgYnk6IGxldGltb21lIGluIGNvbW1pdDo1YTBlNmRmYjQ0NGZiMWM3NmJhZDhmY2QwOTAzMWJhNWQyYjQ0OTNmLCB3aXRoIG1lc3NhZ2U6YWRkZWQgYyBmaWxlcyBpbiBhbGdvcml0aG0KK3svL0F1dGhvcmVkIGJ5OiBsZXRpbW9tZSBpbiBjb21taXQ6NWEwZTZkZmI0NDRmYjFjNzZiYWQ4ZmNkMDkwMzFiYTVkMmI0NDkzZiwgd2l0aCBtZXNzYWdlOmFkZGVkIGMgZmlsZXMgaW4gYWxnb3JpdGhtCisgICAgRElBTE9HX1N0cmluZ01zZ0JveChHbG9iYWxzLmhNYWluV25kLCBTVFJJTkdfTk9URk9VTkQsIHN6RmlsZU5hbWUsIE1CX0lDT05FWENMQU1BVElPTiB8IE1CX09LKTsvL0F1dGhvcmVkIGJ5OiBsZXRpbW9tZSBpbiBjb21taXQ6NWEwZTZkZmI0NDRmYjFjNzZiYWQ4ZmNkMDkwMzFiYTVkMmI0NDkzZiwgd2l0aCBtZXNzYWdlOmFkZGVkIGMgZmlsZXMgaW4gYWxnb3JpdGhtCit9Ly9BdXRob3JlZCBieTogbGV0aW1vbWUgaW4gY29tbWl0OjVhMGU2ZGZiNDQ0ZmIxYzc2YmFkOGZjZDA5MDMxYmE1ZDJiNDQ5M2YsIHdpdGggbWVzc2FnZTphZGRlZCBjIGZpbGVzIGluIGFsZ29yaXRobQorLy9BdXRob3JlZCBieTogbGV0aW1vbWUgaW4gY29tbWl0OjVhMGU2ZGZiNDQ0ZmIxYzc2YmFkOGZjZDA5MDMxYmE1ZDJiNDQ5M2YsIHdpdGggbWVzc2FnZTphZGRlZCBjIGZpbGVzIGluIGFsZ29yaXRobQorc3RhdGljIGludCBBbGVydEZpbGVOb3RTYXZlZChMUENUU1RSIHN6RmlsZU5hbWUpLy9BdXRob3JlZCBieTogbGV0aW1vbWUgaW4gY29tbWl0OjVhMGU2ZGZiNDQ0ZmIxYzc2YmFkOGZjZDA5MDMxYmE1ZDJiNDQ5M2YsIHdpdGggbWVzc2FnZTphZGRlZCBjIGZpbGVzIGluIGFsZ29yaXRobQorey8vQXV0aG9yZWQgYnk6IGxldGltb21lIGluIGNvbW1pdDo1YTBlNmRmYjQ0NGZiMWM3NmJhZDhmY2QwOTAzMWJhNWQyYjQ0OTNmLCB3aXRoIG1lc3NhZ2U6YWRkZWQgYyBmaWxlcyBpbiBhbGdvcml0aG0KKyAgICBUQ0hBUiBzelVudGl0bGVkW01BWF9TVFJJTkdfTEVOXTsvL0F1dGhvcmVkIGJ5OiBsZXRpbW9tZSBpbiBjb21taXQ6NWEwZTZkZmI0NDRmYjFjNzZiYWQ4ZmNkMDkwMzFiYTVkMmI0NDkzZiwgd2l0aCBtZXNzYWdlOmFkZGVkIGMgZmlsZXMgaW4gYWxnb3JpdGhtCisvL0F1dGhvcmVkIGJ5OiBsZXRpbW9tZSBpbiBjb21taXQ6NWEwZTZkZmI0NDRmYjFjNzZiYWQ4ZmNkMDkwMzFiYTVkMmI0NDkzZiwgd2l0aCBtZXNzYWdlOmFkZGVkIGMgZmlsZXMgaW4gYWxnb3JpdGhtCisgICAgTG9hZFN0cmluZyhHbG9iYWxzLmhJbnN0YW5jZSwgU1RSSU5HX1VOVElUTEVELCBzelVudGl0bGVkLCBBUlJBWV9TSVpFKHN6VW50aXRsZWQpKTsvL0F1dGhvcmVkIGJ5OiBsZXRpbW9tZSBpbiBjb21taXQ6NWEwZTZkZmI0NDRmYjFjNzZiYWQ4ZmNkMDkwMzFiYTVkMmI0NDkzZiwgd2l0aCBtZXNzYWdlOmFkZGVkIGMgZmlsZXMgaW4gYWxnb3JpdGhtCisvL0F1dGhvcmVkIGJ5OiBsZXRpbW9tZSBpbiBjb21taXQ6NWEwZTZkZmI0NDRmYjFjNzZiYWQ4ZmNkMDkwMzFiYTVkMmI0NDkzZiwgd2l0aCBtZXNzYWdlOmFkZGVkIGMgZmlsZXMgaW4gYWxnb3JpdGhtCisgICAgcmV0dXJuIERJQUxPR19TdHJpbmdNc2dCb3goR2xvYmFscy5oTWFpblduZCwgU1RSSU5HX05PVFNBVkVELC8vQXV0aG9yZWQgYnk6IGxldGltb21lIGluIGNvbW1pdDo1YTBlNmRmYjQ0NGZiMWM3NmJhZDhmY2QwOTAzMWJhNWQyYjQ0OTNmLCB3aXRoIG1lc3NhZ2U6YWRkZWQgYyBmaWxlcyBpbiBhbGdvcml0aG0KKyAgICAgICAgICAgICAgICAgICAgICAgICAgICAgICBzekZpbGVOYW1lWzBdID8gc3pGaWxlTmFtZSA6IHN6VW50aXRsZWQsLy9BdXRob3JlZCBieTogbGV0aW1vbWUgaW4gY29tbWl0OjVhMGU2ZGZiNDQ0ZmIxYzc2YmFkOGZjZDA5MDMxYmE1ZDJiNDQ5M2YsIHdpdGggbWVzc2FnZTphZGRlZCBjIGZpbGVzIGluIGFsZ29yaXRobQorICAgICAgICAgICAgICAgICAgICAgICAgICAgICAgIE1CX0lDT05RVUVTVElPTiB8IE1CX1lFU05PQ0FOQ0VMKTsvL0F1dGhvcmVkIGJ5OiBsZXRpbW9tZSBpbiBjb21taXQ6NWEwZTZkZmI0NDRmYjFjNzZiYWQ4ZmNkMDkwMzFiYTVkMmI0NDkzZiwgd2l0aCBtZXNzYWdlOmFkZGVkIGMgZmlsZXMgaW4gYWxnb3JpdGhtCit9Ly9BdXRob3JlZCBieTogbGV0aW1vbWUgaW4gY29tbWl0OjVhMGU2ZGZiNDQ0ZmIxYzc2YmFkOGZjZDA5MDMxYmE1ZDJiNDQ5M2YsIHdpdGggbWVzc2FnZTphZGRlZCBjIGZpbGVzIGluIGFsZ29yaXRobQorLy9BdXRob3JlZCBieTogbGV0aW1vbWUgaW4gY29tbWl0OjVhMGU2ZGZiNDQ0ZmIxYzc2YmFkOGZjZDA5MDMxYmE1ZDJiNDQ5M2YsIHdpdGggbWVzc2FnZTphZGRlZCBjIGZpbGVzIGluIGFsZ29yaXRobQorc3RhdGljIHZvaWQgQWxlcnRQcmludEVycm9yKHZvaWQpLy9BdXRob3JlZCBieTogbGV0aW1vbWUgaW4gY29tbWl0OjVhMGU2ZGZiNDQ0ZmIxYzc2YmFkOGZjZDA5MDMxYmE1ZDJiNDQ5M2YsIHdpdGggbWVzc2FnZTphZGRlZCBjIGZpbGVzIGluIGFsZ29yaXRobQorey8vQXV0aG9yZWQgYnk6IGxldGltb21lIGluIGNvbW1pdDo1YTBlNmRmYjQ0NGZiMWM3NmJhZDhmY2QwOTAzMWJhNWQyYjQ0OTNmLCB3aXRoIG1lc3NhZ2U6YWRkZWQgYyBmaWxlcyBpbiBhbGdvcml0aG0KKyAgICBUQ0hBUiBzelVudGl0bGVkW01BWF9TVFJJTkdfTEVOXTsvL0F1dGhvcmVkIGJ5OiBsZXRpbW9tZSBpbiBjb21taXQ6NWEwZTZkZmI0NDRmYjFjNzZiYWQ4ZmNkMDkwMzFiYTVkMmI0NDkzZiwgd2l0aCBtZXNzYWdlOmFkZGVkIGMgZmlsZXMgaW4gYWxnb3JpdGhtCisvL0F1dGhvcmVkIGJ5OiBsZXRpbW9tZSBpbiBjb21taXQ6NWEwZTZkZmI0NDRmYjFjNzZiYWQ4ZmNkMDkwMzFiYTVkMmI0NDkzZiwgd2l0aCBtZXNzYWdlOmFkZGVkIGMgZmlsZXMgaW4gYWxnb3JpdGhtCisgICAgTG9hZFN0cmluZyhHbG9iYWxzLmhJbnN0YW5jZSwgU1RSSU5HX1VOVElUTEVELCBzelVudGl0bGVkLCBBUlJBWV9TSVpFKHN6VW50aXRsZWQpKTsvL0F1dGhvcmVkIGJ5OiBsZXRpbW9tZSBpbiBjb21taXQ6NWEwZTZkZmI0NDRmYjFjNzZiYWQ4ZmNkMDkwMzFiYTVkMmI0NDkzZiwgd2l0aCBtZXNzYWdlOmFkZGVkIGMgZmlsZXMgaW4gYWxnb3JpdGhtCisvL0F1dGhvcmVkIGJ5OiBsZXRpbW9tZSBpbiBjb21taXQ6NWEwZTZkZmI0NDRmYjFjNzZiYWQ4ZmNkMDkwMzFiYTVkMmI0NDkzZiwgd2l0aCBtZXNzYWdlOmFkZGVkIGMgZmlsZXMgaW4gYWxnb3JpdGhtCisgICAgRElBTE9HX1N0cmluZ01zZ0JveChHbG9iYWxzLmhNYWluV25kLCBTVFJJTkdfUFJJTlRFUlJPUiwvL0F1dGhvcmVkIGJ5OiBsZXRpbW9tZSBpbiBjb21taXQ6NWEwZTZkZmI0NDRmYjFjNzZiYWQ4ZmNkMDkwMzFiYTVkMmI0NDkzZiwgd2l0aCBtZXNzYWdlOmFkZGVkIGMgZmlsZXMgaW4gYWxnb3JpdGhtCisgICAgICAgICAgICAgICAgICAgICAgICBHbG9iYWxzLnN6RmlsZU5hbWVbMF0gPyBHbG9iYWxzLnN6RmlsZU5hbWUgOiBzelVudGl0bGVkLC8vQXV0aG9yZWQgYnk6IGxldGltb21lIGluIGNvbW1pdDo1YTBlNmRmYjQ0NGZiMWM3NmJhZDhmY2QwOTAzMWJhNWQyYjQ0OTNmLCB3aXRoIG1lc3NhZ2U6YWRkZWQgYyBmaWxlcyBpbiBhbGdvcml0aG0KKyAgICAgICAgICAgICAgICAgICAgICAgIE1CX0lDT05FWENMQU1BVElPTiB8IE1CX09LKTsvL0F1dGhvcmVkIGJ5OiBsZXRpbW9tZSBpbiBjb21taXQ6NWEwZTZkZmI0NDRmYjFjNzZiYWQ4ZmNkMDkwMzFiYTVkMmI0NDkzZiwgd2l0aCBtZXNzYWdlOmFkZGVkIGMgZmlsZXMgaW4gYWxnb3JpdGhtCit9Ly9BdXRob3JlZCBieTogbGV0aW1vbWUgaW4gY29tbWl0OjVhMGU2ZGZiNDQ0ZmIxYzc2YmFkOGZjZDA5MDMxYmE1ZDJiNDQ5M2YsIHdpdGggbWVzc2FnZTphZGRlZCBjIGZpbGVzIGluIGFsZ29yaXRobQorLy9BdXRob3JlZCBieTogbGV0aW1vbWUgaW4gY29tbWl0OjVhMGU2ZGZiNDQ0ZmIxYzc2YmFkOGZjZDA5MDMxYmE1ZDJiNDQ5M2YsIHdpdGggbWVzc2FnZTphZGRlZCBjIGZpbGVzIGluIGFsZ29yaXRobQorLyoqLy9BdXRob3JlZCBieTogbGV0aW1vbWUgaW4gY29tbWl0OjVhMGU2ZGZiNDQ0ZmIxYzc2YmFkOGZjZDA5MDMxYmE1ZDJiNDQ5M2YsIHdpdGggbWVzc2FnZTphZGRlZCBjIGZpbGVzIGluIGFsZ29yaXRobQorICogUmV0dXJuczovL0F1dGhvcmVkIGJ5OiBsZXRpbW9tZSBpbiBjb21taXQ6NWEwZTZkZmI0NDRmYjFjNzZiYWQ4ZmNkMDkwMzFiYTVkMmI0NDkzZiwgd2l0aCBtZXNzYWdlOmFkZGVkIGMgZmlsZXMgaW4gYWxnb3JpdGhtCisgKiAgIFRSVUUgIC0gaWYgZmlsZSBleGlzdHMvL0F1dGhvcmVkIGJ5OiBsZXRpbW9tZSBpbiBjb21taXQ6NWEwZTZkZmI0NDRmYjFjNzZiYWQ4ZmNkMDkwMzFiYTVkMmI0NDkzZiwgd2l0aCBtZXNzYWdlOmFkZGVkIGMgZmlsZXMgaW4gYWxnb3JpdGhtCisgKiAgIEZBTFNFIC0gaWYgZmlsZSBkb2VzIG5vdCBleGlzdC8vQXV0aG9yZWQgYnk6IGxldGltb21lIGluIGNvbW1pdDo1YTBlNmRmYjQ0NGZiMWM3NmJhZDhmY2QwOTAzMWJhNWQyYjQ0OTNmLCB3aXRoIG1lc3NhZ2U6YWRkZWQgYyBmaWxlcyBpbiBhbGdvcml0aG0KKyAqLy8vQXV0aG9yZWQgYnk6IGxldGltb21lIGluIGNvbW1pdDo1YTBlNmRmYjQ0NGZiMWM3NmJhZDhmY2QwOTAzMWJhNWQyYjQ0OTNmLCB3aXRoIG1lc3NhZ2U6YWRkZWQgYyBmaWxlcyBpbiBhbGdvcml0aG0KK0JPT0wgRmlsZUV4aXN0cyhMUENUU1RSIHN6RmlsZW5hbWUpLy9BdXRob3JlZCBieTogbGV0aW1vbWUgaW4gY29tbWl0OjVhMGU2ZGZiNDQ0ZmIxYzc2YmFkOGZjZDA5MDMxYmE1ZDJiNDQ5M2YsIHdpdGggbWVzc2FnZTphZGRlZCBjIGZpbGVzIGluIGFsZ29yaXRobQorey8vQXV0aG9yZWQgYnk6IGxldGltb21lIGluIGNvbW1pdDo1YTBlNmRmYjQ0NGZiMWM3NmJhZDhmY2QwOTAzMWJhNWQyYjQ0OTNmLCB3aXRoIG1lc3NhZ2U6YWRkZWQgYyBmaWxlcyBpbiBhbGdvcml0aG0KKyAgICBXSU4zMl9GSU5EX0RBVEEgZW50cnk7Ly9BdXRob3JlZCBieTogbGV0aW1vbWUgaW4gY29tbWl0OjVhMGU2ZGZiNDQ0ZmIxYzc2YmFkOGZjZDA5MDMxYmE1ZDJiNDQ5M2YsIHdpdGggbWVzc2FnZTphZGRlZCBjIGZpbGVzIGluIGFsZ29yaXRobQorICAgIEhBTkRMRSBoRmlsZTsvL0F1dGhvcmVkIGJ5OiBsZXRpbW9tZSBpbiBjb21taXQ6NWEwZTZkZmI0NDRmYjFjNzZiYWQ4ZmNkMDkwMzFiYTVkMmI0NDkzZiwgd2l0aCBtZXNzYWdlOmFkZGVkIGMgZmlsZXMgaW4gYWxnb3JpdGhtCisvL0F1dGhvcmVkIGJ5OiBsZXRpbW9tZSBpbiBjb21taXQ6NWEwZTZkZmI0NDRmYjFjNzZiYWQ4ZmNkMDkwMzFiYTVkMmI0NDkzZiwgd2l0aCBtZXNzYWdlOmFkZGVkIGMgZmlsZXMgaW4gYWxnb3JpdGhtCisgICAgaEZpbGUgPSBGaW5kRmlyc3RGaWxlKHN6RmlsZW5hbWUsICZlbnRyeSk7Ly9BdXRob3JlZCBieTogbGV0aW1vbWUgaW4gY29tbWl0OjVhMGU2ZGZiNDQ0ZmIxYzc2YmFkOGZjZDA5MDMxYmE1ZDJiNDQ5M2YsIHdpdGggbWVzc2FnZTphZGRlZCBjIGZpbGVzIGluIGFsZ29yaXRobQorICAgIEZpbmRDbG9zZShoRmlsZSk7Ly9BdXRob3JlZCBieTogbGV0aW1vbWUgaW4gY29tbWl0OjVhMGU2ZGZiNDQ0ZmIxYzc2YmFkOGZjZDA5MDMxYmE1ZDJiNDQ5M2YsIHdpdGggbWVzc2FnZTphZGRlZCBjIGZpbGVzIGluIGFsZ29yaXRobQorLy9BdXRob3JlZCBieTogbGV0aW1vbWUgaW4gY29tbWl0OjVhMGU2ZGZiNDQ0ZmIxYzc2YmFkOGZjZDA5MDMxYmE1ZDJiNDQ5M2YsIHdpdGggbWVzc2FnZTphZGRlZCBjIGZpbGVzIGluIGFsZ29yaXRobQorICAgIHJldHVybiAoaEZpbGUgIT0gSU5WQUxJRF9IQU5ETEVfVkFMVUUpOy8vQXV0aG9yZWQgYnk6IGxldGltb21lIGluIGNvbW1pdDo1YTBlNmRmYjQ0NGZiMWM3NmJhZDhmY2QwOTAzMWJhNWQyYjQ0OTNmLCB3aXRoIG1lc3NhZ2U6YWRkZWQgYyBmaWxlcyBpbiBhbGdvcml0aG0KK30vL0F1dGhvcmVkIGJ5OiBsZXRpbW9tZSBpbiBjb21taXQ6NWEwZTZkZmI0NDRmYjFjNzZiYWQ4ZmNkMDkwMzFiYTVkMmI0NDkzZiwgd2l0aCBtZXNzYWdlOmFkZGVkIGMgZmlsZXMgaW4gYWxnb3JpdGhtCisvL0F1dGhvcmVkIGJ5OiBsZXRpbW9tZSBpbiBjb21taXQ6NWEwZTZkZmI0NDRmYjFjNzZiYWQ4ZmNkMDkwMzFiYTVkMmI0NDkzZiwgd2l0aCBtZXNzYWdlOmFkZGVkIGMgZmlsZXMgaW4gYWxnb3JpdGhtCitCT09MIEhhc0ZpbGVFeHRlbnNpb24oTFBDVFNUUiBzekZpbGVuYW1lKS8vQXV0aG9yZWQgYnk6IGxldGltb21lIGluIGNvbW1pdDo1YTBlNmRmYjQ0NGZiMWM3NmJhZDhmY2QwOTAzMWJhNWQyYjQ0OTNmLCB3aXRoIG1lc3NhZ2U6YWRkZWQgYyBmaWxlcyBpbiBhbGdvcml0aG0KK3svL0F1dGhvcmVkIGJ5OiBsZXRpbW9tZSBpbiBjb21taXQ6NWEwZTZkZmI0NDRmYjFjNzZiYWQ4ZmNkMDkwMzFiYTVkMmI0NDkzZiwgd2l0aCBtZXNzYWdlOmFkZGVkIGMgZmlsZXMgaW4gYWxnb3JpdGhtCisgICAgTFBDVFNUUiBzOy8vQXV0aG9yZWQgYnk6IGxldGltb21lIGluIGNvbW1pdDo1YTBlNmRmYjQ0NGZiMWM3NmJhZDhmY2QwOTAzMWJhNWQyYjQ0OTNmLCB3aXRoIG1lc3NhZ2U6YWRkZWQgYyBmaWxlcyBpbiBhbGdvcml0aG0KKy8vQXV0aG9yZWQgYnk6IGxldGltb21lIGluIGNvbW1pdDo1YTBlNmRmYjQ0NGZiMWM3NmJhZDhmY2QwOTAzMWJhNWQyYjQ0OTNmLCB3aXRoIG1lc3NhZ2U6YWRkZWQgYyBmaWxlcyBpbiBhbGdvcml0aG0KKyAgICBzID0gX3Rjc3JjaHIoc3pGaWxlbmFtZSwgX1QoJ1xcJykpOy8vQXV0aG9yZWQgYnk6IGxldGltb21lIGluIGNvbW1pdDo1YTBlNmRmYjQ0NGZiMWM3NmJhZDhmY2QwOTAzMWJhNWQyYjQ0OTNmLCB3aXRoIG1lc3NhZ2U6YWRkZWQgYyBmaWxlcyBpbiBhbGdvcml0aG0KKyAgICBpZiAocykvL0F1dGhvcmVkIGJ5OiBsZXRpbW9tZSBpbiBjb21taXQ6NWEwZTZkZmI0NDRmYjFjNzZiYWQ4ZmNkMDkwMzFiYTVkMmI0NDkzZiwgd2l0aCBtZXNzYWdlOmFkZGVkIGMgZmlsZXMgaW4gYWxnb3JpdGhtCisgICAgICAgIHN6RmlsZW5hbWUgPSBzOy8vQXV0aG9yZWQgYnk6IGxldGltb21lIGluIGNvbW1pdDo1YTBlNmRmYjQ0NGZiMWM3NmJhZDhmY2QwOTAzMWJhNWQyYjQ0OTNmLCB3aXRoIG1lc3NhZ2U6YWRkZWQgYyBmaWxlcyBpbiBhbGdvcml0aG0KKyAgICByZXR1cm4gX3Rjc3JjaHIoc3pGaWxlbmFtZSwgX1QoJy4nKSkgIT0gTlVMTDsvL0F1dGhvcmVkIGJ5OiBsZXRpbW9tZSBpbiBjb21taXQ6NWEwZTZkZmI0NDRmYjFjNzZiYWQ4ZmNkMDkwMzFiYTVkMmI0NDkzZiwgd2l0aCBtZXNzYWdlOmFkZGVkIGMgZmlsZXMgaW4gYWxnb3JpdGhtCit9Ly9BdXRob3JlZCBieTogbGV0aW1vbWUgaW4gY29tbWl0OjVhMGU2ZGZiNDQ0ZmIxYzc2YmFkOGZjZDA5MDMxYmE1ZDJiNDQ5M2YsIHdpdGggbWVzc2FnZTphZGRlZCBjIGZpbGVzIGluIGFsZ29yaXRobQorLy9BdXRob3JlZCBieTogbGV0aW1vbWUgaW4gY29tbWl0OjVhMGU2ZGZiNDQ0ZmIxYzc2YmFkOGZjZDA5MDMxYmE1ZDJiNDQ5M2YsIHdpdGggbWVzc2FnZTphZGRlZCBjIGZpbGVzIGluIGFsZ29yaXRobQoraW50IEdldFNlbGVjdGlvblRleHRMZW5ndGgoSFdORCBoV25kKS8vQXV0aG9yZWQgYnk6IGxldGltb21lIGluIGNvbW1pdDo1YTBlNmRmYjQ0NGZiMWM3NmJhZDhmY2QwOTAzMWJhNWQyYjQ0OTNmLCB3aXRoIG1lc3NhZ2U6YWRkZWQgYyBmaWxlcyBpbiBhbGdvcml0aG0KK3svL0F1dGhvcmVkIGJ5OiBsZXRpbW9tZSBpbiBjb21taXQ6NWEwZTZkZmI0NDRmYjFjNzZiYWQ4ZmNkMDkwMzFiYTVkMmI0NDkzZiwgd2l0aCBtZXNzYWdlOmFkZGVkIGMgZmlsZXMgaW4gYWxnb3JpdGhtCisgICAgRFdPUkQgZHdTdGFydCA9IDA7Ly9BdXRob3JlZCBieTogbGV0aW1vbWUgaW4gY29tbWl0OjVhMGU2ZGZiNDQ0ZmIxYzc2YmFkOGZjZDA5MDMxYmE1ZDJiNDQ5M2YsIHdpdGggbWVzc2FnZTphZGRlZCBjIGZpbGVzIGluIGFsZ29yaXRobQorICAgIERXT1JEIGR3RW5kID0gMDsvL0F1dGhvcmVkIGJ5OiBsZXRpbW9tZSBpbiBjb21taXQ6NWEwZTZkZmI0NDRmYjFjNzZiYWQ4ZmNkMDkwMzFiYTVkMmI0NDkzZiwgd2l0aCBtZXNzYWdlOmFkZGVkIGMgZmlsZXMgaW4gYWxnb3JpdGhtCisvL0F1dGhvcmVkIGJ5OiBsZXRpbW9tZSBpbiBjb21taXQ6NWEwZTZkZmI0NDRmYjFjNzZiYWQ4ZmNkMDkwMzFiYTVkMmI0NDkzZiwgd2l0aCBtZXNzYWdlOmFkZGVkIGMgZmlsZXMgaW4gYWxnb3JpdGhtCisgICAgU2VuZE1lc3NhZ2UoaFduZCwgRU1fR0VUU0VMLCAoV1BBUkFNKSZkd1N0YXJ0LCAoTFBBUkFNKSZkd0VuZCk7Ly9BdXRob3JlZCBieTogbGV0aW1vbWUgaW4gY29tbWl0OjVhMGU2ZGZiNDQ0ZmIxYzc2YmFkOGZjZDA5MDMxYmE1ZDJiNDQ5M2YsIHdpdGggbWVzc2FnZTphZGRlZCBjIGZpbGVzIGluIGFsZ29yaXRobQorLy9BdXRob3JlZCBieTogbGV0aW1vbWUgaW4gY29tbWl0OjVhMGU2ZGZiNDQ0ZmIxYzc2YmFkOGZjZDA5MDMxYmE1ZDJiNDQ5M2YsIHdpdGggbWVzc2FnZTphZGRlZCBjIGZpbGVzIGluIGFsZ29yaXRobQorICAgIHJldHVybiBkd0VuZCAtIGR3U3RhcnQ7Ly9BdXRob3JlZCBieTogbGV0aW1vbWUgaW4gY29tbWl0OjVhMGU2ZGZiNDQ0ZmIxYzc2YmFkOGZjZDA5MDMxYmE1ZDJiNDQ5M2YsIHdpdGggbWVzc2FnZTphZGRlZCBjIGZpbGVzIGluIGFsZ29yaXRobQorfS8vQXV0aG9yZWQgYnk6IGxldGltb21lIGluIGNvbW1pdDo1YTBlNmRmYjQ0NGZiMWM3NmJhZDhmY2QwOTAzMWJhNWQyYjQ0OTNmLCB3aXRoIG1lc3NhZ2U6YWRkZWQgYyBmaWxlcyBpbiBhbGdvcml0aG0KKy8vQXV0aG9yZWQgYnk6IGxldGltb21lIGluIGNvbW1pdDo1YTBlNmRmYjQ0NGZiMWM3NmJhZDhmY2QwOTAzMWJhNWQyYjQ0OTNmLCB3aXRoIG1lc3NhZ2U6YWRkZWQgYyBmaWxlcyBpbiBhbGdvcml0aG0KK2ludCBHZXRTZWxlY3Rpb25UZXh0KEhXTkQgaFduZCwgTFBUU1RSIGxwU3RyaW5nLCBpbnQgbk1heENvdW50KS8vQXV0aG9yZWQgYnk6IGxldGltb21lIGluIGNvbW1pdDo1YTBlNmRmYjQ0NGZiMWM3NmJhZDhmY2QwOTAzMWJhNWQyYjQ0OTNmLCB3aXRoIG1lc3NhZ2U6YWRkZWQgYyBmaWxlcyBpbiBhbGdvcml0aG0KK3svL0F1dGhvcmVkIGJ5OiBsZXRpbW9tZSBpbiBjb21taXQ6NWEwZTZkZmI0NDRmYjFjNzZiYWQ4ZmNkMDkwMzFiYTVkMmI0NDkzZiwgd2l0aCBtZXNzYWdlOmFkZGVkIGMgZmlsZXMgaW4gYWxnb3JpdGhtCisgICAgRFdPUkQgZHdTdGFydCA9IDA7Ly9BdXRob3JlZCBieTogbGV0aW1vbWUgaW4gY29tbWl0OjVhMGU2ZGZiNDQ0ZmIxYzc2YmFkOGZjZDA5MDMxYmE1ZDJiNDQ5M2YsIHdpdGggbWVzc2FnZTphZGRlZCBjIGZpbGVzIGluIGFsZ29yaXRobQorICAgIERXT1JEIGR3RW5kID0gMDsvL0F1dGhvcmVkIGJ5OiBsZXRpbW9tZSBpbiBjb21taXQ6NWEwZTZkZmI0NDRmYjFjNzZiYWQ4ZmNkMDkwMzFiYTVkMmI0NDkzZiwgd2l0aCBtZXNzYWdlOmFkZGVkIGMgZmlsZXMgaW4gYWxnb3JpdGhtCisgICAgRFdPUkQgZHdTaXplOy8vQXV0aG9yZWQgYnk6IGxldGltb21lIGluIGNvbW1pdDo1YTBlNmRmYjQ0NGZiMWM3NmJhZDhmY2QwOTAzMWJhNWQyYjQ0OTNmLCB3aXRoIG1lc3NhZ2U6YWRkZWQgYyBmaWxlcyBpbiBhbGdvcml0aG0KKyAgICBIUkVTVUxUIGhSZXN1bHQ7Ly9BdXRob3JlZCBieTogbGV0aW1vbWUgaW4gY29tbWl0OjVhMGU2ZGZiNDQ0ZmIxYzc2YmFkOGZjZDA5MDMxYmE1ZDJiNDQ5M2YsIHdpdGggbWVzc2FnZTphZGRlZCBjIGZpbGVzIGluIGFsZ29yaXRobQorICAgIExQVFNUUiBscFRlbXA7Ly9BdXRob3JlZCBieTogbGV0aW1vbWUgaW4gY29tbWl0OjVhMGU2ZGZiNDQ0ZmIxYzc2YmFkOGZjZDA5MDMxYmE1ZDJiNDQ5M2YsIHdpdGggbWVzc2FnZTphZGRlZCBjIGZpbGVzIGluIGFsZ29yaXRobQorLy9BdXRob3JlZCBieTogbGV0aW1vbWUgaW4gY29tbWl0OjVhMGU2ZGZiNDQ0ZmIxYzc2YmFkOGZjZDA5MDMxYmE1ZDJiNDQ5M2YsIHdpdGggbWVzc2FnZTphZGRlZCBjIGZpbGVzIGluIGFsZ29yaXRobQorICAgIGlmICghbHBTdHJpbmcpLy9BdXRob3JlZCBieTogbGV0aW1vbWUgaW4gY29tbWl0OjVhMGU2ZGZiNDQ0ZmIxYzc2YmFkOGZjZDA5MDMxYmE1ZDJiNDQ5M2YsIHdpdGggbWVzc2FnZTphZGRlZCBjIGZpbGVzIGluIGFsZ29yaXRobQorICAgIHsvL0F1dGhvcmVkIGJ5OiBsZXRpbW9tZSBpbiBjb21taXQ6NWEwZTZkZmI0NDRmYjFjNzZiYWQ4ZmNkMDkwMzFiYTVkMmI0NDkzZiwgd2l0aCBtZXNzYWdlOmFkZGVkIGMgZmlsZXMgaW4gYWxnb3JpdGhtCisgICAgICAgIHJldHVybiAwOy8vQXV0aG9yZWQgYnk6IGxldGltb21lIGluIGNvbW1pdDo1YTBlNmRmYjQ0NGZiMWM3NmJhZDhmY2QwOTAzMWJhNWQyYjQ0OTNmLCB3aXRoIG1lc3NhZ2U6YWRkZWQgYyBmaWxlcyBpbiBhbGdvcml0aG0KKyAgICB9Ly9BdXRob3JlZCBieTogbGV0aW1vbWUgaW4gY29tbWl0OjVhMGU2ZGZiNDQ0ZmIxYzc2YmFkOGZjZDA5MDMxYmE1ZDJiNDQ5M2YsIHdpdGggbWVzc2FnZTphZGRlZCBjIGZpbGVzIGluIGFsZ29yaXRobQo=','5a0e6dfb444fb1c76bad8fcd09031ba5d2b4493f; 5a0e6dfb444fb1c76bad8fcd09031ba5d2b4493f; 5a0e6dfb444fb1c76bad8fcd09031ba5d2b4493f; 5a0e6dfb444fb1c76bad8fcd09031ba5d2b4493f; 5a0e6dfb444fb1c76bad8fcd09031ba5d2b4493f; 5a0e6dfb444fb1c76bad8fcd09031ba5d2b4493f; 5a0e6dfb444fb1c76bad8fcd09031ba5d2b4493f; 5a0e6dfb444fb1c76bad8fcd09031ba5d2b4493f; 5a0e6dfb444fb1c76bad8fcd09031ba5d2b4493f; 5a0e6dfb444fb1c76bad8fcd09031ba5d2b4493f; 5a0e6dfb444fb1c76bad8fcd09031ba5d2b4493f; 5a0e6dfb444fb1c76bad8fcd09031ba5d2b4493f; 5a0e6dfb444fb1c76bad8fcd09031ba5d2b4493f; 5a0e6dfb444fb1c76bad8fcd09031ba5d2b4493f; 5a0e6dfb444fb1c76bad8fcd09031ba5d2b4493f; 5a0e6dfb444fb1c76bad8fcd09031ba5d2b4493f; 5a0e6dfb444fb1c76bad8fcd09031ba5d2b4493f; 5a0e6dfb444fb1c76bad8fcd09031ba5d2b4493f; 5a0e6dfb444fb1c76bad8fcd09031ba5d2b4493f; 5a0e6dfb444fb1c76bad8fcd09031ba5d2b4493f; 5a0e6dfb444fb1c76bad8fcd09031ba5d2b4493f; 5a0e6dfb444fb1c76bad8fcd09031ba5d2b4493f; 5a0e6dfb444fb1c76bad8fcd09031ba5d2b4493f; 5a0e6dfb444fb1c76bad8fcd09031ba5d2b4493f; 5a0e6dfb444fb1c76bad8fcd09031ba5d2b4493f; 5a0e6dfb444fb1c76bad8fcd09031ba5d2b4493f; 5a0e6dfb444fb1c76bad8fcd09031ba5d2b4493f; 5a0e6dfb444fb1c76bad8fcd09031ba5d2b4493f; 5a0e6dfb444fb1c76bad8fcd09031ba5d2b4493f; 5a0e6dfb444fb1c76bad8fcd09031ba5d2b4493f; 5a0e6dfb444fb1c76bad8fcd09031ba5d2b4493f; 5a0e6dfb444fb1c76bad8fcd09031ba5d2b4493f; 5a0e6dfb444fb1c76bad8fcd09031ba5d2b4493f; 5a0e6dfb444fb1c76bad8fcd09031ba5d2b4493f; 5a0e6dfb444fb1c76bad8fcd09031ba5d2b4493f; 5a0e6dfb444fb1c76bad8fcd09031ba5d2b4493f; 5a0e6dfb444fb1c76bad8fcd09031ba5d2b4493f; 5a0e6dfb444fb1c76bad8fcd09031ba5d2b4493f; 5a0e6dfb444fb1c76bad8fcd09031ba5d2b4493f; 5a0e6dfb444fb1c76bad8fcd09031ba5d2b4493f; 5a0e6dfb444fb1c76bad8fcd09031ba5d2b4493f; 5a0e6dfb444fb1c76bad8fcd09031ba5d2b4493f; 5a0e6dfb444fb1c76bad8fcd09031ba5d2b4493f; 5a0e6dfb444fb1c76bad8fcd09031ba5d2b4493f; 5a0e6dfb444fb1c76bad8fcd09031ba5d2b4493f; 5a0e6dfb444fb1c76bad8fcd09031ba5d2b4493f; 5a0e6dfb444fb1c76bad8fcd09031ba5d2b4493f; 5a0e6dfb444fb1c76bad8fcd09031ba5d2b4493f; 5a0e6dfb444fb1c76bad8fcd09031ba5d2b4493f; 5a0e6dfb444fb1c76bad8fcd09031ba5d2b4493f; 5a0e6dfb444fb1c76bad8fcd09031ba5d2b4493f; 5a0e6dfb444fb1c76bad8fcd09031ba5d2b4493f; 5a0e6dfb444fb1c76bad8fcd09031ba5d2b4493f; 5a0e6dfb444fb1c76bad8fcd09031ba5d2b4493f; 5a0e6dfb444fb1c76bad8fcd09031ba5d2b4493f; 5a0e6dfb444fb1c76bad8fcd09031ba5d2b4493f; 5a0e6dfb444fb1c76bad8fcd09031ba5d2b4493f; 5a0e6dfb444fb1c76bad8fcd09031ba5d2b4493f; 5a0e6dfb444fb1c76bad8fcd09031ba5d2b4493f; 5a0e6dfb444fb1c76bad8fcd09031ba5d2b4493f; 5a0e6dfb444fb1c76bad8fcd09031ba5d2b4493f; 5a0e6dfb444fb1c76bad8fcd09031ba5d2b4493f; 5a0e6dfb444fb1c76bad8fcd09031ba5d2b4493f; 5a0e6dfb444fb1c76bad8fcd09031ba5d2b4493f; 5a0e6dfb444fb1c76bad8fcd09031ba5d2b4493f; 5a0e6dfb444fb1c76bad8fcd09031ba5d2b4493f; 5a0e6dfb444fb1c76bad8fcd09031ba5d2b4493f; 5a0e6dfb444fb1c76bad8fcd09031ba5d2b4493f; 5a0e6dfb444fb1c76bad8fcd09031ba5d2b4493f; 5a0e6dfb444fb1c76bad8fcd09031ba5d2b4493f; 5a0e6dfb444fb1c76bad8fcd09031ba5d2b4493f; 5a0e6dfb444fb1c76bad8fcd09031ba5d2b4493f; 5a0e6dfb444fb1c76bad8fcd09031ba5d2b4493f; 5a0e6dfb444fb1c76bad8fcd09031ba5d2b4493f; 5a0e6dfb444fb1c76bad8fcd09031ba5d2b4493f; 5a0e6dfb444fb1c76bad8fcd09031ba5d2b4493f; 5a0e6dfb444fb1c76bad8fcd09031ba5d2b4493f; 5a0e6dfb444fb1c76bad8fcd09031ba5d2b4493f; 5a0e6dfb444fb1c76bad8fcd09031ba5d2b4493f; 5a0e6dfb444fb1c76bad8fcd09031ba5d2b4493f; 5a0e6dfb444fb1c76bad8fcd09031ba5d2b4493f; 5a0e6dfb444fb1c76bad8fcd09031ba5d2b4493f; 5a0e6dfb444fb1c76bad8fcd09031ba5d2b4493f; 5a0e6dfb444fb1c76bad8fcd09031ba5d2b4493f; 5a0e6dfb444fb1c76bad8fcd09031ba5d2b4493f; 5a0e6dfb444fb1c76bad8fcd09031ba5d2b4493f; 5a0e6dfb444fb1c76bad8fcd09031ba5d2b4493f; 5a0e6dfb444fb1c76bad8fcd09031ba5d2b4493f; 5a0e6dfb444fb1c76bad8fcd09031ba5d2b4493f; 5a0e6dfb444fb1c76bad8fcd09031ba5d2b4493f; 5a0e6dfb444fb1c76bad8fcd09031ba5d2b4493f; 5a0e6dfb444fb1c76bad8fcd09031ba5d2b4493f; 5a0e6dfb444fb1c76bad8fcd09031ba5d2b4493f; 5a0e6dfb444fb1c76bad8fcd09031ba5d2b4493f; 5a0e6dfb444fb1c76bad8fcd09031ba5d2b4493f; 5a0e6dfb444fb1c76bad8fcd09031ba5d2b4493f; 5a0e6dfb444fb1c76bad8fcd09031ba5d2b4493f; 5a0e6dfb444fb1c76bad8fcd09031ba5d2b4493f; 5a0e6dfb444fb1c76bad8fcd09031ba5d2b4493f; 5a0e6dfb444fb1c76bad8fcd09031ba5d2b4493f; 5a0e6dfb444fb1c76bad8fcd09031ba5d2b4493f; 5a0e6dfb444fb1c76bad8fcd09031ba5d2b4493f; 5a0e6dfb444fb1c76bad8fcd09031ba5d2b4493f; 5a0e6dfb444fb1c76bad8fcd09031ba5d2b4493f; 5a0e6dfb444fb1c76bad8fcd09031ba5d2b4493f; 5a0e6dfb444fb1c76bad8fcd09031ba5d2b4493f; 5a0e6dfb444fb1c76bad8fcd09031ba5d2b4493f; 5a0e6dfb444fb1c76bad8fcd09031ba5d2b4493f; 5a0e6dfb444fb1c76bad8fcd09031ba5d2b4493f; 5a0e6dfb444fb1c76bad8fcd09031ba5d2b4493f; 5a0e6dfb444fb1c76bad8fcd09031ba5d2b4493f; 5a0e6dfb444fb1c76bad8fcd09031ba5d2b4493f; 5a0e6dfb444fb1c76bad8fcd09031ba5d2b4493f; 5a0e6dfb444fb1c76bad8fcd09031ba5d2b4493f; 5a0e6dfb444fb1c76bad8fcd09031ba5d2b4493f; 5a0e6dfb444fb1c76bad8fcd09031ba5d2b4493f; 5a0e6dfb444fb1c76bad8fcd09031ba5d2b4493f; 5a0e6dfb444fb1c76bad8fcd09031ba5d2b4493f; 5a0e6dfb444fb1c76bad8fcd09031ba5d2b4493f; 5a0e6dfb444fb1c76bad8fcd09031ba5d2b4493f; 5a0e6dfb444fb1c76bad8fcd09031ba5d2b4493f; 5a0e6dfb444fb1c76bad8fcd09031ba5d2b4493f; 5a0e6dfb444fb1c76bad8fcd09031ba5d2b4493f; ','added c files in algorithm; ','ZGlmZiAtLWdpdCBhL2lucHV0L2FsZ29yaXRobXMvZGlhbG9nLmMgYi9pbnB1dC9hbGdvcml0aG1zL2RpYWxvZy5jCm5ldyBmaWxlIG1vZGUgMTAwNjQ0CmluZGV4IDAwMDAwMDAuLmEzYjY5MTYKLS0tIC9kZXYvbnVsbAorKysgYi9pbnB1dC9hbGdvcml0aG1zL2RpYWxvZy5jCkBAIC0wLDAgKzEsMTMxMCBAQAorLyoKKyAqICBOb3RlcGFkIChkaWFsb2cuYykKKyAqCisgKiAgQ29weXJpZ2h0IDE5OTgsOTkgTWFyY2VsIEJhdXIgPG1iYXVyQGcyNi5ldGh6LmNoPgorICogIENvcHlyaWdodCAyMDAyIFN5bHZhaW4gUGV0cmVvbGxlIDxzcGV0cmVvbGxlQHlhaG9vLmZyPgorICogIENvcHlyaWdodCAyMDAyIEFuZHJpeSBQYWxhbWFyY2h1aworICoKKyAqIFRoaXMgbGlicmFyeSBpcyBmcmVlIHNvZnR3YXJlOyB5b3UgY2FuIHJlZGlzdHJpYnV0ZSBpdCBhbmQvb3IKKyAqIG1vZGlmeSBpdCB1bmRlciB0aGUgdGVybXMgb2YgdGhlIEdOVSBMZXNzZXIgR2VuZXJhbCBQdWJsaWMKKyAqIExpY2Vuc2UgYXMgcHVibGlzaGVkIGJ5IHRoZSBGcmVlIFNvZnR3YXJlIEZvdW5kYXRpb247IGVpdGhlcgorICogdmVyc2lvbiAyLjEgb2YgdGhlIExpY2Vuc2UsIG9yIChhdCB5b3VyIG9wdGlvbikgYW55IGxhdGVyIHZlcnNpb24uCisgKgorICogVGhpcyBsaWJyYXJ5IGlzIGRpc3RyaWJ1dGVkIGluIHRoZSBob3BlIHRoYXQgaXQgd2lsbCBiZSB1c2VmdWwsCisgKiBidXQgV0lUSE9VVCBBTlkgV0FSUkFOVFk7IHdpdGhvdXQgZXZlbiB0aGUgaW1wbGllZCB3YXJyYW50eSBvZgorICogTUVSQ0hBTlRBQklMSVRZIG9yIEZJVE5FU1MgRk9SIEEgUEFSVElDVUxBUiBQVVJQT1NFLiAgU2VlIHRoZSBHTlUKKyAqIExlc3NlciBHZW5lcmFsIFB1YmxpYyBMaWNlbnNlIGZvciBtb3JlIGRldGFpbHMuCisgKgorICogWW91IHNob3VsZCBoYXZlIHJlY2VpdmVkIGEgY29weSBvZiB0aGUgR05VIExlc3NlciBHZW5lcmFsIFB1YmxpYworICogTGljZW5zZSBhbG9uZyB3aXRoIHRoaXMgbGlicmFyeTsgaWYgbm90LCB3cml0ZSB0byB0aGUgRnJlZSBTb2Z0d2FyZQorICogRm91bmRhdGlvbiwgSW5jLiwgNTEgRnJhbmtsaW4gU3RyZWV0LCBGaWZ0aCBGbG9vciwgQm9zdG9uLCBNQSAgMDIxMTAtMTMwMSAgVVNBCisgKi8KKworI2luY2x1ZGUgIm5vdGVwYWQuaCIKKworI2luY2x1ZGUgPGFzc2VydC5oPgorI2luY2x1ZGUgPGNvbW1jdHJsLmg+CisjaW5jbHVkZSA8c3Ryc2FmZS5oPgorCitMUkVTVUxUIENBTExCQUNLIEVESVRfV25kUHJvYyhIV05EIGhXbmQsIFVJTlQgbXNnLCBXUEFSQU0gd1BhcmFtLCBMUEFSQU0gbFBhcmFtKTsKKworc3RhdGljIGNvbnN0IFRDSEFSIGhlbHBmaWxlW10gPSBfVCgibm90ZXBhZC5obHAiKTsKK3N0YXRpYyBjb25zdCBUQ0hBUiBlbXB0eV9zdHJbXSA9IF9UKCIiKTsKK3N0YXRpYyBjb25zdCBUQ0hBUiBzekRlZmF1bHRFeHRbXSA9IF9UKCJ0eHQiKTsKK3N0YXRpYyBjb25zdCBUQ0hBUiB0eHRfZmlsZXNbXSA9IF9UKCIqLnR4dCIpOworCitzdGF0aWMgVUlOVF9QVFIgQ0FMTEJBQ0sgRElBTE9HX1BBR0VTRVRVUF9Ib29rKEhXTkQgaERsZywgVUlOVCBtc2csIFdQQVJBTSB3UGFyYW0sIExQQVJBTSBsUGFyYW0pOworCisvLyBQVjpJRkNPTkQocHY6aGFzRmVhdHVyZSgnQWlyUHJlc3N1cmUnKSkKK1ZPSUQgU2hvd0xhc3RFcnJvcihWT0lEKQoreworICAgIERXT1JEIGVycm9yID0gR2V0TGFzdEVycm9yKCk7CisgICAgaWYgKGVycm9yICE9IE5PX0VSUk9SKQorICAgIHsKKyAgICAgICAgTFBUU1RSIGxwTXNnQnVmID0gTlVMTDsKKyAgICAgICAgVENIQVIgc3pUaXRsZVtNQVhfU1RSSU5HX0xFTl07CisKKyAgICAgICAgTG9hZFN0cmluZyhHbG9iYWxzLmhJbnN0YW5jZSwgU1RSSU5HX0VSUk9SLCBzelRpdGxlLCBBUlJBWV9TSVpFKHN6VGl0bGUpKTsKKworICAgICAgICBGb3JtYXRNZXNzYWdlKEZPUk1BVF9NRVNTQUdFX0FMTE9DQVRFX0JVRkZFUiB8IEZPUk1BVF9NRVNTQUdFX0ZST01fU1lTVEVNLAorICAgICAgICAgICAgICAgICAgICAgIE5VTEwsCisgICAgICAgICAgICAgICAgICAgICAgZXJyb3IsCisgICAgICAgICAgICAgICAgICAgICAgMCwKKyAgICAgICAgICAgICAgICAgICAgICAoTFBUU1RSKSAmbHBNc2dCdWYsCisgICAgICAgICAgICAgICAgICAgICAgMCwKKyAgICAgICAgICAgICAgICAgICAgICBOVUxMKTsKKworICAgICAgICBNZXNzYWdlQm94KE5VTEwsIGxwTXNnQnVmLCBzelRpdGxlLCBNQl9PSyB8IE1CX0lDT05FUlJPUik7CisgICAgICAgIExvY2FsRnJlZShscE1zZ0J1Zik7CisgICAgfQorfQorLy8gUFY6RU5EQ09ORAorLyoqCisgKiBTZXRzIHRoZSBjYXB0aW9uIG9mIHRoZSBtYWluIHdpbmRvdyBhY2NvcmRpbmcgdG8gR2xvYmFscy5zekZpbGVUaXRsZToKKyAqICAgICh1bnRpdGxlZCkgLSBOb3RlcGFkICAgICAgaWYgbm8gZmlsZSBpcyBvcGVuCisgKiAgICBbZmlsZW5hbWVdIC0gTm90ZXBhZCAgICAgIGlmIGEgZmlsZSBpcyBnaXZlbgorICovCit2b2lkIFVwZGF0ZVdpbmRvd0NhcHRpb24oQk9PTCBjbGVhck1vZGlmeUFsZXJ0KQoreworICAgIFRDSEFSIHN6Q2FwdGlvbltNQVhfU1RSSU5HX0xFTl07CisgICAgVENIQVIgc3pOb3RlcGFkW01BWF9TVFJJTkdfTEVOXTsKKyAgICBUQ0hBUiBzekZpbGVuYW1lW01BWF9TVFJJTkdfTEVOXTsKKy8vIFBWOklGQ09ORChwdjpoYXNGZWF0dXJlKCdXaW5kU3BlZWQnKSkKKyAgICAvKiBMb2FkIHRoZSBuYW1lIG9mIHRoZSBhcHBsaWNhdGlvbiAqLworICAgIExvYWRTdHJpbmcoR2xvYmFscy5oSW5zdGFuY2UsIFNUUklOR19OT1RFUEFELCBzek5vdGVwYWQsIEFSUkFZX1NJWkUoc3pOb3RlcGFkKSk7CisKKyAgICAvKiBEZXRlcm1pbmUgaWYgdGhlIGZpbGUgaGFzIGJlZW4gc2F2ZWQgb3IgaWYgdGhpcyBpcyBhIG5ldyBmaWxlICovCisgICAgaWYgKEdsb2JhbHMuc3pGaWxlVGl0bGVbMF0gIT0gMCkKKyAgICAgICAgU3RyaW5nQ2NoQ29weShzekZpbGVuYW1lLCBBUlJBWV9TSVpFKHN6RmlsZW5hbWUpLCBHbG9iYWxzLnN6RmlsZVRpdGxlKTsKKyAgICBlbHNlCisgICAgICAgIExvYWRTdHJpbmcoR2xvYmFscy5oSW5zdGFuY2UsIFNUUklOR19VTlRJVExFRCwgc3pGaWxlbmFtZSwgQVJSQVlfU0laRShzekZpbGVuYW1lKSk7CisKKyAgICAvKiBXaGVuIGEgZmlsZSBpcyBiZWluZyBvcGVuZWQgb3IgY3JlYXRlZCwgdGhlcmUgaXMgbm8gbmVlZCB0byBoYXZlIHRoZSBlZGl0ZWQgZmxhZyBzaG93bgorICAgICAgIHdoZW4gdGhlIG5ldyBvciBvcGVuZWQgZmlsZSBoYXMgbm90IGJlZW4gZWRpdGVkIHlldCAqLworICAgIGlmIChjbGVhck1vZGlmeUFsZXJ0KQorICAgICAgICBTdHJpbmdDYlByaW50ZihzekNhcHRpb24sIEFSUkFZX1NJWkUoc3pDYXB0aW9uKSwgX1QoIiVzIC0gJXMiKSwgc3pGaWxlbmFtZSwgc3pOb3RlcGFkKTsKKyAgICBlbHNlCisgICAgeworICAgICAgICBCT09MIGlzTW9kaWZpZWQgPSAoU2VuZE1lc3NhZ2UoR2xvYmFscy5oRWRpdCwgRU1fR0VUTU9ESUZZLCAwLCAwKSA/IFRSVUUgOiBGQUxTRSk7CisKKyAgICAgICAgLyogVXBkYXRlIHRoZSBjYXB0aW9uIGJhc2VkIHVwb24gaWYgdGhlIHVzZXIgaGFzIG1vZGlmaWVkIHRoZSBjb250ZW50cyBvZiB0aGUgZmlsZSBvciBub3QgKi8KKyAgICAgICAgU3RyaW5nQ2JQcmludGYoc3pDYXB0aW9uLCBBUlJBWV9TSVpFKHN6Q2FwdGlvbiksIF9UKCIlcyVzIC0gJXMiKSwKKyAgICAgICAgICAgIChpc01vZGlmaWVkID8gX1QoIioiKSA6IF9UKCIiKSksIHN6RmlsZW5hbWUsIHN6Tm90ZXBhZCk7CisgICAgfQorLy8gUFY6IEVORENPTkQKKyAgICAvKiBVcGRhdGUgdGhlIHdpbmRvdyBjYXB0aW9uICovCisgICAgU2V0V2luZG93VGV4dChHbG9iYWxzLmhNYWluV25kLCBzekNhcHRpb24pOworfQorCitpbnQgRElBTE9HX1N0cmluZ01zZ0JveChIV05EIGhQYXJlbnQsIGludCBmb3JtYXRJZCwgTFBDVFNUUiBzelN0cmluZywgRFdPUkQgZHdGbGFncykKK3sKKyAgICBUQ0hBUiBzek1lc3NhZ2VbTUFYX1NUUklOR19MRU5dOworICAgIFRDSEFSIHN6UmVzb3VyY2VbTUFYX1NUUklOR19MRU5dOworCisgICAgLyogTG9hZCBhbmQgZm9ybWF0IHN6TWVzc2FnZSAqLworICAgIExvYWRTdHJpbmcoR2xvYmFscy5oSW5zdGFuY2UsIGZvcm1hdElkLCBzelJlc291cmNlLCBBUlJBWV9TSVpFKHN6UmVzb3VyY2UpKTsKKyAgICBfc250cHJpbnRmKHN6TWVzc2FnZSwgQVJSQVlfU0laRShzek1lc3NhZ2UpLCBzelJlc291cmNlLCBzelN0cmluZyk7CisKKyAgICAvKiBMb2FkIHN6Q2FwdGlvbiAqLworICAgIGlmICgoZHdGbGFncyAmIE1CX0lDT05NQVNLKSA9PSBNQl9JQ09ORVhDTEFNQVRJT04pCisgICAgICAgIExvYWRTdHJpbmcoR2xvYmFscy5oSW5zdGFuY2UsIFNUUklOR19FUlJPUiwgc3pSZXNvdXJjZSwgQVJSQVlfU0laRShzelJlc291cmNlKSk7CisgICAgZWxzZQorICAgICAgICBMb2FkU3RyaW5nKEdsb2JhbHMuaEluc3RhbmNlLCBTVFJJTkdfTk9URVBBRCwgc3pSZXNvdXJjZSwgQVJSQVlfU0laRShzelJlc291cmNlKSk7CisKKyAgICAvKiBEaXNwbGF5IE1vZGFsIERpYWxvZyAqLworICAgIC8vIGlmIChoUGFyZW50ID09IE5VTEwpCisgICAgICAgIC8vIGhQYXJlbnQgPSBHbG9iYWxzLmhNYWluV25kOworICAgIHJldHVybiBNZXNzYWdlQm94KGhQYXJlbnQsIHN6TWVzc2FnZSwgc3pSZXNvdXJjZSwgZHdGbGFncyk7Cit9CisKK3N0YXRpYyB2b2lkIEFsZXJ0RmlsZU5vdEZvdW5kKExQQ1RTVFIgc3pGaWxlTmFtZSkKK3sKKyAgICBESUFMT0dfU3RyaW5nTXNnQm94KEdsb2JhbHMuaE1haW5XbmQsIFNUUklOR19OT1RGT1VORCwgc3pGaWxlTmFtZSwgTUJfSUNPTkVYQ0xBTUFUSU9OIHwgTUJfT0spOworfQorCitzdGF0aWMgaW50IEFsZXJ0RmlsZU5vdFNhdmVkKExQQ1RTVFIgc3pGaWxlTmFtZSkKK3sKKyAgICBUQ0hBUiBzelVudGl0bGVkW01BWF9TVFJJTkdfTEVOXTsKKworICAgIExvYWRTdHJpbmcoR2xvYmFscy5oSW5zdGFuY2UsIFNUUklOR19VTlRJVExFRCwgc3pVbnRpdGxlZCwgQVJSQVlfU0laRShzelVudGl0bGVkKSk7CisKKyAgICByZXR1cm4gRElBTE9HX1N0cmluZ01zZ0JveChHbG9iYWxzLmhNYWluV25kLCBTVFJJTkdfTk9UU0FWRUQsCisgICAgICAgICAgICAgICAgICAgICAgICAgICAgICAgc3pGaWxlTmFtZVswXSA/IHN6RmlsZU5hbWUgOiBzelVudGl0bGVkLAorICAgICAgICAgICAgICAgICAgICAgICAgICAgICAgIE1CX0lDT05RVUVTVElPTiB8IE1CX1lFU05PQ0FOQ0VMKTsKK30KKworc3RhdGljIHZvaWQgQWxlcnRQcmludEVycm9yKHZvaWQpCit7CisgICAgVENIQVIgc3pVbnRpdGxlZFtNQVhfU1RSSU5HX0xFTl07CisKKyAgICBMb2FkU3RyaW5nKEdsb2JhbHMuaEluc3RhbmNlLCBTVFJJTkdfVU5USVRMRUQsIHN6VW50aXRsZWQsIEFSUkFZX1NJWkUoc3pVbnRpdGxlZCkpOworCisgICAgRElBTE9HX1N0cmluZ01zZ0JveChHbG9iYWxzLmhNYWluV25kLCBTVFJJTkdfUFJJTlRFUlJPUiwKKyAgICAgICAgICAgICAgICAgICAgICAgIEdsb2JhbHMuc3pGaWxlTmFtZVswXSA/IEdsb2JhbHMuc3pGaWxlTmFtZSA6IHN6VW50aXRsZWQsCisgICAgICAgICAgICAgICAgICAgICAgICBNQl9JQ09ORVhDTEFNQVRJT04gfCBNQl9PSyk7Cit9CisKKy8qKgorICogUmV0dXJuczoKKyAqICAgVFJVRSAgLSBpZiBmaWxlIGV4aXN0cworICogICBGQUxTRSAtIGlmIGZpbGUgZG9lcyBub3QgZXhpc3QKKyAqLworQk9PTCBGaWxlRXhpc3RzKExQQ1RTVFIgc3pGaWxlbmFtZSkKK3sKKyAgICBXSU4zMl9GSU5EX0RBVEEgZW50cnk7CisgICAgSEFORExFIGhGaWxlOworCisgICAgaEZpbGUgPSBGaW5kRmlyc3RGaWxlKHN6RmlsZW5hbWUsICZlbnRyeSk7CisgICAgRmluZENsb3NlKGhGaWxlKTsKKworICAgIHJldHVybiAoaEZpbGUgIT0gSU5WQUxJRF9IQU5ETEVfVkFMVUUpOworfQorCitCT09MIEhhc0ZpbGVFeHRlbnNpb24oTFBDVFNUUiBzekZpbGVuYW1lKQoreworICAgIExQQ1RTVFIgczsKKworICAgIHMgPSBfdGNzcmNocihzekZpbGVuYW1lLCBfVCgnXFwnKSk7CisgICAgaWYgKHMpCisgICAgICAgIHN6RmlsZW5hbWUgPSBzOworICAgIHJldHVybiBfdGNzcmNocihzekZpbGVuYW1lLCBfVCgnLicpKSAhPSBOVUxMOworfQorCitpbnQgR2V0U2VsZWN0aW9uVGV4dExlbmd0aChIV05EIGhXbmQpCit7CisgICAgRFdPUkQgZHdTdGFydCA9IDA7CisgICAgRFdPUkQgZHdFbmQgPSAwOworCisgICAgU2VuZE1lc3NhZ2UoaFduZCwgRU1fR0VUU0VMLCAoV1BBUkFNKSZkd1N0YXJ0LCAoTFBBUkFNKSZkd0VuZCk7CisKKyAgICByZXR1cm4gZHdFbmQgLSBkd1N0YXJ0OworfQorCitpbnQgR2V0U2VsZWN0aW9uVGV4dChIV05EIGhXbmQsIExQVFNUUiBscFN0cmluZywgaW50IG5NYXhDb3VudCkKK3sKKyAgICBEV09SRCBkd1N0YXJ0ID0gMDsKKyAgICBEV09SRCBkd0VuZCA9IDA7CisgICAgRFdPUkQgZHdTaXplOworICAgIEhSRVNVTFQgaFJlc3VsdDsKKyAgICBMUFRTVFIgbHBUZW1wOworCisgICAgaWYgKCFscFN0cmluZykKKyAgICB7CisgICAgICAgIHJldHVybiAwOworICAgIH0KKy8vIFBWOklGQ09ORChwdjpoYXNGZWF0dXJlKCdUZW1wZXJhdHVyZScpIG9yIHB2Omhhc0ZlYXR1cmUoJ0dhbGUnKSApCisgICAgU2VuZE1lc3NhZ2UoaFduZCwgRU1fR0VUU0VMLCAoV1BBUkFNKSZkd1N0YXJ0LCAoTFBBUkFNKSZkd0VuZCk7CisKKyAgICBpZiAoZHdTdGFydCA9PSBkd0VuZCkKKyAgICB7CisgICAgICAgIHJldHVybiAwOworICAgIH0KKworICAgIGR3U2l6ZSA9IEdldFdpbmRvd1RleHRMZW5ndGgoaFduZCkgKyAxOworICAgIGxwVGVtcCA9IEhlYXBBbGxvYyhHZXRQcm9jZXNzSGVhcCgpLCAwLCBkd1NpemUgKiBzaXplb2YoVENIQVIpKTsKKyAgICBpZiAoIWxwVGVtcCkKKyAgICB7CisgICAgICAgIHJldHVybiAwOworICAgIH0KKworICAgIGR3U2l6ZSA9IEdldFdpbmRvd1RleHQoaFduZCwgbHBUZW1wLCBkd1NpemUpOworLy9QVjpJRkNPTkQKKyAgICBpZiAoIWR3U2l6ZSkKKyAgICB7CisgICAgICAgIEhlYXBGcmVlKEdldFByb2Nlc3NIZWFwKCksIDAsIGxwVGVtcCk7CisgICAgICAgIHJldHVybiAwOworICAgIH0KKworICAgIGhSZXN1bHQgPSBTdHJpbmdDY2hDb3B5TihscFN0cmluZywgbk1heENvdW50LCBscFRlbXAgKyBkd1N0YXJ0LCBkd0VuZCAtIGR3U3RhcnQpOworICAgIEhlYXBGcmVlKEdldFByb2Nlc3NIZWFwKCksIDAsIGxwVGVtcCk7CisKKyAgICBzd2l0Y2ggKGhSZXN1bHQpCisgICAgeworICAgICAgICBjYXNlIFNfT0s6CisgICAgICAgIHsKKyAgICAgICAgICAgIHJldHVybiBkd0VuZCAtIGR3U3RhcnQ7CisgICAgICAgIH0KKworICAgICAgICBjYXNlIFNUUlNBRkVfRV9JTlNVRkZJQ0lFTlRfQlVGRkVSOgorICAgICAgICB7CisgICAgICAgICAgICByZXR1cm4gbk1heENvdW50IC0gMTsKKyAgICAgICAgfQorCisgICAgICAgIGRlZmF1bHQ6CisgICAgICAgIHsKKyAgICAgICAgICAgIHJldHVybiAwOworICAgICAgICB9CisgICAgfQorfQorCitzdGF0aWMgUkVDVAorR2V0UHJpbnRpbmdSZWN0KEhEQyBoZGMsIFJFQ1QgbWFyZ2lucykKK3sKKyAgICBpbnQgaUxvZ1BpeGVsc1gsIGlMb2dQaXhlbHNZOworICAgIGludCBpSG9yelJlcywgaVZlcnRSZXM7CisgICAgaW50IGlQaHlzUGFnZVgsIGlQaHlzUGFnZVksIGlQaHlzUGFnZVcsIGlQaHlzUGFnZUg7CisgICAgUkVDVCByY1ByaW50UmVjdDsKKworICAgIGlQaHlzUGFnZVggPSBHZXREZXZpY2VDYXBzKGhkYywgUEhZU0lDQUxPRkZTRVRYKTsKKyAgICBpUGh5c1BhZ2VZID0gR2V0RGV2aWNlQ2FwcyhoZGMsIFBIWVNJQ0FMT0ZGU0VUWSk7CisgICAgaVBoeXNQYWdlVyA9IEdldERldmljZUNhcHMoaGRjLCBQSFlTSUNBTFdJRFRIKTsKKyAgICBpUGh5c1BhZ2VIID0gR2V0RGV2aWNlQ2FwcyhoZGMsIFBIWVNJQ0FMSEVJR0hUKTsKKyAgICBpTG9nUGl4ZWxzWCA9IEdldERldmljZUNhcHMoaGRjLCBMT0dQSVhFTFNYKTsKKyAgICBpTG9nUGl4ZWxzWSA9IEdldERldmljZUNhcHMoaGRjLCBMT0dQSVhFTFNZKTsKKyAgICBpSG9yelJlcyA9IEdldERldmljZUNhcHMoaGRjLCBIT1JaUkVTKTsKKyAgICBpVmVydFJlcyA9IEdldERldmljZUNhcHMoaGRjLCBWRVJUUkVTKTsKKworICAgIHJjUHJpbnRSZWN0LmxlZnQgPSAobWFyZ2lucy5sZWZ0ICogaUxvZ1BpeGVsc1ggLyAyNTQwKSAtIGlQaHlzUGFnZVg7CisgICAgcmNQcmludFJlY3QudG9wID0gKG1hcmdpbnMudG9wICogaUxvZ1BpeGVsc1kgLyAyNTQwKSAtIGlQaHlzUGFnZVk7CisgICAgcmNQcmludFJlY3QucmlnaHQgPSBpSG9yelJlcyAtICgoKG1hcmdpbnMubGVmdCAqIGlMb2dQaXhlbHNYIC8gMjU0MCkgLSBpUGh5c1BhZ2VYKSArICgobWFyZ2lucy5yaWdodCAqIGlMb2dQaXhlbHNYIC8gMjU0MCkgLSAoaVBoeXNQYWdlVyAtIGlQaHlzUGFnZVggLSBpSG9yelJlcykpKTsKKyAgICByY1ByaW50UmVjdC5ib3R0b20gPSBpVmVydFJlcyAtICgoKG1hcmdpbnMudG9wICogaUxvZ1BpeGVsc1kgLyAyNTQwKSAtIGlQaHlzUGFnZVkpICsgKChtYXJnaW5zLmJvdHRvbSAqIGlMb2dQaXhlbHNZIC8gMjU0MCkgLSAoaVBoeXNQYWdlSCAtIGlQaHlzUGFnZVkgLSBpVmVydFJlcykpKTsKKworICAgIHJldHVybiByY1ByaW50UmVjdDsKK30KKworc3RhdGljIEJPT0wgRG9TYXZlRmlsZShWT0lEKQoreworICAgIEJPT0wgYlJldCA9IFRSVUU7CisgICAgSEFORExFIGhGaWxlOworICAgIExQVFNUUiBwVGVtcDsKKyAgICBEV09SRCBzaXplOworCisgICAgaEZpbGUgPSBDcmVhdGVGaWxlKEdsb2JhbHMuc3pGaWxlTmFtZSwgR0VORVJJQ19XUklURSwgRklMRV9TSEFSRV9XUklURSwKKyAgICAgICAgICAgICAgICAgICAgICAgTlVMTCwgQ1JFQVRFX0FMV0FZUywgRklMRV9BVFRSSUJVVEVfTk9STUFMLCBOVUxMKTsKKyAgICBpZihoRmlsZSA9PSBJTlZBTElEX0hBTkRMRV9WQUxVRSkKKyAgICB7CisgICAgICAgIFNob3dMYXN0RXJyb3IoKTsKKyAgICAgICAgcmV0dXJuIEZBTFNFOworICAgIH0KKworICAgIHNpemUgPSBHZXRXaW5kb3dUZXh0TGVuZ3RoKEdsb2JhbHMuaEVkaXQpICsgMTsKKyAgICBwVGVtcCA9IEhlYXBBbGxvYyhHZXRQcm9jZXNzSGVhcCgpLCAwLCBzaXplICogc2l6ZW9mKCpwVGVtcCkpOworICAgIGlmICghcFRlbXApCisgICAgeworICAgICAgICBDbG9zZUhhbmRsZShoRmlsZSk7CisgICAgICAgIFNob3dMYXN0RXJyb3IoKTsKKyAgICAgICAgcmV0dXJuIEZBTFNFOworICAgIH0KKyAgICBzaXplID0gR2V0V2luZG93VGV4dChHbG9iYWxzLmhFZGl0LCBwVGVtcCwgc2l6ZSk7CisKKyAgICBpZiAoc2l6ZSkKKyAgICB7CisgICAgICAgIGlmICghV3JpdGVUZXh0KGhGaWxlLCAoTFBXU1RSKXBUZW1wLCBzaXplLCBHbG9iYWxzLmVuY0ZpbGUsIEdsb2JhbHMuaUVvbG4pKQorICAgICAgICB7CisgICAgICAgICAgICBTaG93TGFzdEVycm9yKCk7CisgICAgICAgICAgICBiUmV0ID0gRkFMU0U7CisgICAgICAgIH0KKyAgICAgICAgZWxzZQorICAgICAgICB7CisgICAgICAgICAgICBTZW5kTWVzc2FnZShHbG9iYWxzLmhFZGl0LCBFTV9TRVRNT0RJRlksIEZBTFNFLCAwKTsKKyAgICAgICAgICAgIGJSZXQgPSBUUlVFOworICAgICAgICB9CisgICAgfQorCisgICAgQ2xvc2VIYW5kbGUoaEZpbGUpOworICAgIEhlYXBGcmVlKEdldFByb2Nlc3NIZWFwKCksIDAsIHBUZW1wKTsKKyAgICByZXR1cm4gYlJldDsKK30KKworLyoqCisgKiBSZXR1cm5zOgorICogICBUUlVFICAtIFVzZXIgYWdyZWVkIHRvIGNsb3NlIChib3RoIHNhdmUvZG9uJ3Qgc2F2ZSkKKyAqICAgRkFMU0UgLSBVc2VyIGNhbmNlbGxlZCBjbG9zZSBieSBzZWxlY3RpbmcgIkNhbmNlbCIKKyAqLworQk9PTCBEb0Nsb3NlRmlsZShWT0lEKQoreworICAgIGludCBuUmVzdWx0OworCisgICAgaWYgKFNlbmRNZXNzYWdlKEdsb2JhbHMuaEVkaXQsIEVNX0dFVE1PRElGWSwgMCwgMCkpCisgICAgeworICAgICAgICAvKiBwcm9tcHQgdXNlciB0byBzYXZlIGNoYW5nZXMgKi8KKyAgICAgICAgblJlc3VsdCA9IEFsZXJ0RmlsZU5vdFNhdmVkKEdsb2JhbHMuc3pGaWxlTmFtZSk7CisgICAgICAgIHN3aXRjaCAoblJlc3VsdCkKKyAgICAgICAgeworICAgICAgICAgICAgY2FzZSBJRFlFUzoKKyAgICAgICAgICAgICAgICBpZighRElBTE9HX0ZpbGVTYXZlKCkpCisgICAgICAgICAgICAgICAgICAgIHJldHVybiBGQUxTRTsKKyAgICAgICAgICAgICAgICBicmVhazsKKworICAgICAgICAgICAgY2FzZSBJRE5POgorICAgICAgICAgICAgICAgIGJyZWFrOworCisgICAgICAgICAgICBjYXNlIElEQ0FOQ0VMOgorICAgICAgICAgICAgICAgIHJldHVybiBGQUxTRTsKKworICAgICAgICAgICAgZGVmYXVsdDoKKyAgICAgICAgICAgICAgICByZXR1cm4gRkFMU0U7CisgICAgICAgIH0KKyAgICB9CisKKyAgICBTZXRGaWxlTmFtZShlbXB0eV9zdHIpOworICAgIFVwZGF0ZVdpbmRvd0NhcHRpb24oVFJVRSk7CisKKyAgICByZXR1cm4gVFJVRTsKK30KKworVk9JRCBEb09wZW5GaWxlKExQQ1RTVFIgc3pGaWxlTmFtZSkKK3sKKyAgICBzdGF0aWMgY29uc3QgVENIQVIgZG90bG9nW10gPSBfVCgiLkxPRyIpOworICAgIEhBTkRMRSBoRmlsZTsKKyAgICBMUFRTVFIgcHN6VGV4dCA9IE5VTEw7CisgICAgRFdPUkQgZHdUZXh0TGVuOworICAgIFRDSEFSIGxvZ1s1XTsKKworICAgIC8qIENsb3NlIGFueSBmaWxlcyBhbmQgcHJvbXB0IHRvIHNhdmUgY2hhbmdlcyAqLworICAgIGlmICghRG9DbG9zZUZpbGUoKSkKKyAgICAgICAgcmV0dXJuOworCisgICAgaEZpbGUgPSBDcmVhdGVGaWxlKHN6RmlsZU5hbWUsIEdFTkVSSUNfUkVBRCwgRklMRV9TSEFSRV9SRUFEIHwgRklMRV9TSEFSRV9XUklURSwgTlVMTCwKKyAgICAgICAgICAgICAgICAgICAgICAgT1BFTl9BTFdBWVMsIEZJTEVfQVRUUklCVVRFX05PUk1BTCwgTlVMTCk7CisgICAgaWYgKGhGaWxlID09IElOVkFMSURfSEFORExFX1ZBTFVFKQorICAgIHsKKyAgICAgICAgU2hvd0xhc3RFcnJvcigpOworICAgICAgICBnb3RvIGRvbmU7CisgICAgfQorCisgICAgaWYgKCFSZWFkVGV4dChoRmlsZSwgKExQV1NUUiAqKSZwc3pUZXh0LCAmZHdUZXh0TGVuLCAmR2xvYmFscy5lbmNGaWxlLCAmR2xvYmFscy5pRW9sbikpCisgICAgeworICAgICAgICBTaG93TGFzdEVycm9yKCk7CisgICAgICAgIGdvdG8gZG9uZTsKKyAgICB9CisgICAgU2V0V2luZG93VGV4dChHbG9iYWxzLmhFZGl0LCBwc3pUZXh0KTsKKworICAgIFNlbmRNZXNzYWdlKEdsb2JhbHMuaEVkaXQsIEVNX1NFVE1PRElGWSwgRkFMU0UsIDApOworICAgIFNlbmRNZXNzYWdlKEdsb2JhbHMuaEVkaXQsIEVNX0VNUFRZVU5ET0JVRkZFUiwgMCwgMCk7CisgICAgU2V0Rm9jdXMoR2xvYmFscy5oRWRpdCk7CisKKyAgICAvKiAgSWYgdGhlIGZpbGUgc3RhcnRzIHdpdGggLkxPRywgYWRkIGEgdGltZS9kYXRlIGF0IHRoZSBlbmQgYW5kIHNldCBjdXJzb3IgYWZ0ZXIKKyAgICAgKiAgU2VlIGh0dHA6Ly9zdXBwb3J0Lm1pY3Jvc29mdC5jb20vP2tiaWQ9MjYwNTYzCisgICAgICovCisgICAgaWYgKEdldFdpbmRvd1RleHQoR2xvYmFscy5oRWRpdCwgbG9nLCBBUlJBWV9TSVpFKGxvZykpICYmICFfdGNzY21wKGxvZywgZG90bG9nKSkKKyAgICB7CisgICAgICAgIHN0YXRpYyBjb25zdCBUQ0hBUiBsZltdID0gX1QoIlxyXG4iKTsKKyAgICAgICAgU2VuZE1lc3NhZ2UoR2xvYmFscy5oRWRpdCwgRU1fU0VUU0VMLCBHZXRXaW5kb3dUZXh0TGVuZ3RoKEdsb2JhbHMuaEVkaXQpLCAtMSk7CisgICAgICAgIFNlbmRNZXNzYWdlKEdsb2JhbHMuaEVkaXQsIEVNX1JFUExBQ0VTRUwsIFRSVUUsIChMUEFSQU0pbGYpOworICAgICAgICBESUFMT0dfRWRpdFRpbWVEYXRlKCk7CisgICAgICAgIFNlbmRNZXNzYWdlKEdsb2JhbHMuaEVkaXQsIEVNX1JFUExBQ0VTRUwsIFRSVUUsIChMUEFSQU0pbGYpOworICAgIH0KKworICAgIFNldEZpbGVOYW1lKHN6RmlsZU5hbWUpOworICAgIFVwZGF0ZVdpbmRvd0NhcHRpb24oVFJVRSk7CisgICAgTk9URVBBRF9FbmFibGVTZWFyY2hNZW51KCk7Citkb25lOgorICAgIGlmIChoRmlsZSAhPSBJTlZBTElEX0hBTkRMRV9WQUxVRSkKKyAgICAgICAgQ2xvc2VIYW5kbGUoaEZpbGUpOworICAgIGlmIChwc3pUZXh0KQorICAgICAgICBIZWFwRnJlZShHZXRQcm9jZXNzSGVhcCgpLCAwLCBwc3pUZXh0KTsKK30KKworVk9JRCBESUFMT0dfRmlsZU5ldyhWT0lEKQoreworICAgIC8qIENsb3NlIGFueSBmaWxlcyBhbmQgcHJvbXB0IHRvIHNhdmUgY2hhbmdlcyAqLworICAgIGlmIChEb0Nsb3NlRmlsZSgpKSB7CisgICAgICAgIFNldFdpbmRvd1RleHQoR2xvYmFscy5oRWRpdCwgZW1wdHlfc3RyKTsKKyAgICAgICAgU2VuZE1lc3NhZ2UoR2xvYmFscy5oRWRpdCwgRU1fRU1QVFlVTkRPQlVGRkVSLCAwLCAwKTsKKyAgICAgICAgU2V0Rm9jdXMoR2xvYmFscy5oRWRpdCk7CisgICAgICAgIE5PVEVQQURfRW5hYmxlU2VhcmNoTWVudSgpOworICAgIH0KK30KKworVk9JRCBESUFMT0dfRmlsZU9wZW4oVk9JRCkKK3sKKyAgICBPUEVORklMRU5BTUUgb3BlbmZpbGVuYW1lOworICAgIFRDSEFSIHN6UGF0aFtNQVhfUEFUSF07CisKKyAgICBaZXJvTWVtb3J5KCZvcGVuZmlsZW5hbWUsIHNpemVvZihvcGVuZmlsZW5hbWUpKTsKKworICAgIGlmIChHbG9iYWxzLnN6RmlsZU5hbWVbMF0gPT0gMCkKKyAgICAgICAgX3Rjc2NweShzelBhdGgsIHR4dF9maWxlcyk7CisgICAgZWxzZQorICAgICAgICBfdGNzY3B5KHN6UGF0aCwgR2xvYmFscy5zekZpbGVOYW1lKTsKKworICAgIG9wZW5maWxlbmFtZS5sU3RydWN0U2l6ZSA9IHNpemVvZihvcGVuZmlsZW5hbWUpOworICAgIG9wZW5maWxlbmFtZS5od25kT3duZXIgPSBHbG9iYWxzLmhNYWluV25kOworICAgIG9wZW5maWxlbmFtZS5oSW5zdGFuY2UgPSBHbG9iYWxzLmhJbnN0YW5jZTsKKyAgICBvcGVuZmlsZW5hbWUubHBzdHJGaWx0ZXIgPSBHbG9iYWxzLnN6RmlsdGVyOworICAgIG9wZW5maWxlbmFtZS5scHN0ckZpbGUgPSBzelBhdGg7CisgICAgb3BlbmZpbGVuYW1lLm5NYXhGaWxlID0gQVJSQVlfU0laRShzelBhdGgpOworICAgIG9wZW5maWxlbmFtZS5GbGFncyA9IE9GTl9GSUxFTVVTVEVYSVNUIHwgT0ZOX1BBVEhNVVNURVhJU1QgfCBPRk5fSElERVJFQURPTkxZOworICAgIG9wZW5maWxlbmFtZS5scHN0ckRlZkV4dCA9IHN6RGVmYXVsdEV4dDsKKworICAgIGlmIChHZXRPcGVuRmlsZU5hbWUoJm9wZW5maWxlbmFtZSkpIHsKKyAgICAgICAgaWYgKEZpbGVFeGlzdHMob3BlbmZpbGVuYW1lLmxwc3RyRmlsZSkpCisgICAgICAgICAgICBEb09wZW5GaWxlKG9wZW5maWxlbmFtZS5scHN0ckZpbGUpOworICAgICAgICBlbHNlCisgICAgICAgICAgICBBbGVydEZpbGVOb3RGb3VuZChvcGVuZmlsZW5hbWUubHBzdHJGaWxlKTsKKyAgICB9Cit9CisKK0JPT0wgRElBTE9HX0ZpbGVTYXZlKFZPSUQpCit7CisgICAgaWYgKEdsb2JhbHMuc3pGaWxlTmFtZVswXSA9PSAwKQorICAgIHsKKyAgICAgICAgcmV0dXJuIERJQUxPR19GaWxlU2F2ZUFzKCk7CisgICAgfQorICAgIGVsc2UgaWYgKERvU2F2ZUZpbGUoKSkKKyAgICB7CisgICAgICAgIFVwZGF0ZVdpbmRvd0NhcHRpb24oVFJVRSk7CisgICAgICAgIHJldHVybiBUUlVFOworICAgIH0KKyAgICByZXR1cm4gRkFMU0U7Cit9CisKK3N0YXRpYyBVSU5UX1BUUgorQ0FMTEJBQ0sKK0RJQUxPR19GaWxlU2F2ZUFzX0hvb2soSFdORCBoRGxnLCBVSU5UIG1zZywgV1BBUkFNIHdQYXJhbSwgTFBBUkFNIGxQYXJhbSkKK3sKKyAgICBUQ0hBUiBzelRleHRbMTI4XTsKKyAgICBIV05EIGhDb21ibzsKKworICAgIFVOUkVGRVJFTkNFRF9QQVJBTUVURVIod1BhcmFtKTsKKworICAgIHN3aXRjaChtc2cpCisgICAgeworICAgICAgICBjYXNlIFdNX0lOSVRESUFMT0c6CisgICAgICAgICAgICBoQ29tYm8gPSBHZXREbGdJdGVtKGhEbGcsIElEX0VOQ09ESU5HKTsKKworICAgICAgICAgICAgTG9hZFN0cmluZyhHbG9iYWxzLmhJbnN0YW5jZSwgU1RSSU5HX0FOU0ksIHN6VGV4dCwgQVJSQVlfU0laRShzelRleHQpKTsKKyAgICAgICAgICAgIFNlbmRNZXNzYWdlKGhDb21ibywgQ0JfQUREU1RSSU5HLCAwLCAoTFBBUkFNKSBzelRleHQpOworCisgICAgICAgICAgICBMb2FkU3RyaW5nKEdsb2JhbHMuaEluc3RhbmNlLCBTVFJJTkdfVU5JQ09ERSwgc3pUZXh0LCBBUlJBWV9TSVpFKHN6VGV4dCkpOworICAgICAgICAgICAgU2VuZE1lc3NhZ2UoaENvbWJvLCBDQl9BRERTVFJJTkcsIDAsIChMUEFSQU0pIHN6VGV4dCk7CisKKyAgICAgICAgICAgIExvYWRTdHJpbmcoR2xvYmFscy5oSW5zdGFuY2UsIFNUUklOR19VTklDT0RFX0JFLCBzelRleHQsIEFSUkFZX1NJWkUoc3pUZXh0KSk7CisgICAgICAgICAgICBTZW5kTWVzc2FnZShoQ29tYm8sIENCX0FERFNUUklORywgMCwgKExQQVJBTSkgc3pUZXh0KTsKKworICAgICAgICAgICAgTG9hZFN0cmluZyhHbG9iYWxzLmhJbnN0YW5jZSwgU1RSSU5HX1VURjgsIHN6VGV4dCwgQVJSQVlfU0laRShzelRleHQpKTsKKyAgICAgICAgICAgIFNlbmRNZXNzYWdlKGhDb21ibywgQ0JfQUREU1RSSU5HLCAwLCAoTFBBUkFNKSBzelRleHQpOworCisgICAgICAgICAgICBTZW5kTWVzc2FnZShoQ29tYm8sIENCX1NFVENVUlNFTCwgR2xvYmFscy5lbmNGaWxlLCAwKTsKKworICAgICAgICAgICAgaENvbWJvID0gR2V0RGxnSXRlbShoRGxnLCBJRF9FT0xOKTsKKworICAgICAgICAgICAgTG9hZFN0cmluZyhHbG9iYWxzLmhJbnN0YW5jZSwgU1RSSU5HX0NSTEYsIHN6VGV4dCwgQVJSQVlfU0laRShzelRleHQpKTsKKyAgICAgICAgICAgIFNlbmRNZXNzYWdlKGhDb21ibywgQ0JfQUREU1RSSU5HLCAwLCAoTFBBUkFNKSBzelRleHQpOworCisgICAgICAgICAgICBMb2FkU3RyaW5nKEdsb2JhbHMuaEluc3RhbmNlLCBTVFJJTkdfTEYsIHN6VGV4dCwgQVJSQVlfU0laRShzelRleHQpKTsKKyAgICAgICAgICAgIFNlbmRNZXNzYWdlKGhDb21ibywgQ0JfQUREU1RSSU5HLCAwLCAoTFBBUkFNKSBzelRleHQpOworCisgICAgICAgICAgICBMb2FkU3RyaW5nKEdsb2JhbHMuaEluc3RhbmNlLCBTVFJJTkdfQ1IsIHN6VGV4dCwgQVJSQVlfU0laRShzelRleHQpKTsKKyAgICAgICAgICAgIFNlbmRNZXNzYWdlKGhDb21ibywgQ0JfQUREU1RSSU5HLCAwLCAoTFBBUkFNKSBzelRleHQpOworCisgICAgICAgICAgICBTZW5kTWVzc2FnZShoQ29tYm8sIENCX1NFVENVUlNFTCwgR2xvYmFscy5pRW9sbiwgMCk7CisgICAgICAgICAgICBicmVhazsKKworICAgICAgICBjYXNlIFdNX05PVElGWToKKyAgICAgICAgICAgIGlmICgoKE5NSERSICopIGxQYXJhbSktPmNvZGUgPT0gQ0ROX0ZJTEVPSykKKyAgICAgICAgICAgIHsKKyAgICAgICAgICAgICAgICBoQ29tYm8gPSBHZXREbGdJdGVtKGhEbGcsIElEX0VOQ09ESU5HKTsKKyAgICAgICAgICAgICAgICBpZiAoaENvbWJvKQorICAgICAgICAgICAgICAgICAgICBHbG9iYWxzLmVuY0ZpbGUgPSAoaW50KSBTZW5kTWVzc2FnZShoQ29tYm8sIENCX0dFVENVUlNFTCwgMCwgMCk7CisKKyAgICAgICAgICAgICAgICBoQ29tYm8gPSBHZXREbGdJdGVtKGhEbGcsIElEX0VPTE4pOworICAgICAgICAgICAgICAgIGlmIChoQ29tYm8pCisgICAgICAgICAgICAgICAgICAgIEdsb2JhbHMuaUVvbG4gPSAoaW50KSBTZW5kTWVzc2FnZShoQ29tYm8sIENCX0dFVENVUlNFTCwgMCwgMCk7CisgICAgICAgICAgICB9CisgICAgICAgICAgICBicmVhazsKKyAgICB9CisgICAgcmV0dXJuIDA7Cit9CisKK0JPT0wgRElBTE9HX0ZpbGVTYXZlQXMoVk9JRCkKK3sKKyAgICBPUEVORklMRU5BTUUgc2F2ZWFzOworICAgIFRDSEFSIHN6UGF0aFtNQVhfUEFUSF07CisKKyAgICBaZXJvTWVtb3J5KCZzYXZlYXMsIHNpemVvZihzYXZlYXMpKTsKKworICAgIGlmIChHbG9iYWxzLnN6RmlsZU5hbWVbMF0gPT0gMCkKKyAgICAgICAgX3Rjc2NweShzelBhdGgsIHR4dF9maWxlcyk7CisgICAgZWxzZQorICAgICAgICBfdGNzY3B5KHN6UGF0aCwgR2xvYmFscy5zekZpbGVOYW1lKTsKKworICAgIHNhdmVhcy5sU3RydWN0U2l6ZSA9IHNpemVvZihPUEVORklMRU5BTUUpOworICAgIHNhdmVhcy5od25kT3duZXIgPSBHbG9iYWxzLmhNYWluV25kOworICAgIHNhdmVhcy5oSW5zdGFuY2UgPSBHbG9iYWxzLmhJbnN0YW5jZTsKKyAgICBzYXZlYXMubHBzdHJGaWx0ZXIgPSBHbG9iYWxzLnN6RmlsdGVyOworICAgIHNhdmVhcy5scHN0ckZpbGUgPSBzelBhdGg7CisgICAgc2F2ZWFzLm5NYXhGaWxlID0gQVJSQVlfU0laRShzelBhdGgpOworICAgIHNhdmVhcy5GbGFncyA9IE9GTl9QQVRITVVTVEVYSVNUIHwgT0ZOX09WRVJXUklURVBST01QVCB8IE9GTl9ISURFUkVBRE9OTFkgfAorICAgICAgICAgICAgICAgICAgIE9GTl9FWFBMT1JFUiB8IE9GTl9FTkFCTEVURU1QTEFURSB8IE9GTl9FTkFCTEVIT09LOworICAgIHNhdmVhcy5scHN0ckRlZkV4dCA9IHN6RGVmYXVsdEV4dDsKKyAgICBzYXZlYXMubHBUZW1wbGF0ZU5hbWUgPSBNQUtFSU5UUkVTT1VSQ0UoRElBTE9HX0VOQ09ESU5HKTsKKyAgICBzYXZlYXMubHBmbkhvb2sgPSBESUFMT0dfRmlsZVNhdmVBc19Ib29rOworCisgICAgaWYgKEdldFNhdmVGaWxlTmFtZSgmc2F2ZWFzKSkKKyAgICB7CisgICAgICAgIC8qIEhBQ0s6IEJlY2F1c2UgaW4gUk9TLCBTYXZlLUFzIGJveGVzIGRvbid0IGNoZWNrIHRoZSB2YWxpZGl0eQorICAgICAgICAgKiBvZiBmaWxlIG5hbWVzIGFuZCB0aHVzLCBoZXJlLCBzelBhdGggY2FuIGJlIGludmFsaWQgISEgV2Ugb25seQorICAgICAgICAgKiBzZWUgaXRzIHZhbGlkaXR5IHdoZW4gd2UgY2FsbCBEb1NhdmVGaWxlKCkuLi4gKi8KKyAgICAgICAgU2V0RmlsZU5hbWUoc3pQYXRoKTsKKyAgICAgICAgaWYgKERvU2F2ZUZpbGUoKSkKKyAgICAgICAgeworICAgICAgICAgICAgVXBkYXRlV2luZG93Q2FwdGlvbihUUlVFKTsKKyAgICAgICAgICAgIHJldHVybiBUUlVFOworICAgICAgICB9CisgICAgICAgIGVsc2UKKyAgICAgICAgeworICAgICAgICAgICAgU2V0RmlsZU5hbWUoX1QoIiIpKTsKKyAgICAgICAgICAgIHJldHVybiBGQUxTRTsKKyAgICAgICAgfQorICAgIH0KKyAgICBlbHNlCisgICAgeworICAgICAgICByZXR1cm4gRkFMU0U7CisgICAgfQorfQorCitWT0lEIERJQUxPR19GaWxlUHJpbnQoVk9JRCkKK3sKKyAgICBET0NJTkZPIGRpOworICAgIFRFWFRNRVRSSUMgdG07CisgICAgUFJJTlRETEcgcHJpbnRlcjsKKyAgICBTSVpFIHN6TWV0cmljOworICAgIGludCBib3JkZXI7CisgICAgaW50IHhMZWZ0LCB5VG9wLCBwYWdlY291bnQsIGRvcGFnZSwgY29weWNvdW50OworICAgIHVuc2lnbmVkIGludCBpOworICAgIExPR0ZPTlQgaGRyRm9udDsKKyAgICBIRk9OVCBmb250LCBvbGRfZm9udD0wOworICAgIERXT1JEIHNpemU7CisgICAgTFBUU1RSIHBUZW1wOworICAgIHN0YXRpYyBjb25zdCBUQ0hBUiB0aW1lc19uZXdfcm9tYW5bXSA9IF9UKCJUaW1lcyBOZXcgUm9tYW4iKTsKKyAgICBSRUNUIHJjUHJpbnRSZWN0OworCisgICAgLyogR2V0IGEgc21hbGwgZm9udCBhbmQgcHJpbnQgc29tZSBoZWFkZXIgaW5mbyBvbiBlYWNoIHBhZ2UgKi8KKyAgICBaZXJvTWVtb3J5KCZoZHJGb250LCBzaXplb2YoaGRyRm9udCkpOworICAgIGhkckZvbnQubGZIZWlnaHQgPSAxMDA7CisgICAgaGRyRm9udC5sZldlaWdodCA9IEZXX0JPTEQ7CisgICAgaGRyRm9udC5sZkNoYXJTZXQgPSBBTlNJX0NIQVJTRVQ7CisgICAgaGRyRm9udC5sZk91dFByZWNpc2lvbiA9IE9VVF9ERUZBVUxUX1BSRUNJUzsKKyAgICBoZHJGb250LmxmQ2xpcFByZWNpc2lvbiA9IENMSVBfREVGQVVMVF9QUkVDSVM7CisgICAgaGRyRm9udC5sZlF1YWxpdHkgPSBQUk9PRl9RVUFMSVRZOworICAgIGhkckZvbnQubGZQaXRjaEFuZEZhbWlseSA9IFZBUklBQkxFX1BJVENIIHwgRkZfUk9NQU47CisgICAgX3Rjc2NweShoZHJGb250LmxmRmFjZU5hbWUsIHRpbWVzX25ld19yb21hbik7CisKKyAgICBmb250ID0gQ3JlYXRlRm9udEluZGlyZWN0KCZoZHJGb250KTsKKworICAgIC8qIEdldCBDdXJyZW50IFNldHRpbmdzICovCisgICAgWmVyb01lbW9yeSgmcHJpbnRlciwgc2l6ZW9mKHByaW50ZXIpKTsKKyAgICBwcmludGVyLmxTdHJ1Y3RTaXplID0gc2l6ZW9mKHByaW50ZXIpOworICAgIHByaW50ZXIuaHduZE93bmVyID0gR2xvYmFscy5oTWFpblduZDsKKyAgICBwcmludGVyLmhJbnN0YW5jZSA9IEdsb2JhbHMuaEluc3RhbmNlOworCisgICAgLyogU2V0IHNvbWUgZGVmYXVsdCBmbGFncyAqLworICAgIHByaW50ZXIuRmxhZ3MgPSBQRF9SRVRVUk5EQyB8IFBEX1NFTEVDVElPTjsKKworICAgIC8qIERpc2FibGUgdGhlIHNlbGVjdGlvbiByYWRpbyBidXR0b24gaWYgdGhlcmUgaXMgbm8gdGV4dCBzZWxlY3RlZCAqLworICAgIGlmICghR2V0U2VsZWN0aW9uVGV4dExlbmd0aChHbG9iYWxzLmhFZGl0KSkKKyAgICB7CisgICAgICAgIHByaW50ZXIuRmxhZ3MgPSBwcmludGVyLkZsYWdzIHwgUERfTk9TRUxFQ1RJT047CisgICAgfQorCisgICAgcHJpbnRlci5uRnJvbVBhZ2UgPSAwOworICAgIHByaW50ZXIubk1pblBhZ2UgPSAxOworICAgIC8qIHdlIHJlYWxseSBuZWVkIHRvIGNhbGN1bGF0ZSBudW1iZXIgb2YgcGFnZXMgdG8gc2V0IG5NYXhQYWdlIGFuZCBuVG9QYWdlICovCisgICAgcHJpbnRlci5uVG9QYWdlID0gKFdPUkQpLTE7CisgICAgcHJpbnRlci5uTWF4UGFnZSA9IChXT1JEKS0xOworCisgICAgLyogTGV0IGNvbW1kbGcgbWFuYWdlIGNvcHkgc2V0dGluZ3MgKi8KKyAgICBwcmludGVyLm5Db3BpZXMgPSAoV09SRClQRF9VU0VERVZNT0RFQ09QSUVTOworCisgICAgcHJpbnRlci5oRGV2TW9kZSA9IEdsb2JhbHMuaERldk1vZGU7CisgICAgcHJpbnRlci5oRGV2TmFtZXMgPSBHbG9iYWxzLmhEZXZOYW1lczsKKworICAgIGlmICghUHJpbnREbGcoJnByaW50ZXIpKQorICAgIHsKKyAgICAgICAgRGVsZXRlT2JqZWN0KGZvbnQpOworICAgICAgICByZXR1cm47CisgICAgfQorCisgICAgR2xvYmFscy5oRGV2TW9kZSA9IHByaW50ZXIuaERldk1vZGU7CisgICAgR2xvYmFscy5oRGV2TmFtZXMgPSBwcmludGVyLmhEZXZOYW1lczsKKworICAgIGFzc2VydChwcmludGVyLmhEQyAhPSAwKTsKKworICAgIC8qIGluaXRpYWxpemUgRE9DSU5GTyAqLworICAgIGRpLmNiU2l6ZSA9IHNpemVvZihET0NJTkZPKTsKKyAgICBkaS5scHN6RG9jTmFtZSA9IEdsb2JhbHMuc3pGaWxlVGl0bGU7CisgICAgZGkubHBzek91dHB1dCA9IE5VTEw7CisgICAgZGkubHBzekRhdGF0eXBlID0gTlVMTDsKKyAgICBkaS5md1R5cGUgPSAwOworCisgICAgaWYgKFN0YXJ0RG9jKHByaW50ZXIuaERDLCAmZGkpIDw9IDApCisgICAgeworICAgICAgICBEZWxldGVPYmplY3QoZm9udCk7CisgICAgICAgIHJldHVybjsKKyAgICB9CisKKworICAgIC8qIEdldCB0aGUgZmlsZSB0ZXh0ICovCisgICAgaWYgKHByaW50ZXIuRmxhZ3MgJiBQRF9TRUxFQ1RJT04pCisgICAgeworICAgICAgICBzaXplID0gR2V0U2VsZWN0aW9uVGV4dExlbmd0aChHbG9iYWxzLmhFZGl0KSArIDE7CisgICAgfQorICAgIGVsc2UKKyAgICB7CisgICAgICAgIHNpemUgPSBHZXRXaW5kb3dUZXh0TGVuZ3RoKEdsb2JhbHMuaEVkaXQpICsgMTsKKyAgICB9CisKKyAgICBwVGVtcCA9IEhlYXBBbGxvYyhHZXRQcm9jZXNzSGVhcCgpLCAwLCBzaXplICogc2l6ZW9mKFRDSEFSKSk7CisgICAgaWYgKCFwVGVtcCkKKyAgICB7CisgICAgICAgIEVuZERvYyhwcmludGVyLmhEQyk7CisgICAgICAgIERlbGV0ZU9iamVjdChmb250KTsKKyAgICAgICAgU2hvd0xhc3RFcnJvcigpOworICAgICAgICByZXR1cm47CisgICAgfQorCisgICAgaWYgKHByaW50ZXIuRmxhZ3MgJiBQRF9TRUxFQ1RJT04pCisgICAgeworICAgICAgICBzaXplID0gR2V0U2VsZWN0aW9uVGV4dChHbG9iYWxzLmhFZGl0LCBwVGVtcCwgc2l6ZSk7CisgICAgfQorICAgIGVsc2UKKyAgICB7CisgICAgICAgIHNpemUgPSBHZXRXaW5kb3dUZXh0KEdsb2JhbHMuaEVkaXQsIHBUZW1wLCBzaXplKTsKKyAgICB9CisKKyAgICAvKiBHZXQgdGhlIGN1cnJlbnQgcHJpbnRpbmcgYXJlYSAqLworICAgIHJjUHJpbnRSZWN0ID0gR2V0UHJpbnRpbmdSZWN0KHByaW50ZXIuaERDLCBHbG9iYWxzLmxNYXJnaW5zKTsKKworICAgIC8qIEVuc3VyZSB0aGF0IGVhY2ggbG9naWNhbCB1bml0IG1hcHMgdG8gb25lIHBpeGVsICovCisgICAgU2V0TWFwTW9kZShwcmludGVyLmhEQywgTU1fVEVYVCk7CisKKyAgICAvKiBOZWVkZWQgdG8gZ2V0IHRoZSBjb3JyZWN0IGhlaWdodCBvZiBhIHRleHQgbGluZSAqLworICAgIEdldFRleHRNZXRyaWNzKHByaW50ZXIuaERDLCAmdG0pOworCisgICAgYm9yZGVyID0gMTU7CisgICAgZm9yIChjb3B5Y291bnQ9MTsgY29weWNvdW50IDw9IHByaW50ZXIubkNvcGllczsgY29weWNvdW50KyspIHsKKyAgICAgICAgaSA9IDA7CisgICAgICAgIHBhZ2Vjb3VudCA9IDE7CisgICAgICAgIGRvIHsKKyAgICAgICAgICAgIC8qIERvbid0IHN0YXJ0IGEgcGFnZSBpZiBub25lIG9mIHRoZSBjb25kaXRpb25zIGJlbG93IGFyZSB0cnVlICovCisgICAgICAgICAgICBkb3BhZ2UgPSAwOworCisgICAgICAgICAgICAvKiBUaGUgdXNlciB3YW50cyB0byBwcmludCB0aGUgY3VycmVudCBzZWxlY3Rpb24gKi8KKyAgICAgICAgICAgIGlmIChwcmludGVyLkZsYWdzICYgUERfU0VMRUNUSU9OKQorICAgICAgICAgICAgeworICAgICAgICAgICAgICAgIGRvcGFnZSA9IDE7CisgICAgICAgICAgICB9CisKKyAgICAgICAgICAgIC8qIFRoZSB1c2VyIHdhbnRzIHRvIHByaW50IHRoZSBlbnRpcmUgZG9jdW1lbnQgKi8KKyAgICAgICAgICAgIGlmICghKHByaW50ZXIuRmxhZ3MgJiBQRF9QQUdFTlVNUykgJiYgIShwcmludGVyLkZsYWdzICYgUERfU0VMRUNUSU9OKSkKKyAgICAgICAgICAgIHsKKyAgICAgICAgICAgICAgICBkb3BhZ2UgPSAxOworICAgICAgICAgICAgfQorCisgICAgICAgICAgICAvKiBUaGUgdXNlciB3YW50cyB0byBwcmludCBhIHNwZWNpZmllZCByYW5nZSBvZiBwYWdlcyAqLworICAgICAgICAgICAgaWYgKChwYWdlY291bnQgPj0gcHJpbnRlci5uRnJvbVBhZ2UgJiYgcGFnZWNvdW50IDw9IHByaW50ZXIublRvUGFnZSkpCisgICAgICAgICAgICB7CisgICAgICAgICAgICAgICAgZG9wYWdlID0gMTsKKyAgICAgICAgICAgIH0KKworICAgICAgICAgICAgb2xkX2ZvbnQgPSBTZWxlY3RPYmplY3QocHJpbnRlci5oREMsIGZvbnQpOworCisgICAgICAgICAgICBpZiAoZG9wYWdlKSB7CisgICAgICAgICAgICAgICAgaWYgKFN0YXJ0UGFnZShwcmludGVyLmhEQykgPD0gMCkgeworICAgICAgICAgICAgICAgICAgICBTZWxlY3RPYmplY3QocHJpbnRlci5oREMsIG9sZF9mb250KTsKKyAgICAgICAgICAgICAgICAgICAgRW5kRG9jKHByaW50ZXIuaERDKTsKKyAgICAgICAgICAgICAgICAgICAgRGVsZXRlREMocHJpbnRlci5oREMpOworICAgICAgICAgICAgICAgICAgICBIZWFwRnJlZShHZXRQcm9jZXNzSGVhcCgpLCAwLCBwVGVtcCk7CisgICAgICAgICAgICAgICAgICAgIERlbGV0ZU9iamVjdChmb250KTsKKyAgICAgICAgICAgICAgICAgICAgQWxlcnRQcmludEVycm9yKCk7CisgICAgICAgICAgICAgICAgICAgIHJldHVybjsKKyAgICAgICAgICAgICAgICB9CisKKyAgICAgICAgICAgICAgICBTZXRWaWV3cG9ydE9yZ0V4KHByaW50ZXIuaERDLCByY1ByaW50UmVjdC5sZWZ0LCByY1ByaW50UmVjdC50b3AsIE5VTEwpOworCisgICAgICAgICAgICAgICAgLyogV3JpdGUgYSByZWN0YW5nbGUgYW5kIGhlYWRlciBhdCB0aGUgdG9wIG9mIGVhY2ggcGFnZSAqLworICAgICAgICAgICAgICAgIFJlY3RhbmdsZShwcmludGVyLmhEQywgYm9yZGVyLCBib3JkZXIsIHJjUHJpbnRSZWN0LnJpZ2h0IC0gYm9yZGVyLCBib3JkZXIgKyB0bS50bUhlaWdodCAqIDIpOworICAgICAgICAgICAgICAgIC8qIEkgZG9uJ3Qga25vdyB3aGF0J3MgdXAgd2l0aCB0aGlzIFRleHRPdXQgY29tbWFuZC4gVGhpcyBjb21lcyBvdXQKKyAgICAgICAgICAgICAgICBraW5kIG9mIG1hbmdsZWQuCisgICAgICAgICAgICAgICAgKi8KKyAgICAgICAgICAgICAgICBUZXh0T3V0KHByaW50ZXIuaERDLAorICAgICAgICAgICAgICAgICAgICAgICAgYm9yZGVyICogMiwKKyAgICAgICAgICAgICAgICAgICAgICAgIGJvcmRlciArIHRtLnRtSGVpZ2h0IC8gMiwKKyAgICAgICAgICAgICAgICAgICAgICAgIEdsb2JhbHMuc3pGaWxlVGl0bGUsCisgICAgICAgICAgICAgICAgICAgICAgICBsc3RybGVuKEdsb2JhbHMuc3pGaWxlVGl0bGUpKTsKKyAgICAgICAgICAgIH0KKworICAgICAgICAgICAgLyogVGhlIHN0YXJ0aW5nIHBvaW50IGZvciB0aGUgbWFpbiB0ZXh0ICovCisgICAgICAgICAgICB4TGVmdCA9IDA7CisgICAgICAgICAgICB5VG9wID0gYm9yZGVyICsgdG0udG1IZWlnaHQgKiA0OworCisgICAgICAgICAgICBTZWxlY3RPYmplY3QocHJpbnRlci5oREMsIG9sZF9mb250KTsKKworICAgICAgICAgICAgLyogU2luY2Ugb3V0cHV0dGluZyBzdHJpbmdzIGlzIGdpdmluZyBtZSBwcm9ibGVtcywgb3V0cHV0IHRoZSBtYWluCisgICAgICAgICAgICAgKiB0ZXh0IG9uZSBjaGFyYWN0ZXIgYXQgYSB0aW1lLiAqLworICAgICAgICAgICAgZG8geworICAgICAgICAgICAgICAgIGlmIChwVGVtcFtpXSA9PSAnXG4nKSB7CisgICAgICAgICAgICAgICAgICAgIHhMZWZ0ID0gMDsKKyAgICAgICAgICAgICAgICAgICAgeVRvcCArPSB0bS50bUhlaWdodDsKKyAgICAgICAgICAgICAgICB9CisgICAgICAgICAgICAgICAgZWxzZSBpZiAocFRlbXBbaV0gIT0gJ1xyJykgeworICAgICAgICAgICAgICAgICAgICBpZiAoZG9wYWdlKQorICAgICAgICAgICAgICAgICAgICAgICAgVGV4dE91dChwcmludGVyLmhEQywgeExlZnQsIHlUb3AsICZwVGVtcFtpXSwgMSk7CisKKyAgICAgICAgICAgICAgICAgICAgLyogV2UgbmVlZCB0byBnZXQgdGhlIHdpZHRoIGZvciBlYWNoIGluZGl2aWR1YWwgY2hhciwgc2luY2UgYSBwcm9wb3J0aW9uYWwgZm9udCBtYXkgYmUgdXNlZCAqLworICAgICAgICAgICAgICAgICAgICBHZXRUZXh0RXh0ZW50UG9pbnQzMihwcmludGVyLmhEQywgJnBUZW1wW2ldLCAxLCAmc3pNZXRyaWMpOworICAgICAgICAgICAgICAgICAgICB4TGVmdCArPSBzek1ldHJpYy5jeDsKKworICAgICAgICAgICAgICAgICAgICAvKiBJbnNlcnQgYSBsaW5lIGJyZWFrIGlmIHRoZSBjdXJyZW50IGxpbmUgZG9lcyBub3QgZml0IGludG8gdGhlIHByaW50aW5nIGFyZWEgKi8KKyAgICAgICAgICAgICAgICAgICAgaWYgKHhMZWZ0ID4gcmNQcmludFJlY3QucmlnaHQpCisgICAgICAgICAgICAgICAgICAgIHsKKyAgICAgICAgICAgICAgICAgICAgICAgIHhMZWZ0ID0gMDsKKyAgICAgICAgICAgICAgICAgICAgICAgIHlUb3AgPSB5VG9wICsgdG0udG1IZWlnaHQ7CisgICAgICAgICAgICAgICAgICAgIH0KKyAgICAgICAgICAgICAgICB9CisgICAgICAgICAgICB9IHdoaWxlIChpKysgPCBzaXplICYmIHlUb3AgPCByY1ByaW50UmVjdC5ib3R0b20pOworCisgICAgICAgICAgICBpZiAoZG9wYWdlKQorICAgICAgICAgICAgICAgIEVuZFBhZ2UocHJpbnRlci5oREMpOworICAgICAgICAgICAgcGFnZWNvdW50Kys7CisgICAgICAgIH0gd2hpbGUgKGkgPCBzaXplKTsKKyAgICB9CisKKyAgICBpZiAob2xkX2ZvbnQgIT0gMCkKKyAgICAgICAgU2VsZWN0T2JqZWN0KHByaW50ZXIuaERDLCBvbGRfZm9udCk7CisgICAgRW5kRG9jKHByaW50ZXIuaERDKTsKKyAgICBEZWxldGVEQyhwcmludGVyLmhEQyk7CisgICAgSGVhcEZyZWUoR2V0UHJvY2Vzc0hlYXAoKSwgMCwgcFRlbXApOworICAgIERlbGV0ZU9iamVjdChmb250KTsKK30KKworVk9JRCBESUFMT0dfRmlsZUV4aXQoVk9JRCkKK3sKKyAgICBQb3N0TWVzc2FnZShHbG9iYWxzLmhNYWluV25kLCBXTV9DTE9TRSwgMCwgMGwpOworfQorCitWT0lEIERJQUxPR19FZGl0VW5kbyhWT0lEKQoreworICAgIFNlbmRNZXNzYWdlKEdsb2JhbHMuaEVkaXQsIEVNX1VORE8sIDAsIDApOworfQorCitWT0lEIERJQUxPR19FZGl0Q3V0KFZPSUQpCit7CisgICAgU2VuZE1lc3NhZ2UoR2xvYmFscy5oRWRpdCwgV01fQ1VULCAwLCAwKTsKK30KKworVk9JRCBESUFMT0dfRWRpdENvcHkoVk9JRCkKK3sKKyAgICBTZW5kTWVzc2FnZShHbG9iYWxzLmhFZGl0LCBXTV9DT1BZLCAwLCAwKTsKK30KKworVk9JRCBESUFMT0dfRWRpdFBhc3RlKFZPSUQpCit7CisgICAgU2VuZE1lc3NhZ2UoR2xvYmFscy5oRWRpdCwgV01fUEFTVEUsIDAsIDApOworfQorCitWT0lEIERJQUxPR19FZGl0RGVsZXRlKFZPSUQpCit7CisgICAgU2VuZE1lc3NhZ2UoR2xvYmFscy5oRWRpdCwgV01fQ0xFQVIsIDAsIDApOworfQorCitWT0lEIERJQUxPR19FZGl0U2VsZWN0QWxsKFZPSUQpCit7CisgICAgU2VuZE1lc3NhZ2UoR2xvYmFscy5oRWRpdCwgRU1fU0VUU0VMLCAwLCAoTFBBUkFNKS0xKTsKK30KKworVk9JRCBESUFMT0dfRWRpdFRpbWVEYXRlKFZPSUQpCit7CisgICAgU1lTVEVNVElNRSBzdDsKKyAgICBUQ0hBUiBzekRhdGVbTUFYX1NUUklOR19MRU5dOworICAgIFRDSEFSIHN6VGV4dFtNQVhfU1RSSU5HX0xFTiAqIDIgKyAyXTsKKworICAgIEdldExvY2FsVGltZSgmc3QpOworCisgICAgR2V0VGltZUZvcm1hdChMT0NBTEVfVVNFUl9ERUZBVUxULCAwLCAmc3QsIE5VTEwsIHN6RGF0ZSwgTUFYX1NUUklOR19MRU4pOworICAgIF90Y3NjcHkoc3pUZXh0LCBzekRhdGUpOworICAgIF90Y3NjYXQoc3pUZXh0LCBfVCgiICIpKTsKKyAgICBHZXREYXRlRm9ybWF0KExPQ0FMRV9VU0VSX0RFRkFVTFQsIERBVEVfTE9OR0RBVEUsICZzdCwgTlVMTCwgc3pEYXRlLCBNQVhfU1RSSU5HX0xFTik7CisgICAgX3Rjc2NhdChzelRleHQsIHN6RGF0ZSk7CisgICAgU2VuZE1lc3NhZ2UoR2xvYmFscy5oRWRpdCwgRU1fUkVQTEFDRVNFTCwgVFJVRSwgKExQQVJBTSlzelRleHQpOworfQorCitWT0lEIERvQ3JlYXRlU3RhdHVzQmFyKFZPSUQpCit7CisgICAgUkVDVCByYzsKKyAgICBSRUNUIHJjc3RhdHVzOworICAgIEJPT0wgYlN0YXR1c0JhclZpc2libGU7CisKKyAgICAvKiBDaGVjayBpZiBzdGF0dXMgYmFyIG9iamVjdCBhbHJlYWR5IGV4aXN0cy4gKi8KKyAgICBpZiAoR2xvYmFscy5oU3RhdHVzQmFyID09IE5VTEwpCisgICAgeworICAgICAgICAvKiBUcnkgdG8gY3JlYXRlIHRoZSBzdGF0dXMgYmFyICovCisgICAgICAgIEdsb2JhbHMuaFN0YXR1c0JhciA9IENyZWF0ZVN0YXR1c1dpbmRvdyhXU19DSElMRCB8IFdTX1ZJU0lCTEUgfCBXU19FWF9TVEFUSUNFREdFLAorICAgICAgICAgICAgICAgICAgICAgICAgICAgICAgICAgICAgICAgICAgICAgICAgTlVMTCwKKyAgICAgICAgICAgICAgICAgICAgICAgICAgICAgICAgICAgICAgICAgICAgICAgIEdsb2JhbHMuaE1haW5XbmQsCisgICAgICAgICAgICAgICAgICAgICAgICAgICAgICAgICAgICAgICAgICAgICAgICBDTURfU1RBVFVTQkFSX1dORF9JRCk7CisKKyAgICAgICAgaWYgKEdsb2JhbHMuaFN0YXR1c0JhciA9PSBOVUxMKQorICAgICAgICB7CisgICAgICAgICAgICBTaG93TGFzdEVycm9yKCk7CisgICAgICAgICAgICByZXR1cm47CisgICAgICAgIH0KKworICAgICAgICAvKiBMb2FkIHRoZSBzdHJpbmcgZm9yIGZvcm1hdHRpbmcgY29sdW1uL3JvdyB0ZXh0IG91dHB1dCAqLworICAgICAgICBMb2FkU3RyaW5nKEdsb2JhbHMuaEluc3RhbmNlLCBTVFJJTkdfTElORV9DT0xVTU4sIEdsb2JhbHMuc3pTdGF0dXNCYXJMaW5lQ29sLCBNQVhfUEFUSCAtIDEpOworCisgICAgICAgIC8qIFNldCB0aGUgc3RhdHVzIGJhciBmb3Igc2luZ2xlLXRleHQgb3V0cHV0ICovCisgICAgICAgIFNlbmRNZXNzYWdlKEdsb2JhbHMuaFN0YXR1c0JhciwgU0JfU0lNUExFLCAoV1BBUkFNKVRSVUUsIChMUEFSQU0pMCk7CisgICAgfQorCisgICAgLyogU2V0IHN0YXR1cyBiYXIgdmlzaWJsaXR5IGFjY29yZGluZyB0byB0aGUgc2V0dGluZ3MuICovCisgICAgaWYgKChHbG9iYWxzLmJXcmFwTG9uZ0xpbmVzICE9IEZBTFNFKSB8fCAoR2xvYmFscy5iU2hvd1N0YXR1c0JhciA9PSBGQUxTRSkpCisgICAgeworICAgICAgICBiU3RhdHVzQmFyVmlzaWJsZSA9IEZBTFNFOworICAgICAgICBTaG93V2luZG93KEdsb2JhbHMuaFN0YXR1c0JhciwgU1dfSElERSk7CisgICAgfQorICAgIGVsc2UKKyAgICB7CisgICAgICAgIGJTdGF0dXNCYXJWaXNpYmxlID0gVFJVRTsKKyAgICAgICAgU2hvd1dpbmRvdyhHbG9iYWxzLmhTdGF0dXNCYXIsIFNXX1NIT1cpOworICAgICAgICBTZW5kTWVzc2FnZShHbG9iYWxzLmhTdGF0dXNCYXIsIFdNX1NJWkUsIDAsIDApOworICAgIH0KKworICAgIC8qIFNldCBjaGVjayBzdGF0ZSBpbiBzaG93IHN0YXR1cyBiYXIgaXRlbS4gKi8KKyAgICBpZiAoYlN0YXR1c0JhclZpc2libGUpCisgICAgeworICAgICAgICBDaGVja01lbnVJdGVtKEdsb2JhbHMuaE1lbnUsIENNRF9TVEFUVVNCQVIsIE1GX0JZQ09NTUFORCB8IE1GX0NIRUNLRUQpOworICAgIH0KKyAgICBlbHNlCisgICAgeworICAgICAgICBDaGVja01lbnVJdGVtKEdsb2JhbHMuaE1lbnUsIENNRF9TVEFUVVNCQVIsIE1GX0JZQ09NTUFORCB8IE1GX1VOQ0hFQ0tFRCk7CisgICAgfQorCisgICAgLyogVXBkYXRlIG1lbnUgbWFyIHdpdGggdGhlIHByZXZpb3VzIGNoYW5nZXMgKi8KKyAgICBEcmF3TWVudUJhcihHbG9iYWxzLmhNYWluV25kKTsKKworICAgIC8qIFNlZmV0eSB0ZXN0IGlzIGVkaXQgY29udHJvbCBleGlzdHMgKi8KKyAgICBpZiAoR2xvYmFscy5oRWRpdCAhPSBOVUxMKQorICAgIHsKKyAgICAgICAgLyogUmV0cmlldmUgdGhlIHNpemVzIG9mIHRoZSBjb250cm9scyAqLworICAgICAgICBHZXRDbGllbnRSZWN0KEdsb2JhbHMuaE1haW5XbmQsICZyYyk7CisgICAgICAgIEdldENsaWVudFJlY3QoR2xvYmFscy5oU3RhdHVzQmFyLCAmcmNzdGF0dXMpOworCisgICAgICAgIC8qIElmIHN0YXR1cyBiYXIgaXMgY3VycmVudGx5IHZpc2libGUsIHVwZGF0ZSBkaW1lbnNpb25zIG9mIGVkaXQgY29udHJvbCAqLworICAgICAgICBpZiAoYlN0YXR1c0JhclZpc2libGUpCisgICAgICAgICAgICByYy5ib3R0b20gLT0gKHJjc3RhdHVzLmJvdHRvbSAtIHJjc3RhdHVzLnRvcCk7CisKKyAgICAgICAgLyogUmVzaXplIGVkaXQgY29udHJvbCB0byByaWdodCBzaXplLiAqLworICAgICAgICBNb3ZlV2luZG93KEdsb2JhbHMuaEVkaXQsCisgICAgICAgICAgICAgICAgICAgcmMubGVmdCwKKyAgICAgICAgICAgICAgICAgICByYy50b3AsCisgICAgICAgICAgICAgICAgICAgcmMucmlnaHQgLSByYy5sZWZ0LAorICAgICAgICAgICAgICAgICAgIHJjLmJvdHRvbSAtIHJjLnRvcCwKKyAgICAgICAgICAgICAgICAgICBUUlVFKTsKKyAgICB9CisKKyAgICAvKiBVcGRhdGUgY29udGVudCB3aXRoIGN1cnJlbnQgcm93L2NvbHVtbiB0ZXh0ICovCisgICAgRElBTE9HX1N0YXR1c0JhclVwZGF0ZUNhcmV0UG9zKCk7Cit9CisKK1ZPSUQgRG9DcmVhdGVFZGl0V2luZG93KFZPSUQpCit7CisgICAgRFdPUkQgZHdTdHlsZTsKKyAgICBpbnQgaVNpemU7CisgICAgTFBUU1RSIHBUZW1wID0gTlVMTDsKKyAgICBCT09MIGJNb2RpZmllZCA9IEZBTFNFOworCisgICAgaVNpemUgPSAwOworCisgICAgLyogSWYgdGhlIGVkaXQgY29udHJvbCBhbHJlYWR5IGV4aXN0cywgdHJ5IHRvIHNhdmUgaXRzIGNvbnRlbnQgKi8KKyAgICBpZiAoR2xvYmFscy5oRWRpdCAhPSBOVUxMKQorICAgIHsKKyAgICAgICAgLyogbnVtYmVyIG9mIGNoYXJzIGN1cnJlbnRseSB3cml0dGVuIGludG8gdGhlIGVkaXRvci4gKi8KKyAgICAgICAgaVNpemUgPSBHZXRXaW5kb3dUZXh0TGVuZ3RoKEdsb2JhbHMuaEVkaXQpOworICAgICAgICBpZiAoaVNpemUpCisgICAgICAgIHsKKyAgICAgICAgICAgIC8qIEFsbG9jYXRlcyB0ZW1wb3JhcnkgYnVmZmVyLiAqLworICAgICAgICAgICAgcFRlbXAgPSBIZWFwQWxsb2MoR2V0UHJvY2Vzc0hlYXAoKSwgMCwgKGlTaXplICsgMSkgKiBzaXplb2YoVENIQVIpKTsKKyAgICAgICAgICAgIGlmICghcFRlbXApCisgICAgICAgICAgICB7CisgICAgICAgICAgICAgICAgU2hvd0xhc3RFcnJvcigpOworICAgICAgICAgICAgICAgIHJldHVybjsKKyAgICAgICAgICAgIH0KKworICAgICAgICAgICAgLyogUmVjb3ZlciB0aGUgdGV4dCBpbnRvIHRoZSBjb250cm9sLiAqLworICAgICAgICAgICAgR2V0V2luZG93VGV4dChHbG9iYWxzLmhFZGl0LCBwVGVtcCwgaVNpemUgKyAxKTsKKworICAgICAgICAgICAgaWYgKFNlbmRNZXNzYWdlKEdsb2JhbHMuaEVkaXQsIEVNX0dFVE1PRElGWSwgMCwgMCkpCisgICAgICAgICAgICAgICAgYk1vZGlmaWVkID0gVFJVRTsKKyAgICAgICAgfQorCisgICAgICAgIC8qIFJlc3RvcmUgb3JpZ2luYWwgd2luZG93IHByb2NlZHVyZSAqLworICAgICAgICBTZXRXaW5kb3dMb25nUHRyKEdsb2JhbHMuaEVkaXQsIEdXTFBfV05EUFJPQywgKExPTkdfUFRSKUdsb2JhbHMuRWRpdFByb2MpOworCisgICAgICAgIC8qIERlc3Ryb3kgdGhlIGVkaXQgY29udHJvbCAqLworICAgICAgICBEZXN0cm95V2luZG93KEdsb2JhbHMuaEVkaXQpOworICAgIH0KKworICAgIC8qIFVwZGF0ZSB3cmFwIHN0YXR1cyBpbnRvIHRoZSBtYWluIG1lbnUgYW5kIHJlY292ZXIgc3R5bGUgZmxhZ3MgKi8KKyAgICBpZiAoR2xvYmFscy5iV3JhcExvbmdMaW5lcykKKyAgICB7CisgICAgICAgIGR3U3R5bGUgPSBFRElUX1NUWUxFX1dSQVA7CisgICAgICAgIEVuYWJsZU1lbnVJdGVtKEdsb2JhbHMuaE1lbnUsIENNRF9TVEFUVVNCQVIsIE1GX0JZQ09NTUFORCB8IE1GX0RJU0FCTEVEIHwgTUZfR1JBWUVEKTsKKyAgICB9IGVsc2UgeworICAgICAgICBkd1N0eWxlID0gRURJVF9TVFlMRTsKKyAgICAgICAgRW5hYmxlTWVudUl0ZW0oR2xvYmFscy5oTWVudSwgQ01EX1NUQVRVU0JBUiwgTUZfQllDT01NQU5EIHwgTUZfRU5BQkxFRCk7CisgICAgfQorCisgICAgLyogVXBkYXRlIHByZXZpb3VzIGNoYW5nZXMgKi8KKyAgICBEcmF3TWVudUJhcihHbG9iYWxzLmhNYWluV25kKTsKKworICAgIC8qIENyZWF0ZSB0aGUgbmV3IGVkaXQgY29udHJvbCAqLworICAgIEdsb2JhbHMuaEVkaXQgPSBDcmVhdGVXaW5kb3dFeChXU19FWF9DTElFTlRFREdFLAorICAgICAgICAgICAgICAgICAgICAgICAgICAgICAgICAgICBFRElUX0NMQVNTLAorICAgICAgICAgICAgICAgICAgICAgICAgICAgICAgICAgICBOVUxMLAorICAgICAgICAgICAgICAgICAgICAgICAgICAgICAgICAgICBkd1N0eWxlLAorICAgICAgICAgICAgICAgICAgICAgICAgICAgICAgICAgICBDV19VU0VERUZBVUxULAorICAgICAgICAgICAgICAgICAgICAgICAgICAgICAgICAgICBDV19VU0VERUZBVUxULAorICAgICAgICAgICAgICAgICAgICAgICAgICAgICAgICAgICBDV19VU0VERUZBVUxULAorICAgICAgICAgICAgICAgICAgICAgICAgICAgICAgICAgICBDV19VU0VERUZBVUxULAorICAgICAgICAgICAgICAgICAgICAgICAgICAgICAgICAgICBHbG9iYWxzLmhNYWluV25kLAorICAgICAgICAgICAgICAgICAgICAgICAgICAgICAgICAgICBOVUxMLAorICAgICAgICAgICAgICAgICAgICAgICAgICAgICAgICAgICBHbG9iYWxzLmhJbnN0YW5jZSwKKyAgICAgICAgICAgICAgICAgICAgICAgICAgICAgICAgICAgTlVMTCk7CisKKyAgICBpZiAoR2xvYmFscy5oRWRpdCA9PSBOVUxMKQorICAgIHsKKyAgICAgICAgaWYgKHBUZW1wKQorICAgICAgICB7CisgICAgICAgICAgICBIZWFwRnJlZShHZXRQcm9jZXNzSGVhcCgpLCAwLCBwVGVtcCk7CisgICAgICAgIH0KKworICAgICAgICBTaG93TGFzdEVycm9yKCk7CisgICAgICAgIHJldHVybjsKKyAgICB9CisKKyAgICBTZW5kTWVzc2FnZShHbG9iYWxzLmhFZGl0LCBXTV9TRVRGT05ULCAoV1BBUkFNKUdsb2JhbHMuaEZvbnQsIEZBTFNFKTsKKyAgICBTZW5kTWVzc2FnZShHbG9iYWxzLmhFZGl0LCBFTV9MSU1JVFRFWFQsIDAsIDApOworCisgICAgLyogSWYgc29tZSB0ZXh0IHdhcyBwcmV2aW91c2x5IHNhdmVkLCByZXN0b3JlIGl0LiAqLworICAgIGlmIChpU2l6ZSAhPSAwKQorICAgIHsKKyAgICAgICAgU2V0V2luZG93VGV4dChHbG9iYWxzLmhFZGl0LCBwVGVtcCk7CisgICAgICAgIEhlYXBGcmVlKEdldFByb2Nlc3NIZWFwKCksIDAsIHBUZW1wKTsKKworICAgICAgICBpZiAoYk1vZGlmaWVkKQorICAgICAgICAgICAgU2VuZE1lc3NhZ2UoR2xvYmFscy5oRWRpdCwgRU1fU0VUTU9ESUZZLCBUUlVFLCAwKTsKKyAgICB9CisKKyAgICAvKiBTdWItY2xhc3MgYSBuZXcgd2luZG93IGNhbGxiYWNrIGZvciByb3cvY29sdW1uIGRldGVjdGlvbi4gKi8KKyAgICBHbG9iYWxzLkVkaXRQcm9jID0gKFdORFBST0MpU2V0V2luZG93TG9uZ1B0cihHbG9iYWxzLmhFZGl0LAorICAgICAgICAgICAgICAgICAgICAgICAgICAgICAgICAgICAgICAgICAgICAgICAgIEdXTFBfV05EUFJPQywKKyAgICAgICAgICAgICAgICAgICAgICAgICAgICAgICAgICAgICAgICAgICAgICAgICAoTE9OR19QVFIpRURJVF9XbmRQcm9jKTsKKworICAgIC8qIENyZWF0ZS91cGRhdGUgc3RhdHVzIGJhciAqLworICAgIERvQ3JlYXRlU3RhdHVzQmFyKCk7CisKKyAgICAvKiBGaW5hbGx5IHNob3dzIG5ldyBlZGl0IGNvbnRyb2wgYW5kIHNldCBmb2N1cyBpbnRvIGl0LiAqLworICAgIFNob3dXaW5kb3coR2xvYmFscy5oRWRpdCwgU1dfU0hPVyk7CisgICAgU2V0Rm9jdXMoR2xvYmFscy5oRWRpdCk7Cit9CisKK1ZPSUQgRElBTE9HX0VkaXRXcmFwKFZPSUQpCit7CisgICAgR2xvYmFscy5iV3JhcExvbmdMaW5lcyA9ICFHbG9iYWxzLmJXcmFwTG9uZ0xpbmVzOworCisgICAgaWYgKEdsb2JhbHMuYldyYXBMb25nTGluZXMpCisgICAgeworICAgICAgICBFbmFibGVNZW51SXRlbShHbG9iYWxzLmhNZW51LCBDTURfR09UTywgTUZfQllDT01NQU5EIHwgTUZfRElTQUJMRUQgfCBNRl9HUkFZRUQpOworICAgIH0KKyAgICBlbHNlCisgICAgeworICAgICAgICBFbmFibGVNZW51SXRlbShHbG9iYWxzLmhNZW51LCBDTURfR09UTywgTUZfQllDT01NQU5EIHwgTUZfRU5BQkxFRCk7CisgICAgfQorCisgICAgRG9DcmVhdGVFZGl0V2luZG93KCk7Cit9CisKK1ZPSUQgRElBTE9HX1NlbGVjdEZvbnQoVk9JRCkKK3sKKyAgICBDSE9PU0VGT05UIGNmOworICAgIExPR0ZPTlQgbGYgPSBHbG9iYWxzLmxmRm9udDsKKworICAgIFplcm9NZW1vcnkoICZjZiwgc2l6ZW9mKGNmKSApOworICAgIGNmLmxTdHJ1Y3RTaXplID0gc2l6ZW9mKGNmKTsKKyAgICBjZi5od25kT3duZXIgPSBHbG9iYWxzLmhNYWluV25kOworICAgIGNmLmxwTG9nRm9udCA9ICZsZjsKKyAgICBjZi5GbGFncyA9IENGX1NDUkVFTkZPTlRTIHwgQ0ZfSU5JVFRPTE9HRk9OVFNUUlVDVCB8IENGX05PVkVSVEZPTlRTOworCisgICAgaWYgKENob29zZUZvbnQoJmNmKSkKKyAgICB7CisgICAgICAgIEhGT05UIGN1cnJmb250ID0gR2xvYmFscy5oRm9udDsKKworICAgICAgICBHbG9iYWxzLmhGb250ID0gQ3JlYXRlRm9udEluZGlyZWN0KCZsZik7CisgICAgICAgIEdsb2JhbHMubGZGb250ID0gbGY7CisgICAgICAgIFNlbmRNZXNzYWdlKEdsb2JhbHMuaEVkaXQsIFdNX1NFVEZPTlQsIChXUEFSQU0pR2xvYmFscy5oRm9udCwgKExQQVJBTSlUUlVFKTsKKyAgICAgICAgaWYgKGN1cnJmb250ICE9IE5VTEwpCisgICAgICAgICAgICBEZWxldGVPYmplY3QoY3VycmZvbnQpOworICAgIH0KK30KKwordHlwZWRlZiBIV05EIChXSU5BUEkgKkZJTkRQUk9DKShMUEZJTkRSRVBMQUNFIGxwZnIpOworCitzdGF0aWMgVk9JRCBESUFMT0dfU2VhcmNoRGlhbG9nKEZJTkRQUk9DIHBmblByb2MpCit7CisgICAgaWYgKEdsb2JhbHMuaEZpbmRSZXBsYWNlRGxnICE9IE5VTEwpCisgICAgeworICAgICAgICBTZXRGb2N1cyhHbG9iYWxzLmhGaW5kUmVwbGFjZURsZyk7CisgICAgICAgIHJldHVybjsKKyAgICB9CisKKyAgICBaZXJvTWVtb3J5KCZHbG9iYWxzLmZpbmQsIHNpemVvZihHbG9iYWxzLmZpbmQpKTsKKyAgICBHbG9iYWxzLmZpbmQubFN0cnVjdFNpemUgPSBzaXplb2YoR2xvYmFscy5maW5kKTsKKyAgICBHbG9iYWxzLmZpbmQuaHduZE93bmVyID0gR2xvYmFscy5oTWFpblduZDsKKyAgICBHbG9iYWxzLmZpbmQuaEluc3RhbmNlID0gR2xvYmFscy5oSW5zdGFuY2U7CisgICAgR2xvYmFscy5maW5kLmxwc3RyRmluZFdoYXQgPSBHbG9iYWxzLnN6RmluZFRleHQ7CisgICAgR2xvYmFscy5maW5kLndGaW5kV2hhdExlbiA9IEFSUkFZX1NJWkUoR2xvYmFscy5zekZpbmRUZXh0KTsKKyAgICBHbG9iYWxzLmZpbmQubHBzdHJSZXBsYWNlV2l0aCA9IEdsb2JhbHMuc3pSZXBsYWNlVGV4dDsKKyAgICBHbG9iYWxzLmZpbmQud1JlcGxhY2VXaXRoTGVuID0gQVJSQVlfU0laRShHbG9iYWxzLnN6UmVwbGFjZVRleHQpOworICAgIEdsb2JhbHMuZmluZC5GbGFncyA9IEZSX0RPV047CisKKyAgICAvKiBXZSBvbmx5IG5lZWQgdG8gY3JlYXRlIHRoZSBtb2RhbCBGaW5kUmVwbGFjZSBkaWFsb2cgd2hpY2ggd2lsbCAqLworICAgIC8qIG5vdGlmeSB1cyBvZiBpbmNvbWluZyBldmVudHMgdXNpbmcgaE1haW5XbmQgV2luZG93IE1lc3NhZ2VzICAgICovCisKKyAgICBHbG9iYWxzLmhGaW5kUmVwbGFjZURsZyA9IHBmblByb2MoJkdsb2JhbHMuZmluZCk7CisgICAgYXNzZXJ0KEdsb2JhbHMuaEZpbmRSZXBsYWNlRGxnICE9IE5VTEwpOworfQorCitWT0lEIERJQUxPR19TZWFyY2goVk9JRCkKK3sKKyAgICBESUFMT0dfU2VhcmNoRGlhbG9nKEZpbmRUZXh0KTsKK30KKworVk9JRCBESUFMT0dfU2VhcmNoTmV4dChWT0lEKQoreworICAgIGlmIChHbG9iYWxzLmZpbmQubHBzdHJGaW5kV2hhdCAhPSBOVUxMKQorICAgICAgICBOT1RFUEFEX0ZpbmROZXh0KCZHbG9iYWxzLmZpbmQsIEZBTFNFLCBUUlVFKTsKKyAgICBlbHNlCisgICAgICAgIERJQUxPR19TZWFyY2goKTsKK30KKworVk9JRCBESUFMT0dfUmVwbGFjZShWT0lEKQoreworICAgIERJQUxPR19TZWFyY2hEaWFsb2coUmVwbGFjZVRleHQpOworfQorCitzdGF0aWMgSU5UX1BUUgorQ0FMTEJBQ0sKK0RJQUxPR19Hb1RvX0RpYWxvZ1Byb2MoSFdORCBod25kRGlhbG9nLCBVSU5UIHVNc2csIFdQQVJBTSB3UGFyYW0sIExQQVJBTSBsUGFyYW0pCit7CisgICAgQk9PTCBiUmVzdWx0ID0gRkFMU0U7CisgICAgSFdORCBoVGV4dEJveDsKKyAgICBUQ0hBUiBzelRleHRbMzJdOworCisgICAgc3dpdGNoKHVNc2cpIHsKKyAgICBjYXNlIFdNX0lOSVRESUFMT0c6CisgICAgICAgIGhUZXh0Qm94ID0gR2V0RGxnSXRlbShod25kRGlhbG9nLCBJRF9MSU5FTlVNQkVSKTsKKyAgICAgICAgX3NudHByaW50ZihzelRleHQsIEFSUkFZX1NJWkUoc3pUZXh0KSwgX1QoIiVsZCIpLCBsUGFyYW0pOworICAgICAgICBTZXRXaW5kb3dUZXh0KGhUZXh0Qm94LCBzelRleHQpOworICAgICAgICBicmVhazsKKyAgICBjYXNlIFdNX0NPTU1BTkQ6CisgICAgICAgIGlmIChISVdPUkQod1BhcmFtKSA9PSBCTl9DTElDS0VEKQorICAgICAgICB7CisgICAgICAgICAgICBpZiAoTE9XT1JEKHdQYXJhbSkgPT0gSURPSykKKyAgICAgICAgICAgIHsKKyAgICAgICAgICAgICAgICBoVGV4dEJveCA9IEdldERsZ0l0ZW0oaHduZERpYWxvZywgSURfTElORU5VTUJFUik7CisgICAgICAgICAgICAgICAgR2V0V2luZG93VGV4dChoVGV4dEJveCwgc3pUZXh0LCBBUlJBWV9TSVpFKHN6VGV4dCkpOworICAgICAgICAgICAgICAgIEVuZERpYWxvZyhod25kRGlhbG9nLCBfdHRvaShzelRleHQpKTsKKyAgICAgICAgICAgICAgICBiUmVzdWx0ID0gVFJVRTsKKyAgICAgICAgICAgIH0KKyAgICAgICAgICAgIGVsc2UgaWYgKExPV09SRCh3UGFyYW0pID09IElEQ0FOQ0VMKQorICAgICAgICAgICAgeworICAgICAgICAgICAgICAgIEVuZERpYWxvZyhod25kRGlhbG9nLCAwKTsKKyAgICAgICAgICAgICAgICBiUmVzdWx0ID0gVFJVRTsKKyAgICAgICAgICAgIH0KKyAgICAgICAgfQorICAgICAgICBicmVhazsKKyAgICB9CisKKyAgICByZXR1cm4gYlJlc3VsdDsKK30KKworVk9JRCBESUFMT0dfR29UbyhWT0lEKQoreworICAgIElOVF9QVFIgbkxpbmU7CisgICAgTFBUU1RSIHBzelRleHQ7CisgICAgaW50IG5MZW5ndGgsIGk7CisgICAgRFdPUkQgZHdTdGFydCwgZHdFbmQ7CisKKyAgICBuTGVuZ3RoID0gR2V0V2luZG93VGV4dExlbmd0aChHbG9iYWxzLmhFZGl0KTsKKyAgICBwc3pUZXh0ID0gKExQVFNUUikgSGVhcEFsbG9jKEdldFByb2Nlc3NIZWFwKCksIDAsIChuTGVuZ3RoICsgMSkgKiBzaXplb2YoKnBzelRleHQpKTsKKyAgICBpZiAoIXBzelRleHQpCisgICAgICAgIHJldHVybjsKKworICAgIC8qIFJldHJpZXZlIGN1cnJlbnQgdGV4dCAqLworICAgIEdldFdpbmRvd1RleHQoR2xvYmFscy5oRWRpdCwgcHN6VGV4dCwgbkxlbmd0aCArIDEpOworICAgIFNlbmRNZXNzYWdlKEdsb2JhbHMuaEVkaXQsIEVNX0dFVFNFTCwgKFdQQVJBTSkgJmR3U3RhcnQsIChMUEFSQU0pICZkd0VuZCk7CisKKyAgICBuTGluZSA9IDE7CisgICAgZm9yIChpID0gMDsgKGkgPCAoaW50KSBkd1N0YXJ0KSAmJiBwc3pUZXh0W2ldOyBpKyspCisgICAgeworICAgICAgICBpZiAocHN6VGV4dFtpXSA9PSAnXG4nKQorICAgICAgICAgICAgbkxpbmUrKzsKKyAgICB9CisKKyAgICBuTGluZSA9IERpYWxvZ0JveFBhcmFtKEdsb2JhbHMuaEluc3RhbmNlLAorICAgICAgICAgICAgICAgICAgICAgICAgICAgTUFLRUlOVFJFU09VUkNFKERJQUxPR19HT1RPKSwKKyAgICAgICAgICAgICAgICAgICAgICAgICAgIEdsb2JhbHMuaE1haW5XbmQsCisgICAgICAgICAgICAgICAgICAgICAgICAgICBESUFMT0dfR29Ub19EaWFsb2dQcm9jLAorICAgICAgICAgICAgICAgICAgICAgICAgICAgbkxpbmUpOworCisgICAgaWYgKG5MaW5lID49IDEpCisgICAgeworICAgICAgICBmb3IgKGkgPSAwOyBwc3pUZXh0W2ldICYmIChuTGluZSA+IDEpICYmIChpIDwgbkxlbmd0aCAtIDEpOyBpKyspCisgICAgICAgIHsKKyAgICAgICAgICAgIGlmIChwc3pUZXh0W2ldID09ICdcbicpCisgICAgICAgICAgICAgICAgbkxpbmUtLTsKKyAgICAgICAgfQorICAgICAgICBTZW5kTWVzc2FnZShHbG9iYWxzLmhFZGl0LCBFTV9TRVRTRUwsIGksIGkpOworICAgICAgICBTZW5kTWVzc2FnZShHbG9iYWxzLmhFZGl0LCBFTV9TQ1JPTExDQVJFVCwgMCwgMCk7CisgICAgfQorICAgIEhlYXBGcmVlKEdldFByb2Nlc3NIZWFwKCksIDAsIHBzelRleHQpOworfQorCitWT0lEIERJQUxPR19TdGF0dXNCYXJVcGRhdGVDYXJldFBvcyhWT0lEKQoreworICAgIGludCBsaW5lLCBjb2w7CisgICAgVENIQVIgYnVmZltNQVhfUEFUSF07CisgICAgRFdPUkQgZHdTdGFydCwgZHdTaXplOworCisgICAgU2VuZE1lc3NhZ2UoR2xvYmFscy5oRWRpdCwgRU1fR0VUU0VMLCAoV1BBUkFNKSZkd1N0YXJ0LCAoTFBBUkFNKSZkd1NpemUpOworICAgIGxpbmUgPSBTZW5kTWVzc2FnZShHbG9iYWxzLmhFZGl0LCBFTV9MSU5FRlJPTUNIQVIsIChXUEFSQU0pZHdTdGFydCwgMCk7CisgICAgY29sID0gZHdTdGFydCAtIFNlbmRNZXNzYWdlKEdsb2JhbHMuaEVkaXQsIEVNX0xJTkVJTkRFWCwgKFdQQVJBTSlsaW5lLCAwKTsKKworICAgIF9zdHByaW50ZihidWZmLCBHbG9iYWxzLnN6U3RhdHVzQmFyTGluZUNvbCwgbGluZSArIDEsIGNvbCArIDEpOworICAgIFNlbmRNZXNzYWdlKEdsb2JhbHMuaFN0YXR1c0JhciwgU0JfU0VUVEVYVCwgU0JfU0lNUExFSUQsIChMUEFSQU0pYnVmZik7Cit9CisKK1ZPSUQgRElBTE9HX1ZpZXdTdGF0dXNCYXIoVk9JRCkKK3sKKyAgICBHbG9iYWxzLmJTaG93U3RhdHVzQmFyID0gIUdsb2JhbHMuYlNob3dTdGF0dXNCYXI7CisKKyAgICBEb0NyZWF0ZVN0YXR1c0JhcigpOworfQorCitWT0lEIERJQUxPR19IZWxwQ29udGVudHMoVk9JRCkKK3sKKyAgICBXaW5IZWxwKEdsb2JhbHMuaE1haW5XbmQsIGhlbHBmaWxlLCBIRUxQX0lOREVYLCAwKTsKK30KKworVk9JRCBESUFMT0dfSGVscEFib3V0Tm90ZXBhZChWT0lEKQoreworICAgIFRDSEFSIHN6Tm90ZXBhZFtNQVhfU1RSSU5HX0xFTl07CisgICAgSElDT04gbm90ZXBhZEljb24gPSBMb2FkSWNvbihHbG9iYWxzLmhJbnN0YW5jZSwgTUFLRUlOVFJFU09VUkNFKElESV9OUElDT04pKTsKKworICAgIExvYWRTdHJpbmcoR2xvYmFscy5oSW5zdGFuY2UsIFNUUklOR19OT1RFUEFELCBzek5vdGVwYWQsIEFSUkFZX1NJWkUoc3pOb3RlcGFkKSk7CisgICAgU2hlbGxBYm91dChHbG9iYWxzLmhNYWluV25kLCBzek5vdGVwYWQsIDAsIG5vdGVwYWRJY29uKTsKKyAgICBEZWxldGVPYmplY3Qobm90ZXBhZEljb24pOworfQorCitJTlRfUFRSCitDQUxMQkFDSworQWJvdXREaWFsb2dQcm9jKEhXTkQgaERsZywgVUlOVCBtZXNzYWdlLCBXUEFSQU0gd1BhcmFtLCBMUEFSQU0gbFBhcmFtKQoreworICAgIEhXTkQgaExpY2Vuc2VFZGl0V25kOworICAgIFRDSEFSICpzdHJMaWNlbnNlOworCisgICAgc3dpdGNoIChtZXNzYWdlKQorICAgIHsKKyAgICBjYXNlIFdNX0lOSVRESUFMT0c6CisKKyAgICAgICAgaExpY2Vuc2VFZGl0V25kID0gR2V0RGxnSXRlbShoRGxnLCBJRENfTElDRU5TRSk7CisKKyAgICAgICAgLyogMHgxMDAwIHNob3VsZCBiZSBlbm91Z2ggKi8KKyAgICAgICAgc3RyTGljZW5zZSA9IChUQ0hBUiAqKV9hbGxvY2EoMHgxMDAwKTsKKyAgICAgICAgTG9hZFN0cmluZyhHZXRNb2R1bGVIYW5kbGUoTlVMTCksIFNUUklOR19MSUNFTlNFLCBzdHJMaWNlbnNlLCAweDEwMDApOworCisgICAgICAgIFNldFdpbmRvd1RleHQoaExpY2Vuc2VFZGl0V25kLCBzdHJMaWNlbnNlKTsKKworICAgICAgICByZXR1cm4gVFJVRTsKKworICAgIGNhc2UgV01fQ09NTUFORDoKKworICAgICAgICBpZiAoKExPV09SRCh3UGFyYW0pID09IElET0spIHx8IChMT1dPUkQod1BhcmFtKSA9PSBJRENBTkNFTCkpCisgICAgICAgIHsKKyAgICAgICAgICAgIEVuZERpYWxvZyhoRGxnLCBMT1dPUkQod1BhcmFtKSk7CisgICAgICAgICAgICByZXR1cm4gVFJVRTsKKyAgICAgICAgfQorCisgICAgICAgIGJyZWFrOworICAgIH0KKworICAgIHJldHVybiAwOworfQorCisvKioqKioqKioqKioqKioqKioqKioqKioqKioqKioqKioqKioqKioqKioqKioqKioqKioqKioqKioqKioqKioqKioqKioqKioKKyAqCisgKiAgICAgICAgICAgRElBTE9HX0ZpbGVQYWdlU2V0dXAKKyAqLworVk9JRCBESUFMT0dfRmlsZVBhZ2VTZXR1cCh2b2lkKQoreworICAgIFBBR0VTRVRVUERMRyBwYWdlOworCisgICAgWmVyb01lbW9yeSgmcGFnZSwgc2l6ZW9mKHBhZ2UpKTsKKyAgICBwYWdlLmxTdHJ1Y3RTaXplID0gc2l6ZW9mKHBhZ2UpOworICAgIHBhZ2UuaHduZE93bmVyID0gR2xvYmFscy5oTWFpblduZDsKKyAgICBwYWdlLkZsYWdzID0gUFNEX0VOQUJMRVBBR0VTRVRVUFRFTVBMQVRFIHwgUFNEX0VOQUJMRVBBR0VTRVRVUEhPT0sgfCBQU0RfTUFSR0lOUzsKKyAgICBwYWdlLmhJbnN0YW5jZSA9IEdsb2JhbHMuaEluc3RhbmNlOworICAgIHBhZ2UucnRNYXJnaW4gPSBHbG9iYWxzLmxNYXJnaW5zOworICAgIHBhZ2UuaERldk1vZGUgPSBHbG9iYWxzLmhEZXZNb2RlOworICAgIHBhZ2UuaERldk5hbWVzID0gR2xvYmFscy5oRGV2TmFtZXM7CisgICAgcGFnZS5scFBhZ2VTZXR1cFRlbXBsYXRlTmFtZSA9IE1BS0VJTlRSRVNPVVJDRShESUFMT0dfUEFHRVNFVFVQKTsKKyAgICBwYWdlLmxwZm5QYWdlU2V0dXBIb29rID0gRElBTE9HX1BBR0VTRVRVUF9Ib29rOworCisgICAgUGFnZVNldHVwRGxnKCZwYWdlKTsKKworICAgIEdsb2JhbHMuaERldk1vZGUgPSBwYWdlLmhEZXZNb2RlOworICAgIEdsb2JhbHMuaERldk5hbWVzID0gcGFnZS5oRGV2TmFtZXM7CisgICAgR2xvYmFscy5sTWFyZ2lucyA9IHBhZ2UucnRNYXJnaW47Cit9CisKKy8qICogKiAqICogKiAqICogKiAqICogKiAqICogKiAqICogKiAqICogKiAqICogKiAqICogKiAqICogKiAqICogKiAqICogKgorICoKKyAqICAgICAgICAgICBESUFMT0dfUEFHRVNFVFVQX0hvb2sKKyAqLworCitzdGF0aWMgVUlOVF9QVFIgQ0FMTEJBQ0sgRElBTE9HX1BBR0VTRVRVUF9Ib29rKEhXTkQgaERsZywgVUlOVCBtc2csIFdQQVJBTSB3UGFyYW0sIExQQVJBTSBsUGFyYW0pCit7CisgICAgc3dpdGNoIChtc2cpCisgICAgeworICAgIGNhc2UgV01fQ09NTUFORDoKKyAgICAgICAgaWYgKEhJV09SRCh3UGFyYW0pID09IEJOX0NMSUNLRUQpCisgICAgICAgIHsKKyAgICAgICAgICAgIHN3aXRjaCAoTE9XT1JEKHdQYXJhbSkpCisgICAgICAgICAgICB7CisgICAgICAgICAgICBjYXNlIElET0s6CisgICAgICAgICAgICAgICAgLyogc2F2ZSB1c2VyIGlucHV0IGFuZCBjbG9zZSBkaWFsb2cgKi8KKyAgICAgICAgICAgICAgICBHZXREbGdJdGVtVGV4dChoRGxnLCAweDE0MSwgR2xvYmFscy5zekhlYWRlciwgQVJSQVlfU0laRShHbG9iYWxzLnN6SGVhZGVyKSk7CisgICAgICAgICAgICAgICAgR2V0RGxnSXRlbVRleHQoaERsZywgMHgxNDMsIEdsb2JhbHMuc3pGb290ZXIsIEFSUkFZX1NJWkUoR2xvYmFscy5zekZvb3RlcikpOworICAgICAgICAgICAgICAgIHJldHVybiBGQUxTRTsKKworICAgICAgICAgICAgY2FzZSBJRENBTkNFTDoKKyAgICAgICAgICAgICAgICAvKiBkaXNjYXJkIHVzZXIgaW5wdXQgYW5kIGNsb3NlIGRpYWxvZyAqLworICAgICAgICAgICAgICAgIHJldHVybiBGQUxTRTsKKworICAgICAgICAgICAgY2FzZSBJREhFTFA6CisgICAgICAgICAgICAgICAgeworICAgICAgICAgICAgICAgICAgICAvKiBGSVhNRTogQnJpbmcgdGhpcyB0byB3b3JrICovCisgICAgICAgICAgICAgICAgICAgIHN0YXRpYyBjb25zdCBUQ0hBUiBzb3JyeVtdID0gX1QoIlNvcnJ5LCBubyBoZWxwIGF2YWlsYWJsZSIpOworICAgICAgICAgICAgICAgICAgICBzdGF0aWMgY29uc3QgVENIQVIgaGVscFtdID0gX1QoIkhlbHAiKTsKKyAgICAgICAgICAgICAgICAgICAgTWVzc2FnZUJveChHbG9iYWxzLmhNYWluV25kLCBzb3JyeSwgaGVscCwgTUJfSUNPTkVYQ0xBTUFUSU9OKTsKKyAgICAgICAgICAgICAgICAgICAgcmV0dXJuIFRSVUU7CisgICAgICAgICAgICAgICAgfQorCisgICAgICAgICAgICBkZWZhdWx0OgorICAgICAgICAgICAgICAgIGJyZWFrOworICAgICAgICAgICAgfQorICAgICAgICB9CisgICAgICAgIGJyZWFrOworCisgICAgY2FzZSBXTV9JTklURElBTE9HOgorICAgICAgICAvKiBmZXRjaCBsYXN0IHVzZXIgaW5wdXQgcHJpb3IgdG8gZGlzcGxheSBkaWFsb2cgKi8KKyAgICAgICAgU2V0RGxnSXRlbVRleHQoaERsZywgMHgxNDEsIEdsb2JhbHMuc3pIZWFkZXIpOworICAgICAgICBTZXREbGdJdGVtVGV4dChoRGxnLCAweDE0MywgR2xvYmFscy5zekZvb3Rlcik7CisgICAgICAgIGJyZWFrOworICAgIH0KKworICAgIHJldHVybiBGQUxTRTsKK30K',256,10,2,'NEW_ASSET_WITH_NO_VARIATIONPOINT');
INSERT IGNORE INTO developer_group (id_developer_group) VALUES 
(11);
INSERT IGNORE INTO developer_bridge (id_developer_group,id_developer) VALUES 
(11,1);
INSERT IGNORE INTO variation_point (idvariationpoint, expression, idcoreasset,id_feature_group) VALUES
(257,'No Expression',64,0);
INSERT IGNORE INTO customization_fact (idcustomization, lines_added,lines_deleted,custom_diff,commit_set,message_set,greater_diff,idvariationpoint,id_developer_group, idproductrelease, type) VALUES
(11,69,0,'ZGlmZiAtLWdpdCBhL2lucHV0L2FsZ29yaXRobXMvZGlhbG9nLmggYi9pbnB1dC9hbGdvcml0aG1zL2RpYWxvZy5oCm5ldyBmaWxlIG1vZGUgMTAwNjQ0CmluZGV4IDAwMDAwMDAuLmY4NmM1MjIKLS0tIC9kZXYvbnVsbApAQCAtMCwwICsxLDY5IEBAIEV4cHJlc3Npb246IE5vIEV4cHJlc3Npb25DaGFuZ2UgVHlwZTogTkVXX0FTU0VUX1dJVEhfTk9fVkFSSUFUSU9OUE9JTlQKKy8qLy9BdXRob3JlZCBieTogbGV0aW1vbWUgaW4gY29tbWl0OjVhMGU2ZGZiNDQ0ZmIxYzc2YmFkOGZjZDA5MDMxYmE1ZDJiNDQ5M2YsIHdpdGggbWVzc2FnZTphZGRlZCBjIGZpbGVzIGluIGFsZ29yaXRobQorICogIE5vdGVwYWQgKGRpYWxvZy5oKS8vQXV0aG9yZWQgYnk6IGxldGltb21lIGluIGNvbW1pdDo1YTBlNmRmYjQ0NGZiMWM3NmJhZDhmY2QwOTAzMWJhNWQyYjQ0OTNmLCB3aXRoIG1lc3NhZ2U6YWRkZWQgYyBmaWxlcyBpbiBhbGdvcml0aG0KKyAqLy9BdXRob3JlZCBieTogbGV0aW1vbWUgaW4gY29tbWl0OjVhMGU2ZGZiNDQ0ZmIxYzc2YmFkOGZjZDA5MDMxYmE1ZDJiNDQ5M2YsIHdpdGggbWVzc2FnZTphZGRlZCBjIGZpbGVzIGluIGFsZ29yaXRobQorICogIENvcHlyaWdodCAxOTk4IE1hcmNlbCBCYXVyIDxtYmF1ckBnMjYuZXRoei5jaD4vL0F1dGhvcmVkIGJ5OiBsZXRpbW9tZSBpbiBjb21taXQ6NWEwZTZkZmI0NDRmYjFjNzZiYWQ4ZmNkMDkwMzFiYTVkMmI0NDkzZiwgd2l0aCBtZXNzYWdlOmFkZGVkIGMgZmlsZXMgaW4gYWxnb3JpdGhtCisgKi8vQXV0aG9yZWQgYnk6IGxldGltb21lIGluIGNvbW1pdDo1YTBlNmRmYjQ0NGZiMWM3NmJhZDhmY2QwOTAzMWJhNWQyYjQ0OTNmLCB3aXRoIG1lc3NhZ2U6YWRkZWQgYyBmaWxlcyBpbiBhbGdvcml0aG0KKyAqIFRoaXMgbGlicmFyeSBpcyBmcmVlIHNvZnR3YXJlOyB5b3UgY2FuIHJlZGlzdHJpYnV0ZSBpdCBhbmQvb3IvL0F1dGhvcmVkIGJ5OiBsZXRpbW9tZSBpbiBjb21taXQ6NWEwZTZkZmI0NDRmYjFjNzZiYWQ4ZmNkMDkwMzFiYTVkMmI0NDkzZiwgd2l0aCBtZXNzYWdlOmFkZGVkIGMgZmlsZXMgaW4gYWxnb3JpdGhtCisgKiBtb2RpZnkgaXQgdW5kZXIgdGhlIHRlcm1zIG9mIHRoZSBHTlUgTGVzc2VyIEdlbmVyYWwgUHVibGljLy9BdXRob3JlZCBieTogbGV0aW1vbWUgaW4gY29tbWl0OjVhMGU2ZGZiNDQ0ZmIxYzc2YmFkOGZjZDA5MDMxYmE1ZDJiNDQ5M2YsIHdpdGggbWVzc2FnZTphZGRlZCBjIGZpbGVzIGluIGFsZ29yaXRobQorICogTGljZW5zZSBhcyBwdWJsaXNoZWQgYnkgdGhlIEZyZWUgU29mdHdhcmUgRm91bmRhdGlvbjsgZWl0aGVyLy9BdXRob3JlZCBieTogbGV0aW1vbWUgaW4gY29tbWl0OjVhMGU2ZGZiNDQ0ZmIxYzc2YmFkOGZjZDA5MDMxYmE1ZDJiNDQ5M2YsIHdpdGggbWVzc2FnZTphZGRlZCBjIGZpbGVzIGluIGFsZ29yaXRobQorICogdmVyc2lvbiAyLjEgb2YgdGhlIExpY2Vuc2UsIG9yIChhdCB5b3VyIG9wdGlvbikgYW55IGxhdGVyIHZlcnNpb24uLy9BdXRob3JlZCBieTogbGV0aW1vbWUgaW4gY29tbWl0OjVhMGU2ZGZiNDQ0ZmIxYzc2YmFkOGZjZDA5MDMxYmE1ZDJiNDQ5M2YsIHdpdGggbWVzc2FnZTphZGRlZCBjIGZpbGVzIGluIGFsZ29yaXRobQorICovL0F1dGhvcmVkIGJ5OiBsZXRpbW9tZSBpbiBjb21taXQ6NWEwZTZkZmI0NDRmYjFjNzZiYWQ4ZmNkMDkwMzFiYTVkMmI0NDkzZiwgd2l0aCBtZXNzYWdlOmFkZGVkIGMgZmlsZXMgaW4gYWxnb3JpdGhtCisgKiBUaGlzIGxpYnJhcnkgaXMgZGlzdHJpYnV0ZWQgaW4gdGhlIGhvcGUgdGhhdCBpdCB3aWxsIGJlIHVzZWZ1bCwvL0F1dGhvcmVkIGJ5OiBsZXRpbW9tZSBpbiBjb21taXQ6NWEwZTZkZmI0NDRmYjFjNzZiYWQ4ZmNkMDkwMzFiYTVkMmI0NDkzZiwgd2l0aCBtZXNzYWdlOmFkZGVkIGMgZmlsZXMgaW4gYWxnb3JpdGhtCisgKiBidXQgV0lUSE9VVCBBTlkgV0FSUkFOVFk7IHdpdGhvdXQgZXZlbiB0aGUgaW1wbGllZCB3YXJyYW50eSBvZi8vQXV0aG9yZWQgYnk6IGxldGltb21lIGluIGNvbW1pdDo1YTBlNmRmYjQ0NGZiMWM3NmJhZDhmY2QwOTAzMWJhNWQyYjQ0OTNmLCB3aXRoIG1lc3NhZ2U6YWRkZWQgYyBmaWxlcyBpbiBhbGdvcml0aG0KKyAqIE1FUkNIQU5UQUJJTElUWSBvciBGSVRORVNTIEZPUiBBIFBBUlRJQ1VMQVIgUFVSUE9TRS4gIFNlZSB0aGUgR05VLy9BdXRob3JlZCBieTogbGV0aW1vbWUgaW4gY29tbWl0OjVhMGU2ZGZiNDQ0ZmIxYzc2YmFkOGZjZDA5MDMxYmE1ZDJiNDQ5M2YsIHdpdGggbWVzc2FnZTphZGRlZCBjIGZpbGVzIGluIGFsZ29yaXRobQorICogTGVzc2VyIEdlbmVyYWwgUHVibGljIExpY2Vuc2UgZm9yIG1vcmUgZGV0YWlscy4vL0F1dGhvcmVkIGJ5OiBsZXRpbW9tZSBpbiBjb21taXQ6NWEwZTZkZmI0NDRmYjFjNzZiYWQ4ZmNkMDkwMzFiYTVkMmI0NDkzZiwgd2l0aCBtZXNzYWdlOmFkZGVkIGMgZmlsZXMgaW4gYWxnb3JpdGhtCisgKi8vQXV0aG9yZWQgYnk6IGxldGltb21lIGluIGNvbW1pdDo1YTBlNmRmYjQ0NGZiMWM3NmJhZDhmY2QwOTAzMWJhNWQyYjQ0OTNmLCB3aXRoIG1lc3NhZ2U6YWRkZWQgYyBmaWxlcyBpbiBhbGdvcml0aG0KKyAqIFlvdSBzaG91bGQgaGF2ZSByZWNlaXZlZCBhIGNvcHkgb2YgdGhlIEdOVSBMZXNzZXIgR2VuZXJhbCBQdWJsaWMvL0F1dGhvcmVkIGJ5OiBsZXRpbW9tZSBpbiBjb21taXQ6NWEwZTZkZmI0NDRmYjFjNzZiYWQ4ZmNkMDkwMzFiYTVkMmI0NDkzZiwgd2l0aCBtZXNzYWdlOmFkZGVkIGMgZmlsZXMgaW4gYWxnb3JpdGhtCisgKiBMaWNlbnNlIGFsb25nIHdpdGggdGhpcyBsaWJyYXJ5OyBpZiBub3QsIHdyaXRlIHRvIHRoZSBGcmVlIFNvZnR3YXJlLy9BdXRob3JlZCBieTogbGV0aW1vbWUgaW4gY29tbWl0OjVhMGU2ZGZiNDQ0ZmIxYzc2YmFkOGZjZDA5MDMxYmE1ZDJiNDQ5M2YsIHdpdGggbWVzc2FnZTphZGRlZCBjIGZpbGVzIGluIGFsZ29yaXRobQorICogRm91bmRhdGlvbiwgSW5jLiwgNTEgRnJhbmtsaW4gU3RyZWV0LCBGaWZ0aCBGbG9vciwgQm9zdG9uLCBNQSAgMDIxMTAtMTMwMSAgVVNBLy9BdXRob3JlZCBieTogbGV0aW1vbWUgaW4gY29tbWl0OjVhMGU2ZGZiNDQ0ZmIxYzc2YmFkOGZjZDA5MDMxYmE1ZDJiNDQ5M2YsIHdpdGggbWVzc2FnZTphZGRlZCBjIGZpbGVzIGluIGFsZ29yaXRobQorICovLy9BdXRob3JlZCBieTogbGV0aW1vbWUgaW4gY29tbWl0OjVhMGU2ZGZiNDQ0ZmIxYzc2YmFkOGZjZDA5MDMxYmE1ZDJiNDQ5M2YsIHdpdGggbWVzc2FnZTphZGRlZCBjIGZpbGVzIGluIGFsZ29yaXRobQorLy9BdXRob3JlZCBieTogbGV0aW1vbWUgaW4gY29tbWl0OjVhMGU2ZGZiNDQ0ZmIxYzc2YmFkOGZjZDA5MDMxYmE1ZDJiNDQ5M2YsIHdpdGggbWVzc2FnZTphZGRlZCBjIGZpbGVzIGluIGFsZ29yaXRobQorI3ByYWdtYSBvbmNlLy9BdXRob3JlZCBieTogbGV0aW1vbWUgaW4gY29tbWl0OjVhMGU2ZGZiNDQ0ZmIxYzc2YmFkOGZjZDA5MDMxYmE1ZDJiNDQ5M2YsIHdpdGggbWVzc2FnZTphZGRlZCBjIGZpbGVzIGluIGFsZ29yaXRobQorLy9BdXRob3JlZCBieTogbGV0aW1vbWUgaW4gY29tbWl0OjVhMGU2ZGZiNDQ0ZmIxYzc2YmFkOGZjZDA5MDMxYmE1ZDJiNDQ5M2YsIHdpdGggbWVzc2FnZTphZGRlZCBjIGZpbGVzIGluIGFsZ29yaXRobQorVk9JRCBESUFMT0dfRmlsZU5ldyhWT0lEKTsvL0F1dGhvcmVkIGJ5OiBsZXRpbW9tZSBpbiBjb21taXQ6NWEwZTZkZmI0NDRmYjFjNzZiYWQ4ZmNkMDkwMzFiYTVkMmI0NDkzZiwgd2l0aCBtZXNzYWdlOmFkZGVkIGMgZmlsZXMgaW4gYWxnb3JpdGhtCitWT0lEIERJQUxPR19GaWxlT3BlbihWT0lEKTsvL0F1dGhvcmVkIGJ5OiBsZXRpbW9tZSBpbiBjb21taXQ6NWEwZTZkZmI0NDRmYjFjNzZiYWQ4ZmNkMDkwMzFiYTVkMmI0NDkzZiwgd2l0aCBtZXNzYWdlOmFkZGVkIGMgZmlsZXMgaW4gYWxnb3JpdGhtCitCT09MIERJQUxPR19GaWxlU2F2ZShWT0lEKTsvL0F1dGhvcmVkIGJ5OiBsZXRpbW9tZSBpbiBjb21taXQ6NWEwZTZkZmI0NDRmYjFjNzZiYWQ4ZmNkMDkwMzFiYTVkMmI0NDkzZiwgd2l0aCBtZXNzYWdlOmFkZGVkIGMgZmlsZXMgaW4gYWxnb3JpdGhtCitCT09MIERJQUxPR19GaWxlU2F2ZUFzKFZPSUQpOy8vQXV0aG9yZWQgYnk6IGxldGltb21lIGluIGNvbW1pdDo1YTBlNmRmYjQ0NGZiMWM3NmJhZDhmY2QwOTAzMWJhNWQyYjQ0OTNmLCB3aXRoIG1lc3NhZ2U6YWRkZWQgYyBmaWxlcyBpbiBhbGdvcml0aG0KK1ZPSUQgRElBTE9HX0ZpbGVQcmludChWT0lEKTsvL0F1dGhvcmVkIGJ5OiBsZXRpbW9tZSBpbiBjb21taXQ6NWEwZTZkZmI0NDRmYjFjNzZiYWQ4ZmNkMDkwMzFiYTVkMmI0NDkzZiwgd2l0aCBtZXNzYWdlOmFkZGVkIGMgZmlsZXMgaW4gYWxnb3JpdGhtCitWT0lEIERJQUxPR19GaWxlUGFnZVNldHVwKFZPSUQpOy8vQXV0aG9yZWQgYnk6IGxldGltb21lIGluIGNvbW1pdDo1YTBlNmRmYjQ0NGZiMWM3NmJhZDhmY2QwOTAzMWJhNWQyYjQ0OTNmLCB3aXRoIG1lc3NhZ2U6YWRkZWQgYyBmaWxlcyBpbiBhbGdvcml0aG0KK1ZPSUQgRElBTE9HX0ZpbGVFeGl0KFZPSUQpOy8vQXV0aG9yZWQgYnk6IGxldGltb21lIGluIGNvbW1pdDo1YTBlNmRmYjQ0NGZiMWM3NmJhZDhmY2QwOTAzMWJhNWQyYjQ0OTNmLCB3aXRoIG1lc3NhZ2U6YWRkZWQgYyBmaWxlcyBpbiBhbGdvcml0aG0KKy8vQXV0aG9yZWQgYnk6IGxldGltb21lIGluIGNvbW1pdDo1YTBlNmRmYjQ0NGZiMWM3NmJhZDhmY2QwOTAzMWJhNWQyYjQ0OTNmLCB3aXRoIG1lc3NhZ2U6YWRkZWQgYyBmaWxlcyBpbiBhbGdvcml0aG0KK1ZPSUQgRElBTE9HX0VkaXRVbmRvKFZPSUQpOy8vQXV0aG9yZWQgYnk6IGxldGltb21lIGluIGNvbW1pdDo1YTBlNmRmYjQ0NGZiMWM3NmJhZDhmY2QwOTAzMWJhNWQyYjQ0OTNmLCB3aXRoIG1lc3NhZ2U6YWRkZWQgYyBmaWxlcyBpbiBhbGdvcml0aG0KK1ZPSUQgRElBTE9HX0VkaXRDdXQoVk9JRCk7Ly9BdXRob3JlZCBieTogbGV0aW1vbWUgaW4gY29tbWl0OjVhMGU2ZGZiNDQ0ZmIxYzc2YmFkOGZjZDA5MDMxYmE1ZDJiNDQ5M2YsIHdpdGggbWVzc2FnZTphZGRlZCBjIGZpbGVzIGluIGFsZ29yaXRobQorVk9JRCBESUFMT0dfRWRpdENvcHkoVk9JRCk7Ly9BdXRob3JlZCBieTogbGV0aW1vbWUgaW4gY29tbWl0OjVhMGU2ZGZiNDQ0ZmIxYzc2YmFkOGZjZDA5MDMxYmE1ZDJiNDQ5M2YsIHdpdGggbWVzc2FnZTphZGRlZCBjIGZpbGVzIGluIGFsZ29yaXRobQorVk9JRCBESUFMT0dfRWRpdFBhc3RlKFZPSUQpOy8vQXV0aG9yZWQgYnk6IGxldGltb21lIGluIGNvbW1pdDo1YTBlNmRmYjQ0NGZiMWM3NmJhZDhmY2QwOTAzMWJhNWQyYjQ0OTNmLCB3aXRoIG1lc3NhZ2U6YWRkZWQgYyBmaWxlcyBpbiBhbGdvcml0aG0KK1ZPSUQgRElBTE9HX0VkaXREZWxldGUoVk9JRCk7Ly9BdXRob3JlZCBieTogbGV0aW1vbWUgaW4gY29tbWl0OjVhMGU2ZGZiNDQ0ZmIxYzc2YmFkOGZjZDA5MDMxYmE1ZDJiNDQ5M2YsIHdpdGggbWVzc2FnZTphZGRlZCBjIGZpbGVzIGluIGFsZ29yaXRobQorVk9JRCBESUFMT0dfRWRpdFNlbGVjdEFsbChWT0lEKTsvL0F1dGhvcmVkIGJ5OiBsZXRpbW9tZSBpbiBjb21taXQ6NWEwZTZkZmI0NDRmYjFjNzZiYWQ4ZmNkMDkwMzFiYTVkMmI0NDkzZiwgd2l0aCBtZXNzYWdlOmFkZGVkIGMgZmlsZXMgaW4gYWxnb3JpdGhtCitWT0lEIERJQUxPR19FZGl0VGltZURhdGUoVk9JRCk7Ly9BdXRob3JlZCBieTogbGV0aW1vbWUgaW4gY29tbWl0OjVhMGU2ZGZiNDQ0ZmIxYzc2YmFkOGZjZDA5MDMxYmE1ZDJiNDQ5M2YsIHdpdGggbWVzc2FnZTphZGRlZCBjIGZpbGVzIGluIGFsZ29yaXRobQorVk9JRCBESUFMT0dfRWRpdFdyYXAoVk9JRCk7Ly9BdXRob3JlZCBieTogbGV0aW1vbWUgaW4gY29tbWl0OjVhMGU2ZGZiNDQ0ZmIxYzc2YmFkOGZjZDA5MDMxYmE1ZDJiNDQ5M2YsIHdpdGggbWVzc2FnZTphZGRlZCBjIGZpbGVzIGluIGFsZ29yaXRobQorLy9BdXRob3JlZCBieTogbGV0aW1vbWUgaW4gY29tbWl0OjVhMGU2ZGZiNDQ0ZmIxYzc2YmFkOGZjZDA5MDMxYmE1ZDJiNDQ5M2YsIHdpdGggbWVzc2FnZTphZGRlZCBjIGZpbGVzIGluIGFsZ29yaXRobQorVk9JRCBESUFMT0dfU2VhcmNoKFZPSUQpOy8vQXV0aG9yZWQgYnk6IGxldGltb21lIGluIGNvbW1pdDo1YTBlNmRmYjQ0NGZiMWM3NmJhZDhmY2QwOTAzMWJhNWQyYjQ0OTNmLCB3aXRoIG1lc3NhZ2U6YWRkZWQgYyBmaWxlcyBpbiBhbGdvcml0aG0KK1ZPSUQgRElBTE9HX1NlYXJjaE5leHQoVk9JRCk7Ly9BdXRob3JlZCBieTogbGV0aW1vbWUgaW4gY29tbWl0OjVhMGU2ZGZiNDQ0ZmIxYzc2YmFkOGZjZDA5MDMxYmE1ZDJiNDQ5M2YsIHdpdGggbWVzc2FnZTphZGRlZCBjIGZpbGVzIGluIGFsZ29yaXRobQorVk9JRCBESUFMT0dfUmVwbGFjZShWT0lEKTsvL0F1dGhvcmVkIGJ5OiBsZXRpbW9tZSBpbiBjb21taXQ6NWEwZTZkZmI0NDRmYjFjNzZiYWQ4ZmNkMDkwMzFiYTVkMmI0NDkzZiwgd2l0aCBtZXNzYWdlOmFkZGVkIGMgZmlsZXMgaW4gYWxnb3JpdGhtCitWT0lEIERJQUxPR19Hb1RvKFZPSUQpOy8vQXV0aG9yZWQgYnk6IGxldGltb21lIGluIGNvbW1pdDo1YTBlNmRmYjQ0NGZiMWM3NmJhZDhmY2QwOTAzMWJhNWQyYjQ0OTNmLCB3aXRoIG1lc3NhZ2U6YWRkZWQgYyBmaWxlcyBpbiBhbGdvcml0aG0KKy8vQXV0aG9yZWQgYnk6IGxldGltb21lIGluIGNvbW1pdDo1YTBlNmRmYjQ0NGZiMWM3NmJhZDhmY2QwOTAzMWJhNWQyYjQ0OTNmLCB3aXRoIG1lc3NhZ2U6YWRkZWQgYyBmaWxlcyBpbiBhbGdvcml0aG0KK1ZPSUQgRElBTE9HX1NlbGVjdEZvbnQoVk9JRCk7Ly9BdXRob3JlZCBieTogbGV0aW1vbWUgaW4gY29tbWl0OjVhMGU2ZGZiNDQ0ZmIxYzc2YmFkOGZjZDA5MDMxYmE1ZDJiNDQ5M2YsIHdpdGggbWVzc2FnZTphZGRlZCBjIGZpbGVzIGluIGFsZ29yaXRobQorLy9BdXRob3JlZCBieTogbGV0aW1vbWUgaW4gY29tbWl0OjVhMGU2ZGZiNDQ0ZmIxYzc2YmFkOGZjZDA5MDMxYmE1ZDJiNDQ5M2YsIHdpdGggbWVzc2FnZTphZGRlZCBjIGZpbGVzIGluIGFsZ29yaXRobQorVk9JRCBESUFMT0dfVmlld1N0YXR1c0JhcihWT0lEKTsvL0F1dGhvcmVkIGJ5OiBsZXRpbW9tZSBpbiBjb21taXQ6NWEwZTZkZmI0NDRmYjFjNzZiYWQ4ZmNkMDkwMzFiYTVkMmI0NDkzZiwgd2l0aCBtZXNzYWdlOmFkZGVkIGMgZmlsZXMgaW4gYWxnb3JpdGhtCitWT0lEIERJQUxPR19TdGF0dXNCYXJVcGRhdGVDYXJldFBvcyhWT0lEKTsvL0F1dGhvcmVkIGJ5OiBsZXRpbW9tZSBpbiBjb21taXQ6NWEwZTZkZmI0NDRmYjFjNzZiYWQ4ZmNkMDkwMzFiYTVkMmI0NDkzZiwgd2l0aCBtZXNzYWdlOmFkZGVkIGMgZmlsZXMgaW4gYWxnb3JpdGhtCisvL0F1dGhvcmVkIGJ5OiBsZXRpbW9tZSBpbiBjb21taXQ6NWEwZTZkZmI0NDRmYjFjNzZiYWQ4ZmNkMDkwMzFiYTVkMmI0NDkzZiwgd2l0aCBtZXNzYWdlOmFkZGVkIGMgZmlsZXMgaW4gYWxnb3JpdGhtCitWT0lEIERJQUxPR19IZWxwQ29udGVudHMoVk9JRCk7Ly9BdXRob3JlZCBieTogbGV0aW1vbWUgaW4gY29tbWl0OjVhMGU2ZGZiNDQ0ZmIxYzc2YmFkOGZjZDA5MDMxYmE1ZDJiNDQ5M2YsIHdpdGggbWVzc2FnZTphZGRlZCBjIGZpbGVzIGluIGFsZ29yaXRobQorVk9JRCBESUFMT0dfSGVscFNlYXJjaChWT0lEKTsvL0F1dGhvcmVkIGJ5OiBsZXRpbW9tZSBpbiBjb21taXQ6NWEwZTZkZmI0NDRmYjFjNzZiYWQ4ZmNkMDkwMzFiYTVkMmI0NDkzZiwgd2l0aCBtZXNzYWdlOmFkZGVkIGMgZmlsZXMgaW4gYWxnb3JpdGhtCitWT0lEIERJQUxPR19IZWxwTGljZW5zZShWT0lEKTsvL0F1dGhvcmVkIGJ5OiBsZXRpbW9tZSBpbiBjb21taXQ6NWEwZTZkZmI0NDRmYjFjNzZiYWQ4ZmNkMDkwMzFiYTVkMmI0NDkzZiwgd2l0aCBtZXNzYWdlOmFkZGVkIGMgZmlsZXMgaW4gYWxnb3JpdGhtCitWT0lEIERJQUxPR19IZWxwTm9XYXJyYW50eShWT0lEKTsvL0F1dGhvcmVkIGJ5OiBsZXRpbW9tZSBpbiBjb21taXQ6NWEwZTZkZmI0NDRmYjFjNzZiYWQ4ZmNkMDkwMzFiYTVkMmI0NDkzZiwgd2l0aCBtZXNzYWdlOmFkZGVkIGMgZmlsZXMgaW4gYWxnb3JpdGhtCitWT0lEIERJQUxPR19IZWxwQWJvdXROb3RlcGFkKFZPSUQpOy8vQXV0aG9yZWQgYnk6IGxldGltb21lIGluIGNvbW1pdDo1YTBlNmRmYjQ0NGZiMWM3NmJhZDhmY2QwOTAzMWJhNWQyYjQ0OTNmLCB3aXRoIG1lc3NhZ2U6YWRkZWQgYyBmaWxlcyBpbiBhbGdvcml0aG0KKy8vQXV0aG9yZWQgYnk6IGxldGltb21lIGluIGNvbW1pdDo1YTBlNmRmYjQ0NGZiMWM3NmJhZDhmY2QwOTAzMWJhNWQyYjQ0OTNmLCB3aXRoIG1lc3NhZ2U6YWRkZWQgYyBmaWxlcyBpbiBhbGdvcml0aG0KK1ZPSUQgRElBTE9HX1RpbWVEYXRlKFZPSUQpOy8vQXV0aG9yZWQgYnk6IGxldGltb21lIGluIGNvbW1pdDo1YTBlNmRmYjQ0NGZiMWM3NmJhZDhmY2QwOTAzMWJhNWQyYjQ0OTNmLCB3aXRoIG1lc3NhZ2U6YWRkZWQgYyBmaWxlcyBpbiBhbGdvcml0aG0KKy8vQXV0aG9yZWQgYnk6IGxldGltb21lIGluIGNvbW1pdDo1YTBlNmRmYjQ0NGZiMWM3NmJhZDhmY2QwOTAzMWJhNWQyYjQ0OTNmLCB3aXRoIG1lc3NhZ2U6YWRkZWQgYyBmaWxlcyBpbiBhbGdvcml0aG0KK2ludCBESUFMT0dfU3RyaW5nTXNnQm94KEhXTkQgaFBhcmVudCwgaW50IGZvcm1hdElkLCBMUENUU1RSIHN6U3RyaW5nLCBEV09SRCBkd0ZsYWdzKTsvL0F1dGhvcmVkIGJ5OiBsZXRpbW9tZSBpbiBjb21taXQ6NWEwZTZkZmI0NDRmYjFjNzZiYWQ4ZmNkMDkwMzFiYTVkMmI0NDkzZiwgd2l0aCBtZXNzYWdlOmFkZGVkIGMgZmlsZXMgaW4gYWxnb3JpdGhtCisvL0F1dGhvcmVkIGJ5OiBsZXRpbW9tZSBpbiBjb21taXQ6NWEwZTZkZmI0NDRmYjFjNzZiYWQ4ZmNkMDkwMzFiYTVkMmI0NDkzZiwgd2l0aCBtZXNzYWdlOmFkZGVkIGMgZmlsZXMgaW4gYWxnb3JpdGhtCitJTlRfUFRSIENBTExCQUNLIEFib3V0RGlhbG9nUHJvYyhIV05EIGhEbGcsIFVJTlQgbWVzc2FnZSwgV1BBUkFNIHdQYXJhbSwgTFBBUkFNIGxQYXJhbSk7Ly9BdXRob3JlZCBieTogbGV0aW1vbWUgaW4gY29tbWl0OjVhMGU2ZGZiNDQ0ZmIxYzc2YmFkOGZjZDA5MDMxYmE1ZDJiNDQ5M2YsIHdpdGggbWVzc2FnZTphZGRlZCBjIGZpbGVzIGluIGFsZ29yaXRobQorLy9BdXRob3JlZCBieTogbGV0aW1vbWUgaW4gY29tbWl0OjVhMGU2ZGZiNDQ0ZmIxYzc2YmFkOGZjZDA5MDMxYmE1ZDJiNDQ5M2YsIHdpdGggbWVzc2FnZTphZGRlZCBjIGZpbGVzIGluIGFsZ29yaXRobQorLyogdXRpbGl0eSBmdW5jdGlvbnMgKi8vL0F1dGhvcmVkIGJ5OiBsZXRpbW9tZSBpbiBjb21taXQ6NWEwZTZkZmI0NDRmYjFjNzZiYWQ4ZmNkMDkwMzFiYTVkMmI0NDkzZiwgd2l0aCBtZXNzYWdlOmFkZGVkIGMgZmlsZXMgaW4gYWxnb3JpdGhtCitWT0lEIFNob3dMYXN0RXJyb3IoVk9JRCk7Ly9BdXRob3JlZCBieTogbGV0aW1vbWUgaW4gY29tbWl0OjVhMGU2ZGZiNDQ0ZmIxYzc2YmFkOGZjZDA5MDMxYmE1ZDJiNDQ5M2YsIHdpdGggbWVzc2FnZTphZGRlZCBjIGZpbGVzIGluIGFsZ29yaXRobQorQk9PTCBGaWxlRXhpc3RzKExQQ1RTVFIgc3pGaWxlbmFtZSk7Ly9BdXRob3JlZCBieTogbGV0aW1vbWUgaW4gY29tbWl0OjVhMGU2ZGZiNDQ0ZmIxYzc2YmFkOGZjZDA5MDMxYmE1ZDJiNDQ5M2YsIHdpdGggbWVzc2FnZTphZGRlZCBjIGZpbGVzIGluIGFsZ29yaXRobQorQk9PTCBIYXNGaWxlRXh0ZW5zaW9uKExQQ1RTVFIgc3pGaWxlbmFtZSk7Ly9BdXRob3JlZCBieTogbGV0aW1vbWUgaW4gY29tbWl0OjVhMGU2ZGZiNDQ0ZmIxYzc2YmFkOGZjZDA5MDMxYmE1ZDJiNDQ5M2YsIHdpdGggbWVzc2FnZTphZGRlZCBjIGZpbGVzIGluIGFsZ29yaXRobQorQk9PTCBEb0Nsb3NlRmlsZShWT0lEKTsvL0F1dGhvcmVkIGJ5OiBsZXRpbW9tZSBpbiBjb21taXQ6NWEwZTZkZmI0NDRmYjFjNzZiYWQ4ZmNkMDkwMzFiYTVkMmI0NDkzZiwgd2l0aCBtZXNzYWdlOmFkZGVkIGMgZmlsZXMgaW4gYWxnb3JpdGhtCitWT0lEIERvT3BlbkZpbGUoTFBDVFNUUiBzekZpbGVOYW1lKTsvL0F1dGhvcmVkIGJ5OiBsZXRpbW9tZSBpbiBjb21taXQ6NWEwZTZkZmI0NDRmYjFjNzZiYWQ4ZmNkMDkwMzFiYTVkMmI0NDkzZiwgd2l0aCBtZXNzYWdlOmFkZGVkIGMgZmlsZXMgaW4gYWxnb3JpdGhtCitWT0lEIERvQ3JlYXRlU3RhdHVzQmFyKFZPSUQpOy8vQXV0aG9yZWQgYnk6IGxldGltb21lIGluIGNvbW1pdDo1YTBlNmRmYjQ0NGZiMWM3NmJhZDhmY2QwOTAzMWJhNWQyYjQ0OTNmLCB3aXRoIG1lc3NhZ2U6YWRkZWQgYyBmaWxlcyBpbiBhbGdvcml0aG0KK1ZPSUQgRG9DcmVhdGVFZGl0V2luZG93KFZPSUQpOy8vQXV0aG9yZWQgYnk6IGxldGltb21lIGluIGNvbW1pdDo1YTBlNmRmYjQ0NGZiMWM3NmJhZDhmY2QwOTAzMWJhNWQyYjQ0OTNmLCB3aXRoIG1lc3NhZ2U6YWRkZWQgYyBmaWxlcyBpbiBhbGdvcml0aG0K','5a0e6dfb444fb1c76bad8fcd09031ba5d2b4493f; 5a0e6dfb444fb1c76bad8fcd09031ba5d2b4493f; 5a0e6dfb444fb1c76bad8fcd09031ba5d2b4493f; 5a0e6dfb444fb1c76bad8fcd09031ba5d2b4493f; 5a0e6dfb444fb1c76bad8fcd09031ba5d2b4493f; 5a0e6dfb444fb1c76bad8fcd09031ba5d2b4493f; 5a0e6dfb444fb1c76bad8fcd09031ba5d2b4493f; 5a0e6dfb444fb1c76bad8fcd09031ba5d2b4493f; 5a0e6dfb444fb1c76bad8fcd09031ba5d2b4493f; 5a0e6dfb444fb1c76bad8fcd09031ba5d2b4493f; 5a0e6dfb444fb1c76bad8fcd09031ba5d2b4493f; 5a0e6dfb444fb1c76bad8fcd09031ba5d2b4493f; 5a0e6dfb444fb1c76bad8fcd09031ba5d2b4493f; 5a0e6dfb444fb1c76bad8fcd09031ba5d2b4493f; 5a0e6dfb444fb1c76bad8fcd09031ba5d2b4493f; 5a0e6dfb444fb1c76bad8fcd09031ba5d2b4493f; 5a0e6dfb444fb1c76bad8fcd09031ba5d2b4493f; 5a0e6dfb444fb1c76bad8fcd09031ba5d2b4493f; 5a0e6dfb444fb1c76bad8fcd09031ba5d2b4493f; 5a0e6dfb444fb1c76bad8fcd09031ba5d2b4493f; 5a0e6dfb444fb1c76bad8fcd09031ba5d2b4493f; 5a0e6dfb444fb1c76bad8fcd09031ba5d2b4493f; 5a0e6dfb444fb1c76bad8fcd09031ba5d2b4493f; 5a0e6dfb444fb1c76bad8fcd09031ba5d2b4493f; 5a0e6dfb444fb1c76bad8fcd09031ba5d2b4493f; 5a0e6dfb444fb1c76bad8fcd09031ba5d2b4493f; 5a0e6dfb444fb1c76bad8fcd09031ba5d2b4493f; 5a0e6dfb444fb1c76bad8fcd09031ba5d2b4493f; 5a0e6dfb444fb1c76bad8fcd09031ba5d2b4493f; 5a0e6dfb444fb1c76bad8fcd09031ba5d2b4493f; 5a0e6dfb444fb1c76bad8fcd09031ba5d2b4493f; 5a0e6dfb444fb1c76bad8fcd09031ba5d2b4493f; 5a0e6dfb444fb1c76bad8fcd09031ba5d2b4493f; 5a0e6dfb444fb1c76bad8fcd09031ba5d2b4493f; 5a0e6dfb444fb1c76bad8fcd09031ba5d2b4493f; 5a0e6dfb444fb1c76bad8fcd09031ba5d2b4493f; 5a0e6dfb444fb1c76bad8fcd09031ba5d2b4493f; 5a0e6dfb444fb1c76bad8fcd09031ba5d2b4493f; 5a0e6dfb444fb1c76bad8fcd09031ba5d2b4493f; 5a0e6dfb444fb1c76bad8fcd09031ba5d2b4493f; 5a0e6dfb444fb1c76bad8fcd09031ba5d2b4493f; 5a0e6dfb444fb1c76bad8fcd09031ba5d2b4493f; 5a0e6dfb444fb1c76bad8fcd09031ba5d2b4493f; 5a0e6dfb444fb1c76bad8fcd09031ba5d2b4493f; 5a0e6dfb444fb1c76bad8fcd09031ba5d2b4493f; 5a0e6dfb444fb1c76bad8fcd09031ba5d2b4493f; 5a0e6dfb444fb1c76bad8fcd09031ba5d2b4493f; 5a0e6dfb444fb1c76bad8fcd09031ba5d2b4493f; 5a0e6dfb444fb1c76bad8fcd09031ba5d2b4493f; 5a0e6dfb444fb1c76bad8fcd09031ba5d2b4493f; 5a0e6dfb444fb1c76bad8fcd09031ba5d2b4493f; 5a0e6dfb444fb1c76bad8fcd09031ba5d2b4493f; 5a0e6dfb444fb1c76bad8fcd09031ba5d2b4493f; 5a0e6dfb444fb1c76bad8fcd09031ba5d2b4493f; 5a0e6dfb444fb1c76bad8fcd09031ba5d2b4493f; 5a0e6dfb444fb1c76bad8fcd09031ba5d2b4493f; 5a0e6dfb444fb1c76bad8fcd09031ba5d2b4493f; 5a0e6dfb444fb1c76bad8fcd09031ba5d2b4493f; 5a0e6dfb444fb1c76bad8fcd09031ba5d2b4493f; 5a0e6dfb444fb1c76bad8fcd09031ba5d2b4493f; 5a0e6dfb444fb1c76bad8fcd09031ba5d2b4493f; 5a0e6dfb444fb1c76bad8fcd09031ba5d2b4493f; 5a0e6dfb444fb1c76bad8fcd09031ba5d2b4493f; 5a0e6dfb444fb1c76bad8fcd09031ba5d2b4493f; 5a0e6dfb444fb1c76bad8fcd09031ba5d2b4493f; 5a0e6dfb444fb1c76bad8fcd09031ba5d2b4493f; 5a0e6dfb444fb1c76bad8fcd09031ba5d2b4493f; 5a0e6dfb444fb1c76bad8fcd09031ba5d2b4493f; 5a0e6dfb444fb1c76bad8fcd09031ba5d2b4493f; ','added c files in algorithm; ','ZGlmZiAtLWdpdCBhL2lucHV0L2FsZ29yaXRobXMvZGlhbG9nLmggYi9pbnB1dC9hbGdvcml0aG1zL2RpYWxvZy5oCm5ldyBmaWxlIG1vZGUgMTAwNjQ0CmluZGV4IDAwMDAwMDAuLmY4NmM1MjIKLS0tIC9kZXYvbnVsbAorKysgYi9pbnB1dC9hbGdvcml0aG1zL2RpYWxvZy5oCkBAIC0wLDAgKzEsNjkgQEAKKy8qCisgKiAgTm90ZXBhZCAoZGlhbG9nLmgpCisgKgorICogIENvcHlyaWdodCAxOTk4IE1hcmNlbCBCYXVyIDxtYmF1ckBnMjYuZXRoei5jaD4KKyAqCisgKiBUaGlzIGxpYnJhcnkgaXMgZnJlZSBzb2Z0d2FyZTsgeW91IGNhbiByZWRpc3RyaWJ1dGUgaXQgYW5kL29yCisgKiBtb2RpZnkgaXQgdW5kZXIgdGhlIHRlcm1zIG9mIHRoZSBHTlUgTGVzc2VyIEdlbmVyYWwgUHVibGljCisgKiBMaWNlbnNlIGFzIHB1Ymxpc2hlZCBieSB0aGUgRnJlZSBTb2Z0d2FyZSBGb3VuZGF0aW9uOyBlaXRoZXIKKyAqIHZlcnNpb24gMi4xIG9mIHRoZSBMaWNlbnNlLCBvciAoYXQgeW91ciBvcHRpb24pIGFueSBsYXRlciB2ZXJzaW9uLgorICoKKyAqIFRoaXMgbGlicmFyeSBpcyBkaXN0cmlidXRlZCBpbiB0aGUgaG9wZSB0aGF0IGl0IHdpbGwgYmUgdXNlZnVsLAorICogYnV0IFdJVEhPVVQgQU5ZIFdBUlJBTlRZOyB3aXRob3V0IGV2ZW4gdGhlIGltcGxpZWQgd2FycmFudHkgb2YKKyAqIE1FUkNIQU5UQUJJTElUWSBvciBGSVRORVNTIEZPUiBBIFBBUlRJQ1VMQVIgUFVSUE9TRS4gIFNlZSB0aGUgR05VCisgKiBMZXNzZXIgR2VuZXJhbCBQdWJsaWMgTGljZW5zZSBmb3IgbW9yZSBkZXRhaWxzLgorICoKKyAqIFlvdSBzaG91bGQgaGF2ZSByZWNlaXZlZCBhIGNvcHkgb2YgdGhlIEdOVSBMZXNzZXIgR2VuZXJhbCBQdWJsaWMKKyAqIExpY2Vuc2UgYWxvbmcgd2l0aCB0aGlzIGxpYnJhcnk7IGlmIG5vdCwgd3JpdGUgdG8gdGhlIEZyZWUgU29mdHdhcmUKKyAqIEZvdW5kYXRpb24sIEluYy4sIDUxIEZyYW5rbGluIFN0cmVldCwgRmlmdGggRmxvb3IsIEJvc3RvbiwgTUEgIDAyMTEwLTEzMDEgIFVTQQorICovCisKKyNwcmFnbWEgb25jZQorCitWT0lEIERJQUxPR19GaWxlTmV3KFZPSUQpOworVk9JRCBESUFMT0dfRmlsZU9wZW4oVk9JRCk7CitCT09MIERJQUxPR19GaWxlU2F2ZShWT0lEKTsKK0JPT0wgRElBTE9HX0ZpbGVTYXZlQXMoVk9JRCk7CitWT0lEIERJQUxPR19GaWxlUHJpbnQoVk9JRCk7CitWT0lEIERJQUxPR19GaWxlUGFnZVNldHVwKFZPSUQpOworVk9JRCBESUFMT0dfRmlsZUV4aXQoVk9JRCk7CisKK1ZPSUQgRElBTE9HX0VkaXRVbmRvKFZPSUQpOworVk9JRCBESUFMT0dfRWRpdEN1dChWT0lEKTsKK1ZPSUQgRElBTE9HX0VkaXRDb3B5KFZPSUQpOworVk9JRCBESUFMT0dfRWRpdFBhc3RlKFZPSUQpOworVk9JRCBESUFMT0dfRWRpdERlbGV0ZShWT0lEKTsKK1ZPSUQgRElBTE9HX0VkaXRTZWxlY3RBbGwoVk9JRCk7CitWT0lEIERJQUxPR19FZGl0VGltZURhdGUoVk9JRCk7CitWT0lEIERJQUxPR19FZGl0V3JhcChWT0lEKTsKKworVk9JRCBESUFMT0dfU2VhcmNoKFZPSUQpOworVk9JRCBESUFMT0dfU2VhcmNoTmV4dChWT0lEKTsKK1ZPSUQgRElBTE9HX1JlcGxhY2UoVk9JRCk7CitWT0lEIERJQUxPR19Hb1RvKFZPSUQpOworCitWT0lEIERJQUxPR19TZWxlY3RGb250KFZPSUQpOworCitWT0lEIERJQUxPR19WaWV3U3RhdHVzQmFyKFZPSUQpOworVk9JRCBESUFMT0dfU3RhdHVzQmFyVXBkYXRlQ2FyZXRQb3MoVk9JRCk7CisKK1ZPSUQgRElBTE9HX0hlbHBDb250ZW50cyhWT0lEKTsKK1ZPSUQgRElBTE9HX0hlbHBTZWFyY2goVk9JRCk7CitWT0lEIERJQUxPR19IZWxwTGljZW5zZShWT0lEKTsKK1ZPSUQgRElBTE9HX0hlbHBOb1dhcnJhbnR5KFZPSUQpOworVk9JRCBESUFMT0dfSGVscEFib3V0Tm90ZXBhZChWT0lEKTsKKworVk9JRCBESUFMT0dfVGltZURhdGUoVk9JRCk7CisKK2ludCBESUFMT0dfU3RyaW5nTXNnQm94KEhXTkQgaFBhcmVudCwgaW50IGZvcm1hdElkLCBMUENUU1RSIHN6U3RyaW5nLCBEV09SRCBkd0ZsYWdzKTsKKworSU5UX1BUUiBDQUxMQkFDSyBBYm91dERpYWxvZ1Byb2MoSFdORCBoRGxnLCBVSU5UIG1lc3NhZ2UsIFdQQVJBTSB3UGFyYW0sIExQQVJBTSBsUGFyYW0pOworCisvKiB1dGlsaXR5IGZ1bmN0aW9ucyAqLworVk9JRCBTaG93TGFzdEVycm9yKFZPSUQpOworQk9PTCBGaWxlRXhpc3RzKExQQ1RTVFIgc3pGaWxlbmFtZSk7CitCT09MIEhhc0ZpbGVFeHRlbnNpb24oTFBDVFNUUiBzekZpbGVuYW1lKTsKK0JPT0wgRG9DbG9zZUZpbGUoVk9JRCk7CitWT0lEIERvT3BlbkZpbGUoTFBDVFNUUiBzekZpbGVOYW1lKTsKK1ZPSUQgRG9DcmVhdGVTdGF0dXNCYXIoVk9JRCk7CitWT0lEIERvQ3JlYXRlRWRpdFdpbmRvdyhWT0lEKTsK',257,11,2,'NEW_ASSET_WITH_NO_VARIATIONPOINT');
INSERT IGNORE INTO developer_group (id_developer_group) VALUES 
(12);
INSERT IGNORE INTO developer_bridge (id_developer_group,id_developer) VALUES 
(12,1);

INSERT IGNORE INTO variation_point (idvariationpoint, expression, idcoreasset,id_feature_group) VALUES
(258,'No Expression',65,0);
INSERT IGNORE INTO customization_fact (idcustomization, lines_added,lines_deleted,custom_diff,commit_set,message_set,greater_diff,idvariationpoint,id_developer_group, idproductrelease, type) VALUES
(12,42,0,'ZGlmZiAtLWdpdCBhL2lucHV0L2FsZ29yaXRobXMvbGljZW5zZS5jIGIvaW5wdXQvYWxnb3JpdGhtcy9saWNlbnNlLmMKbmV3IGZpbGUgbW9kZSAxMDA2NDQKaW5kZXggMDAwMDAwMC4uYzIxOGUyNwotLS0gL2Rldi9udWxsCkBAIC0wLDAgKzEsNDIgQEAgRXhwcmVzc2lvbjogTm8gRXhwcmVzc2lvbkNoYW5nZSBUeXBlOiBORVdfQVNTRVRfV0lUSF9OT19WQVJJQVRJT05QT0lOVAorLyovL0F1dGhvcmVkIGJ5OiBsZXRpbW9tZSBpbiBjb21taXQ6NWEwZTZkZmI0NDRmYjFjNzZiYWQ4ZmNkMDkwMzFiYTVkMmI0NDkzZiwgd2l0aCBtZXNzYWdlOmFkZGVkIGMgZmlsZXMgaW4gYWxnb3JpdGhtCisgKiAgTm90ZXBhZCAobGljZW5zZS5oKS8vQXV0aG9yZWQgYnk6IGxldGltb21lIGluIGNvbW1pdDo1YTBlNmRmYjQ0NGZiMWM3NmJhZDhmY2QwOTAzMWJhNWQyYjQ0OTNmLCB3aXRoIG1lc3NhZ2U6YWRkZWQgYyBmaWxlcyBpbiBhbGdvcml0aG0KKyAqLy9BdXRob3JlZCBieTogbGV0aW1vbWUgaW4gY29tbWl0OjVhMGU2ZGZiNDQ0ZmIxYzc2YmFkOGZjZDA5MDMxYmE1ZDJiNDQ5M2YsIHdpdGggbWVzc2FnZTphZGRlZCBjIGZpbGVzIGluIGFsZ29yaXRobQorICogIENvcHlyaWdodCAxOTk3LDk4IE1hcmNlbCBCYXVyIDxtYmF1ckBnMjYuZXRoei5jaD4vL0F1dGhvcmVkIGJ5OiBsZXRpbW9tZSBpbiBjb21taXQ6NWEwZTZkZmI0NDRmYjFjNzZiYWQ4ZmNkMDkwMzFiYTVkMmI0NDkzZiwgd2l0aCBtZXNzYWdlOmFkZGVkIGMgZmlsZXMgaW4gYWxnb3JpdGhtCisgKi8vQXV0aG9yZWQgYnk6IGxldGltb21lIGluIGNvbW1pdDo1YTBlNmRmYjQ0NGZiMWM3NmJhZDhmY2QwOTAzMWJhNWQyYjQ0OTNmLCB3aXRoIG1lc3NhZ2U6YWRkZWQgYyBmaWxlcyBpbiBhbGdvcml0aG0KKyAqIFRoaXMgbGlicmFyeSBpcyBmcmVlIHNvZnR3YXJlOyB5b3UgY2FuIHJlZGlzdHJpYnV0ZSBpdCBhbmQvb3IvL0F1dGhvcmVkIGJ5OiBsZXRpbW9tZSBpbiBjb21taXQ6NWEwZTZkZmI0NDRmYjFjNzZiYWQ4ZmNkMDkwMzFiYTVkMmI0NDkzZiwgd2l0aCBtZXNzYWdlOmFkZGVkIGMgZmlsZXMgaW4gYWxnb3JpdGhtCisgKiBtb2RpZnkgaXQgdW5kZXIgdGhlIHRlcm1zIG9mIHRoZSBHTlUgTGVzc2VyIEdlbmVyYWwgUHVibGljLy9BdXRob3JlZCBieTogbGV0aW1vbWUgaW4gY29tbWl0OjVhMGU2ZGZiNDQ0ZmIxYzc2YmFkOGZjZDA5MDMxYmE1ZDJiNDQ5M2YsIHdpdGggbWVzc2FnZTphZGRlZCBjIGZpbGVzIGluIGFsZ29yaXRobQorICogTGljZW5zZSBhcyBwdWJsaXNoZWQgYnkgdGhlIEZyZWUgU29mdHdhcmUgRm91bmRhdGlvbjsgZWl0aGVyLy9BdXRob3JlZCBieTogbGV0aW1vbWUgaW4gY29tbWl0OjVhMGU2ZGZiNDQ0ZmIxYzc2YmFkOGZjZDA5MDMxYmE1ZDJiNDQ5M2YsIHdpdGggbWVzc2FnZTphZGRlZCBjIGZpbGVzIGluIGFsZ29yaXRobQorICogdmVyc2lvbiAyLjEgb2YgdGhlIExpY2Vuc2UsIG9yIChhdCB5b3VyIG9wdGlvbikgYW55IGxhdGVyIHZlcnNpb24uLy9BdXRob3JlZCBieTogbGV0aW1vbWUgaW4gY29tbWl0OjVhMGU2ZGZiNDQ0ZmIxYzc2YmFkOGZjZDA5MDMxYmE1ZDJiNDQ5M2YsIHdpdGggbWVzc2FnZTphZGRlZCBjIGZpbGVzIGluIGFsZ29yaXRobQorICovL0F1dGhvcmVkIGJ5OiBsZXRpbW9tZSBpbiBjb21taXQ6NWEwZTZkZmI0NDRmYjFjNzZiYWQ4ZmNkMDkwMzFiYTVkMmI0NDkzZiwgd2l0aCBtZXNzYWdlOmFkZGVkIGMgZmlsZXMgaW4gYWxnb3JpdGhtCisgKiBUaGlzIGxpYnJhcnkgaXMgZGlzdHJpYnV0ZWQgaW4gdGhlIGhvcGUgdGhhdCBpdCB3aWxsIGJlIHVzZWZ1bCwvL0F1dGhvcmVkIGJ5OiBsZXRpbW9tZSBpbiBjb21taXQ6NWEwZTZkZmI0NDRmYjFjNzZiYWQ4ZmNkMDkwMzFiYTVkMmI0NDkzZiwgd2l0aCBtZXNzYWdlOmFkZGVkIGMgZmlsZXMgaW4gYWxnb3JpdGhtCisgKiBidXQgV0lUSE9VVCBBTlkgV0FSUkFOVFk7IHdpdGhvdXQgZXZlbiB0aGUgaW1wbGllZCB3YXJyYW50eSBvZi8vQXV0aG9yZWQgYnk6IGxldGltb21lIGluIGNvbW1pdDo1YTBlNmRmYjQ0NGZiMWM3NmJhZDhmY2QwOTAzMWJhNWQyYjQ0OTNmLCB3aXRoIG1lc3NhZ2U6YWRkZWQgYyBmaWxlcyBpbiBhbGdvcml0aG0KKyAqIE1FUkNIQU5UQUJJTElUWSBvciBGSVRORVNTIEZPUiBBIFBBUlRJQ1VMQVIgUFVSUE9TRS4gIFNlZSB0aGUgR05VLy9BdXRob3JlZCBieTogbGV0aW1vbWUgaW4gY29tbWl0OjVhMGU2ZGZiNDQ0ZmIxYzc2YmFkOGZjZDA5MDMxYmE1ZDJiNDQ5M2YsIHdpdGggbWVzc2FnZTphZGRlZCBjIGZpbGVzIGluIGFsZ29yaXRobQorICogTGVzc2VyIEdlbmVyYWwgUHVibGljIExpY2Vuc2UgZm9yIG1vcmUgZGV0YWlscy4vL0F1dGhvcmVkIGJ5OiBsZXRpbW9tZSBpbiBjb21taXQ6NWEwZTZkZmI0NDRmYjFjNzZiYWQ4ZmNkMDkwMzFiYTVkMmI0NDkzZiwgd2l0aCBtZXNzYWdlOmFkZGVkIGMgZmlsZXMgaW4gYWxnb3JpdGhtCisgKi8vQXV0aG9yZWQgYnk6IGxldGltb21lIGluIGNvbW1pdDo1YTBlNmRmYjQ0NGZiMWM3NmJhZDhmY2QwOTAzMWJhNWQyYjQ0OTNmLCB3aXRoIG1lc3NhZ2U6YWRkZWQgYyBmaWxlcyBpbiBhbGdvcml0aG0KKyAqIFlvdSBzaG91bGQgaGF2ZSByZWNlaXZlZCBhIGNvcHkgb2YgdGhlIEdOVSBMZXNzZXIgR2VuZXJhbCBQdWJsaWMvL0F1dGhvcmVkIGJ5OiBsZXRpbW9tZSBpbiBjb21taXQ6NWEwZTZkZmI0NDRmYjFjNzZiYWQ4ZmNkMDkwMzFiYTVkMmI0NDkzZiwgd2l0aCBtZXNzYWdlOmFkZGVkIGMgZmlsZXMgaW4gYWxnb3JpdGhtCisgKiBMaWNlbnNlIGFsb25nIHdpdGggdGhpcyBsaWJyYXJ5OyBpZiBub3QsIHdyaXRlIHRvIHRoZSBGcmVlIFNvZnR3YXJlLy9BdXRob3JlZCBieTogbGV0aW1vbWUgaW4gY29tbWl0OjVhMGU2ZGZiNDQ0ZmIxYzc2YmFkOGZjZDA5MDMxYmE1ZDJiNDQ5M2YsIHdpdGggbWVzc2FnZTphZGRlZCBjIGZpbGVzIGluIGFsZ29yaXRobQorICogRm91bmRhdGlvbiwgSW5jLiwgNTEgRnJhbmtsaW4gU3RyZWV0LCBGaWZ0aCBGbG9vciwgQm9zdG9uLCBNQSAgMDIxMTAtMTMwMSAgVVNBLy9BdXRob3JlZCBieTogbGV0aW1vbWUgaW4gY29tbWl0OjVhMGU2ZGZiNDQ0ZmIxYzc2YmFkOGZjZDA5MDMxYmE1ZDJiNDQ5M2YsIHdpdGggbWVzc2FnZTphZGRlZCBjIGZpbGVzIGluIGFsZ29yaXRobQorICovLy9BdXRob3JlZCBieTogbGV0aW1vbWUgaW4gY29tbWl0OjVhMGU2ZGZiNDQ0ZmIxYzc2YmFkOGZjZDA5MDMxYmE1ZDJiNDQ5M2YsIHdpdGggbWVzc2FnZTphZGRlZCBjIGZpbGVzIGluIGFsZ29yaXRobQorLy9BdXRob3JlZCBieTogbGV0aW1vbWUgaW4gY29tbWl0OjVhMGU2ZGZiNDQ0ZmIxYzc2YmFkOGZjZDA5MDMxYmE1ZDJiNDQ5M2YsIHdpdGggbWVzc2FnZTphZGRlZCBjIGZpbGVzIGluIGFsZ29yaXRobQorI2luY2x1ZGUgIm5vdGVwYWQuaCIvL0F1dGhvcmVkIGJ5OiBsZXRpbW9tZSBpbiBjb21taXQ6NWEwZTZkZmI0NDRmYjFjNzZiYWQ4ZmNkMDkwMzFiYTVkMmI0NDkzZiwgd2l0aCBtZXNzYWdlOmFkZGVkIGMgZmlsZXMgaW4gYWxnb3JpdGhtCisvL0F1dGhvcmVkIGJ5OiBsZXRpbW9tZSBpbiBjb21taXQ6NWEwZTZkZmI0NDRmYjFjNzZiYWQ4ZmNkMDkwMzFiYTVkMmI0NDkzZiwgd2l0aCBtZXNzYWdlOmFkZGVkIGMgZmlsZXMgaW4gYWxnb3JpdGhtCitWT0lEIFdpbmVMaWNlbnNlKEhXTkQgV25kKS8vQXV0aG9yZWQgYnk6IGxldGltb21lIGluIGNvbW1pdDo1YTBlNmRmYjQ0NGZiMWM3NmJhZDhmY2QwOTAzMWJhNWQyYjQ0OTNmLCB3aXRoIG1lc3NhZ2U6YWRkZWQgYyBmaWxlcyBpbiBhbGdvcml0aG0KK3svL0F1dGhvcmVkIGJ5OiBsZXRpbW9tZSBpbiBjb21taXQ6NWEwZTZkZmI0NDRmYjFjNzZiYWQ4ZmNkMDkwMzFiYTVkMmI0NDkzZiwgd2l0aCBtZXNzYWdlOmFkZGVkIGMgZmlsZXMgaW4gYWxnb3JpdGhtCisgICAgLyogRklYTUU6IHNob3VsZCBsb2FkIHN0cmluZ3MgZnJvbSByZXNvdXJjZXMgKi8vL0F1dGhvcmVkIGJ5OiBsZXRpbW9tZSBpbiBjb21taXQ6NWEwZTZkZmI0NDRmYjFjNzZiYWQ4ZmNkMDkwMzFiYTVkMmI0NDkzZiwgd2l0aCBtZXNzYWdlOmFkZGVkIGMgZmlsZXMgaW4gYWxnb3JpdGhtCisgICAgTElDRU5TRSAqTGljZW5zZSA9ICZXaW5lTGljZW5zZV9FbjsvL0F1dGhvcmVkIGJ5OiBsZXRpbW9tZSBpbiBjb21taXQ6NWEwZTZkZmI0NDRmYjFjNzZiYWQ4ZmNkMDkwMzFiYTVkMmI0NDkzZiwgd2l0aCBtZXNzYWdlOmFkZGVkIGMgZmlsZXMgaW4gYWxnb3JpdGhtCisgICAgTWVzc2FnZUJveEEoV25kLC8vQXV0aG9yZWQgYnk6IGxldGltb21lIGluIGNvbW1pdDo1YTBlNmRmYjQ0NGZiMWM3NmJhZDhmY2QwOTAzMWJhNWQyYjQ0OTNmLCB3aXRoIG1lc3NhZ2U6YWRkZWQgYyBmaWxlcyBpbiBhbGdvcml0aG0KKyAgICAgICAgICAgICAgICBMaWNlbnNlLT5MaWNlbnNlLC8vQXV0aG9yZWQgYnk6IGxldGltb21lIGluIGNvbW1pdDo1YTBlNmRmYjQ0NGZiMWM3NmJhZDhmY2QwOTAzMWJhNWQyYjQ0OTNmLCB3aXRoIG1lc3NhZ2U6YWRkZWQgYyBmaWxlcyBpbiBhbGdvcml0aG0KKyAgICAgICAgICAgICAgICBMaWNlbnNlLT5MaWNlbnNlQ2FwdGlvbiwvL0F1dGhvcmVkIGJ5OiBsZXRpbW9tZSBpbiBjb21taXQ6NWEwZTZkZmI0NDRmYjFjNzZiYWQ4ZmNkMDkwMzFiYTVkMmI0NDkzZiwgd2l0aCBtZXNzYWdlOmFkZGVkIGMgZmlsZXMgaW4gYWxnb3JpdGhtCisgICAgICAgICAgICAgICAgTUJfSUNPTklORk9STUFUSU9OIHwgTUJfT0spOy8vQXV0aG9yZWQgYnk6IGxldGltb21lIGluIGNvbW1pdDo1YTBlNmRmYjQ0NGZiMWM3NmJhZDhmY2QwOTAzMWJhNWQyYjQ0OTNmLCB3aXRoIG1lc3NhZ2U6YWRkZWQgYyBmaWxlcyBpbiBhbGdvcml0aG0KK30vL0F1dGhvcmVkIGJ5OiBsZXRpbW9tZSBpbiBjb21taXQ6NWEwZTZkZmI0NDRmYjFjNzZiYWQ4ZmNkMDkwMzFiYTVkMmI0NDkzZiwgd2l0aCBtZXNzYWdlOmFkZGVkIGMgZmlsZXMgaW4gYWxnb3JpdGhtCisvL0F1dGhvcmVkIGJ5OiBsZXRpbW9tZSBpbiBjb21taXQ6NWEwZTZkZmI0NDRmYjFjNzZiYWQ4ZmNkMDkwMzFiYTVkMmI0NDkzZiwgd2l0aCBtZXNzYWdlOmFkZGVkIGMgZmlsZXMgaW4gYWxnb3JpdGhtCisvL0F1dGhvcmVkIGJ5OiBsZXRpbW9tZSBpbiBjb21taXQ6NWEwZTZkZmI0NDRmYjFjNzZiYWQ4ZmNkMDkwMzFiYTVkMmI0NDkzZiwgd2l0aCBtZXNzYWdlOmFkZGVkIGMgZmlsZXMgaW4gYWxnb3JpdGhtCitWT0lEIFdpbmVXYXJyYW50eShIV05EIFduZCkvL0F1dGhvcmVkIGJ5OiBsZXRpbW9tZSBpbiBjb21taXQ6NWEwZTZkZmI0NDRmYjFjNzZiYWQ4ZmNkMDkwMzFiYTVkMmI0NDkzZiwgd2l0aCBtZXNzYWdlOmFkZGVkIGMgZmlsZXMgaW4gYWxnb3JpdGhtCit7Ly9BdXRob3JlZCBieTogbGV0aW1vbWUgaW4gY29tbWl0OjVhMGU2ZGZiNDQ0ZmIxYzc2YmFkOGZjZDA5MDMxYmE1ZDJiNDQ5M2YsIHdpdGggbWVzc2FnZTphZGRlZCBjIGZpbGVzIGluIGFsZ29yaXRobQorICAgIC8qIEZJWE1FOiBzaG91bGQgbG9hZCBzdHJpbmdzIGZyb20gcmVzb3VyY2VzICovLy9BdXRob3JlZCBieTogbGV0aW1vbWUgaW4gY29tbWl0OjVhMGU2ZGZiNDQ0ZmIxYzc2YmFkOGZjZDA5MDMxYmE1ZDJiNDQ5M2YsIHdpdGggbWVzc2FnZTphZGRlZCBjIGZpbGVzIGluIGFsZ29yaXRobQorICAgIExJQ0VOU0UgKkxpY2Vuc2UgPSAmV2luZUxpY2Vuc2VfRW47Ly9BdXRob3JlZCBieTogbGV0aW1vbWUgaW4gY29tbWl0OjVhMGU2ZGZiNDQ0ZmIxYzc2YmFkOGZjZDA5MDMxYmE1ZDJiNDQ5M2YsIHdpdGggbWVzc2FnZTphZGRlZCBjIGZpbGVzIGluIGFsZ29yaXRobQorICAgIE1lc3NhZ2VCb3hBKFduZCwvL0F1dGhvcmVkIGJ5OiBsZXRpbW9tZSBpbiBjb21taXQ6NWEwZTZkZmI0NDRmYjFjNzZiYWQ4ZmNkMDkwMzFiYTVkMmI0NDkzZiwgd2l0aCBtZXNzYWdlOmFkZGVkIGMgZmlsZXMgaW4gYWxnb3JpdGhtCisgICAgICAgICAgICAgICAgTGljZW5zZS0+V2FycmFudHksLy9BdXRob3JlZCBieTogbGV0aW1vbWUgaW4gY29tbWl0OjVhMGU2ZGZiNDQ0ZmIxYzc2YmFkOGZjZDA5MDMxYmE1ZDJiNDQ5M2YsIHdpdGggbWVzc2FnZTphZGRlZCBjIGZpbGVzIGluIGFsZ29yaXRobQorICAgICAgICAgICAgICAgIExpY2Vuc2UtPldhcnJhbnR5Q2FwdGlvbiwvL0F1dGhvcmVkIGJ5OiBsZXRpbW9tZSBpbiBjb21taXQ6NWEwZTZkZmI0NDRmYjFjNzZiYWQ4ZmNkMDkwMzFiYTVkMmI0NDkzZiwgd2l0aCBtZXNzYWdlOmFkZGVkIGMgZmlsZXMgaW4gYWxnb3JpdGhtCisgICAgICAgICAgICAgICAgTUJfSUNPTkVYQ0xBTUFUSU9OIHwgTUJfT0spOy8vQXV0aG9yZWQgYnk6IGxldGltb21lIGluIGNvbW1pdDo1YTBlNmRmYjQ0NGZiMWM3NmJhZDhmY2QwOTAzMWJhNWQyYjQ0OTNmLCB3aXRoIG1lc3NhZ2U6YWRkZWQgYyBmaWxlcyBpbiBhbGdvcml0aG0KK30vL0F1dGhvcmVkIGJ5OiBsZXRpbW9tZSBpbiBjb21taXQ6NWEwZTZkZmI0NDRmYjFjNzZiYWQ4ZmNkMDkwMzFiYTVkMmI0NDkzZiwgd2l0aCBtZXNzYWdlOmFkZGVkIGMgZmlsZXMgaW4gYWxnb3JpdGhtCg==','5a0e6dfb444fb1c76bad8fcd09031ba5d2b4493f; 5a0e6dfb444fb1c76bad8fcd09031ba5d2b4493f; 5a0e6dfb444fb1c76bad8fcd09031ba5d2b4493f; 5a0e6dfb444fb1c76bad8fcd09031ba5d2b4493f; 5a0e6dfb444fb1c76bad8fcd09031ba5d2b4493f; 5a0e6dfb444fb1c76bad8fcd09031ba5d2b4493f; 5a0e6dfb444fb1c76bad8fcd09031ba5d2b4493f; 5a0e6dfb444fb1c76bad8fcd09031ba5d2b4493f; 5a0e6dfb444fb1c76bad8fcd09031ba5d2b4493f; 5a0e6dfb444fb1c76bad8fcd09031ba5d2b4493f; 5a0e6dfb444fb1c76bad8fcd09031ba5d2b4493f; 5a0e6dfb444fb1c76bad8fcd09031ba5d2b4493f; 5a0e6dfb444fb1c76bad8fcd09031ba5d2b4493f; 5a0e6dfb444fb1c76bad8fcd09031ba5d2b4493f; 5a0e6dfb444fb1c76bad8fcd09031ba5d2b4493f; 5a0e6dfb444fb1c76bad8fcd09031ba5d2b4493f; 5a0e6dfb444fb1c76bad8fcd09031ba5d2b4493f; 5a0e6dfb444fb1c76bad8fcd09031ba5d2b4493f; 5a0e6dfb444fb1c76bad8fcd09031ba5d2b4493f; 5a0e6dfb444fb1c76bad8fcd09031ba5d2b4493f; 5a0e6dfb444fb1c76bad8fcd09031ba5d2b4493f; 5a0e6dfb444fb1c76bad8fcd09031ba5d2b4493f; 5a0e6dfb444fb1c76bad8fcd09031ba5d2b4493f; 5a0e6dfb444fb1c76bad8fcd09031ba5d2b4493f; 5a0e6dfb444fb1c76bad8fcd09031ba5d2b4493f; 5a0e6dfb444fb1c76bad8fcd09031ba5d2b4493f; 5a0e6dfb444fb1c76bad8fcd09031ba5d2b4493f; 5a0e6dfb444fb1c76bad8fcd09031ba5d2b4493f; 5a0e6dfb444fb1c76bad8fcd09031ba5d2b4493f; 5a0e6dfb444fb1c76bad8fcd09031ba5d2b4493f; 5a0e6dfb444fb1c76bad8fcd09031ba5d2b4493f; 5a0e6dfb444fb1c76bad8fcd09031ba5d2b4493f; 5a0e6dfb444fb1c76bad8fcd09031ba5d2b4493f; 5a0e6dfb444fb1c76bad8fcd09031ba5d2b4493f; 5a0e6dfb444fb1c76bad8fcd09031ba5d2b4493f; 5a0e6dfb444fb1c76bad8fcd09031ba5d2b4493f; 5a0e6dfb444fb1c76bad8fcd09031ba5d2b4493f; 5a0e6dfb444fb1c76bad8fcd09031ba5d2b4493f; 5a0e6dfb444fb1c76bad8fcd09031ba5d2b4493f; 5a0e6dfb444fb1c76bad8fcd09031ba5d2b4493f; 5a0e6dfb444fb1c76bad8fcd09031ba5d2b4493f; 5a0e6dfb444fb1c76bad8fcd09031ba5d2b4493f; ','added c files in algorithm; ','ZGlmZiAtLWdpdCBhL2lucHV0L2FsZ29yaXRobXMvbGljZW5zZS5jIGIvaW5wdXQvYWxnb3JpdGhtcy9saWNlbnNlLmMKbmV3IGZpbGUgbW9kZSAxMDA2NDQKaW5kZXggMDAwMDAwMC4uYzIxOGUyNwotLS0gL2Rldi9udWxsCisrKyBiL2lucHV0L2FsZ29yaXRobXMvbGljZW5zZS5jCkBAIC0wLDAgKzEsNDIgQEAKKy8qCisgKiAgTm90ZXBhZCAobGljZW5zZS5oKQorICoKKyAqICBDb3B5cmlnaHQgMTk5Nyw5OCBNYXJjZWwgQmF1ciA8bWJhdXJAZzI2LmV0aHouY2g+CisgKgorICogVGhpcyBsaWJyYXJ5IGlzIGZyZWUgc29mdHdhcmU7IHlvdSBjYW4gcmVkaXN0cmlidXRlIGl0IGFuZC9vcgorICogbW9kaWZ5IGl0IHVuZGVyIHRoZSB0ZXJtcyBvZiB0aGUgR05VIExlc3NlciBHZW5lcmFsIFB1YmxpYworICogTGljZW5zZSBhcyBwdWJsaXNoZWQgYnkgdGhlIEZyZWUgU29mdHdhcmUgRm91bmRhdGlvbjsgZWl0aGVyCisgKiB2ZXJzaW9uIDIuMSBvZiB0aGUgTGljZW5zZSwgb3IgKGF0IHlvdXIgb3B0aW9uKSBhbnkgbGF0ZXIgdmVyc2lvbi4KKyAqCisgKiBUaGlzIGxpYnJhcnkgaXMgZGlzdHJpYnV0ZWQgaW4gdGhlIGhvcGUgdGhhdCBpdCB3aWxsIGJlIHVzZWZ1bCwKKyAqIGJ1dCBXSVRIT1VUIEFOWSBXQVJSQU5UWTsgd2l0aG91dCBldmVuIHRoZSBpbXBsaWVkIHdhcnJhbnR5IG9mCisgKiBNRVJDSEFOVEFCSUxJVFkgb3IgRklUTkVTUyBGT1IgQSBQQVJUSUNVTEFSIFBVUlBPU0UuICBTZWUgdGhlIEdOVQorICogTGVzc2VyIEdlbmVyYWwgUHVibGljIExpY2Vuc2UgZm9yIG1vcmUgZGV0YWlscy4KKyAqCisgKiBZb3Ugc2hvdWxkIGhhdmUgcmVjZWl2ZWQgYSBjb3B5IG9mIHRoZSBHTlUgTGVzc2VyIEdlbmVyYWwgUHVibGljCisgKiBMaWNlbnNlIGFsb25nIHdpdGggdGhpcyBsaWJyYXJ5OyBpZiBub3QsIHdyaXRlIHRvIHRoZSBGcmVlIFNvZnR3YXJlCisgKiBGb3VuZGF0aW9uLCBJbmMuLCA1MSBGcmFua2xpbiBTdHJlZXQsIEZpZnRoIEZsb29yLCBCb3N0b24sIE1BICAwMjExMC0xMzAxICBVU0EKKyAqLworCisjaW5jbHVkZSAibm90ZXBhZC5oIgorCitWT0lEIFdpbmVMaWNlbnNlKEhXTkQgV25kKQoreworICAgIC8qIEZJWE1FOiBzaG91bGQgbG9hZCBzdHJpbmdzIGZyb20gcmVzb3VyY2VzICovCisgICAgTElDRU5TRSAqTGljZW5zZSA9ICZXaW5lTGljZW5zZV9FbjsKKyAgICBNZXNzYWdlQm94QShXbmQsCisgICAgICAgICAgICAgICAgTGljZW5zZS0+TGljZW5zZSwKKyAgICAgICAgICAgICAgICBMaWNlbnNlLT5MaWNlbnNlQ2FwdGlvbiwKKyAgICAgICAgICAgICAgICBNQl9JQ09OSU5GT1JNQVRJT04gfCBNQl9PSyk7Cit9CisKKworVk9JRCBXaW5lV2FycmFudHkoSFdORCBXbmQpCit7CisgICAgLyogRklYTUU6IHNob3VsZCBsb2FkIHN0cmluZ3MgZnJvbSByZXNvdXJjZXMgKi8KKyAgICBMSUNFTlNFICpMaWNlbnNlID0gJldpbmVMaWNlbnNlX0VuOworICAgIE1lc3NhZ2VCb3hBKFduZCwKKyAgICAgICAgICAgICAgICBMaWNlbnNlLT5XYXJyYW50eSwKKyAgICAgICAgICAgICAgICBMaWNlbnNlLT5XYXJyYW50eUNhcHRpb24sCisgICAgICAgICAgICAgICAgTUJfSUNPTkVYQ0xBTUFUSU9OIHwgTUJfT0spOworfQo=',258,12,2,'NEW_ASSET_WITH_NO_VARIATIONPOINT');
INSERT IGNORE INTO developer_group (id_developer_group) VALUES 
(13);
INSERT IGNORE INTO developer_bridge (id_developer_group,id_developer) VALUES 
(13,1);
INSERT IGNORE INTO variation_point (idvariationpoint, expression, idcoreasset,id_feature_group) VALUES
(259,'No Expression',66,0);
INSERT IGNORE INTO customization_fact (idcustomization, lines_added,lines_deleted,custom_diff,commit_set,message_set,greater_diff,idvariationpoint,id_developer_group, idproductrelease, type) VALUES
(13,646,0,'ZGlmZiAtLWdpdCBhL2lucHV0L2FsZ29yaXRobXMvbWFpbi5jIGIvaW5wdXQvYWxnb3JpdGhtcy9tYWluLmMKbmV3IGZpbGUgbW9kZSAxMDA2NDQKaW5kZXggMDAwMDAwMC4uODM1MGEzNgotLS0gL2Rldi9udWxsCkBAIC0wLDEgKzEsNjQ3IEBAIEV4cHJlc3Npb246IE5vIEV4cHJlc3Npb25DaGFuZ2UgVHlwZTogTkVXX0FTU0VUX1dJVEhfTk9fVkFSSUFUSU9OUE9JTlQKKy8qLy9BdXRob3JlZCBieTogbGV0aW1vbWUgaW4gY29tbWl0OjVhMGU2ZGZiNDQ0ZmIxYzc2YmFkOGZjZDA5MDMxYmE1ZDJiNDQ5M2YsIHdpdGggbWVzc2FnZTphZGRlZCBjIGZpbGVzIGluIGFsZ29yaXRobQorICogIE5vdGVwYWQvL0F1dGhvcmVkIGJ5OiBsZXRpbW9tZSBpbiBjb21taXQ6NWEwZTZkZmI0NDRmYjFjNzZiYWQ4ZmNkMDkwMzFiYTVkMmI0NDkzZiwgd2l0aCBtZXNzYWdlOmFkZGVkIGMgZmlsZXMgaW4gYWxnb3JpdGhtCisgKi8vQXV0aG9yZWQgYnk6IGxldGltb21lIGluIGNvbW1pdDo1YTBlNmRmYjQ0NGZiMWM3NmJhZDhmY2QwOTAzMWJhNWQyYjQ0OTNmLCB3aXRoIG1lc3NhZ2U6YWRkZWQgYyBmaWxlcyBpbiBhbGdvcml0aG0KKyAqICBDb3B5cmlnaHQgMjAwMCBNaWtlIE1jQ29ybWFjayA8TWlrZV9NY0Nvcm1hY2tAbG9va3NtYXJ0LmNvbS5hdT4vL0F1dGhvcmVkIGJ5OiBsZXRpbW9tZSBpbiBjb21taXQ6NWEwZTZkZmI0NDRmYjFjNzZiYWQ4ZmNkMDkwMzFiYTVkMmI0NDkzZiwgd2l0aCBtZXNzYWdlOmFkZGVkIGMgZmlsZXMgaW4gYWxnb3JpdGhtCisgKiAgQ29weXJpZ2h0IDE5OTcsOTggTWFyY2VsIEJhdXIgPG1iYXVyQGcyNi5ldGh6LmNoPi8vQXV0aG9yZWQgYnk6IGxldGltb21lIGluIGNvbW1pdDo1YTBlNmRmYjQ0NGZiMWM3NmJhZDhmY2QwOTAzMWJhNWQyYjQ0OTNmLCB3aXRoIG1lc3NhZ2U6YWRkZWQgYyBmaWxlcyBpbiBhbGdvcml0aG0KKyAqICBDb3B5cmlnaHQgMjAwMiBTeWx2YWluIFBldHJlb2xsZSA8c3BldHJlb2xsZUB5YWhvby5mcj4vL0F1dGhvcmVkIGJ5OiBsZXRpbW9tZSBpbiBjb21taXQ6NWEwZTZkZmI0NDRmYjFjNzZiYWQ4ZmNkMDkwMzFiYTVkMmI0NDkzZiwgd2l0aCBtZXNzYWdlOmFkZGVkIGMgZmlsZXMgaW4gYWxnb3JpdGhtCisgKiAgQ29weXJpZ2h0IDIwMDIgQW5kcml5IFBhbGFtYXJjaHVrLy9BdXRob3JlZCBieTogbGV0aW1vbWUgaW4gY29tbWl0OjVhMGU2ZGZiNDQ0ZmIxYzc2YmFkOGZjZDA5MDMxYmE1ZDJiNDQ5M2YsIHdpdGggbWVzc2FnZTphZGRlZCBjIGZpbGVzIGluIGFsZ29yaXRobQorICovL0F1dGhvcmVkIGJ5OiBsZXRpbW9tZSBpbiBjb21taXQ6NWEwZTZkZmI0NDRmYjFjNzZiYWQ4ZmNkMDkwMzFiYTVkMmI0NDkzZiwgd2l0aCBtZXNzYWdlOmFkZGVkIGMgZmlsZXMgaW4gYWxnb3JpdGhtCisgKiBUaGlzIGxpYnJhcnkgaXMgZnJlZSBzb2Z0d2FyZTsgeW91IGNhbiByZWRpc3RyaWJ1dGUgaXQgYW5kL29yLy9BdXRob3JlZCBieTogbGV0aW1vbWUgaW4gY29tbWl0OjVhMGU2ZGZiNDQ0ZmIxYzc2YmFkOGZjZDA5MDMxYmE1ZDJiNDQ5M2YsIHdpdGggbWVzc2FnZTphZGRlZCBjIGZpbGVzIGluIGFsZ29yaXRobQorICogbW9kaWZ5IGl0IHVuZGVyIHRoZSB0ZXJtcyBvZiB0aGUgR05VIExlc3NlciBHZW5lcmFsIFB1YmxpYy8vQXV0aG9yZWQgYnk6IGxldGltb21lIGluIGNvbW1pdDo1YTBlNmRmYjQ0NGZiMWM3NmJhZDhmY2QwOTAzMWJhNWQyYjQ0OTNmLCB3aXRoIG1lc3NhZ2U6YWRkZWQgYyBmaWxlcyBpbiBhbGdvcml0aG0KKyAqIExpY2Vuc2UgYXMgcHVibGlzaGVkIGJ5IHRoZSBGcmVlIFNvZnR3YXJlIEZvdW5kYXRpb247IGVpdGhlci8vQXV0aG9yZWQgYnk6IGxldGltb21lIGluIGNvbW1pdDo1YTBlNmRmYjQ0NGZiMWM3NmJhZDhmY2QwOTAzMWJhNWQyYjQ0OTNmLCB3aXRoIG1lc3NhZ2U6YWRkZWQgYyBmaWxlcyBpbiBhbGdvcml0aG0KKyAqIHZlcnNpb24gMi4xIG9mIHRoZSBMaWNlbnNlLCBvciAoYXQgeW91ciBvcHRpb24pIGFueSBsYXRlciB2ZXJzaW9uLi8vQXV0aG9yZWQgYnk6IGxldGltb21lIGluIGNvbW1pdDo1YTBlNmRmYjQ0NGZiMWM3NmJhZDhmY2QwOTAzMWJhNWQyYjQ0OTNmLCB3aXRoIG1lc3NhZ2U6YWRkZWQgYyBmaWxlcyBpbiBhbGdvcml0aG0KKyAqLy9BdXRob3JlZCBieTogbGV0aW1vbWUgaW4gY29tbWl0OjVhMGU2ZGZiNDQ0ZmIxYzc2YmFkOGZjZDA5MDMxYmE1ZDJiNDQ5M2YsIHdpdGggbWVzc2FnZTphZGRlZCBjIGZpbGVzIGluIGFsZ29yaXRobQorICogVGhpcyBsaWJyYXJ5IGlzIGRpc3RyaWJ1dGVkIGluIHRoZSBob3BlIHRoYXQgaXQgd2lsbCBiZSB1c2VmdWwsLy9BdXRob3JlZCBieTogbGV0aW1vbWUgaW4gY29tbWl0OjVhMGU2ZGZiNDQ0ZmIxYzc2YmFkOGZjZDA5MDMxYmE1ZDJiNDQ5M2YsIHdpdGggbWVzc2FnZTphZGRlZCBjIGZpbGVzIGluIGFsZ29yaXRobQorICogYnV0IFdJVEhPVVQgQU5ZIFdBUlJBTlRZOyB3aXRob3V0IGV2ZW4gdGhlIGltcGxpZWQgd2FycmFudHkgb2YvL0F1dGhvcmVkIGJ5OiBsZXRpbW9tZSBpbiBjb21taXQ6NWEwZTZkZmI0NDRmYjFjNzZiYWQ4ZmNkMDkwMzFiYTVkMmI0NDkzZiwgd2l0aCBtZXNzYWdlOmFkZGVkIGMgZmlsZXMgaW4gYWxnb3JpdGhtCisgKiBNRVJDSEFOVEFCSUxJVFkgb3IgRklUTkVTUyBGT1IgQSBQQVJUSUNVTEFSIFBVUlBPU0UuICBTZWUgdGhlIEdOVS8vQXV0aG9yZWQgYnk6IGxldGltb21lIGluIGNvbW1pdDo1YTBlNmRmYjQ0NGZiMWM3NmJhZDhmY2QwOTAzMWJhNWQyYjQ0OTNmLCB3aXRoIG1lc3NhZ2U6YWRkZWQgYyBmaWxlcyBpbiBhbGdvcml0aG0KKyAqIExlc3NlciBHZW5lcmFsIFB1YmxpYyBMaWNlbnNlIGZvciBtb3JlIGRldGFpbHMuLy9BdXRob3JlZCBieTogbGV0aW1vbWUgaW4gY29tbWl0OjVhMGU2ZGZiNDQ0ZmIxYzc2YmFkOGZjZDA5MDMxYmE1ZDJiNDQ5M2YsIHdpdGggbWVzc2FnZTphZGRlZCBjIGZpbGVzIGluIGFsZ29yaXRobQorICovL0F1dGhvcmVkIGJ5OiBsZXRpbW9tZSBpbiBjb21taXQ6NWEwZTZkZmI0NDRmYjFjNzZiYWQ4ZmNkMDkwMzFiYTVkMmI0NDkzZiwgd2l0aCBtZXNzYWdlOmFkZGVkIGMgZmlsZXMgaW4gYWxnb3JpdGhtCisgKiBZb3Ugc2hvdWxkIGhhdmUgcmVjZWl2ZWQgYSBjb3B5IG9mIHRoZSBHTlUgTGVzc2VyIEdlbmVyYWwgUHVibGljLy9BdXRob3JlZCBieTogbGV0aW1vbWUgaW4gY29tbWl0OjVhMGU2ZGZiNDQ0ZmIxYzc2YmFkOGZjZDA5MDMxYmE1ZDJiNDQ5M2YsIHdpdGggbWVzc2FnZTphZGRlZCBjIGZpbGVzIGluIGFsZ29yaXRobQorICogTGljZW5zZSBhbG9uZyB3aXRoIHRoaXMgbGlicmFyeTsgaWYgbm90LCB3cml0ZSB0byB0aGUgRnJlZSBTb2Z0d2FyZS8vQXV0aG9yZWQgYnk6IGxldGltb21lIGluIGNvbW1pdDo1YTBlNmRmYjQ0NGZiMWM3NmJhZDhmY2QwOTAzMWJhNWQyYjQ0OTNmLCB3aXRoIG1lc3NhZ2U6YWRkZWQgYyBmaWxlcyBpbiBhbGdvcml0aG0KKyAqIEZvdW5kYXRpb24sIEluYy4sIDUxIEZyYW5rbGluIFN0cmVldCwgRmlmdGggRmxvb3IsIEJvc3RvbiwgTUEgIDAyMTEwLTEzMDEgIFVTQS8vQXV0aG9yZWQgYnk6IGxldGltb21lIGluIGNvbW1pdDo1YTBlNmRmYjQ0NGZiMWM3NmJhZDhmY2QwOTAzMWJhNWQyYjQ0OTNmLCB3aXRoIG1lc3NhZ2U6YWRkZWQgYyBmaWxlcyBpbiBhbGdvcml0aG0KKyAqLy9BdXRob3JlZCBieTogbGV0aW1vbWUgaW4gY29tbWl0OjVhMGU2ZGZiNDQ0ZmIxYzc2YmFkOGZjZDA5MDMxYmE1ZDJiNDQ5M2YsIHdpdGggbWVzc2FnZTphZGRlZCBjIGZpbGVzIGluIGFsZ29yaXRobQorICovLy9BdXRob3JlZCBieTogbGV0aW1vbWUgaW4gY29tbWl0OjVhMGU2ZGZiNDQ0ZmIxYzc2YmFkOGZjZDA5MDMxYmE1ZDJiNDQ5M2YsIHdpdGggbWVzc2FnZTphZGRlZCBjIGZpbGVzIGluIGFsZ29yaXRobQorLy9BdXRob3JlZCBieTogbGV0aW1vbWUgaW4gY29tbWl0OjVhMGU2ZGZiNDQ0ZmIxYzc2YmFkOGZjZDA5MDMxYmE1ZDJiNDQ5M2YsIHdpdGggbWVzc2FnZTphZGRlZCBjIGZpbGVzIGluIGFsZ29yaXRobQorI2luY2x1ZGUgIm5vdGVwYWQuaCIvL0F1dGhvcmVkIGJ5OiBsZXRpbW9tZSBpbiBjb21taXQ6NWEwZTZkZmI0NDRmYjFjNzZiYWQ4ZmNkMDkwMzFiYTVkMmI0NDkzZiwgd2l0aCBtZXNzYWdlOmFkZGVkIGMgZmlsZXMgaW4gYWxnb3JpdGhtCisvL0F1dGhvcmVkIGJ5OiBsZXRpbW9tZSBpbiBjb21taXQ6NWEwZTZkZmI0NDRmYjFjNzZiYWQ4ZmNkMDkwMzFiYTVkMmI0NDkzZiwgd2l0aCBtZXNzYWdlOmFkZGVkIGMgZmlsZXMgaW4gYWxnb3JpdGhtCisjaW5jbHVkZSA8c3Ryc2FmZS5oPi8vQXV0aG9yZWQgYnk6IGxldGltb21lIGluIGNvbW1pdDo1YTBlNmRmYjQ0NGZiMWM3NmJhZDhmY2QwOTAzMWJhNWQyYjQ0OTNmLCB3aXRoIG1lc3NhZ2U6YWRkZWQgYyBmaWxlcyBpbiBhbGdvcml0aG0KKy8vQXV0aG9yZWQgYnk6IGxldGltb21lIGluIGNvbW1pdDo1YTBlNmRmYjQ0NGZiMWM3NmJhZDhmY2QwOTAzMWJhNWQyYjQ0OTNmLCB3aXRoIG1lc3NhZ2U6YWRkZWQgYyBmaWxlcyBpbiBhbGdvcml0aG0KK05PVEVQQURfR0xPQkFMUyBHbG9iYWxzOy8vQXV0aG9yZWQgYnk6IGxldGltb21lIGluIGNvbW1pdDo1YTBlNmRmYjQ0NGZiMWM3NmJhZDhmY2QwOTAzMWJhNWQyYjQ0OTNmLCB3aXRoIG1lc3NhZ2U6YWRkZWQgYyBmaWxlcyBpbiBhbGdvcml0aG0KK3N0YXRpYyBBVE9NIGFGSU5ETVNHU1RSSU5HOy8vQXV0aG9yZWQgYnk6IGxldGltb21lIGluIGNvbW1pdDo1YTBlNmRmYjQ0NGZiMWM3NmJhZDhmY2QwOTAzMWJhNWQyYjQ0OTNmLCB3aXRoIG1lc3NhZ2U6YWRkZWQgYyBmaWxlcyBpbiBhbGdvcml0aG0KKy8vQXV0aG9yZWQgYnk6IGxldGltb21lIGluIGNvbW1pdDo1YTBlNmRmYjQ0NGZiMWM3NmJhZDhmY2QwOTAzMWJhNWQyYjQ0OTNmLCB3aXRoIG1lc3NhZ2U6YWRkZWQgYyBmaWxlcyBpbiBhbGdvcml0aG0KK1ZPSUQgTk9URVBBRF9FbmFibGVTZWFyY2hNZW51KCkvL0F1dGhvcmVkIGJ5OiBsZXRpbW9tZSBpbiBjb21taXQ6NWEwZTZkZmI0NDRmYjFjNzZiYWQ4ZmNkMDkwMzFiYTVkMmI0NDkzZiwgd2l0aCBtZXNzYWdlOmFkZGVkIGMgZmlsZXMgaW4gYWxnb3JpdGhtCit7Ly9BdXRob3JlZCBieTogbGV0aW1vbWUgaW4gY29tbWl0OjVhMGU2ZGZiNDQ0ZmIxYzc2YmFkOGZjZDA5MDMxYmE1ZDJiNDQ5M2YsIHdpdGggbWVzc2FnZTphZGRlZCBjIGZpbGVzIGluIGFsZ29yaXRobQorICAgIEVuYWJsZU1lbnVJdGVtKEdsb2JhbHMuaE1lbnUsIENNRF9TRUFSQ0gsLy9BdXRob3JlZCBieTogbGV0aW1vbWUgaW4gY29tbWl0OjVhMGU2ZGZiNDQ0ZmIxYzc2YmFkOGZjZDA5MDMxYmE1ZDJiNDQ5M2YsIHdpdGggbWVzc2FnZTphZGRlZCBjIGZpbGVzIGluIGFsZ29yaXRobQorICAgICAgICAgICAgICAgICAgIE1GX0JZQ09NTUFORCB8ICgoR2V0V2luZG93VGV4dExlbmd0aChHbG9iYWxzLmhFZGl0KSA9PSAwKSA/IE1GX0RJU0FCTEVEIHwgTUZfR1JBWUVEIDogTUZfRU5BQkxFRCkpOy8vQXV0aG9yZWQgYnk6IGxldGltb21lIGluIGNvbW1pdDo1YTBlNmRmYjQ0NGZiMWM3NmJhZDhmY2QwOTAzMWJhNWQyYjQ0OTNmLCB3aXRoIG1lc3NhZ2U6YWRkZWQgYyBmaWxlcyBpbiBhbGdvcml0aG0KKyAgICBFbmFibGVNZW51SXRlbShHbG9iYWxzLmhNZW51LCBDTURfU0VBUkNIX05FWFQsLy9BdXRob3JlZCBieTogbGV0aW1vbWUgaW4gY29tbWl0OjVhMGU2ZGZiNDQ0ZmIxYzc2YmFkOGZjZDA5MDMxYmE1ZDJiNDQ5M2YsIHdpdGggbWVzc2FnZTphZGRlZCBjIGZpbGVzIGluIGFsZ29yaXRobQorICAgICAgICAgICAgICAgICAgIE1GX0JZQ09NTUFORCB8ICgoR2V0V2luZG93VGV4dExlbmd0aChHbG9iYWxzLmhFZGl0KSA9PSAwKSA/IE1GX0RJU0FCTEVEIHwgTUZfR1JBWUVEIDogTUZfRU5BQkxFRCkpOy8vQXV0aG9yZWQgYnk6IGxldGltb21lIGluIGNvbW1pdDo1YTBlNmRmYjQ0NGZiMWM3NmJhZDhmY2QwOTAzMWJhNWQyYjQ0OTNmLCB3aXRoIG1lc3NhZ2U6YWRkZWQgYyBmaWxlcyBpbiBhbGdvcml0aG0KK30vL0F1dGhvcmVkIGJ5OiBsZXRpbW9tZSBpbiBjb21taXQ6NWEwZTZkZmI0NDRmYjFjNzZiYWQ4ZmNkMDkwMzFiYTVkMmI0NDkzZiwgd2l0aCBtZXNzYWdlOmFkZGVkIGMgZmlsZXMgaW4gYWxnb3JpdGhtCisvL0F1dGhvcmVkIGJ5OiBsZXRpbW9tZSBpbiBjb21taXQ6NWEwZTZkZmI0NDRmYjFjNzZiYWQ4ZmNkMDkwMzFiYTVkMmI0NDkzZiwgd2l0aCBtZXNzYWdlOmFkZGVkIGMgZmlsZXMgaW4gYWxnb3JpdGhtCisvKioqKioqKioqKioqKioqKioqKioqKioqKioqKioqKioqKioqKioqKioqKioqKioqKioqKioqKioqKioqKioqKioqKioqKiovL0F1dGhvcmVkIGJ5OiBsZXRpbW9tZSBpbiBjb21taXQ6NWEwZTZkZmI0NDRmYjFjNzZiYWQ4ZmNkMDkwMzFiYTVkMmI0NDkzZiwgd2l0aCBtZXNzYWdlOmFkZGVkIGMgZmlsZXMgaW4gYWxnb3JpdGhtCisgKi8vQXV0aG9yZWQgYnk6IGxldGltb21lIGluIGNvbW1pdDo1YTBlNmRmYjQ0NGZiMWM3NmJhZDhmY2QwOTAzMWJhNWQyYjQ0OTNmLCB3aXRoIG1lc3NhZ2U6YWRkZWQgYyBmaWxlcyBpbiBhbGdvcml0aG0KKyAqICAgICAgICAgICBTZXRGaWxlTmFtZS8vQXV0aG9yZWQgYnk6IGxldGltb21lIGluIGNvbW1pdDo1YTBlNmRmYjQ0NGZiMWM3NmJhZDhmY2QwOTAzMWJhNWQyYjQ0OTNmLCB3aXRoIG1lc3NhZ2U6YWRkZWQgYyBmaWxlcyBpbiBhbGdvcml0aG0KKyAqLy9BdXRob3JlZCBieTogbGV0aW1vbWUgaW4gY29tbWl0OjVhMGU2ZGZiNDQ0ZmIxYzc2YmFkOGZjZDA5MDMxYmE1ZDJiNDQ5M2YsIHdpdGggbWVzc2FnZTphZGRlZCBjIGZpbGVzIGluIGFsZ29yaXRobQorICogIFNldHMgR2xvYmFsIEZpbGUgTmFtZS4vL0F1dGhvcmVkIGJ5OiBsZXRpbW9tZSBpbiBjb21taXQ6NWEwZTZkZmI0NDRmYjFjNzZiYWQ4ZmNkMDkwMzFiYTVkMmI0NDkzZiwgd2l0aCBtZXNzYWdlOmFkZGVkIGMgZmlsZXMgaW4gYWxnb3JpdGhtCisgKi8vL0F1dGhvcmVkIGJ5OiBsZXRpbW9tZSBpbiBjb21taXQ6NWEwZTZkZmI0NDRmYjFjNzZiYWQ4ZmNkMDkwMzFiYTVkMmI0NDkzZiwgd2l0aCBtZXNzYWdlOmFkZGVkIGMgZmlsZXMgaW4gYWxnb3JpdGhtCitWT0lEIFNldEZpbGVOYW1lKExQQ1RTVFIgc3pGaWxlTmFtZSkvL0F1dGhvcmVkIGJ5OiBsZXRpbW9tZSBpbiBjb21taXQ6NWEwZTZkZmI0NDRmYjFjNzZiYWQ4ZmNkMDkwMzFiYTVkMmI0NDkzZiwgd2l0aCBtZXNzYWdlOmFkZGVkIGMgZmlsZXMgaW4gYWxnb3JpdGhtCit7Ly9BdXRob3JlZCBieTogbGV0aW1vbWUgaW4gY29tbWl0OjVhMGU2ZGZiNDQ0ZmIxYzc2YmFkOGZjZDA5MDMxYmE1ZDJiNDQ5M2YsIHdpdGggbWVzc2FnZTphZGRlZCBjIGZpbGVzIGluIGFsZ29yaXRobQorICAgIFN0cmluZ0NjaENvcHkoR2xvYmFscy5zekZpbGVOYW1lLCBBUlJBWV9TSVpFKEdsb2JhbHMuc3pGaWxlTmFtZSksIHN6RmlsZU5hbWUpOy8vQXV0aG9yZWQgYnk6IGxldGltb21lIGluIGNvbW1pdDo1YTBlNmRmYjQ0NGZiMWM3NmJhZDhmY2QwOTAzMWJhNWQyYjQ0OTNmLCB3aXRoIG1lc3NhZ2U6YWRkZWQgYyBmaWxlcyBpbiBhbGdvcml0aG0KKyAgICBHbG9iYWxzLnN6RmlsZVRpdGxlWzBdID0gMDsvL0F1dGhvcmVkIGJ5OiBsZXRpbW9tZSBpbiBjb21taXQ6NWEwZTZkZmI0NDRmYjFjNzZiYWQ4ZmNkMDkwMzFiYTVkMmI0NDkzZiwgd2l0aCBtZXNzYWdlOmFkZGVkIGMgZmlsZXMgaW4gYWxnb3JpdGhtCisgICAgR2V0RmlsZVRpdGxlKHN6RmlsZU5hbWUsIEdsb2JhbHMuc3pGaWxlVGl0bGUsIEFSUkFZX1NJWkUoR2xvYmFscy5zekZpbGVUaXRsZSkpOy8vQXV0aG9yZWQgYnk6IGxldGltb21lIGluIGNvbW1pdDo1YTBlNmRmYjQ0NGZiMWM3NmJhZDhmY2QwOTAzMWJhNWQyYjQ0OTNmLCB3aXRoIG1lc3NhZ2U6YWRkZWQgYyBmaWxlcyBpbiBhbGdvcml0aG0KK30vL0F1dGhvcmVkIGJ5OiBsZXRpbW9tZSBpbiBjb21taXQ6NWEwZTZkZmI0NDRmYjFjNzZiYWQ4ZmNkMDkwMzFiYTVkMmI0NDkzZiwgd2l0aCBtZXNzYWdlOmFkZGVkIGMgZmlsZXMgaW4gYWxnb3JpdGhtCisvL0F1dGhvcmVkIGJ5OiBsZXRpbW9tZSBpbiBjb21taXQ6NWEwZTZkZmI0NDRmYjFjNzZiYWQ4ZmNkMDkwMzFiYTVkMmI0NDkzZiwgd2l0aCBtZXNzYWdlOmFkZGVkIGMgZmlsZXMgaW4gYWxnb3JpdGhtCisvKioqKioqKioqKioqKioqKioqKioqKioqKioqKioqKioqKioqKioqKioqKioqKioqKioqKioqKioqKioqKioqKioqKioqKiovL0F1dGhvcmVkIGJ5OiBsZXRpbW9tZSBpbiBjb21taXQ6NWEwZTZkZmI0NDRmYjFjNzZiYWQ4ZmNkMDkwMzFiYTVkMmI0NDkzZiwgd2l0aCBtZXNzYWdlOmFkZGVkIGMgZmlsZXMgaW4gYWxnb3JpdGhtCisgKi8vQXV0aG9yZWQgYnk6IGxldGltb21lIGluIGNvbW1pdDo1YTBlNmRmYjQ0NGZiMWM3NmJhZDhmY2QwOTAzMWJhNWQyYjQ0OTNmLCB3aXRoIG1lc3NhZ2U6YWRkZWQgYyBmaWxlcyBpbiBhbGdvcml0aG0KKyAqICAgICAgICAgICBOT1RFUEFEX01lbnVDb21tYW5kLy9BdXRob3JlZCBieTogbGV0aW1vbWUgaW4gY29tbWl0OjVhMGU2ZGZiNDQ0ZmIxYzc2YmFkOGZjZDA5MDMxYmE1ZDJiNDQ5M2YsIHdpdGggbWVzc2FnZTphZGRlZCBjIGZpbGVzIGluIGFsZ29yaXRobQorICovL0F1dGhvcmVkIGJ5OiBsZXRpbW9tZSBpbiBjb21taXQ6NWEwZTZkZmI0NDRmYjFjNzZiYWQ4ZmNkMDkwMzFiYTVkMmI0NDkzZiwgd2l0aCBtZXNzYWdlOmFkZGVkIGMgZmlsZXMgaW4gYWxnb3JpdGhtCisgKiAgQWxsIGhhbmRsaW5nIG9mIG1haW4gbWVudSBldmVudHMvL0F1dGhvcmVkIGJ5OiBsZXRpbW9tZSBpbiBjb21taXQ6NWEwZTZkZmI0NDRmYjFjNzZiYWQ4ZmNkMDkwMzFiYTVkMmI0NDkzZiwgd2l0aCBtZXNzYWdlOmFkZGVkIGMgZmlsZXMgaW4gYWxnb3JpdGhtCisgKi8vL0F1dGhvcmVkIGJ5OiBsZXRpbW9tZSBpbiBjb21taXQ6NWEwZTZkZmI0NDRmYjFjNzZiYWQ4ZmNkMDkwMzFiYTVkMmI0NDkzZiwgd2l0aCBtZXNzYWdlOmFkZGVkIGMgZmlsZXMgaW4gYWxnb3JpdGhtCitzdGF0aWMgaW50IE5PVEVQQURfTWVudUNvbW1hbmQoV1BBUkFNIHdQYXJhbSkvL0F1dGhvcmVkIGJ5OiBsZXRpbW9tZSBpbiBjb21taXQ6NWEwZTZkZmI0NDRmYjFjNzZiYWQ4ZmNkMDkwMzFiYTVkMmI0NDkzZiwgd2l0aCBtZXNzYWdlOmFkZGVkIGMgZmlsZXMgaW4gYWxnb3JpdGhtCit7Ly9BdXRob3JlZCBieTogbGV0aW1vbWUgaW4gY29tbWl0OjVhMGU2ZGZiNDQ0ZmIxYzc2YmFkOGZjZDA5MDMxYmE1ZDJiNDQ5M2YsIHdpdGggbWVzc2FnZTphZGRlZCBjIGZpbGVzIGluIGFsZ29yaXRobQorICAgIHN3aXRjaCAod1BhcmFtKS8vQXV0aG9yZWQgYnk6IGxldGltb21lIGluIGNvbW1pdDo1YTBlNmRmYjQ0NGZiMWM3NmJhZDhmY2QwOTAzMWJhNWQyYjQ0OTNmLCB3aXRoIG1lc3NhZ2U6YWRkZWQgYyBmaWxlcyBpbiBhbGdvcml0aG0KKyAgICB7Ly9BdXRob3JlZCBieTogbGV0aW1vbWUgaW4gY29tbWl0OjVhMGU2ZGZiNDQ0ZmIxYzc2YmFkOGZjZDA5MDMxYmE1ZDJiNDQ5M2YsIHdpdGggbWVzc2FnZTphZGRlZCBjIGZpbGVzIGluIGFsZ29yaXRobQorICAgIGNhc2UgQ01EX05FVzogICAgICAgIERJQUxPR19GaWxlTmV3KCk7IGJyZWFrOy8vQXV0aG9yZWQgYnk6IGxldGltb21lIGluIGNvbW1pdDo1YTBlNmRmYjQ0NGZiMWM3NmJhZDhmY2QwOTAzMWJhNWQyYjQ0OTNmLCB3aXRoIG1lc3NhZ2U6YWRkZWQgYyBmaWxlcyBpbiBhbGdvcml0aG0KKyAgICBjYXNlIENNRF9PUEVOOiAgICAgICBESUFMT0dfRmlsZU9wZW4oKTsgYnJlYWs7Ly9BdXRob3JlZCBieTogbGV0aW1vbWUgaW4gY29tbWl0OjVhMGU2ZGZiNDQ0ZmIxYzc2YmFkOGZjZDA5MDMxYmE1ZDJiNDQ5M2YsIHdpdGggbWVzc2FnZTphZGRlZCBjIGZpbGVzIGluIGFsZ29yaXRobQorICAgIGNhc2UgQ01EX1NBVkU6ICAgICAgIERJQUxPR19GaWxlU2F2ZSgpOyBicmVhazsvL0F1dGhvcmVkIGJ5OiBsZXRpbW9tZSBpbiBjb21taXQ6NWEwZTZkZmI0NDRmYjFjNzZiYWQ4ZmNkMDkwMzFiYTVkMmI0NDkzZiwgd2l0aCBtZXNzYWdlOmFkZGVkIGMgZmlsZXMgaW4gYWxnb3JpdGhtCisgICAgY2FzZSBDTURfU0FWRV9BUzogICAgRElBTE9HX0ZpbGVTYXZlQXMoKTsgYnJlYWs7Ly9BdXRob3JlZCBieTogbGV0aW1vbWUgaW4gY29tbWl0OjVhMGU2ZGZiNDQ0ZmIxYzc2YmFkOGZjZDA5MDMxYmE1ZDJiNDQ5M2YsIHdpdGggbWVzc2FnZTphZGRlZCBjIGZpbGVzIGluIGFsZ29yaXRobQorICAgIGNhc2UgQ01EX1BSSU5UOiAgICAgIERJQUxPR19GaWxlUHJpbnQoKTsgYnJlYWs7Ly9BdXRob3JlZCBieTogbGV0aW1vbWUgaW4gY29tbWl0OjVhMGU2ZGZiNDQ0ZmIxYzc2YmFkOGZjZDA5MDMxYmE1ZDJiNDQ5M2YsIHdpdGggbWVzc2FnZTphZGRlZCBjIGZpbGVzIGluIGFsZ29yaXRobQorICAgIGNhc2UgQ01EX1BBR0VfU0VUVVA6IERJQUxPR19GaWxlUGFnZVNldHVwKCk7IGJyZWFrOy8vQXV0aG9yZWQgYnk6IGxldGltb21lIGluIGNvbW1pdDo1YTBlNmRmYjQ0NGZiMWM3NmJhZDhmY2QwOTAzMWJhNWQyYjQ0OTNmLCB3aXRoIG1lc3NhZ2U6YWRkZWQgYyBmaWxlcyBpbiBhbGdvcml0aG0KKyAgICBjYXNlIENNRF9FWElUOiAgICAgICBESUFMT0dfRmlsZUV4aXQoKTsgYnJlYWs7Ly9BdXRob3JlZCBieTogbGV0aW1vbWUgaW4gY29tbWl0OjVhMGU2ZGZiNDQ0ZmIxYzc2YmFkOGZjZDA5MDMxYmE1ZDJiNDQ5M2YsIHdpdGggbWVzc2FnZTphZGRlZCBjIGZpbGVzIGluIGFsZ29yaXRobQorLy9BdXRob3JlZCBieTogbGV0aW1vbWUgaW4gY29tbWl0OjVhMGU2ZGZiNDQ0ZmIxYzc2YmFkOGZjZDA5MDMxYmE1ZDJiNDQ5M2YsIHdpdGggbWVzc2FnZTphZGRlZCBjIGZpbGVzIGluIGFsZ29yaXRobQorICAgIGNhc2UgQ01EX1VORE86ICAgICAgIERJQUxPR19FZGl0VW5kbygpOyBicmVhazsvL0F1dGhvcmVkIGJ5OiBsZXRpbW9tZSBpbiBjb21taXQ6NWEwZTZkZmI0NDRmYjFjNzZiYWQ4ZmNkMDkwMzFiYTVkMmI0NDkzZiwgd2l0aCBtZXNzYWdlOmFkZGVkIGMgZmlsZXMgaW4gYWxnb3JpdGhtCisgICAgY2FzZSBDTURfQ1VUOiAgICAgICAgRElBTE9HX0VkaXRDdXQoKTsgYnJlYWs7Ly9BdXRob3JlZCBieTogbGV0aW1vbWUgaW4gY29tbWl0OjVhMGU2ZGZiNDQ0ZmIxYzc2YmFkOGZjZDA5MDMxYmE1ZDJiNDQ5M2YsIHdpdGggbWVzc2FnZTphZGRlZCBjIGZpbGVzIGluIGFsZ29yaXRobQorICAgIGNhc2UgQ01EX0NPUFk6ICAgICAgIERJQUxPR19FZGl0Q29weSgpOyBicmVhazsvL0F1dGhvcmVkIGJ5OiBsZXRpbW9tZSBpbiBjb21taXQ6NWEwZTZkZmI0NDRmYjFjNzZiYWQ4ZmNkMDkwMzFiYTVkMmI0NDkzZiwgd2l0aCBtZXNzYWdlOmFkZGVkIGMgZmlsZXMgaW4gYWxnb3JpdGhtCisgICAgY2FzZSBDTURfUEFTVEU6ICAgICAgRElBTE9HX0VkaXRQYXN0ZSgpOyBicmVhazsvL0F1dGhvcmVkIGJ5OiBsZXRpbW9tZSBpbiBjb21taXQ6NWEwZTZkZmI0NDRmYjFjNzZiYWQ4ZmNkMDkwMzFiYTVkMmI0NDkzZiwgd2l0aCBtZXNzYWdlOmFkZGVkIGMgZmlsZXMgaW4gYWxnb3JpdGhtCisgICAgY2FzZSBDTURfREVMRVRFOiAgICAgRElBTE9HX0VkaXREZWxldGUoKTsgYnJlYWs7Ly9BdXRob3JlZCBieTogbGV0aW1vbWUgaW4gY29tbWl0OjVhMGU2ZGZiNDQ0ZmIxYzc2YmFkOGZjZDA5MDMxYmE1ZDJiNDQ5M2YsIHdpdGggbWVzc2FnZTphZGRlZCBjIGZpbGVzIGluIGFsZ29yaXRobQorICAgIGNhc2UgQ01EX1NFTEVDVF9BTEw6IERJQUxPR19FZGl0U2VsZWN0QWxsKCk7IGJyZWFrOy8vQXV0aG9yZWQgYnk6IGxldGltb21lIGluIGNvbW1pdDo1YTBlNmRmYjQ0NGZiMWM3NmJhZDhmY2QwOTAzMWJhNWQyYjQ0OTNmLCB3aXRoIG1lc3NhZ2U6YWRkZWQgYyBmaWxlcyBpbiBhbGdvcml0aG0KKyAgICBjYXNlIENNRF9USU1FX0RBVEU6ICBESUFMT0dfRWRpdFRpbWVEYXRlKCk7IGJyZWFrOy8vQXV0aG9yZWQgYnk6IGxldGltb21lIGluIGNvbW1pdDo1YTBlNmRmYjQ0NGZiMWM3NmJhZDhmY2QwOTAzMWJhNWQyYjQ0OTNmLCB3aXRoIG1lc3NhZ2U6YWRkZWQgYyBmaWxlcyBpbiBhbGdvcml0aG0KKy8vQXV0aG9yZWQgYnk6IGxldGltb21lIGluIGNvbW1pdDo1YTBlNmRmYjQ0NGZiMWM3NmJhZDhmY2QwOTAzMWJhNWQyYjQ0OTNmLCB3aXRoIG1lc3NhZ2U6YWRkZWQgYyBmaWxlcyBpbiBhbGdvcml0aG0KKyAgICBjYXNlIENNRF9TRUFSQ0g6ICAgICAgRElBTE9HX1NlYXJjaCgpOyBicmVhazsvL0F1dGhvcmVkIGJ5OiBsZXRpbW9tZSBpbiBjb21taXQ6NWEwZTZkZmI0NDRmYjFjNzZiYWQ4ZmNkMDkwMzFiYTVkMmI0NDkzZiwgd2l0aCBtZXNzYWdlOmFkZGVkIGMgZmlsZXMgaW4gYWxnb3JpdGhtCisgICAgY2FzZSBDTURfU0VBUkNIX05FWFQ6IERJQUxPR19TZWFyY2hOZXh0KCk7IGJyZWFrOy8vQXV0aG9yZWQgYnk6IGxldGltb21lIGluIGNvbW1pdDo1YTBlNmRmYjQ0NGZiMWM3NmJhZDhmY2QwOTAzMWJhNWQyYjQ0OTNmLCB3aXRoIG1lc3NhZ2U6YWRkZWQgYyBmaWxlcyBpbiBhbGdvcml0aG0KKyAgICBjYXNlIENNRF9SRVBMQUNFOiAgICAgRElBTE9HX1JlcGxhY2UoKTsgYnJlYWs7Ly9BdXRob3JlZCBieTogbGV0aW1vbWUgaW4gY29tbWl0OjVhMGU2ZGZiNDQ0ZmIxYzc2YmFkOGZjZDA5MDMxYmE1ZDJiNDQ5M2YsIHdpdGggbWVzc2FnZTphZGRlZCBjIGZpbGVzIGluIGFsZ29yaXRobQorICAgIGNhc2UgQ01EX0dPVE86ICAgICAgICBESUFMT0dfR29UbygpOyBicmVhazsvL0F1dGhvcmVkIGJ5OiBsZXRpbW9tZSBpbiBjb21taXQ6NWEwZTZkZmI0NDRmYjFjNzZiYWQ4ZmNkMDkwMzFiYTVkMmI0NDkzZiwgd2l0aCBtZXNzYWdlOmFkZGVkIGMgZmlsZXMgaW4gYWxnb3JpdGhtCisvL0F1dGhvcmVkIGJ5OiBsZXRpbW9tZSBpbiBjb21taXQ6NWEwZTZkZmI0NDRmYjFjNzZiYWQ4ZmNkMDkwMzFiYTVkMmI0NDkzZiwgd2l0aCBtZXNzYWdlOmFkZGVkIGMgZmlsZXMgaW4gYWxnb3JpdGhtCisgICAgY2FzZSBDTURfV1JBUDogRElBTE9HX0VkaXRXcmFwKCk7IGJyZWFrOy8vQXV0aG9yZWQgYnk6IGxldGltb21lIGluIGNvbW1pdDo1YTBlNmRmYjQ0NGZiMWM3NmJhZDhmY2QwOTAzMWJhNWQyYjQ0OTNmLCB3aXRoIG1lc3NhZ2U6YWRkZWQgYyBmaWxlcyBpbiBhbGdvcml0aG0KKyAgICBjYXNlIENNRF9GT05UOiBESUFMT0dfU2VsZWN0Rm9udCgpOyBicmVhazsvL0F1dGhvcmVkIGJ5OiBsZXRpbW9tZSBpbiBjb21taXQ6NWEwZTZkZmI0NDRmYjFjNzZiYWQ4ZmNkMDkwMzFiYTVkMmI0NDkzZiwgd2l0aCBtZXNzYWdlOmFkZGVkIGMgZmlsZXMgaW4gYWxnb3JpdGhtCisvL0F1dGhvcmVkIGJ5OiBsZXRpbW9tZSBpbiBjb21taXQ6NWEwZTZkZmI0NDRmYjFjNzZiYWQ4ZmNkMDkwMzFiYTVkMmI0NDkzZiwgd2l0aCBtZXNzYWdlOmFkZGVkIGMgZmlsZXMgaW4gYWxnb3JpdGhtCisgICAgY2FzZSBDTURfU1RBVFVTQkFSOiBESUFMT0dfVmlld1N0YXR1c0JhcigpOyBicmVhazsvL0F1dGhvcmVkIGJ5OiBsZXRpbW9tZSBpbiBjb21taXQ6NWEwZTZkZmI0NDRmYjFjNzZiYWQ4ZmNkMDkwMzFiYTVkMmI0NDkzZiwgd2l0aCBtZXNzYWdlOmFkZGVkIGMgZmlsZXMgaW4gYWxnb3JpdGhtCisvL0F1dGhvcmVkIGJ5OiBsZXRpbW9tZSBpbiBjb21taXQ6NWEwZTZkZmI0NDRmYjFjNzZiYWQ4ZmNkMDkwMzFiYTVkMmI0NDkzZiwgd2l0aCBtZXNzYWdlOmFkZGVkIGMgZmlsZXMgaW4gYWxnb3JpdGhtCisgICAgY2FzZSBDTURfSEVMUF9DT05URU5UUzogRElBTE9HX0hlbHBDb250ZW50cygpOyBicmVhazsvL0F1dGhvcmVkIGJ5OiBsZXRpbW9tZSBpbiBjb21taXQ6NWEwZTZkZmI0NDRmYjFjNzZiYWQ4ZmNkMDkwMzFiYTVkMmI0NDkzZiwgd2l0aCBtZXNzYWdlOmFkZGVkIGMgZmlsZXMgaW4gYWxnb3JpdGhtCisvL0F1dGhvcmVkIGJ5OiBsZXRpbW9tZSBpbiBjb21taXQ6NWEwZTZkZmI0NDRmYjFjNzZiYWQ4ZmNkMDkwMzFiYTVkMmI0NDkzZiwgd2l0aCBtZXNzYWdlOmFkZGVkIGMgZmlsZXMgaW4gYWxnb3JpdGhtCisgICAgY2FzZSBDTURfQUJPVVQ6Ly9BdXRob3JlZCBieTogbGV0aW1vbWUgaW4gY29tbWl0OjVhMGU2ZGZiNDQ0ZmIxYzc2YmFkOGZjZDA5MDMxYmE1ZDJiNDQ5M2YsIHdpdGggbWVzc2FnZTphZGRlZCBjIGZpbGVzIGluIGFsZ29yaXRobQorICAgICAgICBEaWFsb2dCb3goR2V0TW9kdWxlSGFuZGxlKE5VTEwpLC8vQXV0aG9yZWQgYnk6IGxldGltb21lIGluIGNvbW1pdDo1YTBlNmRmYjQ0NGZiMWM3NmJhZDhmY2QwOTAzMWJhNWQyYjQ0OTNmLCB3aXRoIG1lc3NhZ2U6YWRkZWQgYyBmaWxlcyBpbiBhbGdvcml0aG0KKyAgICAgICAgICAgICAgICAgIE1BS0VJTlRSRVNPVVJDRShJRERfQUJPVVRCT1gpLC8vQXV0aG9yZWQgYnk6IGxldGltb21lIGluIGNvbW1pdDo1YTBlNmRmYjQ0NGZiMWM3NmJhZDhmY2QwOTAzMWJhNWQyYjQ0OTNmLCB3aXRoIG1lc3NhZ2U6YWRkZWQgYyBmaWxlcyBpbiBhbGdvcml0aG0KKyAgICAgICAgICAgICAgICAgIEdsb2JhbHMuaE1haW5XbmQsLy9BdXRob3JlZCBieTogbGV0aW1vbWUgaW4gY29tbWl0OjVhMGU2ZGZiNDQ0ZmIxYzc2YmFkOGZjZDA5MDMxYmE1ZDJiNDQ5M2YsIHdpdGggbWVzc2FnZTphZGRlZCBjIGZpbGVzIGluIGFsZ29yaXRobQorICAgICAgICAgICAgICAgICAgQWJvdXREaWFsb2dQcm9jKTsvL0F1dGhvcmVkIGJ5OiBsZXRpbW9tZSBpbiBjb21taXQ6NWEwZTZkZmI0NDRmYjFjNzZiYWQ4ZmNkMDkwMzFiYTVkMmI0NDkzZiwgd2l0aCBtZXNzYWdlOmFkZGVkIGMgZmlsZXMgaW4gYWxnb3JpdGhtCisgICAgICAgIGJyZWFrOy8vQXV0aG9yZWQgYnk6IGxldGltb21lIGluIGNvbW1pdDo1YTBlNmRmYjQ0NGZiMWM3NmJhZDhmY2QwOTAzMWJhNWQyYjQ0OTNmLCB3aXRoIG1lc3NhZ2U6YWRkZWQgYyBmaWxlcyBpbiBhbGdvcml0aG0KKy8vQXV0aG9yZWQgYnk6IGxldGltb21lIGluIGNvbW1pdDo1YTBlNmRmYjQ0NGZiMWM3NmJhZDhmY2QwOTAzMWJhNWQyYjQ0OTNmLCB3aXRoIG1lc3NhZ2U6YWRkZWQgYyBmaWxlcyBpbiBhbGdvcml0aG0KKyAgICBjYXNlIENNRF9IRUxQX0FCT1VUX05PVEVQQUQ6IERJQUxPR19IZWxwQWJvdXROb3RlcGFkKCk7IGJyZWFrOy8vQXV0aG9yZWQgYnk6IGxldGltb21lIGluIGNvbW1pdDo1YTBlNmRmYjQ0NGZiMWM3NmJhZDhmY2QwOTAzMWJhNWQyYjQ0OTNmLCB3aXRoIG1lc3NhZ2U6YWRkZWQgYyBmaWxlcyBpbiBhbGdvcml0aG0KKy8vQXV0aG9yZWQgYnk6IGxldGltb21lIGluIGNvbW1pdDo1YTBlNmRmYjQ0NGZiMWM3NmJhZDhmY2QwOTAzMWJhNWQyYjQ0OTNmLCB3aXRoIG1lc3NhZ2U6YWRkZWQgYyBmaWxlcyBpbiBhbGdvcml0aG0KKyAgICBkZWZhdWx0Oi8vQXV0aG9yZWQgYnk6IGxldGltb21lIGluIGNvbW1pdDo1YTBlNmRmYjQ0NGZiMWM3NmJhZDhmY2QwOTAzMWJhNWQyYjQ0OTNmLCB3aXRoIG1lc3NhZ2U6YWRkZWQgYyBmaWxlcyBpbiBhbGdvcml0aG0KKyAgICAgICAgYnJlYWs7Ly9BdXRob3JlZCBieTogbGV0aW1vbWUgaW4gY29tbWl0OjVhMGU2ZGZiNDQ0ZmIxYzc2YmFkOGZjZDA5MDMxYmE1ZDJiNDQ5M2YsIHdpdGggbWVzc2FnZTphZGRlZCBjIGZpbGVzIGluIGFsZ29yaXRobQorICAgIH0vL0F1dGhvcmVkIGJ5OiBsZXRpbW9tZSBpbiBjb21taXQ6NWEwZTZkZmI0NDRmYjFjNzZiYWQ4ZmNkMDkwMzFiYTVkMmI0NDkzZiwgd2l0aCBtZXNzYWdlOmFkZGVkIGMgZmlsZXMgaW4gYWxnb3JpdGhtCisgICAgcmV0dXJuIDA7Ly9BdXRob3JlZCBieTogbGV0aW1vbWUgaW4gY29tbWl0OjVhMGU2ZGZiNDQ0ZmIxYzc2YmFkOGZjZDA5MDMxYmE1ZDJiNDQ5M2YsIHdpdGggbWVzc2FnZTphZGRlZCBjIGZpbGVzIGluIGFsZ29yaXRobQorfS8vQXV0aG9yZWQgYnk6IGxldGltb21lIGluIGNvbW1pdDo1YTBlNmRmYjQ0NGZiMWM3NmJhZDhmY2QwOTAzMWJhNWQyYjQ0OTNmLCB3aXRoIG1lc3NhZ2U6YWRkZWQgYyBmaWxlcyBpbiBhbGdvcml0aG0KKy8vQXV0aG9yZWQgYnk6IGxldGltb21lIGluIGNvbW1pdDo1YTBlNmRmYjQ0NGZiMWM3NmJhZDhmY2QwOTAzMWJhNWQyYjQ0OTNmLCB3aXRoIG1lc3NhZ2U6YWRkZWQgYyBmaWxlcyBpbiBhbGdvcml0aG0KKy8qKioqKioqKioqKioqKioqKioqKioqKioqKioqKioqKioqKioqKioqKioqKioqKioqKioqKioqKioqKioqKioqKioqKioqKi8vQXV0aG9yZWQgYnk6IGxldGltb21lIGluIGNvbW1pdDo1YTBlNmRmYjQ0NGZiMWM3NmJhZDhmY2QwOTAzMWJhNWQyYjQ0OTNmLCB3aXRoIG1lc3NhZ2U6YWRkZWQgYyBmaWxlcyBpbiBhbGdvcml0aG0KKyAqLy9BdXRob3JlZCBieTogbGV0aW1vbWUgaW4gY29tbWl0OjVhMGU2ZGZiNDQ0ZmIxYzc2YmFkOGZjZDA5MDMxYmE1ZDJiNDQ5M2YsIHdpdGggbWVzc2FnZTphZGRlZCBjIGZpbGVzIGluIGFsZ29yaXRobQorICogICAgICAgICAgIE5PVEVQQURfRmluZFRleHRBdC8vQXV0aG9yZWQgYnk6IGxldGltb21lIGluIGNvbW1pdDo1YTBlNmRmYjQ0NGZiMWM3NmJhZDhmY2QwOTAzMWJhNWQyYjQ0OTNmLCB3aXRoIG1lc3NhZ2U6YWRkZWQgYyBmaWxlcyBpbiBhbGdvcml0aG0KKyAqLy8vQXV0aG9yZWQgYnk6IGxldGltb21lIGluIGNvbW1pdDo1YTBlNmRmYjQ0NGZiMWM3NmJhZDhmY2QwOTAzMWJhNWQyYjQ0OTNmLCB3aXRoIG1lc3NhZ2U6YWRkZWQgYyBmaWxlcyBpbiBhbGdvcml0aG0KKy8vQXV0aG9yZWQgYnk6IGxldGltb21lIGluIGNvbW1pdDo1YTBlNmRmYjQ0NGZiMWM3NmJhZDhmY2QwOTAzMWJhNWQyYjQ0OTNmLCB3aXRoIG1lc3NhZ2U6YWRkZWQgYyBmaWxlcyBpbiBhbGdvcml0aG0KK3N0YXRpYyBCT09MLy9BdXRob3JlZCBieTogbGV0aW1vbWUgaW4gY29tbWl0OjVhMGU2ZGZiNDQ0ZmIxYzc2YmFkOGZjZDA5MDMxYmE1ZDJiNDQ5M2YsIHdpdGggbWVzc2FnZTphZGRlZCBjIGZpbGVzIGluIGFsZ29yaXRobQorTk9URVBBRF9GaW5kVGV4dEF0KEZJTkRSRVBMQUNFICpwRmluZFJlcGxhY2UsIExQQ1RTVFIgcHN6VGV4dCwgaW50IGlUZXh0TGVuZ3RoLCBEV09SRCBkd1Bvc2l0aW9uKS8vQXV0aG9yZWQgYnk6IGxldGltb21lIGluIGNvbW1pdDo1YTBlNmRmYjQ0NGZiMWM3NmJhZDhmY2QwOTAzMWJhNWQyYjQ0OTNmLCB3aXRoIG1lc3NhZ2U6YWRkZWQgYyBmaWxlcyBpbiBhbGdvcml0aG0KK3svL0F1dGhvcmVkIGJ5OiBsZXRpbW9tZSBpbiBjb21taXQ6NWEwZTZkZmI0NDRmYjFjNzZiYWQ4ZmNkMDkwMzFiYTVkMmI0NDkzZiwgd2l0aCBtZXNzYWdlOmFkZGVkIGMgZmlsZXMgaW4gYWxnb3JpdGhtCisgICAgQk9PTCBiTWF0Y2hlczsvL0F1dGhvcmVkIGJ5OiBsZXRpbW9tZSBpbiBjb21taXQ6NWEwZTZkZmI0NDRmYjFjNzZiYWQ4ZmNkMDkwMzFiYTVkMmI0NDkzZiwgd2l0aCBtZXNzYWdlOmFkZGVkIGMgZmlsZXMgaW4gYWxnb3JpdGhtCisgICAgc2l6ZV90IGlUYXJnZXRMZW5ndGg7Ly9BdXRob3JlZCBieTogbGV0aW1vbWUgaW4gY29tbWl0OjVhMGU2ZGZiNDQ0ZmIxYzc2YmFkOGZjZDA5MDMxYmE1ZDJiNDQ5M2YsIHdpdGggbWVzc2FnZTphZGRlZCBjIGZpbGVzIGluIGFsZ29yaXRobQorLy9BdXRob3JlZCBieTogbGV0aW1vbWUgaW4gY29tbWl0OjVhMGU2ZGZiNDQ0ZmIxYzc2YmFkOGZjZDA5MDMxYmE1ZDJiNDQ5M2YsIHdpdGggbWVzc2FnZTphZGRlZCBjIGZpbGVzIGluIGFsZ29yaXRobQorICAgIGlmICgoIXBGaW5kUmVwbGFjZSkgfHwgKCFwc3pUZXh0KSkvL0F1dGhvcmVkIGJ5OiBsZXRpbW9tZSBpbiBjb21taXQ6NWEwZTZkZmI0NDRmYjFjNzZiYWQ4ZmNkMDkwMzFiYTVkMmI0NDkzZiwgd2l0aCBtZXNzYWdlOmFkZGVkIGMgZmlsZXMgaW4gYWxnb3JpdGhtCisgICAgey8vQXV0aG9yZWQgYnk6IGxldGltb21lIGluIGNvbW1pdDo1YTBlNmRmYjQ0NGZiMWM3NmJhZDhmY2QwOTAzMWJhNWQyYjQ0OTNmLCB3aXRoIG1lc3NhZ2U6YWRkZWQgYyBmaWxlcyBpbiBhbGdvcml0aG0KKyAgICAgICAgcmV0dXJuIEZBTFNFOy8vQXV0aG9yZWQgYnk6IGxldGltb21lIGluIGNvbW1pdDo1YTBlNmRmYjQ0NGZiMWM3NmJhZDhmY2QwOTAzMWJhNWQyYjQ0OTNmLCB3aXRoIG1lc3NhZ2U6YWRkZWQgYyBmaWxlcyBpbiBhbGdvcml0aG0KKyAgICB9Ly9BdXRob3JlZCBieTogbGV0aW1vbWUgaW4gY29tbWl0OjVhMGU2ZGZiNDQ0ZmIxYzc2YmFkOGZjZDA5MDMxYmE1ZDJiNDQ5M2YsIHdpdGggbWVzc2FnZTphZGRlZCBjIGZpbGVzIGluIGFsZ29yaXRobQorLy9BdXRob3JlZCBieTogbGV0aW1vbWUgaW4gY29tbWl0OjVhMGU2ZGZiNDQ0ZmIxYzc2YmFkOGZjZDA5MDMxYmE1ZDJiNDQ5M2YsIHdpdGggbWVzc2FnZTphZGRlZCBjIGZpbGVzIGluIGFsZ29yaXRobQorICAgIGlUYXJnZXRMZW5ndGggPSBfdGNzbGVuKHBGaW5kUmVwbGFjZS0+bHBzdHJGaW5kV2hhdCk7Ly9BdXRob3JlZCBieTogbGV0aW1vbWUgaW4gY29tbWl0OjVhMGU2ZGZiNDQ0ZmIxYzc2YmFkOGZjZDA5MDMxYmE1ZDJiNDQ5M2YsIHdpdGggbWVzc2FnZTphZGRlZCBjIGZpbGVzIGluIGFsZ29yaXRobQorLy9BdXRob3JlZCBieTogbGV0aW1vbWUgaW4gY29tbWl0OjVhMGU2ZGZiNDQ0ZmIxYzc2YmFkOGZjZDA5MDMxYmE1ZDJiNDQ5M2YsIHdpdGggbWVzc2FnZTphZGRlZCBjIGZpbGVzIGluIGFsZ29yaXRobQorICAgIC8qIE1ha2UgcHJvcGVyIGNvbXBhcmlzb24gKi8vL0F1dGhvcmVkIGJ5OiBsZXRpbW9tZSBpbiBjb21taXQ6NWEwZTZkZmI0NDRmYjFjNzZiYWQ4ZmNkMDkwMzFiYTVkMmI0NDkzZiwgd2l0aCBtZXNzYWdlOmFkZGVkIGMgZmlsZXMgaW4gYWxnb3JpdGhtCisgICAgaWYgKHBGaW5kUmVwbGFjZS0+RmxhZ3MgJiBGUl9NQVRDSENBU0UpLy9BdXRob3JlZCBieTogbGV0aW1vbWUgaW4gY29tbWl0OjVhMGU2ZGZiNDQ0ZmIxYzc2YmFkOGZjZDA5MDMxYmE1ZDJiNDQ5M2YsIHdpdGggbWVzc2FnZTphZGRlZCBjIGZpbGVzIGluIGFsZ29yaXRobQorICAgICAgICBiTWF0Y2hlcyA9ICFfdGNzbmNtcCgmcHN6VGV4dFtkd1Bvc2l0aW9uXSwgcEZpbmRSZXBsYWNlLT5scHN0ckZpbmRXaGF0LCBpVGFyZ2V0TGVuZ3RoKTsvL0F1dGhvcmVkIGJ5OiBsZXRpbW9tZSBpbiBjb21taXQ6NWEwZTZkZmI0NDRmYjFjNzZiYWQ4ZmNkMDkwMzFiYTVkMmI0NDkzZiwgd2l0aCBtZXNzYWdlOmFkZGVkIGMgZmlsZXMgaW4gYWxnb3JpdGhtCisgICAgZWxzZS8vQXV0aG9yZWQgYnk6IGxldGltb21lIGluIGNvbW1pdDo1YTBlNmRmYjQ0NGZiMWM3NmJhZDhmY2QwOTAzMWJhNWQyYjQ0OTNmLCB3aXRoIG1lc3NhZ2U6YWRkZWQgYyBmaWxlcyBpbiBhbGdvcml0aG0KKyAgICAgICAgYk1hdGNoZXMgPSAhX3Rjc25pY21wKCZwc3pUZXh0W2R3UG9zaXRpb25dLCBwRmluZFJlcGxhY2UtPmxwc3RyRmluZFdoYXQsIGlUYXJnZXRMZW5ndGgpOy8vQXV0aG9yZWQgYnk6IGxldGltb21lIGluIGNvbW1pdDo1YTBlNmRmYjQ0NGZiMWM3NmJhZDhmY2QwOTAzMWJhNWQyYjQ0OTNmLCB3aXRoIG1lc3NhZ2U6YWRkZWQgYyBmaWxlcyBpbiBhbGdvcml0aG0KKy8vQXV0aG9yZWQgYnk6IGxldGltb21lIGluIGNvbW1pdDo1YTBlNmRmYjQ0NGZiMWM3NmJhZDhmY2QwOTAzMWJhNWQyYjQ0OTNmLCB3aXRoIG1lc3NhZ2U6YWRkZWQgYyBmaWxlcyBpbiBhbGdvcml0aG0KKyAgICBpZiAoYk1hdGNoZXMgJiYgcEZpbmRSZXBsYWNlLT5GbGFncyAmIEZSX1dIT0xFV09SRCkvL0F1dGhvcmVkIGJ5OiBsZXRpbW9tZSBpbiBjb21taXQ6NWEwZTZkZmI0NDRmYjFjNzZiYWQ4ZmNkMDkwMzFiYTVkMmI0NDkzZiwgd2l0aCBtZXNzYWdlOmFkZGVkIGMgZmlsZXMgaW4gYWxnb3JpdGhtCisgICAgey8vQXV0aG9yZWQgYnk6IGxldGltb21lIGluIGNvbW1pdDo1YTBlNmRmYjQ0NGZiMWM3NmJhZDhmY2QwOTAzMWJhNWQyYjQ0OTNmLCB3aXRoIG1lc3NhZ2U6YWRkZWQgYyBmaWxlcyBpbiBhbGdvcml0aG0KKyAgICAgICAgaWYgKChkd1Bvc2l0aW9uID4gMCkgJiYgIV9pc3RzcGFjZShwc3pUZXh0W2R3UG9zaXRpb24tMV0pKS8vQXV0aG9yZWQgYnk6IGxldGltb21lIGluIGNvbW1pdDo1YTBlNmRmYjQ0NGZiMWM3NmJhZDhmY2QwOTAzMWJhNWQyYjQ0OTNmLCB3aXRoIG1lc3NhZ2U6YWRkZWQgYyBmaWxlcyBpbiBhbGdvcml0aG0KKyAgICAgICAgICAgIGJNYXRjaGVzID0gRkFMU0U7Ly9BdXRob3JlZCBieTogbGV0aW1vbWUgaW4gY29tbWl0OjVhMGU2ZGZiNDQ0ZmIxYzc2YmFkOGZjZDA5MDMxYmE1ZDJiNDQ5M2YsIHdpdGggbWVzc2FnZTphZGRlZCBjIGZpbGVzIGluIGFsZ29yaXRobQorICAgICAgICBpZiAoKGR3UG9zaXRpb24gPCAoRFdPUkQpIGlUZXh0TGVuZ3RoIC0gMSkgJiYgIV9pc3RzcGFjZShwc3pUZXh0W2R3UG9zaXRpb24rMV0pKS8vQXV0aG9yZWQgYnk6IGxldGltb21lIGluIGNvbW1pdDo1YTBlNmRmYjQ0NGZiMWM3NmJhZDhmY2QwOTAzMWJhNWQyYjQ0OTNmLCB3aXRoIG1lc3NhZ2U6YWRkZWQgYyBmaWxlcyBpbiBhbGdvcml0aG0KKyAgICAgICAgICAgIGJNYXRjaGVzID0gRkFMU0U7Ly9BdXRob3JlZCBieTogbGV0aW1vbWUgaW4gY29tbWl0OjVhMGU2ZGZiNDQ0ZmIxYzc2YmFkOGZjZDA5MDMxYmE1ZDJiNDQ5M2YsIHdpdGggbWVzc2FnZTphZGRlZCBjIGZpbGVzIGluIGFsZ29yaXRobQorICAgIH0vL0F1dGhvcmVkIGJ5OiBsZXRpbW9tZSBpbiBjb21taXQ6NWEwZTZkZmI0NDRmYjFjNzZiYWQ4ZmNkMDkwMzFiYTVkMmI0NDkzZiwgd2l0aCBtZXNzYWdlOmFkZGVkIGMgZmlsZXMgaW4gYWxnb3JpdGhtCisvL0F1dGhvcmVkIGJ5OiBsZXRpbW9tZSBpbiBjb21taXQ6NWEwZTZkZmI0NDRmYjFjNzZiYWQ4ZmNkMDkwMzFiYTVkMmI0NDkzZiwgd2l0aCBtZXNzYWdlOmFkZGVkIGMgZmlsZXMgaW4gYWxnb3JpdGhtCisgICAgcmV0dXJuIGJNYXRjaGVzOy8vQXV0aG9yZWQgYnk6IGxldGltb21lIGluIGNvbW1pdDo1YTBlNmRmYjQ0NGZiMWM3NmJhZDhmY2QwOTAzMWJhNWQyYjQ0OTNmLCB3aXRoIG1lc3NhZ2U6YWRkZWQgYyBmaWxlcyBpbiBhbGdvcml0aG0KK30vL0F1dGhvcmVkIGJ5OiBsZXRpbW9tZSBpbiBjb21taXQ6NWEwZTZkZmI0NDRmYjFjNzZiYWQ4ZmNkMDkwMzFiYTVkMmI0NDkzZiwgd2l0aCBtZXNzYWdlOmFkZGVkIGMgZmlsZXMgaW4gYWxnb3JpdGhtCisvL0F1dGhvcmVkIGJ5OiBsZXRpbW9tZSBpbiBjb21taXQ6NWEwZTZkZmI0NDRmYjFjNzZiYWQ4ZmNkMDkwMzFiYTVkMmI0NDkzZiwgd2l0aCBtZXNzYWdlOmFkZGVkIGMgZmlsZXMgaW4gYWxnb3JpdGhtCisvKioqKioqKioqKioqKioqKioqKioqKioqKioqKioqKioqKioqKioqKioqKioqKioqKioqKioqKioqKioqKioqKioqKioqKiovL0F1dGhvcmVkIGJ5OiBsZXRpbW9tZSBpbiBjb21taXQ6NWEwZTZkZmI0NDRmYjFjNzZiYWQ4ZmNkMDkwMzFiYTVkMmI0NDkzZiwgd2l0aCBtZXNzYWdlOmFkZGVkIGMgZmlsZXMgaW4gYWxnb3JpdGhtCisgKi8vQXV0aG9yZWQgYnk6IGxldGltb21lIGluIGNvbW1pdDo1YTBlNmRmYjQ0NGZiMWM3NmJhZDhmY2QwOTAzMWJhNWQyYjQ0OTNmLCB3aXRoIG1lc3NhZ2U6YWRkZWQgYyBmaWxlcyBpbiBhbGdvcml0aG0KKyAqICAgICAgICAgICBOT1RFUEFEX0ZpbmROZXh0Ly9BdXRob3JlZCBieTogbGV0aW1vbWUgaW4gY29tbWl0OjVhMGU2ZGZiNDQ0ZmIxYzc2YmFkOGZjZDA5MDMxYmE1ZDJiNDQ5M2YsIHdpdGggbWVzc2FnZTphZGRlZCBjIGZpbGVzIGluIGFsZ29yaXRobQorICovLy9BdXRob3JlZCBieTogbGV0aW1vbWUgaW4gY29tbWl0OjVhMGU2ZGZiNDQ0ZmIxYzc2YmFkOGZjZDA5MDMxYmE1ZDJiNDQ5M2YsIHdpdGggbWVzc2FnZTphZGRlZCBjIGZpbGVzIGluIGFsZ29yaXRobQorLy9BdXRob3JlZCBieTogbGV0aW1vbWUgaW4gY29tbWl0OjVhMGU2ZGZiNDQ0ZmIxYzc2YmFkOGZjZDA5MDMxYmE1ZDJiNDQ5M2YsIHdpdGggbWVzc2FnZTphZGRlZCBjIGZpbGVzIGluIGFsZ29yaXRobQorQk9PTCBOT1RFUEFEX0ZpbmROZXh0KEZJTkRSRVBMQUNFICpwRmluZFJlcGxhY2UsIEJPT0wgYlJlcGxhY2UsIEJPT0wgYlNob3dBbGVydCkvL0F1dGhvcmVkIGJ5OiBsZXRpbW9tZSBpbiBjb21taXQ6NWEwZTZkZmI0NDRmYjFjNzZiYWQ4ZmNkMDkwMzFiYTVkMmI0NDkzZiwgd2l0aCBtZXNzYWdlOmFkZGVkIGMgZmlsZXMgaW4gYWxnb3JpdGhtCit7Ly9BdXRob3JlZCBieTogbGV0aW1vbWUgaW4gY29tbWl0OjVhMGU2ZGZiNDQ0ZmIxYzc2YmFkOGZjZDA5MDMxYmE1ZDJiNDQ5M2YsIHdpdGggbWVzc2FnZTphZGRlZCBjIGZpbGVzIGluIGFsZ29yaXRobQorICAgIGludCBpVGV4dExlbmd0aCwgaVRhcmdldExlbmd0aDsvL0F1dGhvcmVkIGJ5OiBsZXRpbW9tZSBpbiBjb21taXQ6NWEwZTZkZmI0NDRmYjFjNzZiYWQ4ZmNkMDkwMzFiYTVkMmI0NDkzZiwgd2l0aCBtZXNzYWdlOmFkZGVkIGMgZmlsZXMgaW4gYWxnb3JpdGhtCisgICAgc2l6ZV90IGlBZGp1c3RtZW50ID0gMDsvL0F1dGhvcmVkIGJ5OiBsZXRpbW9tZSBpbiBjb21taXQ6NWEwZTZkZmI0NDRmYjFjNzZiYWQ4ZmNkMDkwMzFiYTVkMmI0NDkzZiwgd2l0aCBtZXNzYWdlOmFkZGVkIGMgZmlsZXMgaW4gYWxnb3JpdGhtCisgICAgTFBUU1RSIHBzelRleHQgPSBOVUxMOy8vQXV0aG9yZWQgYnk6IGxldGltb21lIGluIGNvbW1pdDo1YTBlNmRmYjQ0NGZiMWM3NmJhZDhmY2QwOTAzMWJhNWQyYjQ0OTNmLCB3aXRoIG1lc3NhZ2U6YWRkZWQgYyBmaWxlcyBpbiBhbGdvcml0aG0KKyAgICBEV09SRCBkd1Bvc2l0aW9uLCBkd0JlZ2luLCBkd0VuZDsvL0F1dGhvcmVkIGJ5OiBsZXRpbW9tZSBpbiBjb21taXQ6NWEwZTZkZmI0NDRmYjFjNzZiYWQ4ZmNkMDkwMzFiYTVkMmI0NDkzZiwgd2l0aCBtZXNzYWdlOmFkZGVkIGMgZmlsZXMgaW4gYWxnb3JpdGhtCisgICAgQk9PTCBiTWF0Y2hlcyA9IEZBTFNFOy8vQXV0aG9yZWQgYnk6IGxldGltb21lIGluIGNvbW1pdDo1YTBlNmRmYjQ0NGZiMWM3NmJhZDhmY2QwOTAzMWJhNWQyYjQ0OTNmLCB3aXRoIG1lc3NhZ2U6YWRkZWQgYyBmaWxlcyBpbiBhbGdvcml0aG0KKyAgICBUQ0hBUiBzelJlc291cmNlWzEyOF0sIHN6VGV4dFsxMjhdOy8vQXV0aG9yZWQgYnk6IGxldGltb21lIGluIGNvbW1pdDo1YTBlNmRmYjQ0NGZiMWM3NmJhZDhmY2QwOTAzMWJhNWQyYjQ0OTNmLCB3aXRoIG1lc3NhZ2U6YWRkZWQgYyBmaWxlcyBpbiBhbGdvcml0aG0KKyAgICBCT09MIGJTdWNjZXNzOy8vQXV0aG9yZWQgYnk6IGxldGltb21lIGluIGNvbW1pdDo1YTBlNmRmYjQ0NGZiMWM3NmJhZDhmY2QwOTAzMWJhNWQyYjQ0OTNmLCB3aXRoIG1lc3NhZ2U6YWRkZWQgYyBmaWxlcyBpbiBhbGdvcml0aG0KKy8vQXV0aG9yZWQgYnk6IGxldGltb21lIGluIGNvbW1pdDo1YTBlNmRmYjQ0NGZiMWM3NmJhZDhmY2QwOTAzMWJhNWQyYjQ0OTNmLCB3aXRoIG1lc3NhZ2U6YWRkZWQgYyBmaWxlcyBpbiBhbGdvcml0aG0KKyAgICBpVGFyZ2V0TGVuZ3RoID0gKGludCkgX3Rjc2xlbihwRmluZFJlcGxhY2UtPmxwc3RyRmluZFdoYXQpOy8vQXV0aG9yZWQgYnk6IGxldGltb21lIGluIGNvbW1pdDo1YTBlNmRmYjQ0NGZiMWM3NmJhZDhmY2QwOTAzMWJhNWQyYjQ0OTNmLCB3aXRoIG1lc3NhZ2U6YWRkZWQgYyBmaWxlcyBpbiBhbGdvcml0aG0KKy8vQXV0aG9yZWQgYnk6IGxldGltb21lIGluIGNvbW1pdDo1YTBlNmRmYjQ0NGZiMWM3NmJhZDhmY2QwOTAzMWJhNWQyYjQ0OTNmLCB3aXRoIG1lc3NhZ2U6YWRkZWQgYyBmaWxlcyBpbiBhbGdvcml0aG0KKyAgICAvKiBSZXRyaWV2ZSB0aGUgd2luZG93IHRleHQgKi8vL0F1dGhvcmVkIGJ5OiBsZXRpbW9tZSBpbiBjb21taXQ6NWEwZTZkZmI0NDRmYjFjNzZiYWQ4ZmNkMDkwMzFiYTVkMmI0NDkzZiwgd2l0aCBtZXNzYWdlOmFkZGVkIGMgZmlsZXMgaW4gYWxnb3JpdGhtCisgICAgaVRleHRMZW5ndGggPSBHZXRXaW5kb3dUZXh0TGVuZ3RoKEdsb2JhbHMuaEVkaXQpOy8vQXV0aG9yZWQgYnk6IGxldGltb21lIGluIGNvbW1pdDo1YTBlNmRmYjQ0NGZiMWM3NmJhZDhmY2QwOTAzMWJhNWQyYjQ0OTNmLCB3aXRoIG1lc3NhZ2U6YWRkZWQgYyBmaWxlcyBpbiBhbGdvcml0aG0KKyAgICBpZiAoaVRleHRMZW5ndGggPiAwKS8vQXV0aG9yZWQgYnk6IGxldGltb21lIGluIGNvbW1pdDo1YTBlNmRmYjQ0NGZiMWM3NmJhZDhmY2QwOTAzMWJhNWQyYjQ0OTNmLCB3aXRoIG1lc3NhZ2U6YWRkZWQgYyBmaWxlcyBpbiBhbGdvcml0aG0KKyAgICB7Ly9BdXRob3JlZCBieTogbGV0aW1vbWUgaW4gY29tbWl0OjVhMGU2ZGZiNDQ0ZmIxYzc2YmFkOGZjZDA5MDMxYmE1ZDJiNDQ5M2YsIHdpdGggbWVzc2FnZTphZGRlZCBjIGZpbGVzIGluIGFsZ29yaXRobQorICAgICAgICBwc3pUZXh0ID0gKExQVFNUUikgSGVhcEFsbG9jKEdldFByb2Nlc3NIZWFwKCksIDAsIChpVGV4dExlbmd0aCArIDEpICogc2l6ZW9mKFRDSEFSKSk7Ly9BdXRob3JlZCBieTogbGV0aW1vbWUgaW4gY29tbWl0OjVhMGU2ZGZiNDQ0ZmIxYzc2YmFkOGZjZDA5MDMxYmE1ZDJiNDQ5M2YsIHdpdGggbWVzc2FnZTphZGRlZCBjIGZpbGVzIGluIGFsZ29yaXRobQorICAgICAgICBpZiAoIXBzelRleHQpLy9BdXRob3JlZCBieTogbGV0aW1vbWUgaW4gY29tbWl0OjVhMGU2ZGZiNDQ0ZmIxYzc2YmFkOGZjZDA5MDMxYmE1ZDJiNDQ5M2YsIHdpdGggbWVzc2FnZTphZGRlZCBjIGZpbGVzIGluIGFsZ29yaXRobQorICAgICAgICAgICAgcmV0dXJuIEZBTFNFOy8vQXV0aG9yZWQgYnk6IGxldGltb21lIGluIGNvbW1pdDo1YTBlNmRmYjQ0NGZiMWM3NmJhZDhmY2QwOTAzMWJhNWQyYjQ0OTNmLCB3aXRoIG1lc3NhZ2U6YWRkZWQgYyBmaWxlcyBpbiBhbGdvcml0aG0KKy8vQXV0aG9yZWQgYnk6IGxldGltb21lIGluIGNvbW1pdDo1YTBlNmRmYjQ0NGZiMWM3NmJhZDhmY2QwOTAzMWJhNWQyYjQ0OTNmLCB3aXRoIG1lc3NhZ2U6YWRkZWQgYyBmaWxlcyBpbiBhbGdvcml0aG0KKyAgICAgICAgR2V0V2luZG93VGV4dChHbG9iYWxzLmhFZGl0LCBwc3pUZXh0LCBpVGV4dExlbmd0aCArIDEpOy8vQXV0aG9yZWQgYnk6IGxldGltb21lIGluIGNvbW1pdDo1YTBlNmRmYjQ0NGZiMWM3NmJhZDhmY2QwOTAzMWJhNWQyYjQ0OTNmLCB3aXRoIG1lc3NhZ2U6YWRkZWQgYyBmaWxlcyBpbiBhbGdvcml0aG0KKyAgICB9Ly9BdXRob3JlZCBieTogbGV0aW1vbWUgaW4gY29tbWl0OjVhMGU2ZGZiNDQ0ZmIxYzc2YmFkOGZjZDA5MDMxYmE1ZDJiNDQ5M2YsIHdpdGggbWVzc2FnZTphZGRlZCBjIGZpbGVzIGluIGFsZ29yaXRobQorLy9BdXRob3JlZCBieTogbGV0aW1vbWUgaW4gY29tbWl0OjVhMGU2ZGZiNDQ0ZmIxYzc2YmFkOGZjZDA5MDMxYmE1ZDJiNDQ5M2YsIHdpdGggbWVzc2FnZTphZGRlZCBjIGZpbGVzIGluIGFsZ29yaXRobQorICAgIFNlbmRNZXNzYWdlKEdsb2JhbHMuaEVkaXQsIEVNX0dFVFNFTCwgKFdQQVJBTSkgJmR3QmVnaW4sIChMUEFSQU0pICZkd0VuZCk7Ly9BdXRob3JlZCBieTogbGV0aW1vbWUgaW4gY29tbWl0OjVhMGU2ZGZiNDQ0ZmIxYzc2YmFkOGZjZDA5MDMxYmE1ZDJiNDQ5M2YsIHdpdGggbWVzc2FnZTphZGRlZCBjIGZpbGVzIGluIGFsZ29yaXRobQorICAgIGlmIChiUmVwbGFjZSAmJiAoKGR3RW5kIC0gZHdCZWdpbikgPT0gKERXT1JEKSBpVGFyZ2V0TGVuZ3RoKSkvL0F1dGhvcmVkIGJ5OiBsZXRpbW9tZSBpbiBjb21taXQ6NWEwZTZkZmI0NDRmYjFjNzZiYWQ4ZmNkMDkwMzFiYTVkMmI0NDkzZiwgd2l0aCBtZXNzYWdlOmFkZGVkIGMgZmlsZXMgaW4gYWxnb3JpdGhtCisgICAgey8vQXV0aG9yZWQgYnk6IGxldGltb21lIGluIGNvbW1pdDo1YTBlNmRmYjQ0NGZiMWM3NmJhZDhmY2QwOTAzMWJhNWQyYjQ0OTNmLCB3aXRoIG1lc3NhZ2U6YWRkZWQgYyBmaWxlcyBpbiBhbGdvcml0aG0KKyAgICAgICAgaWYgKE5PVEVQQURfRmluZFRleHRBdChwRmluZFJlcGxhY2UsIHBzelRleHQsIGlUZXh0TGVuZ3RoLCBkd0JlZ2luKSkvL0F1dGhvcmVkIGJ5OiBsZXRpbW9tZSBpbiBjb21taXQ6NWEwZTZkZmI0NDRmYjFjNzZiYWQ4ZmNkMDkwMzFiYTVkMmI0NDkzZiwgd2l0aCBtZXNzYWdlOmFkZGVkIGMgZmlsZXMgaW4gYWxnb3JpdGhtCisgICAgICAgIHsvL0F1dGhvcmVkIGJ5OiBsZXRpbW9tZSBpbiBjb21taXQ6NWEwZTZkZmI0NDRmYjFjNzZiYWQ4ZmNkMDkwMzFiYTVkMmI0NDkzZiwgd2l0aCBtZXNzYWdlOmFkZGVkIGMgZmlsZXMgaW4gYWxnb3JpdGhtCisgICAgICAgICAgICBTZW5kTWVzc2FnZShHbG9iYWxzLmhFZGl0LCBFTV9SRVBMQUNFU0VMLCBUUlVFLCAoTFBBUkFNKSBwRmluZFJlcGxhY2UtPmxwc3RyUmVwbGFjZVdpdGgpOy8vQXV0aG9yZWQgYnk6IGxldGltb21lIGluIGNvbW1pdDo1YTBlNmRmYjQ0NGZiMWM3NmJhZDhmY2QwOTAzMWJhNWQyYjQ0OTNmLCB3aXRoIG1lc3NhZ2U6YWRkZWQgYyBmaWxlcyBpbiBhbGdvcml0aG0KKyAgICAgICAgICAgIGlBZGp1c3RtZW50ID0gX3Rjc2xlbihwRmluZFJlcGxhY2UtPmxwc3RyUmVwbGFjZVdpdGgpIC0gKGR3RW5kIC0gZHdCZWdpbik7Ly9BdXRob3JlZCBieTogbGV0aW1vbWUgaW4gY29tbWl0OjVhMGU2ZGZiNDQ0ZmIxYzc2YmFkOGZjZDA5MDMxYmE1ZDJiNDQ5M2YsIHdpdGggbWVzc2FnZTphZGRlZCBjIGZpbGVzIGluIGFsZ29yaXRobQorICAgICAgICB9Ly9BdXRob3JlZCBieTogbGV0aW1vbWUgaW4gY29tbWl0OjVhMGU2ZGZiNDQ0ZmIxYzc2YmFkOGZjZDA5MDMxYmE1ZDJiNDQ5M2YsIHdpdGggbWVzc2FnZTphZGRlZCBjIGZpbGVzIGluIGFsZ29yaXRobQorICAgIH0vL0F1dGhvcmVkIGJ5OiBsZXRpbW9tZSBpbiBjb21taXQ6NWEwZTZkZmI0NDRmYjFjNzZiYWQ4ZmNkMDkwMzFiYTVkMmI0NDkzZiwgd2l0aCBtZXNzYWdlOmFkZGVkIGMgZmlsZXMgaW4gYWxnb3JpdGhtCisvL0F1dGhvcmVkIGJ5OiBsZXRpbW9tZSBpbiBjb21taXQ6NWEwZTZkZmI0NDRmYjFjNzZiYWQ4ZmNkMDkwMzFiYTVkMmI0NDkzZiwgd2l0aCBtZXNzYWdlOmFkZGVkIGMgZmlsZXMgaW4gYWxnb3JpdGhtCisgICAgaWYgKHBGaW5kUmVwbGFjZS0+RmxhZ3MgJiBGUl9ET1dOKS8vQXV0aG9yZWQgYnk6IGxldGltb21lIGluIGNvbW1pdDo1YTBlNmRmYjQ0NGZiMWM3NmJhZDhmY2QwOTAzMWJhNWQyYjQ0OTNmLCB3aXRoIG1lc3NhZ2U6YWRkZWQgYyBmaWxlcyBpbiBhbGdvcml0aG0KKyAgICB7Ly9BdXRob3JlZCBieTogbGV0aW1vbWUgaW4gY29tbWl0OjVhMGU2ZGZiNDQ0ZmIxYzc2YmFkOGZjZDA5MDMxYmE1ZDJiNDQ5M2YsIHdpdGggbWVzc2FnZTphZGRlZCBjIGZpbGVzIGluIGFsZ29yaXRobQorICAgICAgICAvKiBGaW5kIERvd24gKi8vL0F1dGhvcmVkIGJ5OiBsZXRpbW9tZSBpbiBjb21taXQ6NWEwZTZkZmI0NDRmYjFjNzZiYWQ4ZmNkMDkwMzFiYTVkMmI0NDkzZiwgd2l0aCBtZXNzYWdlOmFkZGVkIGMgZmlsZXMgaW4gYWxnb3JpdGhtCisgICAgICAgIGR3UG9zaXRpb24gPSBkd0VuZDsvL0F1dGhvcmVkIGJ5OiBsZXRpbW9tZSBpbiBjb21taXQ6NWEwZTZkZmI0NDRmYjFjNzZiYWQ4ZmNkMDkwMzFiYTVkMmI0NDkzZiwgd2l0aCBtZXNzYWdlOmFkZGVkIGMgZmlsZXMgaW4gYWxnb3JpdGhtCisgICAgICAgIHdoaWxlKGR3UG9zaXRpb24gPCAoRFdPUkQpIGlUZXh0TGVuZ3RoKS8vQXV0aG9yZWQgYnk6IGxldGltb21lIGluIGNvbW1pdDo1YTBlNmRmYjQ0NGZiMWM3NmJhZDhmY2QwOTAzMWJhNWQyYjQ0OTNmLCB3aXRoIG1lc3NhZ2U6YWRkZWQgYyBmaWxlcyBpbiBhbGdvcml0aG0KKyAgICAgICAgey8vQXV0aG9yZWQgYnk6IGxldGltb21lIGluIGNvbW1pdDo1YTBlNmRmYjQ0NGZiMWM3NmJhZDhmY2QwOTAzMWJhNWQyYjQ0OTNmLCB3aXRoIG1lc3NhZ2U6YWRkZWQgYyBmaWxlcyBpbiBhbGdvcml0aG0KKyAgICAgICAgICAgIGJNYXRjaGVzID0gTk9URVBBRF9GaW5kVGV4dEF0KHBGaW5kUmVwbGFjZSwgcHN6VGV4dCwgaVRleHRMZW5ndGgsIGR3UG9zaXRpb24pOy8vQXV0aG9yZWQgYnk6IGxldGltb21lIGluIGNvbW1pdDo1YTBlNmRmYjQ0NGZiMWM3NmJhZDhmY2QwOTAzMWJhNWQyYjQ0OTNmLCB3aXRoIG1lc3NhZ2U6YWRkZWQgYyBmaWxlcyBpbiBhbGdvcml0aG0KKyAgICAgICAgICAgIGlmIChiTWF0Y2hlcykvL0F1dGhvcmVkIGJ5OiBsZXRpbW9tZSBpbiBjb21taXQ6NWEwZTZkZmI0NDRmYjFjNzZiYWQ4ZmNkMDkwMzFiYTVkMmI0NDkzZiwgd2l0aCBtZXNzYWdlOmFkZGVkIGMgZmlsZXMgaW4gYWxnb3JpdGhtCisgICAgICAgICAgICAgICAgYnJlYWs7Ly9BdXRob3JlZCBieTogbGV0aW1vbWUgaW4gY29tbWl0OjVhMGU2ZGZiNDQ0ZmIxYzc2YmFkOGZjZDA5MDMxYmE1ZDJiNDQ5M2YsIHdpdGggbWVzc2FnZTphZGRlZCBjIGZpbGVzIGluIGFsZ29yaXRobQorICAgICAgICAgICAgZHdQb3NpdGlvbisrOy8vQXV0aG9yZWQgYnk6IGxldGltb21lIGluIGNvbW1pdDo1YTBlNmRmYjQ0NGZiMWM3NmJhZDhmY2QwOTAzMWJhNWQyYjQ0OTNmLCB3aXRoIG1lc3NhZ2U6YWRkZWQgYyBmaWxlcyBpbiBhbGdvcml0aG0KKyAgICAgICAgfS8vQXV0aG9yZWQgYnk6IGxldGltb21lIGluIGNvbW1pdDo1YTBlNmRmYjQ0NGZiMWM3NmJhZDhmY2QwOTAzMWJhNWQyYjQ0OTNmLCB3aXRoIG1lc3NhZ2U6YWRkZWQgYyBmaWxlcyBpbiBhbGdvcml0aG0KKyAgICB9Ly9BdXRob3JlZCBieTogbGV0aW1vbWUgaW4gY29tbWl0OjVhMGU2ZGZiNDQ0ZmIxYzc2YmFkOGZjZDA5MDMxYmE1ZDJiNDQ5M2YsIHdpdGggbWVzc2FnZTphZGRlZCBjIGZpbGVzIGluIGFsZ29yaXRobQorICAgIGVsc2UvL0F1dGhvcmVkIGJ5OiBsZXRpbW9tZSBpbiBjb21taXQ6NWEwZTZkZmI0NDRmYjFjNzZiYWQ4ZmNkMDkwMzFiYTVkMmI0NDkzZiwgd2l0aCBtZXNzYWdlOmFkZGVkIGMgZmlsZXMgaW4gYWxnb3JpdGhtCisgICAgey8vQXV0aG9yZWQgYnk6IGxldGltb21lIGluIGNvbW1pdDo1YTBlNmRmYjQ0NGZiMWM3NmJhZDhmY2QwOTAzMWJhNWQyYjQ0OTNmLCB3aXRoIG1lc3NhZ2U6YWRkZWQgYyBmaWxlcyBpbiBhbGdvcml0aG0KKyAgICAgICAgLyogRmluZCBVcCAqLy8vQXV0aG9yZWQgYnk6IGxldGltb21lIGluIGNvbW1pdDo1YTBlNmRmYjQ0NGZiMWM3NmJhZDhmY2QwOTAzMWJhNWQyYjQ0OTNmLCB3aXRoIG1lc3NhZ2U6YWRkZWQgYyBmaWxlcyBpbiBhbGdvcml0aG0KKyAgICAgICAgZHdQb3NpdGlvbiA9IGR3QmVnaW47Ly9BdXRob3JlZCBieTogbGV0aW1vbWUgaW4gY29tbWl0OjVhMGU2ZGZiNDQ0ZmIxYzc2YmFkOGZjZDA5MDMxYmE1ZDJiNDQ5M2YsIHdpdGggbWVzc2FnZTphZGRlZCBjIGZpbGVzIGluIGFsZ29yaXRobQorICAgICAgICB3aGlsZShkd1Bvc2l0aW9uID4gMCkvL0F1dGhvcmVkIGJ5OiBsZXRpbW9tZSBpbiBjb21taXQ6NWEwZTZkZmI0NDRmYjFjNzZiYWQ4ZmNkMDkwMzFiYTVkMmI0NDkzZiwgd2l0aCBtZXNzYWdlOmFkZGVkIGMgZmlsZXMgaW4gYWxnb3JpdGhtCisgICAgICAgIHsvL0F1dGhvcmVkIGJ5OiBsZXRpbW9tZSBpbiBjb21taXQ6NWEwZTZkZmI0NDRmYjFjNzZiYWQ4ZmNkMDkwMzFiYTVkMmI0NDkzZiwgd2l0aCBtZXNzYWdlOmFkZGVkIGMgZmlsZXMgaW4gYWxnb3JpdGhtCisgICAgICAgICAgICBkd1Bvc2l0aW9uLS07Ly9BdXRob3JlZCBieTogbGV0aW1vbWUgaW4gY29tbWl0OjVhMGU2ZGZiNDQ0ZmIxYzc2YmFkOGZjZDA5MDMxYmE1ZDJiNDQ5M2YsIHdpdGggbWVzc2FnZTphZGRlZCBjIGZpbGVzIGluIGFsZ29yaXRobQorICAgICAgICAgICAgYk1hdGNoZXMgPSBOT1RFUEFEX0ZpbmRUZXh0QXQocEZpbmRSZXBsYWNlLCBwc3pUZXh0LCBpVGV4dExlbmd0aCwgZHdQb3NpdGlvbik7Ly9BdXRob3JlZCBieTogbGV0aW1vbWUgaW4gY29tbWl0OjVhMGU2ZGZiNDQ0ZmIxYzc2YmFkOGZjZDA5MDMxYmE1ZDJiNDQ5M2YsIHdpdGggbWVzc2FnZTphZGRlZCBjIGZpbGVzIGluIGFsZ29yaXRobQorICAgICAgICAgICAgaWYgKGJNYXRjaGVzKS8vQXV0aG9yZWQgYnk6IGxldGltb21lIGluIGNvbW1pdDo1YTBlNmRmYjQ0NGZiMWM3NmJhZDhmY2QwOTAzMWJhNWQyYjQ0OTNmLCB3aXRoIG1lc3NhZ2U6YWRkZWQgYyBmaWxlcyBpbiBhbGdvcml0aG0KKyAgICAgICAgICAgICAgICBicmVhazsvL0F1dGhvcmVkIGJ5OiBsZXRpbW9tZSBpbiBjb21taXQ6NWEwZTZkZmI0NDRmYjFjNzZiYWQ4ZmNkMDkwMzFiYTVkMmI0NDkzZiwgd2l0aCBtZXNzYWdlOmFkZGVkIGMgZmlsZXMgaW4gYWxnb3JpdGhtCisgICAgICAgIH0vL0F1dGhvcmVkIGJ5OiBsZXRpbW9tZSBpbiBjb21taXQ6NWEwZTZkZmI0NDRmYjFjNzZiYWQ4ZmNkMDkwMzFiYTVkMmI0NDkzZiwgd2l0aCBtZXNzYWdlOmFkZGVkIGMgZmlsZXMgaW4gYWxnb3JpdGhtCisgICAgfS8vQXV0aG9yZWQgYnk6IGxldGltb21lIGluIGNvbW1pdDo1YTBlNmRmYjQ0NGZiMWM3NmJhZDhmY2QwOTAzMWJhNWQyYjQ0OTNmLCB3aXRoIG1lc3NhZ2U6YWRkZWQgYyBmaWxlcyBpbiBhbGdvcml0aG0KKy8vQXV0aG9yZWQgYnk6IGxldGltb21lIGluIGNvbW1pdDo1YTBlNmRmYjQ0NGZiMWM3NmJhZDhmY2QwOTAzMWJhNWQyYjQ0OTNmLCB3aXRoIG1lc3NhZ2U6YWRkZWQgYyBmaWxlcyBpbiBhbGdvcml0aG0KKyAgICBpZiAoYk1hdGNoZXMpLy9BdXRob3JlZCBieTogbGV0aW1vbWUgaW4gY29tbWl0OjVhMGU2ZGZiNDQ0ZmIxYzc2YmFkOGZjZDA5MDMxYmE1ZDJiNDQ5M2YsIHdpdGggbWVzc2FnZTphZGRlZCBjIGZpbGVzIGluIGFsZ29yaXRobQorICAgIHsvL0F1dGhvcmVkIGJ5OiBsZXRpbW9tZSBpbiBjb21taXQ6NWEwZTZkZmI0NDRmYjFjNzZiYWQ4ZmNkMDkwMzFiYTVkMmI0NDkzZiwgd2l0aCBtZXNzYWdlOmFkZGVkIGMgZmlsZXMgaW4gYWxnb3JpdGhtCisgICAgICAgIC8qIEZvdW5kIHRhcmdldCAqLy8vQXV0aG9yZWQgYnk6IGxldGltb21lIGluIGNvbW1pdDo1YTBlNmRmYjQ0NGZiMWM3NmJhZDhmY2QwOTAzMWJhNWQyYjQ0OTNmLCB3aXRoIG1lc3NhZ2U6YWRkZWQgYyBmaWxlcyBpbiBhbGdvcml0aG0KKyAgICAgICAgaWYgKGR3UG9zaXRpb24gPiBkd0JlZ2luKS8vQXV0aG9yZWQgYnk6IGxldGltb21lIGluIGNvbW1pdDo1YTBlNmRmYjQ0NGZiMWM3NmJhZDhmY2QwOTAzMWJhNWQyYjQ0OTNmLCB3aXRoIG1lc3NhZ2U6YWRkZWQgYyBmaWxlcyBpbiBhbGdvcml0aG0KKyAgICAgICAgICAgIGR3UG9zaXRpb24gKz0gKERXT1JEKSBpQWRqdXN0bWVudDsvL0F1dGhvcmVkIGJ5OiBsZXRpbW9tZSBpbiBjb21taXQ6NWEwZTZkZmI0NDRmYjFjNzZiYWQ4ZmNkMDkwMzFiYTVkMmI0NDkzZiwgd2l0aCBtZXNzYWdlOmFkZGVkIGMgZmlsZXMgaW4gYWxnb3JpdGhtCisgICAgICAgIFNlbmRNZXNzYWdlKEdsb2JhbHMuaEVkaXQsIEVNX1NFVFNFTCwgZHdQb3NpdGlvbiwgZHdQb3NpdGlvbiArIGlUYXJnZXRMZW5ndGgpOy8vQXV0aG9yZWQgYnk6IGxldGltb21lIGluIGNvbW1pdDo1YTBlNmRmYjQ0NGZiMWM3NmJhZDhmY2QwOTAzMWJhNWQyYjQ0OTNmLCB3aXRoIG1lc3NhZ2U6YWRkZWQgYyBmaWxlcyBpbiBhbGdvcml0aG0KKyAgICAgICAgU2VuZE1lc3NhZ2UoR2xvYmFscy5oRWRpdCwgRU1fU0NST0xMQ0FSRVQsIDAsIDApOy8vQXV0aG9yZWQgYnk6IGxldGltb21lIGluIGNvbW1pdDo1YTBlNmRmYjQ0NGZiMWM3NmJhZDhmY2QwOTAzMWJhNWQyYjQ0OTNmLCB3aXRoIG1lc3NhZ2U6YWRkZWQgYyBmaWxlcyBpbiBhbGdvcml0aG0KKyAgICAgICAgYlN1Y2Nlc3MgPSBUUlVFOy8vQXV0aG9yZWQgYnk6IGxldGltb21lIGluIGNvbW1pdDo1YTBlNmRmYjQ0NGZiMWM3NmJhZDhmY2QwOTAzMWJhNWQyYjQ0OTNmLCB3aXRoIG1lc3NhZ2U6YWRkZWQgYyBmaWxlcyBpbiBhbGdvcml0aG0KKyAgICB9Ly9BdXRob3JlZCBieTogbGV0aW1vbWUgaW4gY29tbWl0OjVhMGU2ZGZiNDQ0ZmIxYzc2YmFkOGZjZDA5MDMxYmE1ZDJiNDQ5M2YsIHdpdGggbWVzc2FnZTphZGRlZCBjIGZpbGVzIGluIGFsZ29yaXRobQorICAgIGVsc2UvL0F1dGhvcmVkIGJ5OiBsZXRpbW9tZSBpbiBjb21taXQ6NWEwZTZkZmI0NDRmYjFjNzZiYWQ4ZmNkMDkwMzFiYTVkMmI0NDkzZiwgd2l0aCBtZXNzYWdlOmFkZGVkIGMgZmlsZXMgaW4gYWxnb3JpdGhtCisgICAgey8vQXV0aG9yZWQgYnk6IGxldGltb21lIGluIGNvbW1pdDo1YTBlNmRmYjQ0NGZiMWM3NmJhZDhmY2QwOTAzMWJhNWQyYjQ0OTNmLCB3aXRoIG1lc3NhZ2U6YWRkZWQgYyBmaWxlcyBpbiBhbGdvcml0aG0KKyAgICAgICAgLyogQ2FuJ3QgZmluZCB0YXJnZXQgKi8vL0F1dGhvcmVkIGJ5OiBsZXRpbW9tZSBpbiBjb21taXQ6NWEwZTZkZmI0NDRmYjFjNzZiYWQ4ZmNkMDkwMzFiYTVkMmI0NDkzZiwgd2l0aCBtZXNzYWdlOmFkZGVkIGMgZmlsZXMgaW4gYWxnb3JpdGhtCisgICAgICAgIGlmIChiU2hvd0FsZXJ0KS8vQXV0aG9yZWQgYnk6IGxldGltb21lIGluIGNvbW1pdDo1YTBlNmRmYjQ0NGZiMWM3NmJhZDhmY2QwOTAzMWJhNWQyYjQ0OTNmLCB3aXRoIG1lc3NhZ2U6YWRkZWQgYyBmaWxlcyBpbiBhbGdvcml0aG0KKyAgICAgICAgey8vQXV0aG9yZWQgYnk6IGxldGltb21lIGluIGNvbW1pdDo1YTBlNmRmYjQ0NGZiMWM3NmJhZDhmY2QwOTAzMWJhNWQyYjQ0OTNmLCB3aXRoIG1lc3NhZ2U6YWRkZWQgYyBmaWxlcyBpbiBhbGdvcml0aG0KKyAgICAgICAgICAgIExvYWRTdHJpbmcoR2xvYmFscy5oSW5zdGFuY2UsIFNUUklOR19DQU5OT1RGSU5ELCBzelJlc291cmNlLCBBUlJBWV9TSVpFKHN6UmVzb3VyY2UpKTsvL0F1dGhvcmVkIGJ5OiBsZXRpbW9tZSBpbiBjb21taXQ6NWEwZTZkZmI0NDRmYjFjNzZiYWQ4ZmNkMDkwMzFiYTVkMmI0NDkzZiwgd2l0aCBtZXNzYWdlOmFkZGVkIGMgZmlsZXMgaW4gYWxnb3JpdGhtCisgICAgICAgICAgICBfc250cHJpbnRmKHN6VGV4dCwgQVJSQVlfU0laRShzelRleHQpLCBzelJlc291cmNlLCBwRmluZFJlcGxhY2UtPmxwc3RyRmluZFdoYXQpOy8vQXV0aG9yZWQgYnk6IGxldGltb21lIGluIGNvbW1pdDo1YTBlNmRmYjQ0NGZiMWM3NmJhZDhmY2QwOTAzMWJhNWQyYjQ0OTNmLCB3aXRoIG1lc3NhZ2U6YWRkZWQgYyBmaWxlcyBpbiBhbGdvcml0aG0KKyAgICAgICAgICAgIExvYWRTdHJpbmcoR2xvYmFscy5oSW5zdGFuY2UsIFNUUklOR19OT1RFUEFELCBzelJlc291cmNlLCBBUlJBWV9TSVpFKHN6UmVzb3VyY2UpKTsvL0F1dGhvcmVkIGJ5OiBsZXRpbW9tZSBpbiBjb21taXQ6NWEwZTZkZmI0NDRmYjFjNzZiYWQ4ZmNkMDkwMzFiYTVkMmI0NDkzZiwgd2l0aCBtZXNzYWdlOmFkZGVkIGMgZmlsZXMgaW4gYWxnb3JpdGhtCisgICAgICAgICAgICBNZXNzYWdlQm94KEdsb2JhbHMuaEZpbmRSZXBsYWNlRGxnLCBzelRleHQsIHN6UmVzb3VyY2UsIE1CX09LKTsvL0F1dGhvcmVkIGJ5OiBsZXRpbW9tZSBpbiBjb21taXQ6NWEwZTZkZmI0NDRmYjFjNzZiYWQ4ZmNkMDkwMzFiYTVkMmI0NDkzZiwgd2l0aCBtZXNzYWdlOmFkZGVkIGMgZmlsZXMgaW4gYWxnb3JpdGhtCisgICAgICAgIH0vL0F1dGhvcmVkIGJ5OiBsZXRpbW9tZSBpbiBjb21taXQ6NWEwZTZkZmI0NDRmYjFjNzZiYWQ4ZmNkMDkwMzFiYTVkMmI0NDkzZiwgd2l0aCBtZXNzYWdlOmFkZGVkIGMgZmlsZXMgaW4gYWxnb3JpdGhtCisgICAgICAgIGJTdWNjZXNzID0gRkFMU0U7Ly9BdXRob3JlZCBieTogbGV0aW1vbWUgaW4gY29tbWl0OjVhMGU2ZGZiNDQ0ZmIxYzc2YmFkOGZjZDA5MDMxYmE1ZDJiNDQ5M2YsIHdpdGggbWVzc2FnZTphZGRlZCBjIGZpbGVzIGluIGFsZ29yaXRobQorICAgIH0vL0F1dGhvcmVkIGJ5OiBsZXRpbW9tZSBpbiBjb21taXQ6NWEwZTZkZmI0NDRmYjFjNzZiYWQ4ZmNkMDkwMzFiYTVkMmI0NDkzZiwgd2l0aCBtZXNzYWdlOmFkZGVkIGMgZmlsZXMgaW4gYWxnb3JpdGhtCisvL0F1dGhvcmVkIGJ5OiBsZXRpbW9tZSBpbiBjb21taXQ6NWEwZTZkZmI0NDRmYjFjNzZiYWQ4ZmNkMDkwMzFiYTVkMmI0NDkzZiwgd2l0aCBtZXNzYWdlOmFkZGVkIGMgZmlsZXMgaW4gYWxnb3JpdGhtCisgICAgaWYgKHBzelRleHQpLy9BdXRob3JlZCBieTogbGV0aW1vbWUgaW4gY29tbWl0OjVhMGU2ZGZiNDQ0ZmIxYzc2YmFkOGZjZDA5MDMxYmE1ZDJiNDQ5M2YsIHdpdGggbWVzc2FnZTphZGRlZCBjIGZpbGVzIGluIGFsZ29yaXRobQorICAgICAgICBIZWFwRnJlZShHZXRQcm9jZXNzSGVhcCgpLCAwLCBwc3pUZXh0KTsvL0F1dGhvcmVkIGJ5OiBsZXRpbW9tZSBpbiBjb21taXQ6NWEwZTZkZmI0NDRmYjFjNzZiYWQ4ZmNkMDkwMzFiYTVkMmI0NDkzZiwgd2l0aCBtZXNzYWdlOmFkZGVkIGMgZmlsZXMgaW4gYWxnb3JpdGhtCisgICAgcmV0dXJuIGJTdWNjZXNzOy8vQXV0aG9yZWQgYnk6IGxldGltb21lIGluIGNvbW1pdDo1YTBlNmRmYjQ0NGZiMWM3NmJhZDhmY2QwOTAzMWJhNWQyYjQ0OTNmLCB3aXRoIG1lc3NhZ2U6YWRkZWQgYyBmaWxlcyBpbiBhbGdvcml0aG0KK30vL0F1dGhvcmVkIGJ5OiBsZXRpbW9tZSBpbiBjb21taXQ6NWEwZTZkZmI0NDRmYjFjNzZiYWQ4ZmNkMDkwMzFiYTVkMmI0NDkzZiwgd2l0aCBtZXNzYWdlOmFkZGVkIGMgZmlsZXMgaW4gYWxnb3JpdGhtCisvL0F1dGhvcmVkIGJ5OiBsZXRpbW9tZSBpbiBjb21taXQ6NWEwZTZkZmI0NDRmYjFjNzZiYWQ4ZmNkMDkwMzFiYTVkMmI0NDkzZiwgd2l0aCBtZXNzYWdlOmFkZGVkIGMgZmlsZXMgaW4gYWxnb3JpdGhtCisvKioqKioqKioqKioqKioqKioqKioqKioqKioqKioqKioqKioqKioqKioqKioqKioqKioqKioqKioqKioqKioqKioqKioqKiovL0F1dGhvcmVkIGJ5OiBsZXRpbW9tZSBpbiBjb21taXQ6NWEwZTZkZmI0NDRmYjFjNzZiYWQ4ZmNkMDkwMzFiYTVkMmI0NDkzZiwgd2l0aCBtZXNzYWdlOmFkZGVkIGMgZmlsZXMgaW4gYWxnb3JpdGhtCisgKi8vQXV0aG9yZWQgYnk6IGxldGltb21lIGluIGNvbW1pdDo1YTBlNmRmYjQ0NGZiMWM3NmJhZDhmY2QwOTAzMWJhNWQyYjQ0OTNmLCB3aXRoIG1lc3NhZ2U6YWRkZWQgYyBmaWxlcyBpbiBhbGdvcml0aG0KKyAqICAgICAgICAgICBOT1RFUEFEX1JlcGxhY2VBbGwvL0F1dGhvcmVkIGJ5OiBsZXRpbW9tZSBpbiBjb21taXQ6NWEwZTZkZmI0NDRmYjFjNzZiYWQ4ZmNkMDkwMzFiYTVkMmI0NDkzZiwgd2l0aCBtZXNzYWdlOmFkZGVkIGMgZmlsZXMgaW4gYWxnb3JpdGhtCisgKi8vL0F1dGhvcmVkIGJ5OiBsZXRpbW9tZSBpbiBjb21taXQ6NWEwZTZkZmI0NDRmYjFjNzZiYWQ4ZmNkMDkwMzFiYTVkMmI0NDkzZiwgd2l0aCBtZXNzYWdlOmFkZGVkIGMgZmlsZXMgaW4gYWxnb3JpdGhtCisvL0F1dGhvcmVkIGJ5OiBsZXRpbW9tZSBpbiBjb21taXQ6NWEwZTZkZmI0NDRmYjFjNzZiYWQ4ZmNkMDkwMzFiYTVkMmI0NDkzZiwgd2l0aCBtZXNzYWdlOmFkZGVkIGMgZmlsZXMgaW4gYWxnb3JpdGhtCitzdGF0aWMgVk9JRCBOT1RFUEFEX1JlcGxhY2VBbGwoRklORFJFUExBQ0UgKnBGaW5kUmVwbGFjZSkvL0F1dGhvcmVkIGJ5OiBsZXRpbW9tZSBpbiBjb21taXQ6NWEwZTZkZmI0NDRmYjFjNzZiYWQ4ZmNkMDkwMzFiYTVkMmI0NDkzZiwgd2l0aCBtZXNzYWdlOmFkZGVkIGMgZmlsZXMgaW4gYWxnb3JpdGhtCit7Ly9BdXRob3JlZCBieTogbGV0aW1vbWUgaW4gY29tbWl0OjVhMGU2ZGZiNDQ0ZmIxYzc2YmFkOGZjZDA5MDMxYmE1ZDJiNDQ5M2YsIHdpdGggbWVzc2FnZTphZGRlZCBjIGZpbGVzIGluIGFsZ29yaXRobQorICAgIEJPT0wgYlNob3dBbGVydCA9IFRSVUU7Ly9BdXRob3JlZCBieTogbGV0aW1vbWUgaW4gY29tbWl0OjVhMGU2ZGZiNDQ0ZmIxYzc2YmFkOGZjZDA5MDMxYmE1ZDJiNDQ5M2YsIHdpdGggbWVzc2FnZTphZGRlZCBjIGZpbGVzIGluIGFsZ29yaXRobQorLy9BdXRob3JlZCBieTogbGV0aW1vbWUgaW4gY29tbWl0OjVhMGU2ZGZiNDQ0ZmIxYzc2YmFkOGZjZDA5MDMxYmE1ZDJiNDQ5M2YsIHdpdGggbWVzc2FnZTphZGRlZCBjIGZpbGVzIGluIGFsZ29yaXRobQorICAgIFNlbmRNZXNzYWdlKEdsb2JhbHMuaEVkaXQsIEVNX1NFVFNFTCwgMCwgMCk7Ly9BdXRob3JlZCBieTogbGV0aW1vbWUgaW4gY29tbWl0OjVhMGU2ZGZiNDQ0ZmIxYzc2YmFkOGZjZDA5MDMxYmE1ZDJiNDQ5M2YsIHdpdGggbWVzc2FnZTphZGRlZCBjIGZpbGVzIGluIGFsZ29yaXRobQorLy9BdXRob3JlZCBieTogbGV0aW1vbWUgaW4gY29tbWl0OjVhMGU2ZGZiNDQ0ZmIxYzc2YmFkOGZjZDA5MDMxYmE1ZDJiNDQ5M2YsIHdpdGggbWVzc2FnZTphZGRlZCBjIGZpbGVzIGluIGFsZ29yaXRobQorICAgIHdoaWxlIChOT1RFUEFEX0ZpbmROZXh0KHBGaW5kUmVwbGFjZSwgVFJVRSwgYlNob3dBbGVydCkpLy9BdXRob3JlZCBieTogbGV0aW1vbWUgaW4gY29tbWl0OjVhMGU2ZGZiNDQ0ZmIxYzc2YmFkOGZjZDA5MDMxYmE1ZDJiNDQ5M2YsIHdpdGggbWVzc2FnZTphZGRlZCBjIGZpbGVzIGluIGFsZ29yaXRobQorICAgIHsvL0F1dGhvcmVkIGJ5OiBsZXRpbW9tZSBpbiBjb21taXQ6NWEwZTZkZmI0NDRmYjFjNzZiYWQ4ZmNkMDkwMzFiYTVkMmI0NDkzZiwgd2l0aCBtZXNzYWdlOmFkZGVkIGMgZmlsZXMgaW4gYWxnb3JpdGhtCisgICAgICAgIGJTaG93QWxlcnQgPSBGQUxTRTsvL0F1dGhvcmVkIGJ5OiBsZXRpbW9tZSBpbiBjb21taXQ6NWEwZTZkZmI0NDRmYjFjNzZiYWQ4ZmNkMDkwMzFiYTVkMmI0NDkzZiwgd2l0aCBtZXNzYWdlOmFkZGVkIGMgZmlsZXMgaW4gYWxnb3JpdGhtCisgICAgfS8vQXV0aG9yZWQgYnk6IGxldGltb21lIGluIGNvbW1pdDo1YTBlNmRmYjQ0NGZiMWM3NmJhZDhmY2QwOTAzMWJhNWQyYjQ0OTNmLCB3aXRoIG1lc3NhZ2U6YWRkZWQgYyBmaWxlcyBpbiBhbGdvcml0aG0KK30vL0F1dGhvcmVkIGJ5OiBsZXRpbW9tZSBpbiBjb21taXQ6NWEwZTZkZmI0NDRmYjFjNzZiYWQ4ZmNkMDkwMzFiYTVkMmI0NDkzZiwgd2l0aCBtZXNzYWdlOmFkZGVkIGMgZmlsZXMgaW4gYWxnb3JpdGhtCisvL0F1dGhvcmVkIGJ5OiBsZXRpbW9tZSBpbiBjb21taXQ6NWEwZTZkZmI0NDRmYjFjNzZiYWQ4ZmNkMDkwMzFiYTVkMmI0NDkzZiwgd2l0aCBtZXNzYWdlOmFkZGVkIGMgZmlsZXMgaW4gYWxnb3JpdGhtCisvKioqKioqKioqKioqKioqKioqKioqKioqKioqKioqKioqKioqKioqKioqKioqKioqKioqKioqKioqKioqKioqKioqKioqKiovL0F1dGhvcmVkIGJ5OiBsZXRpbW9tZSBpbiBjb21taXQ6NWEwZTZkZmI0NDRmYjFjNzZiYWQ4ZmNkMDkwMzFiYTVkMmI0NDkzZiwgd2l0aCBtZXNzYWdlOmFkZGVkIGMgZmlsZXMgaW4gYWxnb3JpdGhtCisgKi8vQXV0aG9yZWQgYnk6IGxldGltb21lIGluIGNvbW1pdDo1YTBlNmRmYjQ0NGZiMWM3NmJhZDhmY2QwOTAzMWJhNWQyYjQ0OTNmLCB3aXRoIG1lc3NhZ2U6YWRkZWQgYyBmaWxlcyBpbiBhbGdvcml0aG0KKyAqICAgICAgICAgICBOT1RFUEFEX0ZpbmRUZXJtLy9BdXRob3JlZCBieTogbGV0aW1vbWUgaW4gY29tbWl0OjVhMGU2ZGZiNDQ0ZmIxYzc2YmFkOGZjZDA5MDMxYmE1ZDJiNDQ5M2YsIHdpdGggbWVzc2FnZTphZGRlZCBjIGZpbGVzIGluIGFsZ29yaXRobQorICovLy9BdXRob3JlZCBieTogbGV0aW1vbWUgaW4gY29tbWl0OjVhMGU2ZGZiNDQ0ZmIxYzc2YmFkOGZjZDA5MDMxYmE1ZDJiNDQ5M2YsIHdpdGggbWVzc2FnZTphZGRlZCBjIGZpbGVzIGluIGFsZ29yaXRobQorLy9BdXRob3JlZCBieTogbGV0aW1vbWUgaW4gY29tbWl0OjVhMGU2ZGZiNDQ0ZmIxYzc2YmFkOGZjZDA5MDMxYmE1ZDJiNDQ5M2YsIHdpdGggbWVzc2FnZTphZGRlZCBjIGZpbGVzIGluIGFsZ29yaXRobQorc3RhdGljIFZPSUQgTk9URVBBRF9GaW5kVGVybShWT0lEKS8vQXV0aG9yZWQgYnk6IGxldGltb21lIGluIGNvbW1pdDo1YTBlNmRmYjQ0NGZiMWM3NmJhZDhmY2QwOTAzMWJhNWQyYjQ0OTNmLCB3aXRoIG1lc3NhZ2U6YWRkZWQgYyBmaWxlcyBpbiBhbGdvcml0aG0KK3svL0F1dGhvcmVkIGJ5OiBsZXRpbW9tZSBpbiBjb21taXQ6NWEwZTZkZmI0NDRmYjFjNzZiYWQ4ZmNkMDkwMzFiYTVkMmI0NDkzZiwgd2l0aCBtZXNzYWdlOmFkZGVkIGMgZmlsZXMgaW4gYWxnb3JpdGhtCisgICAgR2xvYmFscy5oRmluZFJlcGxhY2VEbGcgPSBOVUxMOy8vQXV0aG9yZWQgYnk6IGxldGltb21lIGluIGNvbW1pdDo1YTBlNmRmYjQ0NGZiMWM3NmJhZDhmY2QwOTAzMWJhNWQyYjQ0OTNmLCB3aXRoIG1lc3NhZ2U6YWRkZWQgYyBmaWxlcyBpbiBhbGdvcml0aG0KK30vL0F1dGhvcmVkIGJ5OiBsZXRpbW9tZSBpbiBjb21taXQ6NWEwZTZkZmI0NDRmYjFjNzZiYWQ4ZmNkMDkwMzFiYTVkMmI0NDkzZiwgd2l0aCBtZXNzYWdlOmFkZGVkIGMgZmlsZXMgaW4gYWxnb3JpdGhtCisvL0F1dGhvcmVkIGJ5OiBsZXRpbW9tZSBpbiBjb21taXQ6NWEwZTZkZmI0NDRmYjFjNzZiYWQ4ZmNkMDkwMzFiYTVkMmI0NDkzZiwgd2l0aCBtZXNzYWdlOmFkZGVkIGMgZmlsZXMgaW4gYWxnb3JpdGhtCisvKioqKioqKioqKioqKioqKioqKioqKioqKioqKioqKioqKioqKioqKioqKioqKioqKioqKioqKioqKioqKioqKioqKioqKiovL0F1dGhvcmVkIGJ5OiBsZXRpbW9tZSBpbiBjb21taXQ6NWEwZTZkZmI0NDRmYjFjNzZiYWQ4ZmNkMDkwMzFiYTVkMmI0NDkzZiwgd2l0aCBtZXNzYWdlOmFkZGVkIGMgZmlsZXMgaW4gYWxnb3JpdGhtCisgKiBEYXRhIEluaXRpYWxpemF0aW9uLy9BdXRob3JlZCBieTogbGV0aW1vbWUgaW4gY29tbWl0OjVhMGU2ZGZiNDQ0ZmIxYzc2YmFkOGZjZDA5MDMxYmE1ZDJiNDQ5M2YsIHdpdGggbWVzc2FnZTphZGRlZCBjIGZpbGVzIGluIGFsZ29yaXRobQorICovLy9BdXRob3JlZCBieTogbGV0aW1vbWUgaW4gY29tbWl0OjVhMGU2ZGZiNDQ0ZmIxYzc2YmFkOGZjZDA5MDMxYmE1ZDJiNDQ5M2YsIHdpdGggbWVzc2FnZTphZGRlZCBjIGZpbGVzIGluIGFsZ29yaXRobQorc3RhdGljIFZPSUQgTk9URVBBRF9Jbml0RGF0YShWT0lEKS8vQXV0aG9yZWQgYnk6IGxldGltb21lIGluIGNvbW1pdDo1YTBlNmRmYjQ0NGZiMWM3NmJhZDhmY2QwOTAzMWJhNWQyYjQ0OTNmLCB3aXRoIG1lc3NhZ2U6YWRkZWQgYyBmaWxlcyBpbiBhbGdvcml0aG0KK3svL0F1dGhvcmVkIGJ5OiBsZXRpbW9tZSBpbiBjb21taXQ6NWEwZTZkZmI0NDRmYjFjNzZiYWQ4ZmNkMDkwMzFiYTVkMmI0NDkzZiwgd2l0aCBtZXNzYWdlOmFkZGVkIGMgZmlsZXMgaW4gYWxnb3JpdGhtCisgICAgTFBUU1RSIHAgPSBHbG9iYWxzLnN6RmlsdGVyOy8vQXV0aG9yZWQgYnk6IGxldGltb21lIGluIGNvbW1pdDo1YTBlNmRmYjQ0NGZiMWM3NmJhZDhmY2QwOTAzMWJhNWQyYjQ0OTNmLCB3aXRoIG1lc3NhZ2U6YWRkZWQgYyBmaWxlcyBpbiBhbGdvcml0aG0KKyAgICBzdGF0aWMgY29uc3QgVENIQVIgdHh0X2ZpbGVzW10gPSBfVCgiKi50eHQiKTsvL0F1dGhvcmVkIGJ5OiBsZXRpbW9tZSBpbiBjb21taXQ6NWEwZTZkZmI0NDRmYjFjNzZiYWQ4ZmNkMDkwMzFiYTVkMmI0NDkzZiwgd2l0aCBtZXNzYWdlOmFkZGVkIGMgZmlsZXMgaW4gYWxnb3JpdGhtCisgICAgc3RhdGljIGNvbnN0IFRDSEFSIGFsbF9maWxlc1tdID0gX1QoIiouKiIpOy8vQXV0aG9yZWQgYnk6IGxldGltb21lIGluIGNvbW1pdDo1YTBlNmRmYjQ0NGZiMWM3NmJhZDhmY2QwOTAzMWJhNWQyYjQ0OTNmLCB3aXRoIG1lc3NhZ2U6YWRkZWQgYyBmaWxlcyBpbiBhbGdvcml0aG0KKy8vQXV0aG9yZWQgYnk6IGxldGltb21lIGluIGNvbW1pdDo1YTBlNmRmYjQ0NGZiMWM3NmJhZDhmY2QwOTAzMWJhNWQyYjQ0OTNmLCB3aXRoIG1lc3NhZ2U6YWRkZWQgYyBmaWxlcyBpbiBhbGdvcml0aG0KKyAgICBwICs9IExvYWRTdHJpbmcoR2xvYmFscy5oSW5zdGFuY2UsIFNUUklOR19URVhUX0ZJTEVTX1RYVCwgcCwgTUFYX1NUUklOR19MRU4pICsgMTsvL0F1dGhvcmVkIGJ5OiBsZXRpbW9tZSBpbiBjb21taXQ6NWEwZTZkZmI0NDRmYjFjNzZiYWQ4ZmNkMDkwMzFiYTVkMmI0NDkzZiwgd2l0aCBtZXNzYWdlOmFkZGVkIGMgZmlsZXMgaW4gYWxnb3JpdGhtCisgICAgX3Rjc2NweShwLCB0eHRfZmlsZXMpOy8vQXV0aG9yZWQgYnk6IGxldGltb21lIGluIGNvbW1pdDo1YTBlNmRmYjQ0NGZiMWM3NmJhZDhmY2QwOTAzMWJhNWQyYjQ0OTNmLCB3aXRoIG1lc3NhZ2U6YWRkZWQgYyBmaWxlcyBpbiBhbGdvcml0aG0KKyAgICBwICs9IEFSUkFZX1NJWkUodHh0X2ZpbGVzKTsvL0F1dGhvcmVkIGJ5OiBsZXRpbW9tZSBpbiBjb21taXQ6NWEwZTZkZmI0NDRmYjFjNzZiYWQ4ZmNkMDkwMzFiYTVkMmI0NDkzZiwgd2l0aCBtZXNzYWdlOmFkZGVkIGMgZmlsZXMgaW4gYWxnb3JpdGhtCisvL0F1dGhvcmVkIGJ5OiBsZXRpbW9tZSBpbiBjb21taXQ6NWEwZTZkZmI0NDRmYjFjNzZiYWQ4ZmNkMDkwMzFiYTVkMmI0NDkzZiwgd2l0aCBtZXNzYWdlOmFkZGVkIGMgZmlsZXMgaW4gYWxnb3JpdGhtCisgICAgcCArPSBMb2FkU3RyaW5nKEdsb2JhbHMuaEluc3RhbmNlLCBTVFJJTkdfQUxMX0ZJTEVTLCBwLCBNQVhfU1RSSU5HX0xFTikgKyAxOy8vQXV0aG9yZWQgYnk6IGxldGltb21lIGluIGNvbW1pdDo1YTBlNmRmYjQ0NGZiMWM3NmJhZDhmY2QwOTAzMWJhNWQyYjQ0OTNmLCB3aXRoIG1lc3NhZ2U6YWRkZWQgYyBmaWxlcyBpbiBhbGdvcml0aG0KKyAgICBfdGNzY3B5KHAsIGFsbF9maWxlcyk7Ly9BdXRob3JlZCBieTogbGV0aW1vbWUgaW4gY29tbWl0OjVhMGU2ZGZiNDQ0ZmIxYzc2YmFkOGZjZDA5MDMxYmE1ZDJiNDQ5M2YsIHdpdGggbWVzc2FnZTphZGRlZCBjIGZpbGVzIGluIGFsZ29yaXRobQorICAgIHAgKz0gQVJSQVlfU0laRShhbGxfZmlsZXMpOy8vQXV0aG9yZWQgYnk6IGxldGltb21lIGluIGNvbW1pdDo1YTBlNmRmYjQ0NGZiMWM3NmJhZDhmY2QwOTAzMWJhNWQyYjQ0OTNmLCB3aXRoIG1lc3NhZ2U6YWRkZWQgYyBmaWxlcyBpbiBhbGdvcml0aG0KKyAgICAqcCA9ICdcMCc7Ly9BdXRob3JlZCBieTogbGV0aW1vbWUgaW4gY29tbWl0OjVhMGU2ZGZiNDQ0ZmIxYzc2YmFkOGZjZDA5MDMxYmE1ZDJiNDQ5M2YsIHdpdGggbWVzc2FnZTphZGRlZCBjIGZpbGVzIGluIGFsZ29yaXRobQorICAgIEdsb2JhbHMuZmluZC5scHN0ckZpbmRXaGF0ID0gTlVMTDsvL0F1dGhvcmVkIGJ5OiBsZXRpbW9tZSBpbiBjb21taXQ6NWEwZTZkZmI0NDRmYjFjNzZiYWQ4ZmNkMDkwMzFiYTVkMmI0NDkzZiwgd2l0aCBtZXNzYWdlOmFkZGVkIGMgZmlsZXMgaW4gYWxnb3JpdGhtCisvL0F1dGhvcmVkIGJ5OiBsZXRpbW9tZSBpbiBjb21taXQ6NWEwZTZkZmI0NDRmYjFjNzZiYWQ4ZmNkMDkwMzFiYTVkMmI0NDkzZiwgd2l0aCBtZXNzYWdlOmFkZGVkIGMgZmlsZXMgaW4gYWxnb3JpdGhtCisgICAgR2xvYmFscy5oRGV2TW9kZSA9IE5VTEw7Ly9BdXRob3JlZCBieTogbGV0aW1vbWUgaW4gY29tbWl0OjVhMGU2ZGZiNDQ0ZmIxYzc2YmFkOGZjZDA5MDMxYmE1ZDJiNDQ5M2YsIHdpdGggbWVzc2FnZTphZGRlZCBjIGZpbGVzIGluIGFsZ29yaXRobQorICAgIEdsb2JhbHMuaERldk5hbWVzID0gTlVMTDsvL0F1dGhvcmVkIGJ5OiBsZXRpbW9tZSBpbiBjb21taXQ6NWEwZTZkZmI0NDRmYjFjNzZiYWQ4ZmNkMDkwMzFiYTVkMmI0NDkzZiwgd2l0aCBtZXNzYWdlOmFkZGVkIGMgZmlsZXMgaW4gYWxnb3JpdGhtCit9Ly9BdXRob3JlZCBieTogbGV0aW1vbWUgaW4gY29tbWl0OjVhMGU2ZGZiNDQ0ZmIxYzc2YmFkOGZjZDA5MDMxYmE1ZDJiNDQ5M2YsIHdpdGggbWVzc2FnZTphZGRlZCBjIGZpbGVzIGluIGFsZ29yaXRobQorLy9BdXRob3JlZCBieTogbGV0aW1vbWUgaW4gY29tbWl0OjVhMGU2ZGZiNDQ0ZmIxYzc2YmFkOGZjZDA5MDMxYmE1ZDJiNDQ5M2YsIHdpdGggbWVzc2FnZTphZGRlZCBjIGZpbGVzIGluIGFsZ29yaXRobQorLyoqKioqKioqKioqKioqKioqKioqKioqKioqKioqKioqKioqKioqKioqKioqKioqKioqKioqKioqKioqKioqKioqKioqKioqLy9BdXRob3JlZCBieTogbGV0aW1vbWUgaW4gY29tbWl0OjVhMGU2ZGZiNDQ0ZmIxYzc2YmFkOGZjZDA5MDMxYmE1ZDJiNDQ5M2YsIHdpdGggbWVzc2FnZTphZGRlZCBjIGZpbGVzIGluIGFsZ29yaXRobQorICogRW5hYmxlL2Rpc2FibGUgaXRlbXMgb24gdGhlIG1lbnUgYmFzZWQgb24gY29udHJvbCBzdGF0ZS8vQXV0aG9yZWQgYnk6IGxldGltb21lIGluIGNvbW1pdDo1YTBlNmRmYjQ0NGZiMWM3NmJhZDhmY2QwOTAzMWJhNWQyYjQ0OTNmLCB3aXRoIG1lc3NhZ2U6YWRkZWQgYyBmaWxlcyBpbiBhbGdvcml0aG0KKyAqLy8vQXV0aG9yZWQgYnk6IGxldGltb21lIGluIGNvbW1pdDo1YTBlNmRmYjQ0NGZiMWM3NmJhZDhmY2QwOTAzMWJhNWQyYjQ0OTNmLCB3aXRoIG1lc3NhZ2U6YWRkZWQgYyBmaWxlcyBpbiBhbGdvcml0aG0KK3N0YXRpYyBWT0lEIE5PVEVQQURfSW5pdE1lbnVQb3B1cChITUVOVSBtZW51LCBMUEFSQU0gaW5kZXgpLy9BdXRob3JlZCBieTogbGV0aW1vbWUgaW4gY29tbWl0OjVhMGU2ZGZiNDQ0ZmIxYzc2YmFkOGZjZDA5MDMxYmE1ZDJiNDQ5M2YsIHdpdGggbWVzc2FnZTphZGRlZCBjIGZpbGVzIGluIGFsZ29yaXRobQorey8vQXV0aG9yZWQgYnk6IGxldGltb21lIGluIGNvbW1pdDo1YTBlNmRmYjQ0NGZiMWM3NmJhZDhmY2QwOTAzMWJhNWQyYjQ0OTNmLCB3aXRoIG1lc3NhZ2U6YWRkZWQgYyBmaWxlcyBpbiBhbGdvcml0aG0KKyAgICBpbnQgZW5hYmxlOy8vQXV0aG9yZWQgYnk6IGxldGltb21lIGluIGNvbW1pdDo1YTBlNmRmYjQ0NGZiMWM3NmJhZDhmY2QwOTAzMWJhNWQyYjQ0OTNmLCB3aXRoIG1lc3NhZ2U6YWRkZWQgYyBmaWxlcyBpbiBhbGdvcml0aG0KKy8vQXV0aG9yZWQgYnk6IGxldGltb21lIGluIGNvbW1pdDo1YTBlNmRmYjQ0NGZiMWM3NmJhZDhmY2QwOTAzMWJhNWQyYjQ0OTNmLCB3aXRoIG1lc3NhZ2U6YWRkZWQgYyBmaWxlcyBpbiBhbGdvcml0aG0KKyAgICBVTlJFRkVSRU5DRURfUEFSQU1FVEVSKGluZGV4KTsvL0F1dGhvcmVkIGJ5OiBsZXRpbW9tZSBpbiBjb21taXQ6NWEwZTZkZmI0NDRmYjFjNzZiYWQ4ZmNkMDkwMzFiYTVkMmI0NDkzZiwgd2l0aCBtZXNzYWdlOmFkZGVkIGMgZmlsZXMgaW4gYWxnb3JpdGhtCisvL0F1dGhvcmVkIGJ5OiBsZXRpbW9tZSBpbiBjb21taXQ6NWEwZTZkZmI0NDRmYjFjNzZiYWQ4ZmNkMDkwMzFiYTVkMmI0NDkzZiwgd2l0aCBtZXNzYWdlOmFkZGVkIGMgZmlsZXMgaW4gYWxnb3JpdGhtCisgICAgQ2hlY2tNZW51SXRlbShHZXRNZW51KEdsb2JhbHMuaE1haW5XbmQpLCBDTURfV1JBUCwvL0F1dGhvcmVkIGJ5OiBsZXRpbW9tZSBpbiBjb21taXQ6NWEwZTZkZmI0NDRmYjFjNzZiYWQ4ZmNkMDkwMzFiYTVkMmI0NDkzZiwgd2l0aCBtZXNzYWdlOmFkZGVkIGMgZmlsZXMgaW4gYWxnb3JpdGhtCisgICAgICAgIE1GX0JZQ09NTUFORCB8IChHbG9iYWxzLmJXcmFwTG9uZ0xpbmVzID8gTUZfQ0hFQ0tFRCA6IE1GX1VOQ0hFQ0tFRCkpOy8vQXV0aG9yZWQgYnk6IGxldGltb21lIGluIGNvbW1pdDo1YTBlNmRmYjQ0NGZiMWM3NmJhZDhmY2QwOTAzMWJhNWQyYjQ0OTNmLCB3aXRoIG1lc3NhZ2U6YWRkZWQgYyBmaWxlcyBpbiBhbGdvcml0aG0KKyAgICBpZiAoIUdsb2JhbHMuYldyYXBMb25nTGluZXMpLy9BdXRob3JlZCBieTogbGV0aW1vbWUgaW4gY29tbWl0OjVhMGU2ZGZiNDQ0ZmIxYzc2YmFkOGZjZDA5MDMxYmE1ZDJiNDQ5M2YsIHdpdGggbWVzc2FnZTphZGRlZCBjIGZpbGVzIGluIGFsZ29yaXRobQorICAgIHsvL0F1dGhvcmVkIGJ5OiBsZXRpbW9tZSBpbiBjb21taXQ6NWEwZTZkZmI0NDRmYjFjNzZiYWQ4ZmNkMDkwMzFiYTVkMmI0NDkzZiwgd2l0aCBtZXNzYWdlOmFkZGVkIGMgZmlsZXMgaW4gYWxnb3JpdGhtCisgICAgICAgIENoZWNrTWVudUl0ZW0oR2V0TWVudShHbG9iYWxzLmhNYWluV25kKSwgQ01EX1NUQVRVU0JBUiwvL0F1dGhvcmVkIGJ5OiBsZXRpbW9tZSBpbiBjb21taXQ6NWEwZTZkZmI0NDRmYjFjNzZiYWQ4ZmNkMDkwMzFiYTVkMmI0NDkzZiwgd2l0aCBtZXNzYWdlOmFkZGVkIGMgZmlsZXMgaW4gYWxnb3JpdGhtCisgICAgICAgICAgICBNRl9CWUNPTU1BTkQgfCAoR2xvYmFscy5iU2hvd1N0YXR1c0JhciA/IE1GX0NIRUNLRUQgOiBNRl9VTkNIRUNLRUQpKTsvL0F1dGhvcmVkIGJ5OiBsZXRpbW9tZSBpbiBjb21taXQ6NWEwZTZkZmI0NDRmYjFjNzZiYWQ4ZmNkMDkwMzFiYTVkMmI0NDkzZiwgd2l0aCBtZXNzYWdlOmFkZGVkIGMgZmlsZXMgaW4gYWxnb3JpdGhtCisgICAgfS8vQXV0aG9yZWQgYnk6IGxldGltb21lIGluIGNvbW1pdDo1YTBlNmRmYjQ0NGZiMWM3NmJhZDhmY2QwOTAzMWJhNWQyYjQ0OTNmLCB3aXRoIG1lc3NhZ2U6YWRkZWQgYyBmaWxlcyBpbiBhbGdvcml0aG0KKyAgICBFbmFibGVNZW51SXRlbShtZW51LCBDTURfVU5ETywvL0F1dGhvcmVkIGJ5OiBsZXRpbW9tZSBpbiBjb21taXQ6NWEwZTZkZmI0NDRmYjFjNzZiYWQ4ZmNkMDkwMzFiYTVkMmI0NDkzZiwgd2l0aCBtZXNzYWdlOmFkZGVkIGMgZmlsZXMgaW4gYWxnb3JpdGhtCisgICAgICAgIFNlbmRNZXNzYWdlKEdsb2JhbHMuaEVkaXQsIEVNX0NBTlVORE8sIDAsIDApID8gTUZfRU5BQkxFRCA6IE1GX0dSQVlFRCk7Ly9BdXRob3JlZCBieTogbGV0aW1vbWUgaW4gY29tbWl0OjVhMGU2ZGZiNDQ0ZmIxYzc2YmFkOGZjZDA5MDMxYmE1ZDJiNDQ5M2YsIHdpdGggbWVzc2FnZTphZGRlZCBjIGZpbGVzIGluIGFsZ29yaXRobQorICAgIEVuYWJsZU1lbnVJdGVtKG1lbnUsIENNRF9QQVNURSwvL0F1dGhvcmVkIGJ5OiBsZXRpbW9tZSBpbiBjb21taXQ6NWEwZTZkZmI0NDRmYjFjNzZiYWQ4ZmNkMDkwMzFiYTVkMmI0NDkzZiwgd2l0aCBtZXNzYWdlOmFkZGVkIGMgZmlsZXMgaW4gYWxnb3JpdGhtCisgICAgICAgIElzQ2xpcGJvYXJkRm9ybWF0QXZhaWxhYmxlKENGX1RFWFQpID8gTUZfRU5BQkxFRCA6IE1GX0dSQVlFRCk7Ly9BdXRob3JlZCBieTogbGV0aW1vbWUgaW4gY29tbWl0OjVhMGU2ZGZiNDQ0ZmIxYzc2YmFkOGZjZDA5MDMxYmE1ZDJiNDQ5M2YsIHdpdGggbWVzc2FnZTphZGRlZCBjIGZpbGVzIGluIGFsZ29yaXRobQorICAgIGVuYWJsZSA9IChpbnQpIFNlbmRNZXNzYWdlKEdsb2JhbHMuaEVkaXQsIEVNX0dFVFNFTCwgMCwgMCk7Ly9BdXRob3JlZCBieTogbGV0aW1vbWUgaW4gY29tbWl0OjVhMGU2ZGZiNDQ0ZmIxYzc2YmFkOGZjZDA5MDMxYmE1ZDJiNDQ5M2YsIHdpdGggbWVzc2FnZTphZGRlZCBjIGZpbGVzIGluIGFsZ29yaXRobQorICAgIGVuYWJsZSA9IChISVdPUkQoZW5hYmxlKSA9PSBMT1dPUkQoZW5hYmxlKSkgPyBNRl9HUkFZRUQgOiBNRl9FTkFCTEVEOy8vQXV0aG9yZWQgYnk6IGxldGltb21lIGluIGNvbW1pdDo1YTBlNmRmYjQ0NGZiMWM3NmJhZDhmY2QwOTAzMWJhNWQyYjQ0OTNmLCB3aXRoIG1lc3NhZ2U6YWRkZWQgYyBmaWxlcyBpbiBhbGdvcml0aG0KKyAgICBFbmFibGVNZW51SXRlbShtZW51LCBDTURfQ1VULCBlbmFibGUpOy8vQXV0aG9yZWQgYnk6IGxldGltb21lIGluIGNvbW1pdDo1YTBlNmRmYjQ0NGZiMWM3NmJhZDhmY2QwOTAzMWJhNWQyYjQ0OTNmLCB3aXRoIG1lc3NhZ2U6YWRkZWQgYyBmaWxlcyBpbiBhbGdvcml0aG0KKyAgICBFbmFibGVNZW51SXRlbShtZW51LCBDTURfQ09QWSwgZW5hYmxlKTsvL0F1dGhvcmVkIGJ5OiBsZXRpbW9tZSBpbiBjb21taXQ6NWEwZTZkZmI0NDRmYjFjNzZiYWQ4ZmNkMDkwMzFiYTVkMmI0NDkzZiwgd2l0aCBtZXNzYWdlOmFkZGVkIGMgZmlsZXMgaW4gYWxnb3JpdGhtCisgICAgRW5hYmxlTWVudUl0ZW0obWVudSwgQ01EX0RFTEVURSwgZW5hYmxlKTsvL0F1dGhvcmVkIGJ5OiBsZXRpbW9tZSBpbiBjb21taXQ6NWEwZTZkZmI0NDRmYjFjNzZiYWQ4ZmNkMDkwMzFiYTVkMmI0NDkzZiwgd2l0aCBtZXNzYWdlOmFkZGVkIGMgZmlsZXMgaW4gYWxnb3JpdGhtCisvL0F1dGhvcmVkIGJ5OiBsZXRpbW9tZSBpbiBjb21taXQ6NWEwZTZkZmI0NDRmYjFjNzZiYWQ4ZmNkMDkwMzFiYTVkMmI0NDkzZiwgd2l0aCBtZXNzYWdlOmFkZGVkIGMgZmlsZXMgaW4gYWxnb3JpdGhtCisgICAgRW5hYmxlTWVudUl0ZW0obWVudSwgQ01EX1NFTEVDVF9BTEwsLy9BdXRob3JlZCBieTogbGV0aW1vbWUgaW4gY29tbWl0OjVhMGU2ZGZiNDQ0ZmIxYzc2YmFkOGZjZDA5MDMxYmE1ZDJiNDQ5M2YsIHdpdGggbWVzc2FnZTphZGRlZCBjIGZpbGVzIGluIGFsZ29yaXRobQorICAgICAgICBHZXRXaW5kb3dUZXh0TGVuZ3RoKEdsb2JhbHMuaEVkaXQpID8gTUZfRU5BQkxFRCA6IE1GX0dSQVlFRCk7Ly9BdXRob3JlZCBieTogbGV0aW1vbWUgaW4gY29tbWl0OjVhMGU2ZGZiNDQ0ZmIxYzc2YmFkOGZjZDA5MDMxYmE1ZDJiNDQ5M2YsIHdpdGggbWVzc2FnZTphZGRlZCBjIGZpbGVzIGluIGFsZ29yaXRobQorICAgIERyYXdNZW51QmFyKEdsb2JhbHMuaE1haW5XbmQpOy8vQXV0aG9yZWQgYnk6IGxldGltb21lIGluIGNvbW1pdDo1YTBlNmRmYjQ0NGZiMWM3NmJhZDhmY2QwOTAzMWJhNWQyYjQ0OTNmLCB3aXRoIG1lc3NhZ2U6YWRkZWQgYyBmaWxlcyBpbiBhbGdvcml0aG0KK30vL0F1dGhvcmVkIGJ5OiBsZXRpbW9tZSBpbiBjb21taXQ6NWEwZTZkZmI0NDRmYjFjNzZiYWQ4ZmNkMDkwMzFiYTVkMmI0NDkzZiwgd2l0aCBtZXNzYWdlOmFkZGVkIGMgZmlsZXMgaW4gYWxnb3JpdGhtCisvL0F1dGhvcmVkIGJ5OiBsZXRpbW9tZSBpbiBjb21taXQ6NWEwZTZkZmI0NDRmYjFjNzZiYWQ4ZmNkMDkwMzFiYTVkMmI0NDkzZiwgd2l0aCBtZXNzYWdlOmFkZGVkIGMgZmlsZXMgaW4gYWxnb3JpdGhtCitMUkVTVUxUIENBTExCQUNLIEVESVRfV25kUHJvYyhIV05EIGhXbmQsIFVJTlQgbXNnLCBXUEFSQU0gd1BhcmFtLCBMUEFSQU0gbFBhcmFtKS8vQXV0aG9yZWQgYnk6IGxldGltb21lIGluIGNvbW1pdDo1YTBlNmRmYjQ0NGZiMWM3NmJhZDhmY2QwOTAzMWJhNWQyYjQ0OTNmLCB3aXRoIG1lc3NhZ2U6YWRkZWQgYyBmaWxlcyBpbiBhbGdvcml0aG0KK3sgLy9BdXRob3JlZCBieTogbGV0aW1vbWUgaW4gY29tbWl0OjVhMGU2ZGZiNDQ0ZmIxYzc2YmFkOGZjZDA5MDMxYmE1ZDJiNDQ5M2YsIHdpdGggbWVzc2FnZTphZGRlZCBjIGZpbGVzIGluIGFsZ29yaXRobQorICAgIHN3aXRjaCAobXNnKS8vQXV0aG9yZWQgYnk6IGxldGltb21lIGluIGNvbW1pdDo1YTBlNmRmYjQ0NGZiMWM3NmJhZDhmY2QwOTAzMWJhNWQyYjQ0OTNmLCB3aXRoIG1lc3NhZ2U6YWRkZWQgYyBmaWxlcyBpbiBhbGdvcml0aG0KKyAgICB7Ly9BdXRob3JlZCBieTogbGV0aW1vbWUgaW4gY29tbWl0OjVhMGU2ZGZiNDQ0ZmIxYzc2YmFkOGZjZDA5MDMxYmE1ZDJiNDQ5M2YsIHdpdGggbWVzc2FnZTphZGRlZCBjIGZpbGVzIGluIGFsZ29yaXRobQorICAgICAgICBjYXNlIFdNX0tFWURPV046Ly9BdXRob3JlZCBieTogbGV0aW1vbWUgaW4gY29tbWl0OjVhMGU2ZGZiNDQ0ZmIxYzc2YmFkOGZjZDA5MDMxYmE1ZDJiNDQ5M2YsIHdpdGggbWVzc2FnZTphZGRlZCBjIGZpbGVzIGluIGFsZ29yaXRobQorICAgICAgICBjYXNlIFdNX0tFWVVQOi8vQXV0aG9yZWQgYnk6IGxldGltb21lIGluIGNvbW1pdDo1YTBlNmRmYjQ0NGZiMWM3NmJhZDhmY2QwOTAzMWJhNWQyYjQ0OTNmLCB3aXRoIG1lc3NhZ2U6YWRkZWQgYyBmaWxlcyBpbiBhbGdvcml0aG0KKyAgICAgICAgey8vQXV0aG9yZWQgYnk6IGxldGltb21lIGluIGNvbW1pdDo1YTBlNmRmYjQ0NGZiMWM3NmJhZDhmY2QwOTAzMWJhNWQyYjQ0OTNmLCB3aXRoIG1lc3NhZ2U6YWRkZWQgYyBmaWxlcyBpbiBhbGdvcml0aG0KKyAgICAgICAgICAgIHN3aXRjaCAod1BhcmFtKS8vQXV0aG9yZWQgYnk6IGxldGltb21lIGluIGNvbW1pdDo1YTBlNmRmYjQ0NGZiMWM3NmJhZDhmY2QwOTAzMWJhNWQyYjQ0OTNmLCB3aXRoIG1lc3NhZ2U6YWRkZWQgYyBmaWxlcyBpbiBhbGdvcml0aG0KKyAgICAgICAgICAgIHsvL0F1dGhvcmVkIGJ5OiBsZXRpbW9tZSBpbiBjb21taXQ6NWEwZTZkZmI0NDRmYjFjNzZiYWQ4ZmNkMDkwMzFiYTVkMmI0NDkzZiwgd2l0aCBtZXNzYWdlOmFkZGVkIGMgZmlsZXMgaW4gYWxnb3JpdGhtCisgICAgICAgICAgICAgICAgY2FzZSBWS19VUDovL0F1dGhvcmVkIGJ5OiBsZXRpbW9tZSBpbiBjb21taXQ6NWEwZTZkZmI0NDRmYjFjNzZiYWQ4ZmNkMDkwMzFiYTVkMmI0NDkzZiwgd2l0aCBtZXNzYWdlOmFkZGVkIGMgZmlsZXMgaW4gYWxnb3JpdGhtCisgICAgICAgICAgICAgICAgY2FzZSBWS19ET1dOOi8vQXV0aG9yZWQgYnk6IGxldGltb21lIGluIGNvbW1pdDo1YTBlNmRmYjQ0NGZiMWM3NmJhZDhmY2QwOTAzMWJhNWQyYjQ0OTNmLCB3aXRoIG1lc3NhZ2U6YWRkZWQgYyBmaWxlcyBpbiBhbGdvcml0aG0KKyAgICAgICAgICAgICAgICBjYXNlIFZLX0xFRlQ6Ly9BdXRob3JlZCBieTogbGV0aW1vbWUgaW4gY29tbWl0OjVhMGU2ZGZiNDQ0ZmIxYzc2YmFkOGZjZDA5MDMxYmE1ZDJiNDQ5M2YsIHdpdGggbWVzc2FnZTphZGRlZCBjIGZpbGVzIGluIGFsZ29yaXRobQorICAgICAgICAgICAgICAgIGNhc2UgVktfUklHSFQ6Ly9BdXRob3JlZCBieTogbGV0aW1vbWUgaW4gY29tbWl0OjVhMGU2ZGZiNDQ0ZmIxYzc2YmFkOGZjZDA5MDMxYmE1ZDJiNDQ5M2YsIHdpdGggbWVzc2FnZTphZGRlZCBjIGZpbGVzIGluIGFsZ29yaXRobQorICAgICAgICAgICAgICAgICAgICBESUFMT0dfU3RhdHVzQmFyVXBkYXRlQ2FyZXRQb3MoKTsvL0F1dGhvcmVkIGJ5OiBsZXRpbW9tZSBpbiBjb21taXQ6NWEwZTZkZmI0NDRmYjFjNzZiYWQ4ZmNkMDkwMzFiYTVkMmI0NDkzZiwgd2l0aCBtZXNzYWdlOmFkZGVkIGMgZmlsZXMgaW4gYWxnb3JpdGhtCisgICAgICAgICAgICAgICAgICAgIGJyZWFrOy8vQXV0aG9yZWQgYnk6IGxldGltb21lIGluIGNvbW1pdDo1YTBlNmRmYjQ0NGZiMWM3NmJhZDhmY2QwOTAzMWJhNWQyYjQ0OTNmLCB3aXRoIG1lc3NhZ2U6YWRkZWQgYyBmaWxlcyBpbiBhbGdvcml0aG0KKyAgICAgICAgICAgICAgICBkZWZhdWx0Oi8vQXV0aG9yZWQgYnk6IGxldGltb21lIGluIGNvbW1pdDo1YTBlNmRmYjQ0NGZiMWM3NmJhZDhmY2QwOTAzMWJhNWQyYjQ0OTNmLCB3aXRoIG1lc3NhZ2U6YWRkZWQgYyBmaWxlcyBpbiBhbGdvcml0aG0KKyAgICAgICAgICAgICAgICB7Ly9BdXRob3JlZCBieTogbGV0aW1vbWUgaW4gY29tbWl0OjVhMGU2ZGZiNDQ0ZmIxYzc2YmFkOGZjZDA5MDMxYmE1ZDJiNDQ5M2YsIHdpdGggbWVzc2FnZTphZGRlZCBjIGZpbGVzIGluIGFsZ29yaXRobQorICAgICAgICAgICAgICAgICAgICBVcGRhdGVXaW5kb3dDYXB0aW9uKEZBTFNFKTsvL0F1dGhvcmVkIGJ5OiBsZXRpbW9tZSBpbiBjb21taXQ6NWEwZTZkZmI0NDRmYjFjNzZiYWQ4ZmNkMDkwMzFiYTVkMmI0NDkzZiwgd2l0aCBtZXNzYWdlOmFkZGVkIGMgZmlsZXMgaW4gYWxnb3JpdGhtCisgICAgICAgICAgICAgICAgICAgIGJyZWFrOy8vQXV0aG9yZWQgYnk6IGxldGltb21lIGluIGNvbW1pdDo1YTBlNmRmYjQ0NGZiMWM3NmJhZDhmY2QwOTAzMWJhNWQyYjQ0OTNmLCB3aXRoIG1lc3NhZ2U6YWRkZWQgYyBmaWxlcyBpbiBhbGdvcml0aG0KKyAgICAgICAgICAgICAgICB9Ly9BdXRob3JlZCBieTogbGV0aW1vbWUgaW4gY29tbWl0OjVhMGU2ZGZiNDQ0ZmIxYzc2YmFkOGZjZDA5MDMxYmE1ZDJiNDQ5M2YsIHdpdGggbWVzc2FnZTphZGRlZCBjIGZpbGVzIGluIGFsZ29yaXRobQorICAgICAgICAgICAgfS8vQXV0aG9yZWQgYnk6IGxldGltb21lIGluIGNvbW1pdDo1YTBlNmRmYjQ0NGZiMWM3NmJhZDhmY2QwOTAzMWJhNWQyYjQ0OTNmLCB3aXRoIG1lc3NhZ2U6YWRkZWQgYyBmaWxlcyBpbiBhbGdvcml0aG0KKyAgICAgICAgfS8vQXV0aG9yZWQgYnk6IGxldGltb21lIGluIGNvbW1pdDo1YTBlNmRmYjQ0NGZiMWM3NmJhZDhmY2QwOTAzMWJhNWQyYjQ0OTNmLCB3aXRoIG1lc3NhZ2U6YWRkZWQgYyBmaWxlcyBpbiBhbGdvcml0aG0KKyAgICAgICAgY2FzZSBXTV9MQlVUVE9OVVA6Ly9BdXRob3JlZCBieTogbGV0aW1vbWUgaW4gY29tbWl0OjVhMGU2ZGZiNDQ0ZmIxYzc2YmFkOGZjZDA5MDMxYmE1ZDJiNDQ5M2YsIHdpdGggbWVzc2FnZTphZGRlZCBjIGZpbGVzIGluIGFsZ29yaXRobQorICAgICAgICB7Ly9BdXRob3JlZCBieTogbGV0aW1vbWUgaW4gY29tbWl0OjVhMGU2ZGZiNDQ0ZmIxYzc2YmFkOGZjZDA5MDMxYmE1ZDJiNDQ5M2YsIHdpdGggbWVzc2FnZTphZGRlZCBjIGZpbGVzIGluIGFsZ29yaXRobQorICAgICAgICAgICAgRElBTE9HX1N0YXR1c0JhclVwZGF0ZUNhcmV0UG9zKCk7Ly9BdXRob3JlZCBieTogbGV0aW1vbWUgaW4gY29tbWl0OjVhMGU2ZGZiNDQ0ZmIxYzc2YmFkOGZjZDA5MDMxYmE1ZDJiNDQ5M2YsIHdpdGggbWVzc2FnZTphZGRlZCBjIGZpbGVzIGluIGFsZ29yaXRobQorICAgICAgICAgICAgYnJlYWs7Ly9BdXRob3JlZCBieTogbGV0aW1vbWUgaW4gY29tbWl0OjVhMGU2ZGZiNDQ0ZmIxYzc2YmFkOGZjZDA5MDMxYmE1ZDJiNDQ5M2YsIHdpdGggbWVzc2FnZTphZGRlZCBjIGZpbGVzIGluIGFsZ29yaXRobQorICAgICAgICB9Ly9BdXRob3JlZCBieTogbGV0aW1vbWUgaW4gY29tbWl0OjVhMGU2ZGZiNDQ0ZmIxYzc2YmFkOGZjZDA5MDMxYmE1ZDJiNDQ5M2YsIHdpdGggbWVzc2FnZTphZGRlZCBjIGZpbGVzIGluIGFsZ29yaXRobQorICAgIH0vL0F1dGhvcmVkIGJ5OiBsZXRpbW9tZSBpbiBjb21taXQ6NWEwZTZkZmI0NDRmYjFjNzZiYWQ4ZmNkMDkwMzFiYTVkMmI0NDkzZiwgd2l0aCBtZXNzYWdlOmFkZGVkIGMgZmlsZXMgaW4gYWxnb3JpdGhtCisgICAgcmV0dXJuIENhbGxXaW5kb3dQcm9jKCBHbG9iYWxzLkVkaXRQcm9jLCBoV25kLCBtc2csIHdQYXJhbSwgbFBhcmFtKTsvL0F1dGhvcmVkIGJ5OiBsZXRpbW9tZSBpbiBjb21taXQ6NWEwZTZkZmI0NDRmYjFjNzZiYWQ4ZmNkMDkwMzFiYTVkMmI0NDkzZiwgd2l0aCBtZXNzYWdlOmFkZGVkIGMgZmlsZXMgaW4gYWxnb3JpdGhtCit9Ly9BdXRob3JlZCBieTogbGV0aW1vbWUgaW4gY29tbWl0OjVhMGU2ZGZiNDQ0ZmIxYzc2YmFkOGZjZDA5MDMxYmE1ZDJiNDQ5M2YsIHdpdGggbWVzc2FnZTphZGRlZCBjIGZpbGVzIGluIGFsZ29yaXRobQorLy9BdXRob3JlZCBieTogbGV0aW1vbWUgaW4gY29tbWl0OjVhMGU2ZGZiNDQ0ZmIxYzc2YmFkOGZjZDA5MDMxYmE1ZDJiNDQ5M2YsIHdpdGggbWVzc2FnZTphZGRlZCBjIGZpbGVzIGluIGFsZ29yaXRobQorLyoqKioqKioqKioqKioqKioqKioqKioqKioqKioqKioqKioqKioqKioqKioqKioqKioqKioqKioqKioqKioqKioqKioqKioqLy9BdXRob3JlZCBieTogbGV0aW1vbWUgaW4gY29tbWl0OjVhMGU2ZGZiNDQ0ZmIxYzc2YmFkOGZjZDA5MDMxYmE1ZDJiNDQ5M2YsIHdpdGggbWVzc2FnZTphZGRlZCBjIGZpbGVzIGluIGFsZ29yaXRobQorICovL0F1dGhvcmVkIGJ5OiBsZXRpbW9tZSBpbiBjb21taXQ6NWEwZTZkZmI0NDRmYjFjNzZiYWQ4ZmNkMDkwMzFiYTVkMmI0NDkzZiwgd2l0aCBtZXNzYWdlOmFkZGVkIGMgZmlsZXMgaW4gYWxnb3JpdGhtCisgKiAgICAgICAgICAgTk9URVBBRF9XbmRQcm9jLy9BdXRob3JlZCBieTogbGV0aW1vbWUgaW4gY29tbWl0OjVhMGU2ZGZiNDQ0ZmIxYzc2YmFkOGZjZDA5MDMxYmE1ZDJiNDQ5M2YsIHdpdGggbWVzc2FnZTphZGRlZCBjIGZpbGVzIGluIGFsZ29yaXRobQorICovLy9BdXRob3JlZCBieTogbGV0aW1vbWUgaW4gY29tbWl0OjVhMGU2ZGZiNDQ0ZmIxYzc2YmFkOGZjZDA5MDMxYmE1ZDJiNDQ5M2YsIHdpdGggbWVzc2FnZTphZGRlZCBjIGZpbGVzIGluIGFsZ29yaXRobQorc3RhdGljIExSRVNVTFQvL0F1dGhvcmVkIGJ5OiBsZXRpbW9tZSBpbiBjb21taXQ6NWEwZTZkZmI0NDRmYjFjNzZiYWQ4ZmNkMDkwMzFiYTVkMmI0NDkzZiwgd2l0aCBtZXNzYWdlOmFkZGVkIGMgZmlsZXMgaW4gYWxnb3JpdGhtCitXSU5BUEkvL0F1dGhvcmVkIGJ5OiBsZXRpbW9tZSBpbiBjb21taXQ6NWEwZTZkZmI0NDRmYjFjNzZiYWQ4ZmNkMDkwMzFiYTVkMmI0NDkzZiwgd2l0aCBtZXNzYWdlOmFkZGVkIGMgZmlsZXMgaW4gYWxnb3JpdGhtCitOT1RFUEFEX1duZFByb2MoSFdORCBoV25kLCBVSU5UIG1zZywgV1BBUkFNIHdQYXJhbSwgTFBBUkFNIGxQYXJhbSkvL0F1dGhvcmVkIGJ5OiBsZXRpbW9tZSBpbiBjb21taXQ6NWEwZTZkZmI0NDRmYjFjNzZiYWQ4ZmNkMDkwMzFiYTVkMmI0NDkzZiwgd2l0aCBtZXNzYWdlOmFkZGVkIGMgZmlsZXMgaW4gYWxnb3JpdGhtCit7Ly9BdXRob3JlZCBieTogbGV0aW1vbWUgaW4gY29tbWl0OjVhMGU2ZGZiNDQ0ZmIxYzc2YmFkOGZjZDA5MDMxYmE1ZDJiNDQ5M2YsIHdpdGggbWVzc2FnZTphZGRlZCBjIGZpbGVzIGluIGFsZ29yaXRobQorICAgIHN3aXRjaCAobXNnKS8vQXV0aG9yZWQgYnk6IGxldGltb21lIGluIGNvbW1pdDo1YTBlNmRmYjQ0NGZiMWM3NmJhZDhmY2QwOTAzMWJhNWQyYjQ0OTNmLCB3aXRoIG1lc3NhZ2U6YWRkZWQgYyBmaWxlcyBpbiBhbGdvcml0aG0KKyAgICB7Ly9BdXRob3JlZCBieTogbGV0aW1vbWUgaW4gY29tbWl0OjVhMGU2ZGZiNDQ0ZmIxYzc2YmFkOGZjZDA5MDMxYmE1ZDJiNDQ5M2YsIHdpdGggbWVzc2FnZTphZGRlZCBjIGZpbGVzIGluIGFsZ29yaXRobQorLy9BdXRob3JlZCBieTogbGV0aW1vbWUgaW4gY29tbWl0OjVhMGU2ZGZiNDQ0ZmIxYzc2YmFkOGZjZDA5MDMxYmE1ZDJiNDQ5M2YsIHdpdGggbWVzc2FnZTphZGRlZCBjIGZpbGVzIGluIGFsZ29yaXRobQorICAgIGNhc2UgV01fQ1JFQVRFOi8vQXV0aG9yZWQgYnk6IGxldGltb21lIGluIGNvbW1pdDo1YTBlNmRmYjQ0NGZiMWM3NmJhZDhmY2QwOTAzMWJhNWQyYjQ0OTNmLCB3aXRoIG1lc3NhZ2U6YWRkZWQgYyBmaWxlcyBpbiBhbGdvcml0aG0KKyAgICAgICAgR2xvYmFscy5oTWVudSA9IEdldE1lbnUoaFduZCk7Ly9BdXRob3JlZCBieTogbGV0aW1vbWUgaW4gY29tbWl0OjVhMGU2ZGZiNDQ0ZmIxYzc2YmFkOGZjZDA5MDMxYmE1ZDJiNDQ5M2YsIHdpdGggbWVzc2FnZTphZGRlZCBjIGZpbGVzIGluIGFsZ29yaXRobQorICAgICAgICBicmVhazsvL0F1dGhvcmVkIGJ5OiBsZXRpbW9tZSBpbiBjb21taXQ6NWEwZTZkZmI0NDRmYjFjNzZiYWQ4ZmNkMDkwMzFiYTVkMmI0NDkzZiwgd2l0aCBtZXNzYWdlOmFkZGVkIGMgZmlsZXMgaW4gYWxnb3JpdGhtCisvL0F1dGhvcmVkIGJ5OiBsZXRpbW9tZSBpbiBjb21taXQ6NWEwZTZkZmI0NDRmYjFjNzZiYWQ4ZmNkMDkwMzFiYTVkMmI0NDkzZiwgd2l0aCBtZXNzYWdlOmFkZGVkIGMgZmlsZXMgaW4gYWxnb3JpdGhtCisgICAgY2FzZSBXTV9DT01NQU5EOi8vQXV0aG9yZWQgYnk6IGxldGltb21lIGluIGNvbW1pdDo1YTBlNmRmYjQ0NGZiMWM3NmJhZDhmY2QwOTAzMWJhNWQyYjQ0OTNmLCB3aXRoIG1lc3NhZ2U6YWRkZWQgYyBmaWxlcyBpbiBhbGdvcml0aG0KKyAgICAgICAgaWYgKEhJV09SRCh3UGFyYW0pID09IEVOX0NIQU5HRSB8fCBISVdPUkQod1BhcmFtKSA9PSBFTl9IU0NST0xMIHx8IEhJV09SRCh3UGFyYW0pID09IEVOX1ZTQ1JPTEwpLy9BdXRob3JlZCBieTogbGV0aW1vbWUgaW4gY29tbWl0OjVhMGU2ZGZiNDQ0ZmIxYzc2YmFkOGZjZDA5MDMxYmE1ZDJiNDQ5M2YsIHdpdGggbWVzc2FnZTphZGRlZCBjIGZpbGVzIGluIGFsZ29yaXRobQorICAgICAgICAgICAgRElBTE9HX1N0YXR1c0JhclVwZGF0ZUNhcmV0UG9zKCk7Ly9BdXRob3JlZCBieTogbGV0aW1vbWUgaW4gY29tbWl0OjVhMGU2ZGZiNDQ0ZmIxYzc2YmFkOGZjZDA5MDMxYmE1ZDJiNDQ5M2YsIHdpdGggbWVzc2FnZTphZGRlZCBjIGZpbGVzIGluIGFsZ29yaXRobQorICAgICAgICBpZiAoKEhJV09SRCh3UGFyYW0pID09IEVOX0NIQU5HRSkpLy9BdXRob3JlZCBieTogbGV0aW1vbWUgaW4gY29tbWl0OjVhMGU2ZGZiNDQ0ZmIxYzc2YmFkOGZjZDA5MDMxYmE1ZDJiNDQ5M2YsIHdpdGggbWVzc2FnZTphZGRlZCBjIGZpbGVzIGluIGFsZ29yaXRobQorICAgICAgICAgICAgTk9URVBBRF9FbmFibGVTZWFyY2hNZW51KCk7Ly9BdXRob3JlZCBieTogbGV0aW1vbWUgaW4gY29tbWl0OjVhMGU2ZGZiNDQ0ZmIxYzc2YmFkOGZjZDA5MDMxYmE1ZDJiNDQ5M2YsIHdpdGggbWVzc2FnZTphZGRlZCBjIGZpbGVzIGluIGFsZ29yaXRobQorICAgICAgICBOT1RFUEFEX01lbnVDb21tYW5kKExPV09SRCh3UGFyYW0pKTsvL0F1dGhvcmVkIGJ5OiBsZXRpbW9tZSBpbiBjb21taXQ6NWEwZTZkZmI0NDRmYjFjNzZiYWQ4ZmNkMDkwMzFiYTVkMmI0NDkzZiwgd2l0aCBtZXNzYWdlOmFkZGVkIGMgZmlsZXMgaW4gYWxnb3JpdGhtCisgICAgICAgIGJyZWFrOy8vQXV0aG9yZWQgYnk6IGxldGltb21lIGluIGNvbW1pdDo1YTBlNmRmYjQ0NGZiMWM3NmJhZDhmY2QwOTAzMWJhNWQyYjQ0OTNmLCB3aXRoIG1lc3NhZ2U6YWRkZWQgYyBmaWxlcyBpbiBhbGdvcml0aG0KKy8vQXV0aG9yZWQgYnk6IGxldGltb21lIGluIGNvbW1pdDo1YTBlNmRmYjQ0NGZiMWM3NmJhZDhmY2QwOTAzMWJhNWQyYjQ0OTNmLCB3aXRoIG1lc3NhZ2U6YWRkZWQgYyBmaWxlcyBpbiBhbGdvcml0aG0KKyAgICBjYXNlIFdNX0RFU1RST1lDTElQQk9BUkQ6Ly9BdXRob3JlZCBieTogbGV0aW1vbWUgaW4gY29tbWl0OjVhMGU2ZGZiNDQ0ZmIxYzc2YmFkOGZjZDA5MDMxYmE1ZDJiNDQ5M2YsIHdpdGggbWVzc2FnZTphZGRlZCBjIGZpbGVzIGluIGFsZ29yaXRobQorICAgICAgICAvKk1lc3NhZ2VCb3goR2xvYmFscy5oTWFpblduZCwgIkVtcHR5IGNsaXBib2FyZCIsICJEZWJ1ZyIsIE1CX0lDT05FWENMQU1BVElPTik7Ki8vL0F1dGhvcmVkIGJ5OiBsZXRpbW9tZSBpbiBjb21taXQ6NWEwZTZkZmI0NDRmYjFjNzZiYWQ4ZmNkMDkwMzFiYTVkMmI0NDkzZiwgd2l0aCBtZXNzYWdlOmFkZGVkIGMgZmlsZXMgaW4gYWxnb3JpdGhtCisgICAgICAgIGJyZWFrOy8vQXV0aG9yZWQgYnk6IGxldGltb21lIGluIGNvbW1pdDo1YTBlNmRmYjQ0NGZiMWM3NmJhZDhmY2QwOTAzMWJhNWQyYjQ0OTNmLCB3aXRoIG1lc3NhZ2U6YWRkZWQgYyBmaWxlcyBpbiBhbGdvcml0aG0KKy8vQXV0aG9yZWQgYnk6IGxldGltb21lIGluIGNvbW1pdDo1YTBlNmRmYjQ0NGZiMWM3NmJhZDhmY2QwOTAzMWJhNWQyYjQ0OTNmLCB3aXRoIG1lc3NhZ2U6YWRkZWQgYyBmaWxlcyBpbiBhbGdvcml0aG0KKyAgICBjYXNlIFdNX0NMT1NFOi8vQXV0aG9yZWQgYnk6IGxldGltb21lIGluIGNvbW1pdDo1YTBlNmRmYjQ0NGZiMWM3NmJhZDhmY2QwOTAzMWJhNWQyYjQ0OTNmLCB3aXRoIG1lc3NhZ2U6YWRkZWQgYyBmaWxlcyBpbiBhbGdvcml0aG0KKyAgICAgICAgaWYgKERvQ2xvc2VGaWxlKCkpIHsvL0F1dGhvcmVkIGJ5OiBsZXRpbW9tZSBpbiBjb21taXQ6NWEwZTZkZmI0NDRmYjFjNzZiYWQ4ZmNkMDkwMzFiYTVkMmI0NDkzZiwgd2l0aCBtZXNzYWdlOmFkZGVkIGMgZmlsZXMgaW4gYWxnb3JpdGhtCisgICAgICAgICAgICBpZiAoR2xvYmFscy5oRm9udCkvL0F1dGhvcmVkIGJ5OiBsZXRpbW9tZSBpbiBjb21taXQ6NWEwZTZkZmI0NDRmYjFjNzZiYWQ4ZmNkMDkwMzFiYTVkMmI0NDkzZiwgd2l0aCBtZXNzYWdlOmFkZGVkIGMgZmlsZXMgaW4gYWxnb3JpdGhtCisgICAgICAgICAgICAgICAgRGVsZXRlT2JqZWN0KEdsb2JhbHMuaEZvbnQpOy8vQXV0aG9yZWQgYnk6IGxldGltb21lIGluIGNvbW1pdDo1YTBlNmRmYjQ0NGZiMWM3NmJhZDhmY2QwOTAzMWJhNWQyYjQ0OTNmLCB3aXRoIG1lc3NhZ2U6YWRkZWQgYyBmaWxlcyBpbiBhbGdvcml0aG0KKyAgICAgICAgICAgIGlmIChHbG9iYWxzLmhEZXZNb2RlKS8vQXV0aG9yZWQgYnk6IGxldGltb21lIGluIGNvbW1pdDo1YTBlNmRmYjQ0NGZiMWM3NmJhZDhmY2QwOTAzMWJhNWQyYjQ0OTNmLCB3aXRoIG1lc3NhZ2U6YWRkZWQgYyBmaWxlcyBpbiBhbGdvcml0aG0KKyAgICAgICAgICAgICAgICBHbG9iYWxGcmVlKEdsb2JhbHMuaERldk1vZGUpOy8vQXV0aG9yZWQgYnk6IGxldGltb21lIGluIGNvbW1pdDo1YTBlNmRmYjQ0NGZiMWM3NmJhZDhmY2QwOTAzMWJhNWQyYjQ0OTNmLCB3aXRoIG1lc3NhZ2U6YWRkZWQgYyBmaWxlcyBpbiBhbGdvcml0aG0KKyAgICAgICAgICAgIGlmIChHbG9iYWxzLmhEZXZOYW1lcykvL0F1dGhvcmVkIGJ5OiBsZXRpbW9tZSBpbiBjb21taXQ6NWEwZTZkZmI0NDRmYjFjNzZiYWQ4ZmNkMDkwMzFiYTVkMmI0NDkzZiwgd2l0aCBtZXNzYWdlOmFkZGVkIGMgZmlsZXMgaW4gYWxnb3JpdGhtCisgICAgICAgICAgICAgICAgR2xvYmFsRnJlZShHbG9iYWxzLmhEZXZOYW1lcyk7Ly9BdXRob3JlZCBieTogbGV0aW1vbWUgaW4gY29tbWl0OjVhMGU2ZGZiNDQ0ZmIxYzc2YmFkOGZjZDA5MDMxYmE1ZDJiNDQ5M2YsIHdpdGggbWVzc2FnZTphZGRlZCBjIGZpbGVzIGluIGFsZ29yaXRobQorICAgICAgICAgICAgRGVzdHJveVdpbmRvdyhoV25kKTsvL0F1dGhvcmVkIGJ5OiBsZXRpbW9tZSBpbiBjb21taXQ6NWEwZTZkZmI0NDRmYjFjNzZiYWQ4ZmNkMDkwMzFiYTVkMmI0NDkzZiwgd2l0aCBtZXNzYWdlOmFkZGVkIGMgZmlsZXMgaW4gYWxnb3JpdGhtCisgICAgICAgIH0vL0F1dGhvcmVkIGJ5OiBsZXRpbW9tZSBpbiBjb21taXQ6NWEwZTZkZmI0NDRmYjFjNzZiYWQ4ZmNkMDkwMzFiYTVkMmI0NDkzZiwgd2l0aCBtZXNzYWdlOmFkZGVkIGMgZmlsZXMgaW4gYWxnb3JpdGhtCisgICAgICAgIGJyZWFrOy8vQXV0aG9yZWQgYnk6IGxldGltb21lIGluIGNvbW1pdDo1YTBlNmRmYjQ0NGZiMWM3NmJhZDhmY2QwOTAzMWJhNWQyYjQ0OTNmLCB3aXRoIG1lc3NhZ2U6YWRkZWQgYyBmaWxlcyBpbiBhbGdvcml0aG0KKy8vQXV0aG9yZWQgYnk6IGxldGltb21lIGluIGNvbW1pdDo1YTBlNmRmYjQ0NGZiMWM3NmJhZDhmY2QwOTAzMWJhNWQyYjQ0OTNmLCB3aXRoIG1lc3NhZ2U6YWRkZWQgYyBmaWxlcyBpbiBhbGdvcml0aG0KKyAgICBjYXNlIFdNX1FVRVJZRU5EU0VTU0lPTjovL0F1dGhvcmVkIGJ5OiBsZXRpbW9tZSBpbiBjb21taXQ6NWEwZTZkZmI0NDRmYjFjNzZiYWQ4ZmNkMDkwMzFiYTVkMmI0NDkzZiwgd2l0aCBtZXNzYWdlOmFkZGVkIGMgZmlsZXMgaW4gYWxnb3JpdGhtCisgICAgICAgIGlmIChEb0Nsb3NlRmlsZSgpKSB7Ly9BdXRob3JlZCBieTogbGV0aW1vbWUgaW4gY29tbWl0OjVhMGU2ZGZiNDQ0ZmIxYzc2YmFkOGZjZDA5MDMxYmE1ZDJiNDQ5M2YsIHdpdGggbWVzc2FnZTphZGRlZCBjIGZpbGVzIGluIGFsZ29yaXRobQorICAgICAgICAgICAgcmV0dXJuIDE7Ly9BdXRob3JlZCBieTogbGV0aW1vbWUgaW4gY29tbWl0OjVhMGU2ZGZiNDQ0ZmIxYzc2YmFkOGZjZDA5MDMxYmE1ZDJiNDQ5M2YsIHdpdGggbWVzc2FnZTphZGRlZCBjIGZpbGVzIGluIGFsZ29yaXRobQorICAgICAgICB9Ly9BdXRob3JlZCBieTogbGV0aW1vbWUgaW4gY29tbWl0OjVhMGU2ZGZiNDQ0ZmIxYzc2YmFkOGZjZDA5MDMxYmE1ZDJiNDQ5M2YsIHdpdGggbWVzc2FnZTphZGRlZCBjIGZpbGVzIGluIGFsZ29yaXRobQorICAgICAgICBicmVhazsvL0F1dGhvcmVkIGJ5OiBsZXRpbW9tZSBpbiBjb21taXQ6NWEwZTZkZmI0NDRmYjFjNzZiYWQ4ZmNkMDkwMzFiYTVkMmI0NDkzZiwgd2l0aCBtZXNzYWdlOmFkZGVkIGMgZmlsZXMgaW4gYWxnb3JpdGhtCisvL0F1dGhvcmVkIGJ5OiBsZXRpbW9tZSBpbiBjb21taXQ6NWEwZTZkZmI0NDRmYjFjNzZiYWQ4ZmNkMDkwMzFiYTVkMmI0NDkzZiwgd2l0aCBtZXNzYWdlOmFkZGVkIGMgZmlsZXMgaW4gYWxnb3JpdGhtCisgICAgY2FzZSBXTV9ERVNUUk9ZOi8vQXV0aG9yZWQgYnk6IGxldGltb21lIGluIGNvbW1pdDo1YTBlNmRmYjQ0NGZiMWM3NmJhZDhmY2QwOTAzMWJhNWQyYjQ0OTNmLCB3aXRoIG1lc3NhZ2U6YWRkZWQgYyBmaWxlcyBpbiBhbGdvcml0aG0KKyAgICAgICAgU2V0V2luZG93TG9uZ1B0cihHbG9iYWxzLmhFZGl0LCBHV0xQX1dORFBST0MsIChMT05HX1BUUilHbG9iYWxzLkVkaXRQcm9jKTsvL0F1dGhvcmVkIGJ5OiBsZXRpbW9tZSBpbiBjb21taXQ6NWEwZTZkZmI0NDRmYjFjNzZiYWQ4ZmNkMDkwMzFiYTVkMmI0NDkzZiwgd2l0aCBtZXNzYWdlOmFkZGVkIGMgZmlsZXMgaW4gYWxnb3JpdGhtCisgICAgICAgIE5PVEVQQURfU2F2ZVNldHRpbmdzVG9SZWdpc3RyeSgpOy8vQXV0aG9yZWQgYnk6IGxldGltb21lIGluIGNvbW1pdDo1YTBlNmRmYjQ0NGZiMWM3NmJhZDhmY2QwOTAzMWJhNWQyYjQ0OTNmLCB3aXRoIG1lc3NhZ2U6YWRkZWQgYyBmaWxlcyBpbiBhbGdvcml0aG0KKyAgICAgICAgUG9zdFF1aXRNZXNzYWdlKDApOy8vQXV0aG9yZWQgYnk6IGxldGltb21lIGluIGNvbW1pdDo1YTBlNmRmYjQ0NGZiMWM3NmJhZDhmY2QwOTAzMWJhNWQyYjQ0OTNmLCB3aXRoIG1lc3NhZ2U6YWRkZWQgYyBmaWxlcyBpbiBhbGdvcml0aG0KKyAgICAgICAgYnJlYWs7Ly9BdXRob3JlZCBieTogbGV0aW1vbWUgaW4gY29tbWl0OjVhMGU2ZGZiNDQ0ZmIxYzc2YmFkOGZjZDA5MDMxYmE1ZDJiNDQ5M2YsIHdpdGggbWVzc2FnZTphZGRlZCBjIGZpbGVzIGluIGFsZ29yaXRobQorLy9BdXRob3JlZCBieTogbGV0aW1vbWUgaW4gY29tbWl0OjVhMGU2ZGZiNDQ0ZmIxYzc2YmFkOGZjZDA5MDMxYmE1ZDJiNDQ5M2YsIHdpdGggbWVzc2FnZTphZGRlZCBjIGZpbGVzIGluIGFsZ29yaXRobQorICAgIGNhc2UgV01fU0laRTovL0F1dGhvcmVkIGJ5OiBsZXRpbW9tZSBpbiBjb21taXQ6NWEwZTZkZmI0NDRmYjFjNzZiYWQ4ZmNkMDkwMzFiYTVkMmI0NDkzZiwgd2l0aCBtZXNzYWdlOmFkZGVkIGMgZmlsZXMgaW4gYWxnb3JpdGhtCisgICAgey8vQXV0aG9yZWQgYnk6IGxldGltb21lIGluIGNvbW1pdDo1YTBlNmRmYjQ0NGZiMWM3NmJhZDhmY2QwOTAzMWJhNWQyYjQ0OTNmLCB3aXRoIG1lc3NhZ2U6YWRkZWQgYyBmaWxlcyBpbiBhbGdvcml0aG0KKyAgICAgICAgaWYgKChHbG9iYWxzLmJTaG93U3RhdHVzQmFyICE9IEZBTFNFKSAmJiAoR2xvYmFscy5iV3JhcExvbmdMaW5lcyA9PSBGQUxTRSkpLy9BdXRob3JlZCBieTogbGV0aW1vbWUgaW4gY29tbWl0OjVhMGU2ZGZiNDQ0ZmIxYzc2YmFkOGZjZDA5MDMxYmE1ZDJiNDQ5M2YsIHdpdGggbWVzc2FnZTphZGRlZCBjIGZpbGVzIGluIGFsZ29yaXRobQorICAgICAgICB7Ly9BdXRob3JlZCBieTogbGV0aW1vbWUgaW4gY29tbWl0OjVhMGU2ZGZiNDQ0ZmIxYzc2YmFkOGZjZDA5MDMxYmE1ZDJiNDQ5M2YsIHdpdGggbWVzc2FnZTphZGRlZCBjIGZpbGVzIGluIGFsZ29yaXRobQorICAgICAgICAgICAgUkVDVCByY1N0YXR1c0JhcjsvL0F1dGhvcmVkIGJ5OiBsZXRpbW9tZSBpbiBjb21taXQ6NWEwZTZkZmI0NDRmYjFjNzZiYWQ4ZmNkMDkwMzFiYTVkMmI0NDkzZiwgd2l0aCBtZXNzYWdlOmFkZGVkIGMgZmlsZXMgaW4gYWxnb3JpdGhtCisgICAgICAgICAgICBIRFdQIGhkd3A7Ly9BdXRob3JlZCBieTogbGV0aW1vbWUgaW4gY29tbWl0OjVhMGU2ZGZiNDQ0ZmIxYzc2YmFkOGZjZDA5MDMxYmE1ZDJiNDQ5M2YsIHdpdGggbWVzc2FnZTphZGRlZCBjIGZpbGVzIGluIGFsZ29yaXRobQorLy9BdXRob3JlZCBieTogbGV0aW1vbWUgaW4gY29tbWl0OjVhMGU2ZGZiNDQ0ZmIxYzc2YmFkOGZjZDA5MDMxYmE1ZDJiNDQ5M2YsIHdpdGggbWVzc2FnZTphZGRlZCBjIGZpbGVzIGluIGFsZ29yaXRobQorICAgICAgICAgICAgaWYgKCFHZXRXaW5kb3dSZWN0KEdsb2JhbHMuaFN0YXR1c0JhciwgJnJjU3RhdHVzQmFyKSkvL0F1dGhvcmVkIGJ5OiBsZXRpbW9tZSBpbiBjb21taXQ6NWEwZTZkZmI0NDRmYjFjNzZiYWQ4ZmNkMDkwMzFiYTVkMmI0NDkzZiwgd2l0aCBtZXNzYWdlOmFkZGVkIGMgZmlsZXMgaW4gYWxnb3JpdGhtCisgICAgICAgICAgICAgICAgYnJlYWs7Ly9BdXRob3JlZCBieTogbGV0aW1vbWUgaW4gY29tbWl0OjVhMGU2ZGZiNDQ0ZmIxYzc2YmFkOGZjZDA5MDMxYmE1ZDJiNDQ5M2YsIHdpdGggbWVzc2FnZTphZGRlZCBjIGZpbGVzIGluIGFsZ29yaXRobQorLy9BdXRob3JlZCBieTogbGV0aW1vbWUgaW4gY29tbWl0OjVhMGU2ZGZiNDQ0ZmIxYzc2YmFkOGZjZDA5MDMxYmE1ZDJiNDQ5M2YsIHdpdGggbWVzc2FnZTphZGRlZCBjIGZpbGVzIGluIGFsZ29yaXRobQorICAgICAgICAgICAgaGR3cCA9IEJlZ2luRGVmZXJXaW5kb3dQb3MoMik7Ly9BdXRob3JlZCBieTogbGV0aW1vbWUgaW4gY29tbWl0OjVhMGU2ZGZiNDQ0ZmIxYzc2YmFkOGZjZDA5MDMxYmE1ZDJiNDQ5M2YsIHdpdGggbWVzc2FnZTphZGRlZCBjIGZpbGVzIGluIGFsZ29yaXRobQorICAgICAgICAgICAgaWYgKGhkd3AgPT0gTlVMTCkvL0F1dGhvcmVkIGJ5OiBsZXRpbW9tZSBpbiBjb21taXQ6NWEwZTZkZmI0NDRmYjFjNzZiYWQ4ZmNkMDkwMzFiYTVkMmI0NDkzZiwgd2l0aCBtZXNzYWdlOmFkZGVkIGMgZmlsZXMgaW4gYWxnb3JpdGhtCisgICAgICAgICAgICAgICAgYnJlYWs7Ly9BdXRob3JlZCBieTogbGV0aW1vbWUgaW4gY29tbWl0OjVhMGU2ZGZiNDQ0ZmIxYzc2YmFkOGZjZDA5MDMxYmE1ZDJiNDQ5M2YsIHdpdGggbWVzc2FnZTphZGRlZCBjIGZpbGVzIGluIGFsZ29yaXRobQorLy9BdXRob3JlZCBieTogbGV0aW1vbWUgaW4gY29tbWl0OjVhMGU2ZGZiNDQ0ZmIxYzc2YmFkOGZjZDA5MDMxYmE1ZDJiNDQ5M2YsIHdpdGggbWVzc2FnZTphZGRlZCBjIGZpbGVzIGluIGFsZ29yaXRobQorICAgICAgICAgICAgaGR3cCA9IERlZmVyV2luZG93UG9zKGhkd3AsLy9BdXRob3JlZCBieTogbGV0aW1vbWUgaW4gY29tbWl0OjVhMGU2ZGZiNDQ0ZmIxYzc2YmFkOGZjZDA5MDMxYmE1ZDJiNDQ5M2YsIHdpdGggbWVzc2FnZTphZGRlZCBjIGZpbGVzIGluIGFsZ29yaXRobQorICAgICAgICAgICAgICAgICAgICAgICAgICAgICAgICAgIEdsb2JhbHMuaEVkaXQsLy9BdXRob3JlZCBieTogbGV0aW1vbWUgaW4gY29tbWl0OjVhMGU2ZGZiNDQ0ZmIxYzc2YmFkOGZjZDA5MDMxYmE1ZDJiNDQ5M2YsIHdpdGggbWVzc2FnZTphZGRlZCBjIGZpbGVzIGluIGFsZ29yaXRobQorICAgICAgICAgICAgICAgICAgICAgICAgICAgICAgICAgIE5VTEwsLy9BdXRob3JlZCBieTogbGV0aW1vbWUgaW4gY29tbWl0OjVhMGU2ZGZiNDQ0ZmIxYzc2YmFkOGZjZDA5MDMxYmE1ZDJiNDQ5M2YsIHdpdGggbWVzc2FnZTphZGRlZCBjIGZpbGVzIGluIGFsZ29yaXRobQorICAgICAgICAgICAgICAgICAgICAgICAgICAgICAgICAgIDAsLy9BdXRob3JlZCBieTogbGV0aW1vbWUgaW4gY29tbWl0OjVhMGU2ZGZiNDQ0ZmIxYzc2YmFkOGZjZDA5MDMxYmE1ZDJiNDQ5M2YsIHdpdGggbWVzc2FnZTphZGRlZCBjIGZpbGVzIGluIGFsZ29yaXRobQorICAgICAgICAgICAgICAgICAgICAgICAgICAgICAgICAgIDAsLy9BdXRob3JlZCBieTogbGV0aW1vbWUgaW4gY29tbWl0OjVhMGU2ZGZiNDQ0ZmIxYzc2YmFkOGZjZDA5MDMxYmE1ZDJiNDQ5M2YsIHdpdGggbWVzc2FnZTphZGRlZCBjIGZpbGVzIGluIGFsZ29yaXRobQorICAgICAgICAgICAgICAgICAgICAgICAgICAgICAgICAgIExPV09SRChsUGFyYW0pLC8vQXV0aG9yZWQgYnk6IGxldGltb21lIGluIGNvbW1pdDo1YTBlNmRmYjQ0NGZiMWM3NmJhZDhmY2QwOTAzMWJhNWQyYjQ0OTNmLCB3aXRoIG1lc3NhZ2U6YWRkZWQgYyBmaWxlcyBpbiBhbGdvcml0aG0KKyAgICAgICAgICAgICAgICAgICAgICAgICAgICAgICAgICBISVdPUkQobFBhcmFtKSAtIChyY1N0YXR1c0Jhci5ib3R0b20gLSByY1N0YXR1c0Jhci50b3ApLC8vQXV0aG9yZWQgYnk6IGxldGltb21lIGluIGNvbW1pdDo1YTBlNmRmYjQ0NGZiMWM3NmJhZDhmY2QwOTAzMWJhNWQyYjQ0OTNmLCB3aXRoIG1lc3NhZ2U6YWRkZWQgYyBmaWxlcyBpbiBhbGdvcml0aG0KKyAgICAgICAgICAgICAgICAgICAgICAgICAgICAgICAgICBTV1BfTk9aT1JERVIgfCBTV1BfTk9NT1ZFKTsvL0F1dGhvcmVkIGJ5OiBsZXRpbW9tZSBpbiBjb21taXQ6NWEwZTZkZmI0NDRmYjFjNzZiYWQ4ZmNkMDkwMzFiYTVkMmI0NDkzZiwgd2l0aCBtZXNzYWdlOmFkZGVkIGMgZmlsZXMgaW4gYWxnb3JpdGhtCisvL0F1dGhvcmVkIGJ5OiBsZXRpbW9tZSBpbiBjb21taXQ6NWEwZTZkZmI0NDRmYjFjNzZiYWQ4ZmNkMDkwMzFiYTVkMmI0NDkzZiwgd2l0aCBtZXNzYWdlOmFkZGVkIGMgZmlsZXMgaW4gYWxnb3JpdGhtCisgICAgICAgICAgICBpZiAoaGR3cCA9PSBOVUxMKS8vQXV0aG9yZWQgYnk6IGxldGltb21lIGluIGNvbW1pdDo1YTBlNmRmYjQ0NGZiMWM3NmJhZDhmY2QwOTAzMWJhNWQyYjQ0OTNmLCB3aXRoIG1lc3NhZ2U6YWRkZWQgYyBmaWxlcyBpbiBhbGdvcml0aG0KKyAgICAgICAgICAgICAgICBicmVhazsvL0F1dGhvcmVkIGJ5OiBsZXRpbW9tZSBpbiBjb21taXQ6NWEwZTZkZmI0NDRmYjFjNzZiYWQ4ZmNkMDkwMzFiYTVkMmI0NDkzZiwgd2l0aCBtZXNzYWdlOmFkZGVkIGMgZmlsZXMgaW4gYWxnb3JpdGhtCisvL0F1dGhvcmVkIGJ5OiBsZXRpbW9tZSBpbiBjb21taXQ6NWEwZTZkZmI0NDRmYjFjNzZiYWQ4ZmNkMDkwMzFiYTVkMmI0NDkzZiwgd2l0aCBtZXNzYWdlOmFkZGVkIGMgZmlsZXMgaW4gYWxnb3JpdGhtCisgICAgICAgICAgICBoZHdwID0gRGVmZXJXaW5kb3dQb3MoaGR3cCwvL0F1dGhvcmVkIGJ5OiBsZXRpbW9tZSBpbiBjb21taXQ6NWEwZTZkZmI0NDRmYjFjNzZiYWQ4ZmNkMDkwMzFiYTVkMmI0NDkzZiwgd2l0aCBtZXNzYWdlOmFkZGVkIGMgZmlsZXMgaW4gYWxnb3JpdGhtCisgICAgICAgICAgICAgICAgICAgICAgICAgICAgICAgICAgR2xvYmFscy5oU3RhdHVzQmFyLC8vQXV0aG9yZWQgYnk6IGxldGltb21lIGluIGNvbW1pdDo1YTBlNmRmYjQ0NGZiMWM3NmJhZDhmY2QwOTAzMWJhNWQyYjQ0OTNmLCB3aXRoIG1lc3NhZ2U6YWRkZWQgYyBmaWxlcyBpbiBhbGdvcml0aG0KKyAgICAgICAgICAgICAgICAgICAgICAgICAgICAgICAgICBOVUxMLC8vQXV0aG9yZWQgYnk6IGxldGltb21lIGluIGNvbW1pdDo1YTBlNmRmYjQ0NGZiMWM3NmJhZDhmY2QwOTAzMWJhNWQyYjQ0OTNmLCB3aXRoIG1lc3NhZ2U6YWRkZWQgYyBmaWxlcyBpbiBhbGdvcml0aG0KKyAgICAgICAgICAgICAgICAgICAgICAgICAgICAgICAgICAwLC8vQXV0aG9yZWQgYnk6IGxldGltb21lIGluIGNvbW1pdDo1YTBlNmRmYjQ0NGZiMWM3NmJhZDhmY2QwOTAzMWJhNWQyYjQ0OTNmLCB3aXRoIG1lc3NhZ2U6YWRkZWQgYyBmaWxlcyBpbiBhbGdvcml0aG0KKyAgICAgICAgICAgICAgICAgICAgICAgICAgICAgICAgICAwLC8vQXV0aG9yZWQgYnk6IGxldGltb21lIGluIGNvbW1pdDo1YTBlNmRmYjQ0NGZiMWM3NmJhZDhmY2QwOTAzMWJhNWQyYjQ0OTNmLCB3aXRoIG1lc3NhZ2U6YWRkZWQgYyBmaWxlcyBpbiBhbGdvcml0aG0KKyAgICAgICAgICAgICAgICAgICAgICAgICAgICAgICAgICBMT1dPUkQobFBhcmFtKSwvL0F1dGhvcmVkIGJ5OiBsZXRpbW9tZSBpbiBjb21taXQ6NWEwZTZkZmI0NDRmYjFjNzZiYWQ4ZmNkMDkwMzFiYTVkMmI0NDkzZiwgd2l0aCBtZXNzYWdlOmFkZGVkIGMgZmlsZXMgaW4gYWxnb3JpdGhtCisgICAgICAgICAgICAgICAgICAgICAgICAgICAgICAgICAgTE9XT1JEKHdQYXJhbSksLy9BdXRob3JlZCBieTogbGV0aW1vbWUgaW4gY29tbWl0OjVhMGU2ZGZiNDQ0ZmIxYzc2YmFkOGZjZDA5MDMxYmE1ZDJiNDQ5M2YsIHdpdGggbWVzc2FnZTphZGRlZCBjIGZpbGVzIGluIGFsZ29yaXRobQorICAgICAgICAgICAgICAgICAgICAgICAgICAgICAgICAgIFNXUF9OT1pPUkRFUik7Ly9BdXRob3JlZCBieTogbGV0aW1vbWUgaW4gY29tbWl0OjVhMGU2ZGZiNDQ0ZmIxYzc2YmFkOGZjZDA5MDMxYmE1ZDJiNDQ5M2YsIHdpdGggbWVzc2FnZTphZGRlZCBjIGZpbGVzIGluIGFsZ29yaXRobQorLy9BdXRob3JlZCBieTogbGV0aW1vbWUgaW4gY29tbWl0OjVhMGU2ZGZiNDQ0ZmIxYzc2YmFkOGZjZDA5MDMxYmE1ZDJiNDQ5M2YsIHdpdGggbWVzc2FnZTphZGRlZCBjIGZpbGVzIGluIGFsZ29yaXRobQorICAgICAgICAgICAgaWYgKGhkd3AgIT0gTlVMTCkvL0F1dGhvcmVkIGJ5OiBsZXRpbW9tZSBpbiBjb21taXQ6NWEwZTZkZmI0NDRmYjFjNzZiYWQ4ZmNkMDkwMzFiYTVkMmI0NDkzZiwgd2l0aCBtZXNzYWdlOmFkZGVkIGMgZmlsZXMgaW4gYWxnb3JpdGhtCisgICAgICAgICAgICAgICAgRW5kRGVmZXJXaW5kb3dQb3MoaGR3cCk7Ly9BdXRob3JlZCBieTogbGV0aW1vbWUgaW4gY29tbWl0OjVhMGU2ZGZiNDQ0ZmIxYzc2YmFkOGZjZDA5MDMxYmE1ZDJiNDQ5M2YsIHdpdGggbWVzc2FnZTphZGRlZCBjIGZpbGVzIGluIGFsZ29yaXRobQorICAgICAgICB9Ly9BdXRob3JlZCBieTogbGV0aW1vbWUgaW4gY29tbWl0OjVhMGU2ZGZiNDQ0ZmIxYzc2YmFkOGZjZDA5MDMxYmE1ZDJiNDQ5M2YsIHdpdGggbWVzc2FnZTphZGRlZCBjIGZpbGVzIGluIGFsZ29yaXRobQorICAgICAgICBlbHNlLy9BdXRob3JlZCBieTogbGV0aW1vbWUgaW4gY29tbWl0OjVhMGU2ZGZiNDQ0ZmIxYzc2YmFkOGZjZDA5MDMxYmE1ZDJiNDQ5M2YsIHdpdGggbWVzc2FnZTphZGRlZCBjIGZpbGVzIGluIGFsZ29yaXRobQorICAgICAgICAgICAgU2V0V2luZG93UG9zKEdsb2JhbHMuaEVkaXQsLy9BdXRob3JlZCBieTogbGV0aW1vbWUgaW4gY29tbWl0OjVhMGU2ZGZiNDQ0ZmIxYzc2YmFkOGZjZDA5MDMxYmE1ZDJiNDQ5M2YsIHdpdGggbWVzc2FnZTphZGRlZCBjIGZpbGVzIGluIGFsZ29yaXRobQorICAgICAgICAgICAgICAgICAgICAgICAgIE5VTEwsLy9BdXRob3JlZCBieTogbGV0aW1vbWUgaW4gY29tbWl0OjVhMGU2ZGZiNDQ0ZmIxYzc2YmFkOGZjZDA5MDMxYmE1ZDJiNDQ5M2YsIHdpdGggbWVzc2FnZTphZGRlZCBjIGZpbGVzIGluIGFsZ29yaXRobQorICAgICAgICAgICAgICAgICAgICAgICAgIDAsLy9BdXRob3JlZCBieTogbGV0aW1vbWUgaW4gY29tbWl0OjVhMGU2ZGZiNDQ0ZmIxYzc2YmFkOGZjZDA5MDMxYmE1ZDJiNDQ5M2YsIHdpdGggbWVzc2FnZTphZGRlZCBjIGZpbGVzIGluIGFsZ29yaXRobQorICAgICAgICAgICAgICAgICAgICAgICAgIDAsLy9BdXRob3JlZCBieTogbGV0aW1vbWUgaW4gY29tbWl0OjVhMGU2ZGZiNDQ0ZmIxYzc2YmFkOGZjZDA5MDMxYmE1ZDJiNDQ5M2YsIHdpdGggbWVzc2FnZTphZGRlZCBjIGZpbGVzIGluIGFsZ29yaXRobQorICAgICAgICAgICAgICAgICAgICAgICAgIExPV09SRChsUGFyYW0pLC8vQXV0aG9yZWQgYnk6IGxldGltb21lIGluIGNvbW1pdDo1YTBlNmRmYjQ0NGZiMWM3NmJhZDhmY2QwOTAzMWJhNWQyYjQ0OTNmLCB3aXRoIG1lc3NhZ2U6YWRkZWQgYyBmaWxlcyBpbiBhbGdvcml0aG0KKyAgICAgICAgICAgICAgICAgICAgICAgICBISVdPUkQobFBhcmFtKSwvL0F1dGhvcmVkIGJ5OiBsZXRpbW9tZSBpbiBjb21taXQ6NWEwZTZkZmI0NDRmYjFjNzZiYWQ4ZmNkMDkwMzFiYTVkMmI0NDkzZiwgd2l0aCBtZXNzYWdlOmFkZGVkIGMgZmlsZXMgaW4gYWxnb3JpdGhtCisgICAgICAgICAgICAgICAgICAgICAgICAgU1dQX05PWk9SREVSIHwgU1dQX05PTU9WRSk7Ly9BdXRob3JlZCBieTogbGV0aW1vbWUgaW4gY29tbWl0OjVhMGU2ZGZiNDQ0ZmIxYzc2YmFkOGZjZDA5MDMxYmE1ZDJiNDQ5M2YsIHdpdGggbWVzc2FnZTphZGRlZCBjIGZpbGVzIGluIGFsZ29yaXRobQorLy9BdXRob3JlZCBieTogbGV0aW1vbWUgaW4gY29tbWl0OjVhMGU2ZGZiNDQ0ZmIxYzc2YmFkOGZjZDA5MDMxYmE1ZDJiNDQ5M2YsIHdpdGggbWVzc2FnZTphZGRlZCBjIGZpbGVzIGluIGFsZ29yaXRobQorICAgICAgICBicmVhazsvL0F1dGhvcmVkIGJ5OiBsZXRpbW9tZSBpbiBjb21taXQ6NWEwZTZkZmI0NDRmYjFjNzZiYWQ4ZmNkMDkwMzFiYTVkMmI0NDkzZiwgd2l0aCBtZXNzYWdlOmFkZGVkIGMgZmlsZXMgaW4gYWxnb3JpdGhtCisgICAgfS8vQXV0aG9yZWQgYnk6IGxldGltb21lIGluIGNvbW1pdDo1YTBlNmRmYjQ0NGZiMWM3NmJhZDhmY2QwOTAzMWJhNWQyYjQ0OTNmLCB3aXRoIG1lc3NhZ2U6YWRkZWQgYyBmaWxlcyBpbiBhbGdvcml0aG0KKy8vQXV0aG9yZWQgYnk6IGxldGltb21lIGluIGNvbW1pdDo1YTBlNmRmYjQ0NGZiMWM3NmJhZDhmY2QwOTAzMWJhNWQyYjQ0OTNmLCB3aXRoIG1lc3NhZ2U6YWRkZWQgYyBmaWxlcyBpbiBhbGdvcml0aG0KKyAgICAvKiBUaGUgZW50aXJlIGNsaWVudCBhcmVhIGlzIGNvdmVyZWQgYnkgZWRpdCBjb250cm9sIGFuZCBieS8vQXV0aG9yZWQgYnk6IGxldGltb21lIGluIGNvbW1pdDo1YTBlNmRmYjQ0NGZiMWM3NmJhZDhmY2QwOTAzMWJhNWQyYjQ0OTNmLCB3aXRoIG1lc3NhZ2U6YWRkZWQgYyBmaWxlcyBpbiBhbGdvcml0aG0KKyAgICAgKiB0aGUgc3RhdHVzIGJhci4gU28gdGhlcmUgaXMgbm8gbmVlZCB0byBlcmFzZSBtYWluIGJhY2tncm91bmQuLy9BdXRob3JlZCBieTogbGV0aW1vbWUgaW4gY29tbWl0OjVhMGU2ZGZiNDQ0ZmIxYzc2YmFkOGZjZDA5MDMxYmE1ZDJiNDQ5M2YsIHdpdGggbWVzc2FnZTphZGRlZCBjIGZpbGVzIGluIGFsZ29yaXRobQorICAgICAqIFRoaXMgcmVzb2x2ZXMgdGhlIGhvcnJpYmxlIGZsaWNrZXIgZWZmZWN0IGR1cmluZyB3aW5kb3dzIHJlc2l6ZXMuICovLy9BdXRob3JlZCBieTogbGV0aW1vbWUgaW4gY29tbWl0OjVhMGU2ZGZiNDQ0ZmIxYzc2YmFkOGZjZDA5MDMxYmE1ZDJiNDQ5M2YsIHdpdGggbWVzc2FnZTphZGRlZCBjIGZpbGVzIGluIGFsZ29yaXRobQorICAgIGNhc2UgV01fRVJBU0VCS0dORDovL0F1dGhvcmVkIGJ5OiBsZXRpbW9tZSBpbiBjb21taXQ6NWEwZTZkZmI0NDRmYjFjNzZiYWQ4ZmNkMDkwMzFiYTVkMmI0NDkzZiwgd2l0aCBtZXNzYWdlOmFkZGVkIGMgZmlsZXMgaW4gYWxnb3JpdGhtCisgICAgICAgIHJldHVybiAxOy8vQXV0aG9yZWQgYnk6IGxldGltb21lIGluIGNvbW1pdDo1YTBlNmRmYjQ0NGZiMWM3NmJhZDhmY2QwOTAzMWJhNWQyYjQ0OTNmLCB3aXRoIG1lc3NhZ2U6YWRkZWQgYyBmaWxlcyBpbiBhbGdvcml0aG0KKy8vQXV0aG9yZWQgYnk6IGxldGltb21lIGluIGNvbW1pdDo1YTBlNmRmYjQ0NGZiMWM3NmJhZDhmY2QwOTAzMWJhNWQyYjQ0OTNmLCB3aXRoIG1lc3NhZ2U6YWRkZWQgYyBmaWxlcyBpbiBhbGdvcml0aG0KKyAgICBjYXNlIFdNX1NFVEZPQ1VTOi8vQXV0aG9yZWQgYnk6IGxldGltb21lIGluIGNvbW1pdDo1YTBlNmRmYjQ0NGZiMWM3NmJhZDhmY2QwOTAzMWJhNWQyYjQ0OTNmLCB3aXRoIG1lc3NhZ2U6YWRkZWQgYyBmaWxlcyBpbiBhbGdvcml0aG0KKyAgICAgICAgU2V0Rm9jdXMoR2xvYmFscy5oRWRpdCk7Ly9BdXRob3JlZCBieTogbGV0aW1vbWUgaW4gY29tbWl0OjVhMGU2ZGZiNDQ0ZmIxYzc2YmFkOGZjZDA5MDMxYmE1ZDJiNDQ5M2YsIHdpdGggbWVzc2FnZTphZGRlZCBjIGZpbGVzIGluIGFsZ29yaXRobQorICAgICAgICBicmVhazsvL0F1dGhvcmVkIGJ5OiBsZXRpbW9tZSBpbiBjb21taXQ6NWEwZTZkZmI0NDRmYjFjNzZiYWQ4ZmNkMDkwMzFiYTVkMmI0NDkzZiwgd2l0aCBtZXNzYWdlOmFkZGVkIGMgZmlsZXMgaW4gYWxnb3JpdGhtCisvL0F1dGhvcmVkIGJ5OiBsZXRpbW9tZSBpbiBjb21taXQ6NWEwZTZkZmI0NDRmYjFjNzZiYWQ4ZmNkMDkwMzFiYTVkMmI0NDkzZiwgd2l0aCBtZXNzYWdlOmFkZGVkIGMgZmlsZXMgaW4gYWxnb3JpdGhtCisgICAgY2FzZSBXTV9EUk9QRklMRVM6Ly9BdXRob3JlZCBieTogbGV0aW1vbWUgaW4gY29tbWl0OjVhMGU2ZGZiNDQ0ZmIxYzc2YmFkOGZjZDA5MDMxYmE1ZDJiNDQ5M2YsIHdpdGggbWVzc2FnZTphZGRlZCBjIGZpbGVzIGluIGFsZ29yaXRobQorICAgIHsvL0F1dGhvcmVkIGJ5OiBsZXRpbW9tZSBpbiBjb21taXQ6NWEwZTZkZmI0NDRmYjFjNzZiYWQ4ZmNkMDkwMzFiYTVkMmI0NDkzZiwgd2l0aCBtZXNzYWdlOmFkZGVkIGMgZmlsZXMgaW4gYWxnb3JpdGhtCisgICAgICAgIFRDSEFSIHN6RmlsZU5hbWVbTUFYX1BBVEhdOy8vQXV0aG9yZWQgYnk6IGxldGltb21lIGluIGNvbW1pdDo1YTBlNmRmYjQ0NGZiMWM3NmJhZDhmY2QwOTAzMWJhNWQyYjQ0OTNmLCB3aXRoIG1lc3NhZ2U6YWRkZWQgYyBmaWxlcyBpbiBhbGdvcml0aG0KKyAgICAgICAgSERST1AgaERyb3AgPSAoSERST1ApIHdQYXJhbTsvL0F1dGhvcmVkIGJ5OiBsZXRpbW9tZSBpbiBjb21taXQ6NWEwZTZkZmI0NDRmYjFjNzZiYWQ4ZmNkMDkwMzFiYTVkMmI0NDkzZiwgd2l0aCBtZXNzYWdlOmFkZGVkIGMgZmlsZXMgaW4gYWxnb3JpdGhtCisvL0F1dGhvcmVkIGJ5OiBsZXRpbW9tZSBpbiBjb21taXQ6NWEwZTZkZmI0NDRmYjFjNzZiYWQ4ZmNkMDkwMzFiYTVkMmI0NDkzZiwgd2l0aCBtZXNzYWdlOmFkZGVkIGMgZmlsZXMgaW4gYWxnb3JpdGhtCisgICAgICAgIERyYWdRdWVyeUZpbGUoaERyb3AsIDAsIHN6RmlsZU5hbWUsIEFSUkFZX1NJWkUoc3pGaWxlTmFtZSkpOy8vQXV0aG9yZWQgYnk6IGxldGltb21lIGluIGNvbW1pdDo1YTBlNmRmYjQ0NGZiMWM3NmJhZDhmY2QwOTAzMWJhNWQyYjQ0OTNmLCB3aXRoIG1lc3NhZ2U6YWRkZWQgYyBmaWxlcyBpbiBhbGdvcml0aG0KKyAgICAgICAgRHJhZ0ZpbmlzaChoRHJvcCk7Ly9BdXRob3JlZCBieTogbGV0aW1vbWUgaW4gY29tbWl0OjVhMGU2ZGZiNDQ0ZmIxYzc2YmFkOGZjZDA5MDMxYmE1ZDJiNDQ5M2YsIHdpdGggbWVzc2FnZTphZGRlZCBjIGZpbGVzIGluIGFsZ29yaXRobQorICAgICAgICBEb09wZW5GaWxlKHN6RmlsZU5hbWUpOy8vQXV0aG9yZWQgYnk6IGxldGltb21lIGluIGNvbW1pdDo1YTBlNmRmYjQ0NGZiMWM3NmJhZDhmY2QwOTAzMWJhNWQyYjQ0OTNmLCB3aXRoIG1lc3NhZ2U6YWRkZWQgYyBmaWxlcyBpbiBhbGdvcml0aG0KKyAgICAgICAgYnJlYWs7Ly9BdXRob3JlZCBieTogbGV0aW1vbWUgaW4gY29tbWl0OjVhMGU2ZGZiNDQ0ZmIxYzc2YmFkOGZjZDA5MDMxYmE1ZDJiNDQ5M2YsIHdpdGggbWVzc2FnZTphZGRlZCBjIGZpbGVzIGluIGFsZ29yaXRobQorICAgIH0vL0F1dGhvcmVkIGJ5OiBsZXRpbW9tZSBpbiBjb21taXQ6NWEwZTZkZmI0NDRmYjFjNzZiYWQ4ZmNkMDkwMzFiYTVkMmI0NDkzZiwgd2l0aCBtZXNzYWdlOmFkZGVkIGMgZmlsZXMgaW4gYWxnb3JpdGhtCisgICAgY2FzZSBXTV9DSEFSOi8vQXV0aG9yZWQgYnk6IGxldGltb21lIGluIGNvbW1pdDo1YTBlNmRmYjQ0NGZiMWM3NmJhZDhmY2QwOTAzMWJhNWQyYjQ0OTNmLCB3aXRoIG1lc3NhZ2U6YWRkZWQgYyBmaWxlcyBpbiBhbGdvcml0aG0KKyAgICBjYXNlIFdNX0lOSVRNRU5VUE9QVVA6Ly9BdXRob3JlZCBieTogbGV0aW1vbWUgaW4gY29tbWl0OjVhMGU2ZGZiNDQ0ZmIxYzc2YmFkOGZjZDA5MDMxYmE1ZDJiNDQ5M2YsIHdpdGggbWVzc2FnZTphZGRlZCBjIGZpbGVzIGluIGFsZ29yaXRobQorICAgICAgICBOT1RFUEFEX0luaXRNZW51UG9wdXAoKEhNRU5VKXdQYXJhbSwgbFBhcmFtKTsvL0F1dGhvcmVkIGJ5OiBsZXRpbW9tZSBpbiBjb21taXQ6NWEwZTZkZmI0NDRmYjFjNzZiYWQ4ZmNkMDkwMzFiYTVkMmI0NDkzZiwgd2l0aCBtZXNzYWdlOmFkZGVkIGMgZmlsZXMgaW4gYWxnb3JpdGhtCisgICAgICAgIGJyZWFrOy8vQXV0aG9yZWQgYnk6IGxldGltb21lIGluIGNvbW1pdDo1YTBlNmRmYjQ0NGZiMWM3NmJhZDhmY2QwOTAzMWJhNWQyYjQ0OTNmLCB3aXRoIG1lc3NhZ2U6YWRkZWQgYyBmaWxlcyBpbiBhbGdvcml0aG0KKyAgICBkZWZhdWx0Oi8vQXV0aG9yZWQgYnk6IGxldGltb21lIGluIGNvbW1pdDo1YTBlNmRmYjQ0NGZiMWM3NmJhZDhmY2QwOTAzMWJhNWQyYjQ0OTNmLCB3aXRoIG1lc3NhZ2U6YWRkZWQgYyBmaWxlcyBpbiBhbGdvcml0aG0KKyAgICAgICAgaWYgKG1zZyA9PSBhRklORE1TR1NUUklORykvL0F1dGhvcmVkIGJ5OiBsZXRpbW9tZSBpbiBjb21taXQ6NWEwZTZkZmI0NDRmYjFjNzZiYWQ4ZmNkMDkwMzFiYTVkMmI0NDkzZiwgd2l0aCBtZXNzYWdlOmFkZGVkIGMgZmlsZXMgaW4gYWxnb3JpdGhtCisgICAgICAgIHsvL0F1dGhvcmVkIGJ5OiBsZXRpbW9tZSBpbiBjb21taXQ6NWEwZTZkZmI0NDRmYjFjNzZiYWQ4ZmNkMDkwMzFiYTVkMmI0NDkzZiwgd2l0aCBtZXNzYWdlOmFkZGVkIGMgZmlsZXMgaW4gYWxnb3JpdGhtCisgICAgICAgICAgICBGSU5EUkVQTEFDRSAqcEZpbmRSZXBsYWNlID0gKEZJTkRSRVBMQUNFICopIGxQYXJhbTsvL0F1dGhvcmVkIGJ5OiBsZXRpbW9tZSBpbiBjb21taXQ6NWEwZTZkZmI0NDRmYjFjNzZiYWQ4ZmNkMDkwMzFiYTVkMmI0NDkzZiwgd2l0aCBtZXNzYWdlOmFkZGVkIGMgZmlsZXMgaW4gYWxnb3JpdGhtCisgICAgICAgICAgICBHbG9iYWxzLmZpbmQgPSAqKEZJTkRSRVBMQUNFICopIGxQYXJhbTsvL0F1dGhvcmVkIGJ5OiBsZXRpbW9tZSBpbiBjb21taXQ6NWEwZTZkZmI0NDRmYjFjNzZiYWQ4ZmNkMDkwMzFiYTVkMmI0NDkzZiwgd2l0aCBtZXNzYWdlOmFkZGVkIGMgZmlsZXMgaW4gYWxnb3JpdGhtCisvL0F1dGhvcmVkIGJ5OiBsZXRpbW9tZSBpbiBjb21taXQ6NWEwZTZkZmI0NDRmYjFjNzZiYWQ4ZmNkMDkwMzFiYTVkMmI0NDkzZiwgd2l0aCBtZXNzYWdlOmFkZGVkIGMgZmlsZXMgaW4gYWxnb3JpdGhtCisgICAgICAgICAgICBpZiAocEZpbmRSZXBsYWNlLT5GbGFncyAmIEZSX0ZJTkRORVhUKS8vQXV0aG9yZWQgYnk6IGxldGltb21lIGluIGNvbW1pdDo1YTBlNmRmYjQ0NGZiMWM3NmJhZDhmY2QwOTAzMWJhNWQyYjQ0OTNmLCB3aXRoIG1lc3NhZ2U6YWRkZWQgYyBmaWxlcyBpbiBhbGdvcml0aG0KKyAgICAgICAgICAgICAgICBOT1RFUEFEX0ZpbmROZXh0KHBGaW5kUmVwbGFjZSwgRkFMU0UsIFRSVUUpOy8vQXV0aG9yZWQgYnk6IGxldGltb21lIGluIGNvbW1pdDo1YTBlNmRmYjQ0NGZiMWM3NmJhZDhmY2QwOTAzMWJhNWQyYjQ0OTNmLCB3aXRoIG1lc3NhZ2U6YWRkZWQgYyBmaWxlcyBpbiBhbGdvcml0aG0KKyAgICAgICAgICAgIGVsc2UgaWYgKHBGaW5kUmVwbGFjZS0+RmxhZ3MgJiBGUl9SRVBMQUNFKS8vQXV0aG9yZWQgYnk6IGxldGltb21lIGluIGNvbW1pdDo1YTBlNmRmYjQ0NGZiMWM3NmJhZDhmY2QwOTAzMWJhNWQyYjQ0OTNmLCB3aXRoIG1lc3NhZ2U6YWRkZWQgYyBmaWxlcyBpbiBhbGdvcml0aG0KKyAgICAgICAgICAgICAgICBOT1RFUEFEX0ZpbmROZXh0KHBGaW5kUmVwbGFjZSwgVFJVRSwgVFJVRSk7Ly9BdXRob3JlZCBieTogbGV0aW1vbWUgaW4gY29tbWl0OjVhMGU2ZGZiNDQ0ZmIxYzc2YmFkOGZjZDA5MDMxYmE1ZDJiNDQ5M2YsIHdpdGggbWVzc2FnZTphZGRlZCBjIGZpbGVzIGluIGFsZ29yaXRobQorICAgICAgICAgICAgZWxzZSBpZiAocEZpbmRSZXBsYWNlLT5GbGFncyAmIEZSX1JFUExBQ0VBTEwpLy9BdXRob3JlZCBieTogbGV0aW1vbWUgaW4gY29tbWl0OjVhMGU2ZGZiNDQ0ZmIxYzc2YmFkOGZjZDA5MDMxYmE1ZDJiNDQ5M2YsIHdpdGggbWVzc2FnZTphZGRlZCBjIGZpbGVzIGluIGFsZ29yaXRobQorICAgICAgICAgICAgICAgIE5PVEVQQURfUmVwbGFjZUFsbChwRmluZFJlcGxhY2UpOy8vQXV0aG9yZWQgYnk6IGxldGltb21lIGluIGNvbW1pdDo1YTBlNmRmYjQ0NGZiMWM3NmJhZDhmY2QwOTAzMWJhNWQyYjQ0OTNmLCB3aXRoIG1lc3NhZ2U6YWRkZWQgYyBmaWxlcyBpbiBhbGdvcml0aG0KKyAgICAgICAgICAgIGVsc2UgaWYgKHBGaW5kUmVwbGFjZS0+RmxhZ3MgJiBGUl9ESUFMT0dURVJNKS8vQXV0aG9yZWQgYnk6IGxldGltb21lIGluIGNvbW1pdDo1YTBlNmRmYjQ0NGZiMWM3NmJhZDhmY2QwOTAzMWJhNWQyYjQ0OTNmLCB3aXRoIG1lc3NhZ2U6YWRkZWQgYyBmaWxlcyBpbiBhbGdvcml0aG0KKyAgICAgICAgICAgICAgICBOT1RFUEFEX0ZpbmRUZXJtKCk7Ly9BdXRob3JlZCBieTogbGV0aW1vbWUgaW4gY29tbWl0OjVhMGU2ZGZiNDQ0ZmIxYzc2YmFkOGZjZDA5MDMxYmE1ZDJiNDQ5M2YsIHdpdGggbWVzc2FnZTphZGRlZCBjIGZpbGVzIGluIGFsZ29yaXRobQorICAgICAgICAgICAgYnJlYWs7Ly9BdXRob3JlZCBieTogbGV0aW1vbWUgaW4gY29tbWl0OjVhMGU2ZGZiNDQ0ZmIxYzc2YmFkOGZjZDA5MDMxYmE1ZDJiNDQ5M2YsIHdpdGggbWVzc2FnZTphZGRlZCBjIGZpbGVzIGluIGFsZ29yaXRobQorICAgICAgICB9Ly9BdXRob3JlZCBieTogbGV0aW1vbWUgaW4gY29tbWl0OjVhMGU2ZGZiNDQ0ZmIxYzc2YmFkOGZjZDA5MDMxYmE1ZDJiNDQ5M2YsIHdpdGggbWVzc2FnZTphZGRlZCBjIGZpbGVzIGluIGFsZ29yaXRobQorLy9BdXRob3JlZCBieTogbGV0aW1vbWUgaW4gY29tbWl0OjVhMGU2ZGZiNDQ0ZmIxYzc2YmFkOGZjZDA5MDMxYmE1ZDJiNDQ5M2YsIHdpdGggbWVzc2FnZTphZGRlZCBjIGZpbGVzIGluIGFsZ29yaXRobQorICAgICAgICByZXR1cm4gRGVmV2luZG93UHJvYyhoV25kLCBtc2csIHdQYXJhbSwgbFBhcmFtKTsvL0F1dGhvcmVkIGJ5OiBsZXRpbW9tZSBpbiBjb21taXQ6NWEwZTZkZmI0NDRmYjFjNzZiYWQ4ZmNkMDkwMzFiYTVkMmI0NDkzZiwgd2l0aCBtZXNzYWdlOmFkZGVkIGMgZmlsZXMgaW4gYWxnb3JpdGhtCisgICAgfS8vQXV0aG9yZWQgYnk6IGxldGltb21lIGluIGNvbW1pdDo1YTBlNmRmYjQ0NGZiMWM3NmJhZDhmY2QwOTAzMWJhNWQyYjQ0OTNmLCB3aXRoIG1lc3NhZ2U6YWRkZWQgYyBmaWxlcyBpbiBhbGdvcml0aG0KKyAgICByZXR1cm4gMDsvL0F1dGhvcmVkIGJ5OiBsZXRpbW9tZSBpbiBjb21taXQ6NWEwZTZkZmI0NDRmYjFjNzZiYWQ4ZmNkMDkwMzFiYTVkMmI0NDkzZiwgd2l0aCBtZXNzYWdlOmFkZGVkIGMgZmlsZXMgaW4gYWxnb3JpdGhtCit9Ly9BdXRob3JlZCBieTogbGV0aW1vbWUgaW4gY29tbWl0OjVhMGU2ZGZiNDQ0ZmIxYzc2YmFkOGZjZDA5MDMxYmE1ZDJiNDQ5M2YsIHdpdGggbWVzc2FnZTphZGRlZCBjIGZpbGVzIGluIGFsZ29yaXRobQorLy9BdXRob3JlZCBieTogbGV0aW1vbWUgaW4gY29tbWl0OjVhMGU2ZGZiNDQ0ZmIxYzc2YmFkOGZjZDA5MDMxYmE1ZDJiNDQ5M2YsIHdpdGggbWVzc2FnZTphZGRlZCBjIGZpbGVzIGluIGFsZ29yaXRobQorc3RhdGljIGludCBBbGVydEZpbGVEb2VzTm90RXhpc3QoTFBDVFNUUiBzekZpbGVOYW1lKS8vQXV0aG9yZWQgYnk6IGxldGltb21lIGluIGNvbW1pdDo1YTBlNmRmYjQ0NGZiMWM3NmJhZDhmY2QwOTAzMWJhNWQyYjQ0OTNmLCB3aXRoIG1lc3NhZ2U6YWRkZWQgYyBmaWxlcyBpbiBhbGdvcml0aG0KK3svL0F1dGhvcmVkIGJ5OiBsZXRpbW9tZSBpbiBjb21taXQ6NWEwZTZkZmI0NDRmYjFjNzZiYWQ4ZmNkMDkwMzFiYTVkMmI0NDkzZiwgd2l0aCBtZXNzYWdlOmFkZGVkIGMgZmlsZXMgaW4gYWxnb3JpdGhtCisgICAgcmV0dXJuIERJQUxPR19TdHJpbmdNc2dCb3goR2xvYmFscy5oTWFpblduZCwgU1RSSU5HX0RPRVNOT1RFWElTVCwvL0F1dGhvcmVkIGJ5OiBsZXRpbW9tZSBpbiBjb21taXQ6NWEwZTZkZmI0NDRmYjFjNzZiYWQ4ZmNkMDkwMzFiYTVkMmI0NDkzZiwgd2l0aCBtZXNzYWdlOmFkZGVkIGMgZmlsZXMgaW4gYWxnb3JpdGhtCisgICAgICAgICAgICAgICAgICAgICAgICAgICAgICAgc3pGaWxlTmFtZSwvL0F1dGhvcmVkIGJ5OiBsZXRpbW9tZSBpbiBjb21taXQ6NWEwZTZkZmI0NDRmYjFjNzZiYWQ4ZmNkMDkwMzFiYTVkMmI0NDkzZiwgd2l0aCBtZXNzYWdlOmFkZGVkIGMgZmlsZXMgaW4gYWxnb3JpdGhtCisgICAgICAgICAgICAgICAgICAgICAgICAgICAgICAgTUJfSUNPTkVYQ0xBTUFUSU9OIHwgTUJfWUVTTk8pOy8vQXV0aG9yZWQgYnk6IGxldGltb21lIGluIGNvbW1pdDo1YTBlNmRmYjQ0NGZiMWM3NmJhZDhmY2QwOTAzMWJhNWQyYjQ0OTNmLCB3aXRoIG1lc3NhZ2U6YWRkZWQgYyBmaWxlcyBpbiBhbGdvcml0aG0KK30vL0F1dGhvcmVkIGJ5OiBsZXRpbW9tZSBpbiBjb21taXQ6NWEwZTZkZmI0NDRmYjFjNzZiYWQ4ZmNkMDkwMzFiYTVkMmI0NDkzZiwgd2l0aCBtZXNzYWdlOmFkZGVkIGMgZmlsZXMgaW4gYWxnb3JpdGhtCisvL0F1dGhvcmVkIGJ5OiBsZXRpbW9tZSBpbiBjb21taXQ6NWEwZTZkZmI0NDRmYjFjNzZiYWQ4ZmNkMDkwMzFiYTVkMmI0NDkzZiwgd2l0aCBtZXNzYWdlOmFkZGVkIGMgZmlsZXMgaW4gYWxnb3JpdGhtCitzdGF0aWMgQk9PTCBIYW5kbGVDb21tYW5kTGluZShMUFRTVFIgY21kbGluZSkvL0F1dGhvcmVkIGJ5OiBsZXRpbW9tZSBpbiBjb21taXQ6NWEwZTZkZmI0NDRmYjFjNzZiYWQ4ZmNkMDkwMzFiYTVkMmI0NDkzZiwgd2l0aCBtZXNzYWdlOmFkZGVkIGMgZmlsZXMgaW4gYWxnb3JpdGhtCit7Ly9BdXRob3JlZCBieTogbGV0aW1vbWUgaW4gY29tbWl0OjVhMGU2ZGZiNDQ0ZmIxYzc2YmFkOGZjZDA5MDMxYmE1ZDJiNDQ5M2YsIHdpdGggbWVzc2FnZTphZGRlZCBjIGZpbGVzIGluIGFsZ29yaXRobQorICAgIEJPT0wgb3B0X3ByaW50ID0gRkFMU0U7Ly9BdXRob3JlZCBieTogbGV0aW1vbWUgaW4gY29tbWl0OjVhMGU2ZGZiNDQ0ZmIxYzc2YmFkOGZjZDA5MDMxYmE1ZDJiNDQ5M2YsIHdpdGggbWVzc2FnZTphZGRlZCBjIGZpbGVzIGluIGFsZ29yaXRobQorLy9BdXRob3JlZCBieTogbGV0aW1vbWUgaW4gY29tbWl0OjVhMGU2ZGZiNDQ0ZmIxYzc2YmFkOGZjZDA5MDMxYmE1ZDJiNDQ5M2YsIHdpdGggbWVzc2FnZTphZGRlZCBjIGZpbGVzIGluIGFsZ29yaXRobQorICAgIHdoaWxlICgqY21kbGluZSA9PSBfVCgnICcpIHx8ICpjbWRsaW5lID09IF9UKCctJykgfHwgKmNtZGxpbmUgPT0gX1QoJy8nKSkvL0F1dGhvcmVkIGJ5OiBsZXRpbW9tZSBpbiBjb21taXQ6NWEwZTZkZmI0NDRmYjFjNzZiYWQ4ZmNkMDkwMzFiYTVkMmI0NDkzZiwgd2l0aCBtZXNzYWdlOmFkZGVkIGMgZmlsZXMgaW4gYWxnb3JpdGhtCisgICAgey8vQXV0aG9yZWQgYnk6IGxldGltb21lIGluIGNvbW1pdDo1YTBlNmRmYjQ0NGZiMWM3NmJhZDhmY2QwOTAzMWJhNWQyYjQ0OTNmLCB3aXRoIG1lc3NhZ2U6YWRkZWQgYyBmaWxlcyBpbiBhbGdvcml0aG0KKyAgICAgICAgVENIQVIgb3B0aW9uOy8vQXV0aG9yZWQgYnk6IGxldGltb21lIGluIGNvbW1pdDo1YTBlNmRmYjQ0NGZiMWM3NmJhZDhmY2QwOTAzMWJhNWQyYjQ0OTNmLCB3aXRoIG1lc3NhZ2U6YWRkZWQgYyBmaWxlcyBpbiBhbGdvcml0aG0KKy8vQXV0aG9yZWQgYnk6IGxldGltb21lIGluIGNvbW1pdDo1YTBlNmRmYjQ0NGZiMWM3NmJhZDhmY2QwOTAzMWJhNWQyYjQ0OTNmLCB3aXRoIG1lc3NhZ2U6YWRkZWQgYyBmaWxlcyBpbiBhbGdvcml0aG0KKyAgICAgICAgaWYgKCpjbWRsaW5lKysgPT0gX1QoJyAnKSkgY29udGludWU7Ly9BdXRob3JlZCBieTogbGV0aW1vbWUgaW4gY29tbWl0OjVhMGU2ZGZiNDQ0ZmIxYzc2YmFkOGZjZDA5MDMxYmE1ZDJiNDQ5M2YsIHdpdGggbWVzc2FnZTphZGRlZCBjIGZpbGVzIGluIGFsZ29yaXRobQorLy9BdXRob3JlZCBieTogbGV0aW1vbWUgaW4gY29tbWl0OjVhMGU2ZGZiNDQ0ZmIxYzc2YmFkOGZjZDA5MDMxYmE1ZDJiNDQ5M2YsIHdpdGggbWVzc2FnZTphZGRlZCBjIGZpbGVzIGluIGFsZ29yaXRobQorICAgICAgICBvcHRpb24gPSAqY21kbGluZTsvL0F1dGhvcmVkIGJ5OiBsZXRpbW9tZSBpbiBjb21taXQ6NWEwZTZkZmI0NDRmYjFjNzZiYWQ4ZmNkMDkwMzFiYTVkMmI0NDkzZiwgd2l0aCBtZXNzYWdlOmFkZGVkIGMgZmlsZXMgaW4gYWxnb3JpdGhtCisgICAgICAgIGlmIChvcHRpb24pIGNtZGxpbmUrKzsvL0F1dGhvcmVkIGJ5OiBsZXRpbW9tZSBpbiBjb21taXQ6NWEwZTZkZmI0NDRmYjFjNzZiYWQ4ZmNkMDkwMzFiYTVkMmI0NDkzZiwgd2l0aCBtZXNzYWdlOmFkZGVkIGMgZmlsZXMgaW4gYWxnb3JpdGhtCisgICAgICAgIHdoaWxlICgqY21kbGluZSA9PSBfVCgnICcpKSBjbWRsaW5lKys7Ly9BdXRob3JlZCBieTogbGV0aW1vbWUgaW4gY29tbWl0OjVhMGU2ZGZiNDQ0ZmIxYzc2YmFkOGZjZDA5MDMxYmE1ZDJiNDQ5M2YsIHdpdGggbWVzc2FnZTphZGRlZCBjIGZpbGVzIGluIGFsZ29yaXRobQorLy9BdXRob3JlZCBieTogbGV0aW1vbWUgaW4gY29tbWl0OjVhMGU2ZGZiNDQ0ZmIxYzc2YmFkOGZjZDA5MDMxYmE1ZDJiNDQ5M2YsIHdpdGggbWVzc2FnZTphZGRlZCBjIGZpbGVzIGluIGFsZ29yaXRobQorICAgICAgICBzd2l0Y2gob3B0aW9uKS8vQXV0aG9yZWQgYnk6IGxldGltb21lIGluIGNvbW1pdDo1YTBlNmRmYjQ0NGZiMWM3NmJhZDhmY2QwOTAzMWJhNWQyYjQ0OTNmLCB3aXRoIG1lc3NhZ2U6YWRkZWQgYyBmaWxlcyBpbiBhbGdvcml0aG0KKyAgICAgICAgey8vQXV0aG9yZWQgYnk6IGxldGltb21lIGluIGNvbW1pdDo1YTBlNmRmYjQ0NGZiMWM3NmJhZDhmY2QwOTAzMWJhNWQyYjQ0OTNmLCB3aXRoIG1lc3NhZ2U6YWRkZWQgYyBmaWxlcyBpbiBhbGdvcml0aG0KKyAgICAgICAgICAgIGNhc2UgJ3AnOi8vQXV0aG9yZWQgYnk6IGxldGltb21lIGluIGNvbW1pdDo1YTBlNmRmYjQ0NGZiMWM3NmJhZDhmY2QwOTAzMWJhNWQyYjQ0OTNmLCB3aXRoIG1lc3NhZ2U6YWRkZWQgYyBmaWxlcyBpbiBhbGdvcml0aG0KKyAgICAgICAgICAgIGNhc2UgJ1AnOi8vQXV0aG9yZWQgYnk6IGxldGltb21lIGluIGNvbW1pdDo1YTBlNmRmYjQ0NGZiMWM3NmJhZDhmY2QwOTAzMWJhNWQyYjQ0OTNmLCB3aXRoIG1lc3NhZ2U6YWRkZWQgYyBmaWxlcyBpbiBhbGdvcml0aG0KKyAgICAgICAgICAgICAgICBvcHRfcHJpbnQgPSBUUlVFOy8vQXV0aG9yZWQgYnk6IGxldGltb21lIGluIGNvbW1pdDo1YTBlNmRmYjQ0NGZiMWM3NmJhZDhmY2QwOTAzMWJhNWQyYjQ0OTNmLCB3aXRoIG1lc3NhZ2U6YWRkZWQgYyBmaWxlcyBpbiBhbGdvcml0aG0KKyAgICAgICAgICAgICAgICBicmVhazsvL0F1dGhvcmVkIGJ5OiBsZXRpbW9tZSBpbiBjb21taXQ6NWEwZTZkZmI0NDRmYjFjNzZiYWQ4ZmNkMDkwMzFiYTVkMmI0NDkzZiwgd2l0aCBtZXNzYWdlOmFkZGVkIGMgZmlsZXMgaW4gYWxnb3JpdGhtCisgICAgICAgIH0vL0F1dGhvcmVkIGJ5OiBsZXRpbW9tZSBpbiBjb21taXQ6NWEwZTZkZmI0NDRmYjFjNzZiYWQ4ZmNkMDkwMzFiYTVkMmI0NDkzZiwgd2l0aCBtZXNzYWdlOmFkZGVkIGMgZmlsZXMgaW4gYWxnb3JpdGhtCisgICAgfS8vQXV0aG9yZWQgYnk6IGxldGltb21lIGluIGNvbW1pdDo1YTBlNmRmYjQ0NGZiMWM3NmJhZDhmY2QwOTAzMWJhNWQyYjQ0OTNmLCB3aXRoIG1lc3NhZ2U6YWRkZWQgYyBmaWxlcyBpbiBhbGdvcml0aG0KKy8vQXV0aG9yZWQgYnk6IGxldGltb21lIGluIGNvbW1pdDo1YTBlNmRmYjQ0NGZiMWM3NmJhZDhmY2QwOTAzMWJhNWQyYjQ0OTNmLCB3aXRoIG1lc3NhZ2U6YWRkZWQgYyBmaWxlcyBpbiBhbGdvcml0aG0KKyAgICBpZiAoKmNtZGxpbmUpLy9BdXRob3JlZCBieTogbGV0aW1vbWUgaW4gY29tbWl0OjVhMGU2ZGZiNDQ0ZmIxYzc2YmFkOGZjZDA5MDMxYmE1ZDJiNDQ5M2YsIHdpdGggbWVzc2FnZTphZGRlZCBjIGZpbGVzIGluIGFsZ29yaXRobQorICAgIHsvL0F1dGhvcmVkIGJ5OiBsZXRpbW9tZSBpbiBjb21taXQ6NWEwZTZkZmI0NDRmYjFjNzZiYWQ4ZmNkMDkwMzFiYTVkMmI0NDkzZiwgd2l0aCBtZXNzYWdlOmFkZGVkIGMgZmlsZXMgaW4gYWxnb3JpdGhtCisgICAgICAgIC8qIGZpbGUgbmFtZSBpcyBwYXNzZWQgaW4gdGhlIGNvbW1hbmQgbGluZSAqLy8vQXV0aG9yZWQgYnk6IGxldGltb21lIGluIGNvbW1pdDo1YTBlNmRmYjQ0NGZiMWM3NmJhZDhmY2QwOTAzMWJhNWQyYjQ0OTNmLCB3aXRoIG1lc3NhZ2U6YWRkZWQgYyBmaWxlcyBpbiBhbGdvcml0aG0KKyAgICAgICAgTFBDVFNUUiBmaWxlX25hbWUgPSBOVUxMOy8vQXV0aG9yZWQgYnk6IGxldGltb21lIGluIGNvbW1pdDo1YTBlNmRmYjQ0NGZiMWM3NmJhZDhmY2QwOTAzMWJhNWQyYjQ0OTNmLCB3aXRoIG1lc3NhZ2U6YWRkZWQgYyBmaWxlcyBpbiBhbGdvcml0aG0KKyAgICAgICAgQk9PTCBmaWxlX2V4aXN0cyA9IEZBTFNFOy8vQXV0aG9yZWQgYnk6IGxldGltb21lIGluIGNvbW1pdDo1YTBlNmRmYjQ0NGZiMWM3NmJhZDhmY2QwOTAzMWJhNWQyYjQ0OTNmLCB3aXRoIG1lc3NhZ2U6YWRkZWQgYyBmaWxlcyBpbiBhbGdvcml0aG0KKyAgICAgICAgVENIQVIgYnVmW01BWF9QQVRIXTsvL0F1dGhvcmVkIGJ5OiBsZXRpbW9tZSBpbiBjb21taXQ6NWEwZTZkZmI0NDRmYjFjNzZiYWQ4ZmNkMDkwMzFiYTVkMmI0NDkzZiwgd2l0aCBtZXNzYWdlOmFkZGVkIGMgZmlsZXMgaW4gYWxnb3JpdGhtCisvL0F1dGhvcmVkIGJ5OiBsZXRpbW9tZSBpbiBjb21taXQ6NWEwZTZkZmI0NDRmYjFjNzZiYWQ4ZmNkMDkwMzFiYTVkMmI0NDkzZiwgd2l0aCBtZXNzYWdlOmFkZGVkIGMgZmlsZXMgaW4gYWxnb3JpdGhtCisgICAgICAgIGlmIChjbWRsaW5lWzBdID09IF9UKCciJykpLy9BdXRob3JlZCBieTogbGV0aW1vbWUgaW4gY29tbWl0OjVhMGU2ZGZiNDQ0ZmIxYzc2YmFkOGZjZDA5MDMxYmE1ZDJiNDQ5M2YsIHdpdGggbWVzc2FnZTphZGRlZCBjIGZpbGVzIGluIGFsZ29yaXRobQorICAgICAgICB7Ly9BdXRob3JlZCBieTogbGV0aW1vbWUgaW4gY29tbWl0OjVhMGU2ZGZiNDQ0ZmIxYzc2YmFkOGZjZDA5MDMxYmE1ZDJiNDQ5M2YsIHdpdGggbWVzc2FnZTphZGRlZCBjIGZpbGVzIGluIGFsZ29yaXRobQorICAgICAgICAgICAgY21kbGluZSsrOy8vQXV0aG9yZWQgYnk6IGxldGltb21lIGluIGNvbW1pdDo1YTBlNmRmYjQ0NGZiMWM3NmJhZDhmY2QwOTAzMWJhNWQyYjQ0OTNmLCB3aXRoIG1lc3NhZ2U6YWRkZWQgYyBmaWxlcyBpbiBhbGdvcml0aG0KKyAgICAgICAgICAgIGNtZGxpbmVbbHN0cmxlbihjbWRsaW5lKSAtIDFdID0gMDsvL0F1dGhvcmVkIGJ5OiBsZXRpbW9tZSBpbiBjb21taXQ6NWEwZTZkZmI0NDRmYjFjNzZiYWQ4ZmNkMDkwMzFiYTVkMmI0NDkzZiwgd2l0aCBtZXNzYWdlOmFkZGVkIGMgZmlsZXMgaW4gYWxnb3JpdGhtCisgICAgICAgIH0vL0F1dGhvcmVkIGJ5OiBsZXRpbW9tZSBpbiBjb21taXQ6NWEwZTZkZmI0NDRmYjFjNzZiYWQ4ZmNkMDkwMzFiYTVkMmI0NDkzZiwgd2l0aCBtZXNzYWdlOmFkZGVkIGMgZmlsZXMgaW4gYWxnb3JpdGhtCisvL0F1dGhvcmVkIGJ5OiBsZXRpbW9tZSBpbiBjb21taXQ6NWEwZTZkZmI0NDRmYjFjNzZiYWQ4ZmNkMDkwMzFiYTVkMmI0NDkzZiwgd2l0aCBtZXNzYWdlOmFkZGVkIGMgZmlsZXMgaW4gYWxnb3JpdGhtCisgICAgICAgIGZpbGVfbmFtZSA9IGNtZGxpbmU7Ly9BdXRob3JlZCBieTogbGV0aW1vbWUgaW4gY29tbWl0OjVhMGU2ZGZiNDQ0ZmIxYzc2YmFkOGZjZDA5MDMxYmE1ZDJiNDQ5M2YsIHdpdGggbWVzc2FnZTphZGRlZCBjIGZpbGVzIGluIGFsZ29yaXRobQorICAgICAgICBpZiAoRmlsZUV4aXN0cyhmaWxlX25hbWUpKS8vQXV0aG9yZWQgYnk6IGxldGltb21lIGluIGNvbW1pdDo1YTBlNmRmYjQ0NGZiMWM3NmJhZDhmY2QwOTAzMWJhNWQyYjQ0OTNmLCB3aXRoIG1lc3NhZ2U6YWRkZWQgYyBmaWxlcyBpbiBhbGdvcml0aG0KKyAgICAgICAgey8vQXV0aG9yZWQgYnk6IGxldGltb21lIGluIGNvbW1pdDo1YTBlNmRmYjQ0NGZiMWM3NmJhZDhmY2QwOTAzMWJhNWQyYjQ0OTNmLCB3aXRoIG1lc3NhZ2U6YWRkZWQgYyBmaWxlcyBpbiBhbGdvcml0aG0KKyAgICAgICAgICAgIGZpbGVfZXhpc3RzID0gVFJVRTsvL0F1dGhvcmVkIGJ5OiBsZXRpbW9tZSBpbiBjb21taXQ6NWEwZTZkZmI0NDRmYjFjNzZiYWQ4ZmNkMDkwMzFiYTVkMmI0NDkzZiwgd2l0aCBtZXNzYWdlOmFkZGVkIGMgZmlsZXMgaW4gYWxnb3JpdGhtCisgICAgICAgIH0vL0F1dGhvcmVkIGJ5OiBsZXRpbW9tZSBpbiBjb21taXQ6NWEwZTZkZmI0NDRmYjFjNzZiYWQ4ZmNkMDkwMzFiYTVkMmI0NDkzZiwgd2l0aCBtZXNzYWdlOmFkZGVkIGMgZmlsZXMgaW4gYWxnb3JpdGhtCisgICAgICAgIGVsc2UgaWYgKCFIYXNGaWxlRXh0ZW5zaW9uKGNtZGxpbmUpKS8vQXV0aG9yZWQgYnk6IGxldGltb21lIGluIGNvbW1pdDo1YTBlNmRmYjQ0NGZiMWM3NmJhZDhmY2QwOTAzMWJhNWQyYjQ0OTNmLCB3aXRoIG1lc3NhZ2U6YWRkZWQgYyBmaWxlcyBpbiBhbGdvcml0aG0KKyAgICAgICAgey8vQXV0aG9yZWQgYnk6IGxldGltb21lIGluIGNvbW1pdDo1YTBlNmRmYjQ0NGZiMWM3NmJhZDhmY2QwOTAzMWJhNWQyYjQ0OTNmLCB3aXRoIG1lc3NhZ2U6YWRkZWQgYyBmaWxlcyBpbiBhbGdvcml0aG0KKyAgICAgICAgICAgIHN0YXRpYyBjb25zdCBUQ0hBUiB0eHRbXSA9IF9UKCIudHh0Iik7Ly9BdXRob3JlZCBieTogbGV0aW1vbWUgaW4gY29tbWl0OjVhMGU2ZGZiNDQ0ZmIxYzc2YmFkOGZjZDA5MDMxYmE1ZDJiNDQ5M2YsIHdpdGggbWVzc2FnZTphZGRlZCBjIGZpbGVzIGluIGFsZ29yaXRobQorLy9BdXRob3JlZCBieTogbGV0aW1vbWUgaW4gY29tbWl0OjVhMGU2ZGZiNDQ0ZmIxYzc2YmFkOGZjZDA5MDMxYmE1ZDJiNDQ5M2YsIHdpdGggbWVzc2FnZTphZGRlZCBjIGZpbGVzIGluIGFsZ29yaXRobQorICAgICAgICAgICAgLyogdHJ5IHRvIGZpbmQgZmlsZSB3aXRoICIudHh0IiBleHRlbnNpb24gKi8vL0F1dGhvcmVkIGJ5OiBsZXRpbW9tZSBpbiBjb21taXQ6NWEwZTZkZmI0NDRmYjFjNzZiYWQ4ZmNkMDkwMzFiYTVkMmI0NDkzZiwgd2l0aCBtZXNzYWdlOmFkZGVkIGMgZmlsZXMgaW4gYWxnb3JpdGhtCisgICAgICAgICAgICBpZiAoIV90Y3NjbXAodHh0LCBjbWRsaW5lICsgX3Rjc2xlbihjbWRsaW5lKSAtIF90Y3NsZW4odHh0KSkpLy9BdXRob3JlZCBieTogbGV0aW1vbWUgaW4gY29tbWl0OjVhMGU2ZGZiNDQ0ZmIxYzc2YmFkOGZjZDA5MDMxYmE1ZDJiNDQ5M2YsIHdpdGggbWVzc2FnZTphZGRlZCBjIGZpbGVzIGluIGFsZ29yaXRobQorICAgICAgICAgICAgey8vQXV0aG9yZWQgYnk6IGxldGltb21lIGluIGNvbW1pdDo1YTBlNmRmYjQ0NGZiMWM3NmJhZDhmY2QwOTAzMWJhNWQyYjQ0OTNmLCB3aXRoIG1lc3NhZ2U6YWRkZWQgYyBmaWxlcyBpbiBhbGdvcml0aG0KKyAgICAgICAgICAgICAgICBmaWxlX2V4aXN0cyA9IEZBTFNFOy8vQXV0aG9yZWQgYnk6IGxldGltb21lIGluIGNvbW1pdDo1YTBlNmRmYjQ0NGZiMWM3NmJhZDhmY2QwOTAzMWJhNWQyYjQ0OTNmLCB3aXRoIG1lc3NhZ2U6YWRkZWQgYyBmaWxlcyBpbiBhbGdvcml0aG0KKyAgICAgICAgICAgIH0vL0F1dGhvcmVkIGJ5OiBsZXRpbW9tZSBpbiBjb21taXQ6NWEwZTZkZmI0NDRmYjFjNzZiYWQ4ZmNkMDkwMzFiYTVkMmI0NDkzZiwgd2l0aCBtZXNzYWdlOmFkZGVkIGMgZmlsZXMgaW4gYWxnb3JpdGhtCisgICAgICAgICAgICBlbHNlLy9BdXRob3JlZCBieTogbGV0aW1vbWUgaW4gY29tbWl0OjVhMGU2ZGZiNDQ0ZmIxYzc2YmFkOGZjZDA5MDMxYmE1ZDJiNDQ5M2YsIHdpdGggbWVzc2FnZTphZGRlZCBjIGZpbGVzIGluIGFsZ29yaXRobQorICAgICAgICAgICAgey8vQXV0aG9yZWQgYnk6IGxldGltb21lIGluIGNvbW1pdDo1YTBlNmRmYjQ0NGZiMWM3NmJhZDhmY2QwOTAzMWJhNWQyYjQ0OTNmLCB3aXRoIG1lc3NhZ2U6YWRkZWQgYyBmaWxlcyBpbiBhbGdvcml0aG0KKyAgICAgICAgICAgICAgICBfdGNzbmNweShidWYsIGNtZGxpbmUsIE1BWF9QQVRIIC0gX3Rjc2xlbih0eHQpIC0gMSk7Ly9BdXRob3JlZCBieTogbGV0aW1vbWUgaW4gY29tbWl0OjVhMGU2ZGZiNDQ0ZmIxYzc2YmFkOGZjZDA5MDMxYmE1ZDJiNDQ5M2YsIHdpdGggbWVzc2FnZTphZGRlZCBjIGZpbGVzIGluIGFsZ29yaXRobQorICAgICAgICAgICAgICAgIF90Y3NjYXQoYnVmLCB0eHQpOy8vQXV0aG9yZWQgYnk6IGxldGltb21lIGluIGNvbW1pdDo1YTBlNmRmYjQ0NGZiMWM3NmJhZDhmY2QwOTAzMWJhNWQyYjQ0OTNmLCB3aXRoIG1lc3NhZ2U6YWRkZWQgYyBmaWxlcyBpbiBhbGdvcml0aG0KKyAgICAgICAgICAgICAgICBmaWxlX25hbWUgPSBidWY7Ly9BdXRob3JlZCBieTogbGV0aW1vbWUgaW4gY29tbWl0OjVhMGU2ZGZiNDQ0ZmIxYzc2YmFkOGZjZDA5MDMxYmE1ZDJiNDQ5M2YsIHdpdGggbWVzc2FnZTphZGRlZCBjIGZpbGVzIGluIGFsZ29yaXRobQorICAgICAgICAgICAgICAgIGZpbGVfZXhpc3RzID0gRmlsZUV4aXN0cyhmaWxlX25hbWUpOy8vQXV0aG9yZWQgYnk6IGxldGltb21lIGluIGNvbW1pdDo1YTBlNmRmYjQ0NGZiMWM3NmJhZDhmY2QwOTAzMWJhNWQyYjQ0OTNmLCB3aXRoIG1lc3NhZ2U6YWRkZWQgYyBmaWxlcyBpbiBhbGdvcml0aG0KKyAgICAgICAgICAgIH0vL0F1dGhvcmVkIGJ5OiBsZXRpbW9tZSBpbiBjb21taXQ6NWEwZTZkZmI0NDRmYjFjNzZiYWQ4ZmNkMDkwMzFiYTVkMmI0NDkzZiwgd2l0aCBtZXNzYWdlOmFkZGVkIGMgZmlsZXMgaW4gYWxnb3JpdGhtCisgICAgICAgIH0vL0F1dGhvcmVkIGJ5OiBsZXRpbW9tZSBpbiBjb21taXQ6NWEwZTZkZmI0NDRmYjFjNzZiYWQ4ZmNkMDkwMzFiYTVkMmI0NDkzZiwgd2l0aCBtZXNzYWdlOmFkZGVkIGMgZmlsZXMgaW4gYWxnb3JpdGhtCisvL0F1dGhvcmVkIGJ5OiBsZXRpbW9tZSBpbiBjb21taXQ6NWEwZTZkZmI0NDRmYjFjNzZiYWQ4ZmNkMDkwMzFiYTVkMmI0NDkzZiwgd2l0aCBtZXNzYWdlOmFkZGVkIGMgZmlsZXMgaW4gYWxnb3JpdGhtCisgICAgICAgIGlmIChmaWxlX2V4aXN0cykvL0F1dGhvcmVkIGJ5OiBsZXRpbW9tZSBpbiBjb21taXQ6NWEwZTZkZmI0NDRmYjFjNzZiYWQ4ZmNkMDkwMzFiYTVkMmI0NDkzZiwgd2l0aCBtZXNzYWdlOmFkZGVkIGMgZmlsZXMgaW4gYWxnb3JpdGhtCisgICAgICAgIHsvL0F1dGhvcmVkIGJ5OiBsZXRpbW9tZSBpbiBjb21taXQ6NWEwZTZkZmI0NDRmYjFjNzZiYWQ4ZmNkMDkwMzFiYTVkMmI0NDkzZiwgd2l0aCBtZXNzYWdlOmFkZGVkIGMgZmlsZXMgaW4gYWxnb3JpdGhtCisgICAgICAgICAgICBEb09wZW5GaWxlKGZpbGVfbmFtZSk7Ly9BdXRob3JlZCBieTogbGV0aW1vbWUgaW4gY29tbWl0OjVhMGU2ZGZiNDQ0ZmIxYzc2YmFkOGZjZDA5MDMxYmE1ZDJiNDQ5M2YsIHdpdGggbWVzc2FnZTphZGRlZCBjIGZpbGVzIGluIGFsZ29yaXRobQorICAgICAgICAgICAgSW52YWxpZGF0ZVJlY3QoR2xvYmFscy5oTWFpblduZCwgTlVMTCwgRkFMU0UpOy8vQXV0aG9yZWQgYnk6IGxldGltb21lIGluIGNvbW1pdDo1YTBlNmRmYjQ0NGZiMWM3NmJhZDhmY2QwOTAzMWJhNWQyYjQ0OTNmLCB3aXRoIG1lc3NhZ2U6YWRkZWQgYyBmaWxlcyBpbiBhbGdvcml0aG0KKyAgICAgICAgICAgIGlmIChvcHRfcHJpbnQpLy9BdXRob3JlZCBieTogbGV0aW1vbWUgaW4gY29tbWl0OjVhMGU2ZGZiNDQ0ZmIxYzc2YmFkOGZjZDA5MDMxYmE1ZDJiNDQ5M2YsIHdpdGggbWVzc2FnZTphZGRlZCBjIGZpbGVzIGluIGFsZ29yaXRobQorICAgICAgICAgICAgey8vQXV0aG9yZWQgYnk6IGxldGltb21lIGluIGNvbW1pdDo1YTBlNmRmYjQ0NGZiMWM3NmJhZDhmY2QwOTAzMWJhNWQyYjQ0OTNmLCB3aXRoIG1lc3NhZ2U6YWRkZWQgYyBmaWxlcyBpbiBhbGdvcml0aG0KKyAgICAgICAgICAgICAgICBESUFMT0dfRmlsZVByaW50KCk7Ly9BdXRob3JlZCBieTogbGV0aW1vbWUgaW4gY29tbWl0OjVhMGU2ZGZiNDQ0ZmIxYzc2YmFkOGZjZDA5MDMxYmE1ZDJiNDQ5M2YsIHdpdGggbWVzc2FnZTphZGRlZCBjIGZpbGVzIGluIGFsZ29yaXRobQorICAgICAgICAgICAgICAgIHJldHVybiBGQUxTRTsvL0F1dGhvcmVkIGJ5OiBsZXRpbW9tZSBpbiBjb21taXQ6NWEwZTZkZmI0NDRmYjFjNzZiYWQ4ZmNkMDkwMzFiYTVkMmI0NDkzZiwgd2l0aCBtZXNzYWdlOmFkZGVkIGMgZmlsZXMgaW4gYWxnb3JpdGhtCisgICAgICAgICAgICB9Ly9BdXRob3JlZCBieTogbGV0aW1vbWUgaW4gY29tbWl0OjVhMGU2ZGZiNDQ0ZmIxYzc2YmFkOGZjZDA5MDMxYmE1ZDJiNDQ5M2YsIHdpdGggbWVzc2FnZTphZGRlZCBjIGZpbGVzIGluIGFsZ29yaXRobQorICAgICAgICB9Ly9BdXRob3JlZCBieTogbGV0aW1vbWUgaW4gY29tbWl0OjVhMGU2ZGZiNDQ0ZmIxYzc2YmFkOGZjZDA5MDMxYmE1ZDJiNDQ5M2YsIHdpdGggbWVzc2FnZTphZGRlZCBjIGZpbGVzIGluIGFsZ29yaXRobQorICAgICAgICBlbHNlLy9BdXRob3JlZCBieTogbGV0aW1vbWUgaW4gY29tbWl0OjVhMGU2ZGZiNDQ0ZmIxYzc2YmFkOGZjZDA5MDMxYmE1ZDJiNDQ5M2YsIHdpdGggbWVzc2FnZTphZGRlZCBjIGZpbGVzIGluIGFsZ29yaXRobQorICAgICAgICB7Ly9BdXRob3JlZCBieTogbGV0aW1vbWUgaW4gY29tbWl0OjVhMGU2ZGZiNDQ0ZmIxYzc2YmFkOGZjZDA5MDMxYmE1ZDJiNDQ5M2YsIHdpdGggbWVzc2FnZTphZGRlZCBjIGZpbGVzIGluIGFsZ29yaXRobQorICAgICAgICAgICAgc3dpdGNoIChBbGVydEZpbGVEb2VzTm90RXhpc3QoZmlsZV9uYW1lKSkgey8vQXV0aG9yZWQgYnk6IGxldGltb21lIGluIGNvbW1pdDo1YTBlNmRmYjQ0NGZiMWM3NmJhZDhmY2QwOTAzMWJhNWQyYjQ0OTNmLCB3aXRoIG1lc3NhZ2U6YWRkZWQgYyBmaWxlcyBpbiBhbGdvcml0aG0KKyAgICAgICAgICAgIGNhc2UgSURZRVM6Ly9BdXRob3JlZCBieTogbGV0aW1vbWUgaW4gY29tbWl0OjVhMGU2ZGZiNDQ0ZmIxYzc2YmFkOGZjZDA5MDMxYmE1ZDJiNDQ5M2YsIHdpdGggbWVzc2FnZTphZGRlZCBjIGZpbGVzIGluIGFsZ29yaXRobQorICAgICAgICAgICAgICAgIERvT3BlbkZpbGUoZmlsZV9uYW1lKTsvL0F1dGhvcmVkIGJ5OiBsZXRpbW9tZSBpbiBjb21taXQ6NWEwZTZkZmI0NDRmYjFjNzZiYWQ4ZmNkMDkwMzFiYTVkMmI0NDkzZiwgd2l0aCBtZXNzYWdlOmFkZGVkIGMgZmlsZXMgaW4gYWxnb3JpdGhtCisgICAgICAgICAgICAgICAgYnJlYWs7Ly9BdXRob3JlZCBieTogbGV0aW1vbWUgaW4gY29tbWl0OjVhMGU2ZGZiNDQ0ZmIxYzc2YmFkOGZjZDA5MDMxYmE1ZDJiNDQ5M2YsIHdpdGggbWVzc2FnZTphZGRlZCBjIGZpbGVzIGluIGFsZ29yaXRobQorLy9BdXRob3JlZCBieTogbGV0aW1vbWUgaW4gY29tbWl0OjVhMGU2ZGZiNDQ0ZmIxYzc2YmFkOGZjZDA5MDMxYmE1ZDJiNDQ5M2YsIHdpdGggbWVzc2FnZTphZGRlZCBjIGZpbGVzIGluIGFsZ29yaXRobQorICAgICAgICAgICAgY2FzZSBJRE5POi8vQXV0aG9yZWQgYnk6IGxldGltb21lIGluIGNvbW1pdDo1YTBlNmRmYjQ0NGZiMWM3NmJhZDhmY2QwOTAzMWJhNWQyYjQ0OTNmLCB3aXRoIG1lc3NhZ2U6YWRkZWQgYyBmaWxlcyBpbiBhbGdvcml0aG0KKyAgICAgICAgICAgICAgICBicmVhazsvL0F1dGhvcmVkIGJ5OiBsZXRpbW9tZSBpbiBjb21taXQ6NWEwZTZkZmI0NDRmYjFjNzZiYWQ4ZmNkMDkwMzFiYTVkMmI0NDkzZiwgd2l0aCBtZXNzYWdlOmFkZGVkIGMgZmlsZXMgaW4gYWxnb3JpdGhtCisgICAgICAgICAgICB9Ly9BdXRob3JlZCBieTogbGV0aW1vbWUgaW4gY29tbWl0OjVhMGU2ZGZiNDQ0ZmIxYzc2YmFkOGZjZDA5MDMxYmE1ZDJiNDQ5M2YsIHdpdGggbWVzc2FnZTphZGRlZCBjIGZpbGVzIGluIGFsZ29yaXRobQorICAgICAgICB9Ly9BdXRob3JlZCBieTogbGV0aW1vbWUgaW4gY29tbWl0OjVhMGU2ZGZiNDQ0ZmIxYzc2YmFkOGZjZDA5MDMxYmE1ZDJiNDQ5M2YsIHdpdGggbWVzc2FnZTphZGRlZCBjIGZpbGVzIGluIGFsZ29yaXRobQorICAgIH0vL0F1dGhvcmVkIGJ5OiBsZXRpbW9tZSBpbiBjb21taXQ6NWEwZTZkZmI0NDRmYjFjNzZiYWQ4ZmNkMDkwMzFiYTVkMmI0NDkzZiwgd2l0aCBtZXNzYWdlOmFkZGVkIGMgZmlsZXMgaW4gYWxnb3JpdGhtCisvL0F1dGhvcmVkIGJ5OiBsZXRpbW9tZSBpbiBjb21taXQ6NWEwZTZkZmI0NDRmYjFjNzZiYWQ4ZmNkMDkwMzFiYTVkMmI0NDkzZiwgd2l0aCBtZXNzYWdlOmFkZGVkIGMgZmlsZXMgaW4gYWxnb3JpdGhtCisgICAgcmV0dXJuIFRSVUU7Ly9BdXRob3JlZCBieTogbGV0aW1vbWUgaW4gY29tbWl0OjVhMGU2ZGZiNDQ0ZmIxYzc2YmFkOGZjZDA5MDMxYmE1ZDJiNDQ5M2YsIHdpdGggbWVzc2FnZTphZGRlZCBjIGZpbGVzIGluIGFsZ29yaXRobQorfS8vQXV0aG9yZWQgYnk6IGxldGltb21lIGluIGNvbW1pdDo1YTBlNmRmYjQ0NGZiMWM3NmJhZDhmY2QwOTAzMWJhNWQyYjQ0OTNmLCB3aXRoIG1lc3NhZ2U6YWRkZWQgYyBmaWxlcyBpbiBhbGdvcml0aG0KKy8vQXV0aG9yZWQgYnk6IGxldGltb21lIGluIGNvbW1pdDo1YTBlNmRmYjQ0NGZiMWM3NmJhZDhmY2QwOTAzMWJhNWQyYjQ0OTNmLCB3aXRoIG1lc3NhZ2U6YWRkZWQgYyBmaWxlcyBpbiBhbGdvcml0aG0KKy8qKioqKioqKioqKioqKioqKioqKioqKioqKioqKioqKioqKioqKioqKioqKioqKioqKioqKioqKioqKioqKioqKioqKioqKi8vQXV0aG9yZWQgYnk6IGxldGltb21lIGluIGNvbW1pdDo1YTBlNmRmYjQ0NGZiMWM3NmJhZDhmY2QwOTAzMWJhNWQyYjQ0OTNmLCB3aXRoIG1lc3NhZ2U6YWRkZWQgYyBmaWxlcyBpbiBhbGdvcml0aG0KKyAqLy9BdXRob3JlZCBieTogbGV0aW1vbWUgaW4gY29tbWl0OjVhMGU2ZGZiNDQ0ZmIxYzc2YmFkOGZjZDA5MDMxYmE1ZDJiNDQ5M2YsIHdpdGggbWVzc2FnZTphZGRlZCBjIGZpbGVzIGluIGFsZ29yaXRobQorICogICAgICAgICAgIFdpbk1haW4vL0F1dGhvcmVkIGJ5OiBsZXRpbW9tZSBpbiBjb21taXQ6NWEwZTZkZmI0NDRmYjFjNzZiYWQ4ZmNkMDkwMzFiYTVkMmI0NDkzZiwgd2l0aCBtZXNzYWdlOmFkZGVkIGMgZmlsZXMgaW4gYWxnb3JpdGhtCisgKi8vL0F1dGhvcmVkIGJ5OiBsZXRpbW9tZSBpbiBjb21taXQ6NWEwZTZkZmI0NDRmYjFjNzZiYWQ4ZmNkMDkwMzFiYTVkMmI0NDkzZiwgd2l0aCBtZXNzYWdlOmFkZGVkIGMgZmlsZXMgaW4gYWxnb3JpdGhtCitpbnQgV0lOQVBJIF90V2luTWFpbihISU5TVEFOQ0UgaEluc3RhbmNlLCBISU5TVEFOQ0UgcHJldiwgTFBUU1RSIGNtZGxpbmUsIGludCBzaG93KS8vQXV0aG9yZWQgYnk6IGxldGltb21lIGluIGNvbW1pdDo1YTBlNmRmYjQ0NGZiMWM3NmJhZDhmY2QwOTAzMWJhNWQyYjQ0OTNmLCB3aXRoIG1lc3NhZ2U6YWRkZWQgYyBmaWxlcyBpbiBhbGdvcml0aG0KK3svL0F1dGhvcmVkIGJ5OiBsZXRpbW9tZSBpbiBjb21taXQ6NWEwZTZkZmI0NDRmYjFjNzZiYWQ4ZmNkMDkwMzFiYTVkMmI0NDkzZiwgd2l0aCBtZXNzYWdlOmFkZGVkIGMgZmlsZXMgaW4gYWxnb3JpdGhtCisgICAgTVNHIG1zZzsvL0F1dGhvcmVkIGJ5OiBsZXRpbW9tZSBpbiBjb21taXQ6NWEwZTZkZmI0NDRmYjFjNzZiYWQ4ZmNkMDkwMzFiYTVkMmI0NDkzZiwgd2l0aCBtZXNzYWdlOmFkZGVkIGMgZmlsZXMgaW4gYWxnb3JpdGhtCisgICAgSEFDQ0VMIGhBY2NlbDsvL0F1dGhvcmVkIGJ5OiBsZXRpbW9tZSBpbiBjb21taXQ6NWEwZTZkZmI0NDRmYjFjNzZiYWQ4ZmNkMDkwMzFiYTVkMmI0NDkzZiwgd2l0aCBtZXNzYWdlOmFkZGVkIGMgZmlsZXMgaW4gYWxnb3JpdGhtCisgICAgV05EQ0xBU1NFWCB3bmRjbGFzczsvL0F1dGhvcmVkIGJ5OiBsZXRpbW9tZSBpbiBjb21taXQ6NWEwZTZkZmI0NDRmYjFjNzZiYWQ4ZmNkMDkwMzFiYTVkMmI0NDkzZiwgd2l0aCBtZXNzYWdlOmFkZGVkIGMgZmlsZXMgaW4gYWxnb3JpdGhtCisgICAgSE1PTklUT1IgbW9uaXRvcjsvL0F1dGhvcmVkIGJ5OiBsZXRpbW9tZSBpbiBjb21taXQ6NWEwZTZkZmI0NDRmYjFjNzZiYWQ4ZmNkMDkwMzFiYTVkMmI0NDkzZiwgd2l0aCBtZXNzYWdlOmFkZGVkIGMgZmlsZXMgaW4gYWxnb3JpdGhtCisgICAgTU9OSVRPUklORk8gaW5mbzsvL0F1dGhvcmVkIGJ5OiBsZXRpbW9tZSBpbiBjb21taXQ6NWEwZTZkZmI0NDRmYjFjNzZiYWQ4ZmNkMDkwMzFiYTVkMmI0NDkzZiwgd2l0aCBtZXNzYWdlOmFkZGVkIGMgZmlsZXMgaW4gYWxnb3JpdGhtCisgICAgSU5UIHgsIHk7Ly9BdXRob3JlZCBieTogbGV0aW1vbWUgaW4gY29tbWl0OjVhMGU2ZGZiNDQ0ZmIxYzc2YmFkOGZjZDA5MDMxYmE1ZDJiNDQ5M2YsIHdpdGggbWVzc2FnZTphZGRlZCBjIGZpbGVzIGluIGFsZ29yaXRobQorLy9BdXRob3JlZCBieTogbGV0aW1vbWUgaW4gY29tbWl0OjVhMGU2ZGZiNDQ0ZmIxYzc2YmFkOGZjZDA5MDMxYmE1ZDJiNDQ5M2YsIHdpdGggbWVzc2FnZTphZGRlZCBjIGZpbGVzIGluIGFsZ29yaXRobQorICAgIHN0YXRpYyBjb25zdCBUQ0hBUiBjbGFzc05hbWVbXSA9IF9UKCJOb3RlcGFkIik7Ly9BdXRob3JlZCBieTogbGV0aW1vbWUgaW4gY29tbWl0OjVhMGU2ZGZiNDQ0ZmIxYzc2YmFkOGZjZDA5MDMxYmE1ZDJiNDQ5M2YsIHdpdGggbWVzc2FnZTphZGRlZCBjIGZpbGVzIGluIGFsZ29yaXRobQorICAgIHN0YXRpYyBjb25zdCBUQ0hBUiB3aW5OYW1lW10gPSBfVCgiTm90ZXBhZCIpOy8vQXV0aG9yZWQgYnk6IGxldGltb21lIGluIGNvbW1pdDo1YTBlNmRmYjQ0NGZiMWM3NmJhZDhmY2QwOTAzMWJhNWQyYjQ0OTNmLCB3aXRoIG1lc3NhZ2U6YWRkZWQgYyBmaWxlcyBpbiBhbGdvcml0aG0KKy8vQXV0aG9yZWQgYnk6IGxldGltb21lIGluIGNvbW1pdDo1YTBlNmRmYjQ0NGZiMWM3NmJhZDhmY2QwOTAzMWJhNWQyYjQ0OTNmLCB3aXRoIG1lc3NhZ2U6YWRkZWQgYyBmaWxlcyBpbiBhbGdvcml0aG0KKyAgICBzd2l0Y2ggKEdldFVzZXJEZWZhdWx0VUlMYW5ndWFnZSgpKS8vQXV0aG9yZWQgYnk6IGxldGltb21lIGluIGNvbW1pdDo1YTBlNmRmYjQ0NGZiMWM3NmJhZDhmY2QwOTAzMWJhNWQyYjQ0OTNmLCB3aXRoIG1lc3NhZ2U6YWRkZWQgYyBmaWxlcyBpbiBhbGdvcml0aG0KKyAgICB7Ly9BdXRob3JlZCBieTogbGV0aW1vbWUgaW4gY29tbWl0OjVhMGU2ZGZiNDQ0ZmIxYzc2YmFkOGZjZDA5MDMxYmE1ZDJiNDQ5M2YsIHdpdGggbWVzc2FnZTphZGRlZCBjIGZpbGVzIGluIGFsZ29yaXRobQorICAgIGNhc2UgTUFLRUxBTkdJRChMQU5HX0hFQlJFVywgU1VCTEFOR19ERUZBVUxUKTovL0F1dGhvcmVkIGJ5OiBsZXRpbW9tZSBpbiBjb21taXQ6NWEwZTZkZmI0NDRmYjFjNzZiYWQ4ZmNkMDkwMzFiYTVkMmI0NDkzZiwgd2l0aCBtZXNzYWdlOmFkZGVkIGMgZmlsZXMgaW4gYWxnb3JpdGhtCisgICAgICAgIFNldFByb2Nlc3NEZWZhdWx0TGF5b3V0KExBWU9VVF9SVEwpOy8vQXV0aG9yZWQgYnk6IGxldGltb21lIGluIGNvbW1pdDo1YTBlNmRmYjQ0NGZiMWM3NmJhZDhmY2QwOTAzMWJhNWQyYjQ0OTNmLCB3aXRoIG1lc3NhZ2U6YWRkZWQgYyBmaWxlcyBpbiBhbGdvcml0aG0KKyAgICAgICAgYnJlYWs7Ly9BdXRob3JlZCBieTogbGV0aW1vbWUgaW4gY29tbWl0OjVhMGU2ZGZiNDQ0ZmIxYzc2YmFkOGZjZDA5MDMxYmE1ZDJiNDQ5M2YsIHdpdGggbWVzc2FnZTphZGRlZCBjIGZpbGVzIGluIGFsZ29yaXRobQorLy9BdXRob3JlZCBieTogbGV0aW1vbWUgaW4gY29tbWl0OjVhMGU2ZGZiNDQ0ZmIxYzc2YmFkOGZjZDA5MDMxYmE1ZDJiNDQ5M2YsIHdpdGggbWVzc2FnZTphZGRlZCBjIGZpbGVzIGluIGFsZ29yaXRobQorICAgIGRlZmF1bHQ6Ly9BdXRob3JlZCBieTogbGV0aW1vbWUgaW4gY29tbWl0OjVhMGU2ZGZiNDQ0ZmIxYzc2YmFkOGZjZDA5MDMxYmE1ZDJiNDQ5M2YsIHdpdGggbWVzc2FnZTphZGRlZCBjIGZpbGVzIGluIGFsZ29yaXRobQorICAgICAgICBicmVhazsvL0F1dGhvcmVkIGJ5OiBsZXRpbW9tZSBpbiBjb21taXQ6NWEwZTZkZmI0NDRmYjFjNzZiYWQ4ZmNkMDkwMzFiYTVkMmI0NDkzZiwgd2l0aCBtZXNzYWdlOmFkZGVkIGMgZmlsZXMgaW4gYWxnb3JpdGhtCisgICAgfS8vQXV0aG9yZWQgYnk6IGxldGltb21lIGluIGNvbW1pdDo1YTBlNmRmYjQ0NGZiMWM3NmJhZDhmY2QwOTAzMWJhNWQyYjQ0OTNmLCB3aXRoIG1lc3NhZ2U6YWRkZWQgYyBmaWxlcyBpbiBhbGdvcml0aG0KKy8vQXV0aG9yZWQgYnk6IGxldGltb21lIGluIGNvbW1pdDo1YTBlNmRmYjQ0NGZiMWM3NmJhZDhmY2QwOTAzMWJhNWQyYjQ0OTNmLCB3aXRoIG1lc3NhZ2U6YWRkZWQgYyBmaWxlcyBpbiBhbGdvcml0aG0KKyAgICBVTlJFRkVSRU5DRURfUEFSQU1FVEVSKHByZXYpOy8vQXV0aG9yZWQgYnk6IGxldGltb21lIGluIGNvbW1pdDo1YTBlNmRmYjQ0NGZiMWM3NmJhZDhmY2QwOTAzMWJhNWQyYjQ0OTNmLCB3aXRoIG1lc3NhZ2U6YWRkZWQgYyBmaWxlcyBpbiBhbGdvcml0aG0KKy8vQXV0aG9yZWQgYnk6IGxldGltb21lIGluIGNvbW1pdDo1YTBlNmRmYjQ0NGZiMWM3NmJhZDhmY2QwOTAzMWJhNWQyYjQ0OTNmLCB3aXRoIG1lc3NhZ2U6YWRkZWQgYyBmaWxlcyBpbiBhbGdvcml0aG0KKyAgICBhRklORE1TR1NUUklORyA9IChBVE9NKVJlZ2lzdGVyV2luZG93TWVzc2FnZShGSU5ETVNHU1RSSU5HKTsvL0F1dGhvcmVkIGJ5OiBsZXRpbW9tZSBpbiBjb21taXQ6NWEwZTZkZmI0NDRmYjFjNzZiYWQ4ZmNkMDkwMzFiYTVkMmI0NDkzZiwgd2l0aCBtZXNzYWdlOmFkZGVkIGMgZmlsZXMgaW4gYWxnb3JpdGhtCisvL0F1dGhvcmVkIGJ5OiBsZXRpbW9tZSBpbiBjb21taXQ6NWEwZTZkZmI0NDRmYjFjNzZiYWQ4ZmNkMDkwMzFiYTVkMmI0NDkzZiwgd2l0aCBtZXNzYWdlOmFkZGVkIGMgZmlsZXMgaW4gYWxnb3JpdGhtCisgICAgWmVyb01lbW9yeSgmR2xvYmFscywgc2l6ZW9mKEdsb2JhbHMpKTsvL0F1dGhvcmVkIGJ5OiBsZXRpbW9tZSBpbiBjb21taXQ6NWEwZTZkZmI0NDRmYjFjNzZiYWQ4ZmNkMDkwMzFiYTVkMmI0NDkzZiwgd2l0aCBtZXNzYWdlOmFkZGVkIGMgZmlsZXMgaW4gYWxnb3JpdGhtCisgICAgR2xvYmFscy5oSW5zdGFuY2UgPSBoSW5zdGFuY2U7Ly9BdXRob3JlZCBieTogbGV0aW1vbWUgaW4gY29tbWl0OjVhMGU2ZGZiNDQ0ZmIxYzc2YmFkOGZjZDA5MDMxYmE1ZDJiNDQ5M2YsIHdpdGggbWVzc2FnZTphZGRlZCBjIGZpbGVzIGluIGFsZ29yaXRobQorICAgIE5PVEVQQURfTG9hZFNldHRpbmdzRnJvbVJlZ2lzdHJ5KCk7Ly9BdXRob3JlZCBieTogbGV0aW1vbWUgaW4gY29tbWl0OjVhMGU2ZGZiNDQ0ZmIxYzc2YmFkOGZjZDA5MDMxYmE1ZDJiNDQ5M2YsIHdpdGggbWVzc2FnZTphZGRlZCBjIGZpbGVzIGluIGFsZ29yaXRobQorLy9BdXRob3JlZCBieTogbGV0aW1vbWUgaW4gY29tbWl0OjVhMGU2ZGZiNDQ0ZmIxYzc2YmFkOGZjZDA5MDMxYmE1ZDJiNDQ5M2YsIHdpdGggbWVzc2FnZTphZGRlZCBjIGZpbGVzIGluIGFsZ29yaXRobQorICAgIFplcm9NZW1vcnkoJnduZGNsYXNzLCBzaXplb2Yod25kY2xhc3MpKTsvL0F1dGhvcmVkIGJ5OiBsZXRpbW9tZSBpbiBjb21taXQ6NWEwZTZkZmI0NDRmYjFjNzZiYWQ4ZmNkMDkwMzFiYTVkMmI0NDkzZiwgd2l0aCBtZXNzYWdlOmFkZGVkIGMgZmlsZXMgaW4gYWxnb3JpdGhtCisgICAgd25kY2xhc3MuY2JTaXplID0gc2l6ZW9mKHduZGNsYXNzKTsvL0F1dGhvcmVkIGJ5OiBsZXRpbW9tZSBpbiBjb21taXQ6NWEwZTZkZmI0NDRmYjFjNzZiYWQ4ZmNkMDkwMzFiYTVkMmI0NDkzZiwgd2l0aCBtZXNzYWdlOmFkZGVkIGMgZmlsZXMgaW4gYWxnb3JpdGhtCisgICAgd25kY2xhc3MubHBmblduZFByb2MgPSBOT1RFUEFEX1duZFByb2M7Ly9BdXRob3JlZCBieTogbGV0aW1vbWUgaW4gY29tbWl0OjVhMGU2ZGZiNDQ0ZmIxYzc2YmFkOGZjZDA5MDMxYmE1ZDJiNDQ5M2YsIHdpdGggbWVzc2FnZTphZGRlZCBjIGZpbGVzIGluIGFsZ29yaXRobQorICAgIHduZGNsYXNzLmhJbnN0YW5jZSA9IEdsb2JhbHMuaEluc3RhbmNlOy8vQXV0aG9yZWQgYnk6IGxldGltb21lIGluIGNvbW1pdDo1YTBlNmRmYjQ0NGZiMWM3NmJhZDhmY2QwOTAzMWJhNWQyYjQ0OTNmLCB3aXRoIG1lc3NhZ2U6YWRkZWQgYyBmaWxlcyBpbiBhbGdvcml0aG0KKyAgICB3bmRjbGFzcy5oSWNvbiA9IExvYWRJY29uKGhJbnN0YW5jZSwgTUFLRUlOVFJFU09VUkNFKElESV9OUElDT04pKTsvL0F1dGhvcmVkIGJ5OiBsZXRpbW9tZSBpbiBjb21taXQ6NWEwZTZkZmI0NDRmYjFjNzZiYWQ4ZmNkMDkwMzFiYTVkMmI0NDkzZiwgd2l0aCBtZXNzYWdlOmFkZGVkIGMgZmlsZXMgaW4gYWxnb3JpdGhtCisgICAgd25kY2xhc3MuaEN1cnNvciA9IExvYWRDdXJzb3IoMCwgSURDX0FSUk9XKTsvL0F1dGhvcmVkIGJ5OiBsZXRpbW9tZSBpbiBjb21taXQ6NWEwZTZkZmI0NDRmYjFjNzZiYWQ4ZmNkMDkwMzFiYTVkMmI0NDkzZiwgd2l0aCBtZXNzYWdlOmFkZGVkIGMgZmlsZXMgaW4gYWxnb3JpdGhtCisgICAgd25kY2xhc3MuaGJyQmFja2dyb3VuZCA9IChIQlJVU0gpKENPTE9SX1dJTkRPVyArIDEpOy8vQXV0aG9yZWQgYnk6IGxldGltb21lIGluIGNvbW1pdDo1YTBlNmRmYjQ0NGZiMWM3NmJhZDhmY2QwOTAzMWJhNWQyYjQ0OTNmLCB3aXRoIG1lc3NhZ2U6YWRkZWQgYyBmaWxlcyBpbiBhbGdvcml0aG0KKyAgICB3bmRjbGFzcy5scHN6TWVudU5hbWUgPSBNQUtFSU5UUkVTT1VSQ0UoTUFJTl9NRU5VKTsvL0F1dGhvcmVkIGJ5OiBsZXRpbW9tZSBpbiBjb21taXQ6NWEwZTZkZmI0NDRmYjFjNzZiYWQ4ZmNkMDkwMzFiYTVkMmI0NDkzZiwgd2l0aCBtZXNzYWdlOmFkZGVkIGMgZmlsZXMgaW4gYWxnb3JpdGhtCisgICAgd25kY2xhc3MubHBzekNsYXNzTmFtZSA9IGNsYXNzTmFtZTsvL0F1dGhvcmVkIGJ5OiBsZXRpbW9tZSBpbiBjb21taXQ6NWEwZTZkZmI0NDRmYjFjNzZiYWQ4ZmNkMDkwMzFiYTVkMmI0NDkzZiwgd2l0aCBtZXNzYWdlOmFkZGVkIGMgZmlsZXMgaW4gYWxnb3JpdGhtCisgICAgd25kY2xhc3MuaEljb25TbSA9IChISUNPTilMb2FkSW1hZ2UoaEluc3RhbmNlLC8vQXV0aG9yZWQgYnk6IGxldGltb21lIGluIGNvbW1pdDo1YTBlNmRmYjQ0NGZiMWM3NmJhZDhmY2QwOTAzMWJhNWQyYjQ0OTNmLCB3aXRoIG1lc3NhZ2U6YWRkZWQgYyBmaWxlcyBpbiBhbGdvcml0aG0KKyAgICAgICAgICAgICAgICAgICAgICAgICAgICAgICAgICAgICAgICBNQUtFSU5UUkVTT1VSQ0UoSURJX05QSUNPTiksLy9BdXRob3JlZCBieTogbGV0aW1vbWUgaW4gY29tbWl0OjVhMGU2ZGZiNDQ0ZmIxYzc2YmFkOGZjZDA5MDMxYmE1ZDJiNDQ5M2YsIHdpdGggbWVzc2FnZTphZGRlZCBjIGZpbGVzIGluIGFsZ29yaXRobQorICAgICAgICAgICAgICAgICAgICAgICAgICAgICAgICAgICAgICAgIElNQUdFX0lDT04sLy9BdXRob3JlZCBieTogbGV0aW1vbWUgaW4gY29tbWl0OjVhMGU2ZGZiNDQ0ZmIxYzc2YmFkOGZjZDA5MDMxYmE1ZDJiNDQ5M2YsIHdpdGggbWVzc2FnZTphZGRlZCBjIGZpbGVzIGluIGFsZ29yaXRobQorICAgICAgICAgICAgICAgICAgICAgICAgICAgICAgICAgICAgICAgIDE2LC8vQXV0aG9yZWQgYnk6IGxldGltb21lIGluIGNvbW1pdDo1YTBlNmRmYjQ0NGZiMWM3NmJhZDhmY2QwOTAzMWJhNWQyYjQ0OTNmLCB3aXRoIG1lc3NhZ2U6YWRkZWQgYyBmaWxlcyBpbiBhbGdvcml0aG0KKyAgICAgICAgICAgICAgICAgICAgICAgICAgICAgICAgICAgICAgICAxNiwvL0F1dGhvcmVkIGJ5OiBsZXRpbW9tZSBpbiBjb21taXQ6NWEwZTZkZmI0NDRmYjFjNzZiYWQ4ZmNkMDkwMzFiYTVkMmI0NDkzZiwgd2l0aCBtZXNzYWdlOmFkZGVkIGMgZmlsZXMgaW4gYWxnb3JpdGhtCisgICAgICAgICAgICAgICAgICAgICAgICAgICAgICAgICAgICAgICAgMCk7Ly9BdXRob3JlZCBieTogbGV0aW1vbWUgaW4gY29tbWl0OjVhMGU2ZGZiNDQ0ZmIxYzc2YmFkOGZjZDA5MDMxYmE1ZDJiNDQ5M2YsIHdpdGggbWVzc2FnZTphZGRlZCBjIGZpbGVzIGluIGFsZ29yaXRobQorLy9BdXRob3JlZCBieTogbGV0aW1vbWUgaW4gY29tbWl0OjVhMGU2ZGZiNDQ0ZmIxYzc2YmFkOGZjZDA5MDMxYmE1ZDJiNDQ5M2YsIHdpdGggbWVzc2FnZTphZGRlZCBjIGZpbGVzIGluIGFsZ29yaXRobQorICAgIGlmICghUmVnaXN0ZXJDbGFzc0V4KCZ3bmRjbGFzcykpIHJldHVybiBGQUxTRTsvL0F1dGhvcmVkIGJ5OiBsZXRpbW9tZSBpbiBjb21taXQ6NWEwZTZkZmI0NDRmYjFjNzZiYWQ4ZmNkMDkwMzFiYTVkMmI0NDkzZiwgd2l0aCBtZXNzYWdlOmFkZGVkIGMgZmlsZXMgaW4gYWxnb3JpdGhtCisvL0F1dGhvcmVkIGJ5OiBsZXRpbW9tZSBpbiBjb21taXQ6NWEwZTZkZmI0NDRmYjFjNzZiYWQ4ZmNkMDkwMzFiYTVkMmI0NDkzZiwgd2l0aCBtZXNzYWdlOmFkZGVkIGMgZmlsZXMgaW4gYWxnb3JpdGhtCisgICAgLyogU2V0dXAgd2luZG93cyAqLy8vQXV0aG9yZWQgYnk6IGxldGltb21lIGluIGNvbW1pdDo1YTBlNmRmYjQ0NGZiMWM3NmJhZDhmY2QwOTAzMWJhNWQyYjQ0OTNmLCB3aXRoIG1lc3NhZ2U6YWRkZWQgYyBmaWxlcyBpbiBhbGdvcml0aG0KKy8vQXV0aG9yZWQgYnk6IGxldGltb21lIGluIGNvbW1pdDo1YTBlNmRmYjQ0NGZiMWM3NmJhZDhmY2QwOTAzMWJhNWQyYjQ0OTNmLCB3aXRoIG1lc3NhZ2U6YWRkZWQgYyBmaWxlcyBpbiBhbGdvcml0aG0KKyAgICBtb25pdG9yID0gTW9uaXRvckZyb21SZWN0KCZHbG9iYWxzLm1haW5fcmVjdCwgTU9OSVRPUl9ERUZBVUxUVE9QUklNQVJZKTsvL0F1dGhvcmVkIGJ5OiBsZXRpbW9tZSBpbiBjb21taXQ6NWEwZTZkZmI0NDRmYjFjNzZiYWQ4ZmNkMDkwMzFiYTVkMmI0NDkzZiwgd2l0aCBtZXNzYWdlOmFkZGVkIGMgZmlsZXMgaW4gYWxnb3JpdGhtCisgICAgaW5mby5jYlNpemUgPSBzaXplb2YoaW5mbyk7Ly9BdXRob3JlZCBieTogbGV0aW1vbWUgaW4gY29tbWl0OjVhMGU2ZGZiNDQ0ZmIxYzc2YmFkOGZjZDA5MDMxYmE1ZDJiNDQ5M2YsIHdpdGggbWVzc2FnZTphZGRlZCBjIGZpbGVzIGluIGFsZ29yaXRobQorICAgIEdldE1vbml0b3JJbmZvVyhtb25pdG9yLCAmaW5mbyk7Ly9BdXRob3JlZCBieTogbGV0aW1vbWUgaW4gY29tbWl0OjVhMGU2ZGZiNDQ0ZmIxYzc2YmFkOGZjZDA5MDMxYmE1ZDJiNDQ5M2YsIHdpdGggbWVzc2FnZTphZGRlZCBjIGZpbGVzIGluIGFsZ29yaXRobQorLy9BdXRob3JlZCBieTogbGV0aW1vbWUgaW4gY29tbWl0OjVhMGU2ZGZiNDQ0ZmIxYzc2YmFkOGZjZDA5MDMxYmE1ZDJiNDQ5M2YsIHdpdGggbWVzc2FnZTphZGRlZCBjIGZpbGVzIGluIGFsZ29yaXRobQorICAgIHggPSBHbG9iYWxzLm1haW5fcmVjdC5sZWZ0Oy8vQXV0aG9yZWQgYnk6IGxldGltb21lIGluIGNvbW1pdDo1YTBlNmRmYjQ0NGZiMWM3NmJhZDhmY2QwOTAzMWJhNWQyYjQ0OTNmLCB3aXRoIG1lc3NhZ2U6YWRkZWQgYyBmaWxlcyBpbiBhbGdvcml0aG0KKyAgICB5ID0gR2xvYmFscy5tYWluX3JlY3QudG9wOy8vQXV0aG9yZWQgYnk6IGxldGltb21lIGluIGNvbW1pdDo1YTBlNmRmYjQ0NGZiMWM3NmJhZDhmY2QwOTAzMWJhNWQyYjQ0OTNmLCB3aXRoIG1lc3NhZ2U6YWRkZWQgYyBmaWxlcyBpbiBhbGdvcml0aG0KKyAgICBpZiAoR2xvYmFscy5tYWluX3JlY3QubGVmdCA+PSBpbmZvLnJjV29yay5yaWdodCB8fC8vQXV0aG9yZWQgYnk6IGxldGltb21lIGluIGNvbW1pdDo1YTBlNmRmYjQ0NGZiMWM3NmJhZDhmY2QwOTAzMWJhNWQyYjQ0OTNmLCB3aXRoIG1lc3NhZ2U6YWRkZWQgYyBmaWxlcyBpbiBhbGdvcml0aG0KKyAgICAgICAgR2xvYmFscy5tYWluX3JlY3QudG9wID49IGluZm8ucmNXb3JrLmJvdHRvbSB8fC8vQXV0aG9yZWQgYnk6IGxldGltb21lIGluIGNvbW1pdDo1YTBlNmRmYjQ0NGZiMWM3NmJhZDhmY2QwOTAzMWJhNWQyYjQ0OTNmLCB3aXRoIG1lc3NhZ2U6YWRkZWQgYyBmaWxlcyBpbiBhbGdvcml0aG0KKyAgICAgICAgR2xvYmFscy5tYWluX3JlY3QucmlnaHQgPCBpbmZvLnJjV29yay5sZWZ0IHx8Ly9BdXRob3JlZCBieTogbGV0aW1vbWUgaW4gY29tbWl0OjVhMGU2ZGZiNDQ0ZmIxYzc2YmFkOGZjZDA5MDMxYmE1ZDJiNDQ5M2YsIHdpdGggbWVzc2FnZTphZGRlZCBjIGZpbGVzIGluIGFsZ29yaXRobQorICAgICAgICBHbG9iYWxzLm1haW5fcmVjdC5ib3R0b20gPCBpbmZvLnJjV29yay50b3ApLy9BdXRob3JlZCBieTogbGV0aW1vbWUgaW4gY29tbWl0OjVhMGU2ZGZiNDQ0ZmIxYzc2YmFkOGZjZDA5MDMxYmE1ZDJiNDQ5M2YsIHdpdGggbWVzc2FnZTphZGRlZCBjIGZpbGVzIGluIGFsZ29yaXRobQorICAgICAgICB4ID0geSA9IENXX1VTRURFRkFVTFQ7Ly9BdXRob3JlZCBieTogbGV0aW1vbWUgaW4gY29tbWl0OjVhMGU2ZGZiNDQ0ZmIxYzc2YmFkOGZjZDA5MDMxYmE1ZDJiNDQ5M2YsIHdpdGggbWVzc2FnZTphZGRlZCBjIGZpbGVzIGluIGFsZ29yaXRobQo=','5a0e6dfb444fb1c76bad8fcd09031ba5d2b4493f; 5a0e6dfb444fb1c76bad8fcd09031ba5d2b4493f; 5a0e6dfb444fb1c76bad8fcd09031ba5d2b4493f; 5a0e6dfb444fb1c76bad8fcd09031ba5d2b4493f; 5a0e6dfb444fb1c76bad8fcd09031ba5d2b4493f; 5a0e6dfb444fb1c76bad8fcd09031ba5d2b4493f; 5a0e6dfb444fb1c76bad8fcd09031ba5d2b4493f; 5a0e6dfb444fb1c76bad8fcd09031ba5d2b4493f; 5a0e6dfb444fb1c76bad8fcd09031ba5d2b4493f; 5a0e6dfb444fb1c76bad8fcd09031ba5d2b4493f; 5a0e6dfb444fb1c76bad8fcd09031ba5d2b4493f; 5a0e6dfb444fb1c76bad8fcd09031ba5d2b4493f; 5a0e6dfb444fb1c76bad8fcd09031ba5d2b4493f; 5a0e6dfb444fb1c76bad8fcd09031ba5d2b4493f; 5a0e6dfb444fb1c76bad8fcd09031ba5d2b4493f; 5a0e6dfb444fb1c76bad8fcd09031ba5d2b4493f; 5a0e6dfb444fb1c76bad8fcd09031ba5d2b4493f; 5a0e6dfb444fb1c76bad8fcd09031ba5d2b4493f; 5a0e6dfb444fb1c76bad8fcd09031ba5d2b4493f; 5a0e6dfb444fb1c76bad8fcd09031ba5d2b4493f; 5a0e6dfb444fb1c76bad8fcd09031ba5d2b4493f; 5a0e6dfb444fb1c76bad8fcd09031ba5d2b4493f; 5a0e6dfb444fb1c76bad8fcd09031ba5d2b4493f; 5a0e6dfb444fb1c76bad8fcd09031ba5d2b4493f; 5a0e6dfb444fb1c76bad8fcd09031ba5d2b4493f; 5a0e6dfb444fb1c76bad8fcd09031ba5d2b4493f; 5a0e6dfb444fb1c76bad8fcd09031ba5d2b4493f; 5a0e6dfb444fb1c76bad8fcd09031ba5d2b4493f; 5a0e6dfb444fb1c76bad8fcd09031ba5d2b4493f; 5a0e6dfb444fb1c76bad8fcd09031ba5d2b4493f; 5a0e6dfb444fb1c76bad8fcd09031ba5d2b4493f; 5a0e6dfb444fb1c76bad8fcd09031ba5d2b4493f; 5a0e6dfb444fb1c76bad8fcd09031ba5d2b4493f; 5a0e6dfb444fb1c76bad8fcd09031ba5d2b4493f; 5a0e6dfb444fb1c76bad8fcd09031ba5d2b4493f; 5a0e6dfb444fb1c76bad8fcd09031ba5d2b4493f; 5a0e6dfb444fb1c76bad8fcd09031ba5d2b4493f; 5a0e6dfb444fb1c76bad8fcd09031ba5d2b4493f; 5a0e6dfb444fb1c76bad8fcd09031ba5d2b4493f; 5a0e6dfb444fb1c76bad8fcd09031ba5d2b4493f; 5a0e6dfb444fb1c76bad8fcd09031ba5d2b4493f; 5a0e6dfb444fb1c76bad8fcd09031ba5d2b4493f; 5a0e6dfb444fb1c76bad8fcd09031ba5d2b4493f; 5a0e6dfb444fb1c76bad8fcd09031ba5d2b4493f; 5a0e6dfb444fb1c76bad8fcd09031ba5d2b4493f; 5a0e6dfb444fb1c76bad8fcd09031ba5d2b4493f; 5a0e6dfb444fb1c76bad8fcd09031ba5d2b4493f; 5a0e6dfb444fb1c76bad8fcd09031ba5d2b4493f; 5a0e6dfb444fb1c76bad8fcd09031ba5d2b4493f; 5a0e6dfb444fb1c76bad8fcd09031ba5d2b4493f; 5a0e6dfb444fb1c76bad8fcd09031ba5d2b4493f; 5a0e6dfb444fb1c76bad8fcd09031ba5d2b4493f; 5a0e6dfb444fb1c76bad8fcd09031ba5d2b4493f; 5a0e6dfb444fb1c76bad8fcd09031ba5d2b4493f; 5a0e6dfb444fb1c76bad8fcd09031ba5d2b4493f; 5a0e6dfb444fb1c76bad8fcd09031ba5d2b4493f; 5a0e6dfb444fb1c76bad8fcd09031ba5d2b4493f; 5a0e6dfb444fb1c76bad8fcd09031ba5d2b4493f; 5a0e6dfb444fb1c76bad8fcd09031ba5d2b4493f; 5a0e6dfb444fb1c76bad8fcd09031ba5d2b4493f; 5a0e6dfb444fb1c76bad8fcd09031ba5d2b4493f; 5a0e6dfb444fb1c76bad8fcd09031ba5d2b4493f; 5a0e6dfb444fb1c76bad8fcd09031ba5d2b4493f; 5a0e6dfb444fb1c76bad8fcd09031ba5d2b4493f; 5a0e6dfb444fb1c76bad8fcd09031ba5d2b4493f; 5a0e6dfb444fb1c76bad8fcd09031ba5d2b4493f; 5a0e6dfb444fb1c76bad8fcd09031ba5d2b4493f; 5a0e6dfb444fb1c76bad8fcd09031ba5d2b4493f; 5a0e6dfb444fb1c76bad8fcd09031ba5d2b4493f; 5a0e6dfb444fb1c76bad8fcd09031ba5d2b4493f; 5a0e6dfb444fb1c76bad8fcd09031ba5d2b4493f; 5a0e6dfb444fb1c76bad8fcd09031ba5d2b4493f; 5a0e6dfb444fb1c76bad8fcd09031ba5d2b4493f; 5a0e6dfb444fb1c76bad8fcd09031ba5d2b4493f; 5a0e6dfb444fb1c76bad8fcd09031ba5d2b4493f; 5a0e6dfb444fb1c76bad8fcd09031ba5d2b4493f; 5a0e6dfb444fb1c76bad8fcd09031ba5d2b4493f; 5a0e6dfb444fb1c76bad8fcd09031ba5d2b4493f; 5a0e6dfb444fb1c76bad8fcd09031ba5d2b4493f; 5a0e6dfb444fb1c76bad8fcd09031ba5d2b4493f; 5a0e6dfb444fb1c76bad8fcd09031ba5d2b4493f; 5a0e6dfb444fb1c76bad8fcd09031ba5d2b4493f; 5a0e6dfb444fb1c76bad8fcd09031ba5d2b4493f; 5a0e6dfb444fb1c76bad8fcd09031ba5d2b4493f; 5a0e6dfb444fb1c76bad8fcd09031ba5d2b4493f; 5a0e6dfb444fb1c76bad8fcd09031ba5d2b4493f; 5a0e6dfb444fb1c76bad8fcd09031ba5d2b4493f; 5a0e6dfb444fb1c76bad8fcd09031ba5d2b4493f; 5a0e6dfb444fb1c76bad8fcd09031ba5d2b4493f; 5a0e6dfb444fb1c76bad8fcd09031ba5d2b4493f; 5a0e6dfb444fb1c76bad8fcd09031ba5d2b4493f; 5a0e6dfb444fb1c76bad8fcd09031ba5d2b4493f; 5a0e6dfb444fb1c76bad8fcd09031ba5d2b4493f; 5a0e6dfb444fb1c76bad8fcd09031ba5d2b4493f; 5a0e6dfb444fb1c76bad8fcd09031ba5d2b4493f; 5a0e6dfb444fb1c76bad8fcd09031ba5d2b4493f; 5a0e6dfb444fb1c76bad8fcd09031ba5d2b4493f; 5a0e6dfb444fb1c76bad8fcd09031ba5d2b4493f; 5a0e6dfb444fb1c76bad8fcd09031ba5d2b4493f; 5a0e6dfb444fb1c76bad8fcd09031ba5d2b4493f; 5a0e6dfb444fb1c76bad8fcd09031ba5d2b4493f; 5a0e6dfb444fb1c76bad8fcd09031ba5d2b4493f; 5a0e6dfb444fb1c76bad8fcd09031ba5d2b4493f; 5a0e6dfb444fb1c76bad8fcd09031ba5d2b4493f; 5a0e6dfb444fb1c76bad8fcd09031ba5d2b4493f; 5a0e6dfb444fb1c76bad8fcd09031ba5d2b4493f; 5a0e6dfb444fb1c76bad8fcd09031ba5d2b4493f; 5a0e6dfb444fb1c76bad8fcd09031ba5d2b4493f; 5a0e6dfb444fb1c76bad8fcd09031ba5d2b4493f; 5a0e6dfb444fb1c76bad8fcd09031ba5d2b4493f; 5a0e6dfb444fb1c76bad8fcd09031ba5d2b4493f; 5a0e6dfb444fb1c76bad8fcd09031ba5d2b4493f; 5a0e6dfb444fb1c76bad8fcd09031ba5d2b4493f; 5a0e6dfb444fb1c76bad8fcd09031ba5d2b4493f; 5a0e6dfb444fb1c76bad8fcd09031ba5d2b4493f; 5a0e6dfb444fb1c76bad8fcd09031ba5d2b4493f; 5a0e6dfb444fb1c76bad8fcd09031ba5d2b4493f; 5a0e6dfb444fb1c76bad8fcd09031ba5d2b4493f; 5a0e6dfb444fb1c76bad8fcd09031ba5d2b4493f; 5a0e6dfb444fb1c76bad8fcd09031ba5d2b4493f; 5a0e6dfb444fb1c76bad8fcd09031ba5d2b4493f; 5a0e6dfb444fb1c76bad8fcd09031ba5d2b4493f; 5a0e6dfb444fb1c76bad8fcd09031ba5d2b4493f; 5a0e6dfb444fb1c76bad8fcd09031ba5d2b4493f; 5a0e6dfb444fb1c76bad8fcd09031ba5d2b4493f; 5a0e6dfb444fb1c76bad8fcd09031ba5d2b4493f; 5a0e6dfb444fb1c76bad8fcd09031ba5d2b4493f; 5a0e6dfb444fb1c76bad8fcd09031ba5d2b4493f; 5a0e6dfb444fb1c76bad8fcd09031ba5d2b4493f; 5a0e6dfb444fb1c76bad8fcd09031ba5d2b4493f; 5a0e6dfb444fb1c76bad8fcd09031ba5d2b4493f; 5a0e6dfb444fb1c76bad8fcd09031ba5d2b4493f; 5a0e6dfb444fb1c76bad8fcd09031ba5d2b4493f; 5a0e6dfb444fb1c76bad8fcd09031ba5d2b4493f; 5a0e6dfb444fb1c76bad8fcd09031ba5d2b4493f; 5a0e6dfb444fb1c76bad8fcd09031ba5d2b4493f; 5a0e6dfb444fb1c76bad8fcd09031ba5d2b4493f; 5a0e6dfb444fb1c76bad8fcd09031ba5d2b4493f; 5a0e6dfb444fb1c76bad8fcd09031ba5d2b4493f; 5a0e6dfb444fb1c76bad8fcd09031ba5d2b4493f; 5a0e6dfb444fb1c76bad8fcd09031ba5d2b4493f; 5a0e6dfb444fb1c76bad8fcd09031ba5d2b4493f; 5a0e6dfb444fb1c76bad8fcd09031ba5d2b4493f; 5a0e6dfb444fb1c76bad8fcd09031ba5d2b4493f; 5a0e6dfb444fb1c76bad8fcd09031ba5d2b4493f; 5a0e6dfb444fb1c76bad8fcd09031ba5d2b4493f; 5a0e6dfb444fb1c76bad8fcd09031ba5d2b4493f; 5a0e6dfb444fb1c76bad8fcd09031ba5d2b4493f; 5a0e6dfb444fb1c76bad8fcd09031ba5d2b4493f; 5a0e6dfb444fb1c76bad8fcd09031ba5d2b4493f; 5a0e6dfb444fb1c76bad8fcd09031ba5d2b4493f; 5a0e6dfb444fb1c76bad8fcd09031ba5d2b4493f; 5a0e6dfb444fb1c76bad8fcd09031ba5d2b4493f; 5a0e6dfb444fb1c76bad8fcd09031ba5d2b4493f; 5a0e6dfb444fb1c76bad8fcd09031ba5d2b4493f; 5a0e6dfb444fb1c76bad8fcd09031ba5d2b4493f; 5a0e6dfb444fb1c76bad8fcd09031ba5d2b4493f; 5a0e6dfb444fb1c76bad8fcd09031ba5d2b4493f; 5a0e6dfb444fb1c76bad8fcd09031ba5d2b4493f; 5a0e6dfb444fb1c76bad8fcd09031ba5d2b4493f; 5a0e6dfb444fb1c76bad8fcd09031ba5d2b4493f; 5a0e6dfb444fb1c76bad8fcd09031ba5d2b4493f; 5a0e6dfb444fb1c76bad8fcd09031ba5d2b4493f; 5a0e6dfb444fb1c76bad8fcd09031ba5d2b4493f; 5a0e6dfb444fb1c76bad8fcd09031ba5d2b4493f; 5a0e6dfb444fb1c76bad8fcd09031ba5d2b4493f; 5a0e6dfb444fb1c76bad8fcd09031ba5d2b4493f; 5a0e6dfb444fb1c76bad8fcd09031ba5d2b4493f; 5a0e6dfb444fb1c76bad8fcd09031ba5d2b4493f; 5a0e6dfb444fb1c76bad8fcd09031ba5d2b4493f; 5a0e6dfb444fb1c76bad8fcd09031ba5d2b4493f; 5a0e6dfb444fb1c76bad8fcd09031ba5d2b4493f; 5a0e6dfb444fb1c76bad8fcd09031ba5d2b4493f; 5a0e6dfb444fb1c76bad8fcd09031ba5d2b4493f; 5a0e6dfb444fb1c76bad8fcd09031ba5d2b4493f; 5a0e6dfb444fb1c76bad8fcd09031ba5d2b4493f; 5a0e6dfb444fb1c76bad8fcd09031ba5d2b4493f; 5a0e6dfb444fb1c76bad8fcd09031ba5d2b4493f; 5a0e6dfb444fb1c76bad8fcd09031ba5d2b4493f; 5a0e6dfb444fb1c76bad8fcd09031ba5d2b4493f; 5a0e6dfb444fb1c76bad8fcd09031ba5d2b4493f; 5a0e6dfb444fb1c76bad8fcd09031ba5d2b4493f; 5a0e6dfb444fb1c76bad8fcd09031ba5d2b4493f; 5a0e6dfb444fb1c76bad8fcd09031ba5d2b4493f; 5a0e6dfb444fb1c76bad8fcd09031ba5d2b4493f; 5a0e6dfb444fb1c76bad8fcd09031ba5d2b4493f; 5a0e6dfb444fb1c76bad8fcd09031ba5d2b4493f; 5a0e6dfb444fb1c76bad8fcd09031ba5d2b4493f; 5a0e6dfb444fb1c76bad8fcd09031ba5d2b4493f; 5a0e6dfb444fb1c76bad8fcd09031ba5d2b4493f; 5a0e6dfb444fb1c76bad8fcd09031ba5d2b4493f; 5a0e6dfb444fb1c76bad8fcd09031ba5d2b4493f; 5a0e6dfb444fb1c76bad8fcd09031ba5d2b4493f; 5a0e6dfb444fb1c76bad8fcd09031ba5d2b4493f; 5a0e6dfb444fb1c76bad8fcd09031ba5d2b4493f; 5a0e6dfb444fb1c76bad8fcd09031ba5d2b4493f; 5a0e6dfb444fb1c76bad8fcd09031ba5d2b4493f; 5a0e6dfb444fb1c76bad8fcd09031ba5d2b4493f; 5a0e6dfb444fb1c76bad8fcd09031ba5d2b4493f; 5a0e6dfb444fb1c76bad8fcd09031ba5d2b4493f; 5a0e6dfb444fb1c76bad8fcd09031ba5d2b4493f; 5a0e6dfb444fb1c76bad8fcd09031ba5d2b4493f; 5a0e6dfb444fb1c76bad8fcd09031ba5d2b4493f; 5a0e6dfb444fb1c76bad8fcd09031ba5d2b4493f; 5a0e6dfb444fb1c76bad8fcd09031ba5d2b4493f; 5a0e6dfb444fb1c76bad8fcd09031ba5d2b4493f; 5a0e6dfb444fb1c76bad8fcd09031ba5d2b4493f; 5a0e6dfb444fb1c76bad8fcd09031ba5d2b4493f; 5a0e6dfb444fb1c76bad8fcd09031ba5d2b4493f; 5a0e6dfb444fb1c76bad8fcd09031ba5d2b4493f; 5a0e6dfb444fb1c76bad8fcd09031ba5d2b4493f; 5a0e6dfb444fb1c76bad8fcd09031ba5d2b4493f; 5a0e6dfb444fb1c76bad8fcd09031ba5d2b4493f; 5a0e6dfb444fb1c76bad8fcd09031ba5d2b4493f; 5a0e6dfb444fb1c76bad8fcd09031ba5d2b4493f; 5a0e6dfb444fb1c76bad8fcd09031ba5d2b4493f; 5a0e6dfb444fb1c76bad8fcd09031ba5d2b4493f; 5a0e6dfb444fb1c76bad8fcd09031ba5d2b4493f; 5a0e6dfb444fb1c76bad8fcd09031ba5d2b4493f; 5a0e6dfb444fb1c76bad8fcd09031ba5d2b4493f; 5a0e6dfb444fb1c76bad8fcd09031ba5d2b4493f; 5a0e6dfb444fb1c76bad8fcd09031ba5d2b4493f; 5a0e6dfb444fb1c76bad8fcd09031ba5d2b4493f; 5a0e6dfb444fb1c76bad8fcd09031ba5d2b4493f; 5a0e6dfb444fb1c76bad8fcd09031ba5d2b4493f; 5a0e6dfb444fb1c76bad8fcd09031ba5d2b4493f; 5a0e6dfb444fb1c76bad8fcd09031ba5d2b4493f; 5a0e6dfb444fb1c76bad8fcd09031ba5d2b4493f; 5a0e6dfb444fb1c76bad8fcd09031ba5d2b4493f; 5a0e6dfb444fb1c76bad8fcd09031ba5d2b4493f; 5a0e6dfb444fb1c76bad8fcd09031ba5d2b4493f; 5a0e6dfb444fb1c76bad8fcd09031ba5d2b4493f; 5a0e6dfb444fb1c76bad8fcd09031ba5d2b4493f; 5a0e6dfb444fb1c76bad8fcd09031ba5d2b4493f; 5a0e6dfb444fb1c76bad8fcd09031ba5d2b4493f; 5a0e6dfb444fb1c76bad8fcd09031ba5d2b4493f; 5a0e6dfb444fb1c76bad8fcd09031ba5d2b4493f; 5a0e6dfb444fb1c76bad8fcd09031ba5d2b4493f; 5a0e6dfb444fb1c76bad8fcd09031ba5d2b4493f; 5a0e6dfb444fb1c76bad8fcd09031ba5d2b4493f; 5a0e6dfb444fb1c76bad8fcd09031ba5d2b4493f; 5a0e6dfb444fb1c76bad8fcd09031ba5d2b4493f; 5a0e6dfb444fb1c76bad8fcd09031ba5d2b4493f; 5a0e6dfb444fb1c76bad8fcd09031ba5d2b4493f; 5a0e6dfb444fb1c76bad8fcd09031ba5d2b4493f; 5a0e6dfb444fb1c76bad8fcd09031ba5d2b4493f; 5a0e6dfb444fb1c76bad8fcd09031ba5d2b4493f; 5a0e6dfb444fb1c76bad8fcd09031ba5d2b4493f; 5a0e6dfb444fb1c76bad8fcd09031ba5d2b4493f; 5a0e6dfb444fb1c76bad8fcd09031ba5d2b4493f; 5a0e6dfb444fb1c76bad8fcd09031ba5d2b4493f; 5a0e6dfb444fb1c76bad8fcd09031ba5d2b4493f; 5a0e6dfb444fb1c76bad8fcd09031ba5d2b4493f; 5a0e6dfb444fb1c76bad8fcd09031ba5d2b4493f; 5a0e6dfb444fb1c76bad8fcd09031ba5d2b4493f; 5a0e6dfb444fb1c76bad8fcd09031ba5d2b4493f; 5a0e6dfb444fb1c76bad8fcd09031ba5d2b4493f; 5a0e6dfb444fb1c76bad8fcd09031ba5d2b4493f; 5a0e6dfb444fb1c76bad8fcd09031ba5d2b4493f; 5a0e6dfb444fb1c76bad8fcd09031ba5d2b4493f; 5a0e6dfb444fb1c76bad8fcd09031ba5d2b4493f; 5a0e6dfb444fb1c76bad8fcd09031ba5d2b4493f; 5a0e6dfb444fb1c76bad8fcd09031ba5d2b4493f; 5a0e6dfb444fb1c76bad8fcd09031ba5d2b4493f; 5a0e6dfb444fb1c76bad8fcd09031ba5d2b4493f; 5a0e6dfb444fb1c76bad8fcd09031ba5d2b4493f; 5a0e6dfb444fb1c76bad8fcd09031ba5d2b4493f; 5a0e6dfb444fb1c76bad8fcd09031ba5d2b4493f; 5a0e6dfb444fb1c76bad8fcd09031ba5d2b4493f; 5a0e6dfb444fb1c76bad8fcd09031ba5d2b4493f; 5a0e6dfb444fb1c76bad8fcd09031ba5d2b4493f; 5a0e6dfb444fb1c76bad8fcd09031ba5d2b4493f; 5a0e6dfb444fb1c76bad8fcd09031ba5d2b4493f; 5a0e6dfb444fb1c76bad8fcd09031ba5d2b4493f; 5a0e6dfb444fb1c76bad8fcd09031ba5d2b4493f; 5a0e6dfb444fb1c76bad8fcd09031ba5d2b4493f; 5a0e6dfb444fb1c76bad8fcd09031ba5d2b4493f; 5a0e6dfb444fb1c76bad8fcd09031ba5d2b4493f; 5a0e6dfb444fb1c76bad8fcd09031ba5d2b4493f; 5a0e6dfb444fb1c76bad8fcd09031ba5d2b4493f; 5a0e6dfb444fb1c76bad8fcd09031ba5d2b4493f; 5a0e6dfb444fb1c76bad8fcd09031ba5d2b4493f; 5a0e6dfb444fb1c76bad8fcd09031ba5d2b4493f; 5a0e6dfb444fb1c76bad8fcd09031ba5d2b4493f; 5a0e6dfb444fb1c76bad8fcd09031ba5d2b4493f; 5a0e6dfb444fb1c76bad8fcd09031ba5d2b4493f; 5a0e6dfb444fb1c76bad8fcd09031ba5d2b4493f; 5a0e6dfb444fb1c76bad8fcd09031ba5d2b4493f; 5a0e6dfb444fb1c76bad8fcd09031ba5d2b4493f; 5a0e6dfb444fb1c76bad8fcd09031ba5d2b4493f; 5a0e6dfb444fb1c76bad8fcd09031ba5d2b4493f; 5a0e6dfb444fb1c76bad8fcd09031ba5d2b4493f; 5a0e6dfb444fb1c76bad8fcd09031ba5d2b4493f; 5a0e6dfb444fb1c76bad8fcd09031ba5d2b4493f; 5a0e6dfb444fb1c76bad8fcd09031ba5d2b4493f; 5a0e6dfb444fb1c76bad8fcd09031ba5d2b4493f; 5a0e6dfb444fb1c76bad8fcd09031ba5d2b4493f; 5a0e6dfb444fb1c76bad8fcd09031ba5d2b4493f; 5a0e6dfb444fb1c76bad8fcd09031ba5d2b4493f; 5a0e6dfb444fb1c76bad8fcd09031ba5d2b4493f; 5a0e6dfb444fb1c76bad8fcd09031ba5d2b4493f; 5a0e6dfb444fb1c76bad8fcd09031ba5d2b4493f; 5a0e6dfb444fb1c76bad8fcd09031ba5d2b4493f; 5a0e6dfb444fb1c76bad8fcd09031ba5d2b4493f; 5a0e6dfb444fb1c76bad8fcd09031ba5d2b4493f; 5a0e6dfb444fb1c76bad8fcd09031ba5d2b4493f; 5a0e6dfb444fb1c76bad8fcd09031ba5d2b4493f; 5a0e6dfb444fb1c76bad8fcd09031ba5d2b4493f; 5a0e6dfb444fb1c76bad8fcd09031ba5d2b4493f; 5a0e6dfb444fb1c76bad8fcd09031ba5d2b4493f; 5a0e6dfb444fb1c76bad8fcd09031ba5d2b4493f; 5a0e6dfb444fb1c76bad8fcd09031ba5d2b4493f; 5a0e6dfb444fb1c76bad8fcd09031ba5d2b4493f; 5a0e6dfb444fb1c76bad8fcd09031ba5d2b4493f; 5a0e6dfb444fb1c76bad8fcd09031ba5d2b4493f; 5a0e6dfb444fb1c76bad8fcd09031ba5d2b4493f; 5a0e6dfb444fb1c76bad8fcd09031ba5d2b4493f; 5a0e6dfb444fb1c76bad8fcd09031ba5d2b4493f; 5a0e6dfb444fb1c76bad8fcd09031ba5d2b4493f; 5a0e6dfb444fb1c76bad8fcd09031ba5d2b4493f; 5a0e6dfb444fb1c76bad8fcd09031ba5d2b4493f; 5a0e6dfb444fb1c76bad8fcd09031ba5d2b4493f; 5a0e6dfb444fb1c76bad8fcd09031ba5d2b4493f; 5a0e6dfb444fb1c76bad8fcd09031ba5d2b4493f; 5a0e6dfb444fb1c76bad8fcd09031ba5d2b4493f; 5a0e6dfb444fb1c76bad8fcd09031ba5d2b4493f; 5a0e6dfb444fb1c76bad8fcd09031ba5d2b4493f; 5a0e6dfb444fb1c76bad8fcd09031ba5d2b4493f; 5a0e6dfb444fb1c76bad8fcd09031ba5d2b4493f; 5a0e6dfb444fb1c76bad8fcd09031ba5d2b4493f; 5a0e6dfb444fb1c76bad8fcd09031ba5d2b4493f; 5a0e6dfb444fb1c76bad8fcd09031ba5d2b4493f; 5a0e6dfb444fb1c76bad8fcd09031ba5d2b4493f; 5a0e6dfb444fb1c76bad8fcd09031ba5d2b4493f; 5a0e6dfb444fb1c76bad8fcd09031ba5d2b4493f; 5a0e6dfb444fb1c76bad8fcd09031ba5d2b4493f; 5a0e6dfb444fb1c76bad8fcd09031ba5d2b4493f; 5a0e6dfb444fb1c76bad8fcd09031ba5d2b4493f; 5a0e6dfb444fb1c76bad8fcd09031ba5d2b4493f; 5a0e6dfb444fb1c76bad8fcd09031ba5d2b4493f; 5a0e6dfb444fb1c76bad8fcd09031ba5d2b4493f; 5a0e6dfb444fb1c76bad8fcd09031ba5d2b4493f; 5a0e6dfb444fb1c76bad8fcd09031ba5d2b4493f; 5a0e6dfb444fb1c76bad8fcd09031ba5d2b4493f; 5a0e6dfb444fb1c76bad8fcd09031ba5d2b4493f; 5a0e6dfb444fb1c76bad8fcd09031ba5d2b4493f; 5a0e6dfb444fb1c76bad8fcd09031ba5d2b4493f; 5a0e6dfb444fb1c76bad8fcd09031ba5d2b4493f; 5a0e6dfb444fb1c76bad8fcd09031ba5d2b4493f; 5a0e6dfb444fb1c76bad8fcd09031ba5d2b4493f; 5a0e6dfb444fb1c76bad8fcd09031ba5d2b4493f; 5a0e6dfb444fb1c76bad8fcd09031ba5d2b4493f; 5a0e6dfb444fb1c76bad8fcd09031ba5d2b4493f; 5a0e6dfb444fb1c76bad8fcd09031ba5d2b4493f; 5a0e6dfb444fb1c76bad8fcd09031ba5d2b4493f; 5a0e6dfb444fb1c76bad8fcd09031ba5d2b4493f; 5a0e6dfb444fb1c76bad8fcd09031ba5d2b4493f; 5a0e6dfb444fb1c76bad8fcd09031ba5d2b4493f; 5a0e6dfb444fb1c76bad8fcd09031ba5d2b4493f; 5a0e6dfb444fb1c76bad8fcd09031ba5d2b4493f; 5a0e6dfb444fb1c76bad8fcd09031ba5d2b4493f; 5a0e6dfb444fb1c76bad8fcd09031ba5d2b4493f; 5a0e6dfb444fb1c76bad8fcd09031ba5d2b4493f; 5a0e6dfb444fb1c76bad8fcd09031ba5d2b4493f; 5a0e6dfb444fb1c76bad8fcd09031ba5d2b4493f; 5a0e6dfb444fb1c76bad8fcd09031ba5d2b4493f; 5a0e6dfb444fb1c76bad8fcd09031ba5d2b4493f; 5a0e6dfb444fb1c76bad8fcd09031ba5d2b4493f; 5a0e6dfb444fb1c76bad8fcd09031ba5d2b4493f; 5a0e6dfb444fb1c76bad8fcd09031ba5d2b4493f; 5a0e6dfb444fb1c76bad8fcd09031ba5d2b4493f; 5a0e6dfb444fb1c76bad8fcd09031ba5d2b4493f; 5a0e6dfb444fb1c76bad8fcd09031ba5d2b4493f; 5a0e6dfb444fb1c76bad8fcd09031ba5d2b4493f; 5a0e6dfb444fb1c76bad8fcd09031ba5d2b4493f; 5a0e6dfb444fb1c76bad8fcd09031ba5d2b4493f; 5a0e6dfb444fb1c76bad8fcd09031ba5d2b4493f; 5a0e6dfb444fb1c76bad8fcd09031ba5d2b4493f; 5a0e6dfb444fb1c76bad8fcd09031ba5d2b4493f; 5a0e6dfb444fb1c76bad8fcd09031ba5d2b4493f; 5a0e6dfb444fb1c76bad8fcd09031ba5d2b4493f; 5a0e6dfb444fb1c76bad8fcd09031ba5d2b4493f; 5a0e6dfb444fb1c76bad8fcd09031ba5d2b4493f; 5a0e6dfb444fb1c76bad8fcd09031ba5d2b4493f; 5a0e6dfb444fb1c76bad8fcd09031ba5d2b4493f; 5a0e6dfb444fb1c76bad8fcd09031ba5d2b4493f; 5a0e6dfb444fb1c76bad8fcd09031ba5d2b4493f; 5a0e6dfb444fb1c76bad8fcd09031ba5d2b4493f; 5a0e6dfb444fb1c76bad8fcd09031ba5d2b4493f; 5a0e6dfb444fb1c76bad8fcd09031ba5d2b4493f; 5a0e6dfb444fb1c76bad8fcd09031ba5d2b4493f; 5a0e6dfb444fb1c76bad8fcd09031ba5d2b4493f; 5a0e6dfb444fb1c76bad8fcd09031ba5d2b4493f; 5a0e6dfb444fb1c76bad8fcd09031ba5d2b4493f; 5a0e6dfb444fb1c76bad8fcd09031ba5d2b4493f; 5a0e6dfb444fb1c76bad8fcd09031ba5d2b4493f; 5a0e6dfb444fb1c76bad8fcd09031ba5d2b4493f; 5a0e6dfb444fb1c76bad8fcd09031ba5d2b4493f; 5a0e6dfb444fb1c76bad8fcd09031ba5d2b4493f; 5a0e6dfb444fb1c76bad8fcd09031ba5d2b4493f; 5a0e6dfb444fb1c76bad8fcd09031ba5d2b4493f; 5a0e6dfb444fb1c76bad8fcd09031ba5d2b4493f; 5a0e6dfb444fb1c76bad8fcd09031ba5d2b4493f; 5a0e6dfb444fb1c76bad8fcd09031ba5d2b4493f; 5a0e6dfb444fb1c76bad8fcd09031ba5d2b4493f; 5a0e6dfb444fb1c76bad8fcd09031ba5d2b4493f; 5a0e6dfb444fb1c76bad8fcd09031ba5d2b4493f; 5a0e6dfb444fb1c76bad8fcd09031ba5d2b4493f; 5a0e6dfb444fb1c76bad8fcd09031ba5d2b4493f; 5a0e6dfb444fb1c76bad8fcd09031ba5d2b4493f; 5a0e6dfb444fb1c76bad8fcd09031ba5d2b4493f; 5a0e6dfb444fb1c76bad8fcd09031ba5d2b4493f; 5a0e6dfb444fb1c76bad8fcd09031ba5d2b4493f; 5a0e6dfb444fb1c76bad8fcd09031ba5d2b4493f; 5a0e6dfb444fb1c76bad8fcd09031ba5d2b4493f; 5a0e6dfb444fb1c76bad8fcd09031ba5d2b4493f; 5a0e6dfb444fb1c76bad8fcd09031ba5d2b4493f; 5a0e6dfb444fb1c76bad8fcd09031ba5d2b4493f; 5a0e6dfb444fb1c76bad8fcd09031ba5d2b4493f; 5a0e6dfb444fb1c76bad8fcd09031ba5d2b4493f; 5a0e6dfb444fb1c76bad8fcd09031ba5d2b4493f; 5a0e6dfb444fb1c76bad8fcd09031ba5d2b4493f; 5a0e6dfb444fb1c76bad8fcd09031ba5d2b4493f; 5a0e6dfb444fb1c76bad8fcd09031ba5d2b4493f; 5a0e6dfb444fb1c76bad8fcd09031ba5d2b4493f; 5a0e6dfb444fb1c76bad8fcd09031ba5d2b4493f; 5a0e6dfb444fb1c76bad8fcd09031ba5d2b4493f; 5a0e6dfb444fb1c76bad8fcd09031ba5d2b4493f; 5a0e6dfb444fb1c76bad8fcd09031ba5d2b4493f; 5a0e6dfb444fb1c76bad8fcd09031ba5d2b4493f; 5a0e6dfb444fb1c76bad8fcd09031ba5d2b4493f; 5a0e6dfb444fb1c76bad8fcd09031ba5d2b4493f; 5a0e6dfb444fb1c76bad8fcd09031ba5d2b4493f; 5a0e6dfb444fb1c76bad8fcd09031ba5d2b4493f; 5a0e6dfb444fb1c76bad8fcd09031ba5d2b4493f; 5a0e6dfb444fb1c76bad8fcd09031ba5d2b4493f; 5a0e6dfb444fb1c76bad8fcd09031ba5d2b4493f; 5a0e6dfb444fb1c76bad8fcd09031ba5d2b4493f; 5a0e6dfb444fb1c76bad8fcd09031ba5d2b4493f; 5a0e6dfb444fb1c76bad8fcd09031ba5d2b4493f; 5a0e6dfb444fb1c76bad8fcd09031ba5d2b4493f; 5a0e6dfb444fb1c76bad8fcd09031ba5d2b4493f; 5a0e6dfb444fb1c76bad8fcd09031ba5d2b4493f; 5a0e6dfb444fb1c76bad8fcd09031ba5d2b4493f; 5a0e6dfb444fb1c76bad8fcd09031ba5d2b4493f; 5a0e6dfb444fb1c76bad8fcd09031ba5d2b4493f; 5a0e6dfb444fb1c76bad8fcd09031ba5d2b4493f; 5a0e6dfb444fb1c76bad8fcd09031ba5d2b4493f; 5a0e6dfb444fb1c76bad8fcd09031ba5d2b4493f; 5a0e6dfb444fb1c76bad8fcd09031ba5d2b4493f; 5a0e6dfb444fb1c76bad8fcd09031ba5d2b4493f; 5a0e6dfb444fb1c76bad8fcd09031ba5d2b4493f; 5a0e6dfb444fb1c76bad8fcd09031ba5d2b4493f; 5a0e6dfb444fb1c76bad8fcd09031ba5d2b4493f; 5a0e6dfb444fb1c76bad8fcd09031ba5d2b4493f; 5a0e6dfb444fb1c76bad8fcd09031ba5d2b4493f; 5a0e6dfb444fb1c76bad8fcd09031ba5d2b4493f; 5a0e6dfb444fb1c76bad8fcd09031ba5d2b4493f; 5a0e6dfb444fb1c76bad8fcd09031ba5d2b4493f; 5a0e6dfb444fb1c76bad8fcd09031ba5d2b4493f; 5a0e6dfb444fb1c76bad8fcd09031ba5d2b4493f; 5a0e6dfb444fb1c76bad8fcd09031ba5d2b4493f; 5a0e6dfb444fb1c76bad8fcd09031ba5d2b4493f; 5a0e6dfb444fb1c76bad8fcd09031ba5d2b4493f; 5a0e6dfb444fb1c76bad8fcd09031ba5d2b4493f; 5a0e6dfb444fb1c76bad8fcd09031ba5d2b4493f; 5a0e6dfb444fb1c76bad8fcd09031ba5d2b4493f; 5a0e6dfb444fb1c76bad8fcd09031ba5d2b4493f; 5a0e6dfb444fb1c76bad8fcd09031ba5d2b4493f; 5a0e6dfb444fb1c76bad8fcd09031ba5d2b4493f; 5a0e6dfb444fb1c76bad8fcd09031ba5d2b4493f; 5a0e6dfb444fb1c76bad8fcd09031ba5d2b4493f; 5a0e6dfb444fb1c76bad8fcd09031ba5d2b4493f; 5a0e6dfb444fb1c76bad8fcd09031ba5d2b4493f; 5a0e6dfb444fb1c76bad8fcd09031ba5d2b4493f; 5a0e6dfb444fb1c76bad8fcd09031ba5d2b4493f; 5a0e6dfb444fb1c76bad8fcd09031ba5d2b4493f; 5a0e6dfb444fb1c76bad8fcd09031ba5d2b4493f; 5a0e6dfb444fb1c76bad8fcd09031ba5d2b4493f; 5a0e6dfb444fb1c76bad8fcd09031ba5d2b4493f; 5a0e6dfb444fb1c76bad8fcd09031ba5d2b4493f; 5a0e6dfb444fb1c76bad8fcd09031ba5d2b4493f; 5a0e6dfb444fb1c76bad8fcd09031ba5d2b4493f; 5a0e6dfb444fb1c76bad8fcd09031ba5d2b4493f; 5a0e6dfb444fb1c76bad8fcd09031ba5d2b4493f; 5a0e6dfb444fb1c76bad8fcd09031ba5d2b4493f; 5a0e6dfb444fb1c76bad8fcd09031ba5d2b4493f; 5a0e6dfb444fb1c76bad8fcd09031ba5d2b4493f; 5a0e6dfb444fb1c76bad8fcd09031ba5d2b4493f; 5a0e6dfb444fb1c76bad8fcd09031ba5d2b4493f; 5a0e6dfb444fb1c76bad8fcd09031ba5d2b4493f; 5a0e6dfb444fb1c76bad8fcd09031ba5d2b4493f; 5a0e6dfb444fb1c76bad8fcd09031ba5d2b4493f; 5a0e6dfb444fb1c76bad8fcd09031ba5d2b4493f; 5a0e6dfb444fb1c76bad8fcd09031ba5d2b4493f; 5a0e6dfb444fb1c76bad8fcd09031ba5d2b4493f; 5a0e6dfb444fb1c76bad8fcd09031ba5d2b4493f; 5a0e6dfb444fb1c76bad8fcd09031ba5d2b4493f; 5a0e6dfb444fb1c76bad8fcd09031ba5d2b4493f; 5a0e6dfb444fb1c76bad8fcd09031ba5d2b4493f; 5a0e6dfb444fb1c76bad8fcd09031ba5d2b4493f; 5a0e6dfb444fb1c76bad8fcd09031ba5d2b4493f; 5a0e6dfb444fb1c76bad8fcd09031ba5d2b4493f; 5a0e6dfb444fb1c76bad8fcd09031ba5d2b4493f; 5a0e6dfb444fb1c76bad8fcd09031ba5d2b4493f; 5a0e6dfb444fb1c76bad8fcd09031ba5d2b4493f; 5a0e6dfb444fb1c76bad8fcd09031ba5d2b4493f; 5a0e6dfb444fb1c76bad8fcd09031ba5d2b4493f; 5a0e6dfb444fb1c76bad8fcd09031ba5d2b4493f; 5a0e6dfb444fb1c76bad8fcd09031ba5d2b4493f; 5a0e6dfb444fb1c76bad8fcd09031ba5d2b4493f; 5a0e6dfb444fb1c76bad8fcd09031ba5d2b4493f; 5a0e6dfb444fb1c76bad8fcd09031ba5d2b4493f; 5a0e6dfb444fb1c76bad8fcd09031ba5d2b4493f; 5a0e6dfb444fb1c76bad8fcd09031ba5d2b4493f; 5a0e6dfb444fb1c76bad8fcd09031ba5d2b4493f; 5a0e6dfb444fb1c76bad8fcd09031ba5d2b4493f; 5a0e6dfb444fb1c76bad8fcd09031ba5d2b4493f; 5a0e6dfb444fb1c76bad8fcd09031ba5d2b4493f; 5a0e6dfb444fb1c76bad8fcd09031ba5d2b4493f; 5a0e6dfb444fb1c76bad8fcd09031ba5d2b4493f; 5a0e6dfb444fb1c76bad8fcd09031ba5d2b4493f; 5a0e6dfb444fb1c76bad8fcd09031ba5d2b4493f; 5a0e6dfb444fb1c76bad8fcd09031ba5d2b4493f; 5a0e6dfb444fb1c76bad8fcd09031ba5d2b4493f; 5a0e6dfb444fb1c76bad8fcd09031ba5d2b4493f; 5a0e6dfb444fb1c76bad8fcd09031ba5d2b4493f; 5a0e6dfb444fb1c76bad8fcd09031ba5d2b4493f; 5a0e6dfb444fb1c76bad8fcd09031ba5d2b4493f; 5a0e6dfb444fb1c76bad8fcd09031ba5d2b4493f; 5a0e6dfb444fb1c76bad8fcd09031ba5d2b4493f; 5a0e6dfb444fb1c76bad8fcd09031ba5d2b4493f; 5a0e6dfb444fb1c76bad8fcd09031ba5d2b4493f; 5a0e6dfb444fb1c76bad8fcd09031ba5d2b4493f; 5a0e6dfb444fb1c76bad8fcd09031ba5d2b4493f; 5a0e6dfb444fb1c76bad8fcd09031ba5d2b4493f; 5a0e6dfb444fb1c76bad8fcd09031ba5d2b4493f; 5a0e6dfb444fb1c76bad8fcd09031ba5d2b4493f; 5a0e6dfb444fb1c76bad8fcd09031ba5d2b4493f; 5a0e6dfb444fb1c76bad8fcd09031ba5d2b4493f; 5a0e6dfb444fb1c76bad8fcd09031ba5d2b4493f; 5a0e6dfb444fb1c76bad8fcd09031ba5d2b4493f; 5a0e6dfb444fb1c76bad8fcd09031ba5d2b4493f; 5a0e6dfb444fb1c76bad8fcd09031ba5d2b4493f; 5a0e6dfb444fb1c76bad8fcd09031ba5d2b4493f; 5a0e6dfb444fb1c76bad8fcd09031ba5d2b4493f; 5a0e6dfb444fb1c76bad8fcd09031ba5d2b4493f; 5a0e6dfb444fb1c76bad8fcd09031ba5d2b4493f; 5a0e6dfb444fb1c76bad8fcd09031ba5d2b4493f; 5a0e6dfb444fb1c76bad8fcd09031ba5d2b4493f; 5a0e6dfb444fb1c76bad8fcd09031ba5d2b4493f; 5a0e6dfb444fb1c76bad8fcd09031ba5d2b4493f; 5a0e6dfb444fb1c76bad8fcd09031ba5d2b4493f; 5a0e6dfb444fb1c76bad8fcd09031ba5d2b4493f; 5a0e6dfb444fb1c76bad8fcd09031ba5d2b4493f; 5a0e6dfb444fb1c76bad8fcd09031ba5d2b4493f; 5a0e6dfb444fb1c76bad8fcd09031ba5d2b4493f; 5a0e6dfb444fb1c76bad8fcd09031ba5d2b4493f; 5a0e6dfb444fb1c76bad8fcd09031ba5d2b4493f; 5a0e6dfb444fb1c76bad8fcd09031ba5d2b4493f; 5a0e6dfb444fb1c76bad8fcd09031ba5d2b4493f; 5a0e6dfb444fb1c76bad8fcd09031ba5d2b4493f; 5a0e6dfb444fb1c76bad8fcd09031ba5d2b4493f; 5a0e6dfb444fb1c76bad8fcd09031ba5d2b4493f; 5a0e6dfb444fb1c76bad8fcd09031ba5d2b4493f; 5a0e6dfb444fb1c76bad8fcd09031ba5d2b4493f; 5a0e6dfb444fb1c76bad8fcd09031ba5d2b4493f; 5a0e6dfb444fb1c76bad8fcd09031ba5d2b4493f; 5a0e6dfb444fb1c76bad8fcd09031ba5d2b4493f; 5a0e6dfb444fb1c76bad8fcd09031ba5d2b4493f; 5a0e6dfb444fb1c76bad8fcd09031ba5d2b4493f; 5a0e6dfb444fb1c76bad8fcd09031ba5d2b4493f; 5a0e6dfb444fb1c76bad8fcd09031ba5d2b4493f; 5a0e6dfb444fb1c76bad8fcd09031ba5d2b4493f; 5a0e6dfb444fb1c76bad8fcd09031ba5d2b4493f; 5a0e6dfb444fb1c76bad8fcd09031ba5d2b4493f; 5a0e6dfb444fb1c76bad8fcd09031ba5d2b4493f; 5a0e6dfb444fb1c76bad8fcd09031ba5d2b4493f; 5a0e6dfb444fb1c76bad8fcd09031ba5d2b4493f; 5a0e6dfb444fb1c76bad8fcd09031ba5d2b4493f; 5a0e6dfb444fb1c76bad8fcd09031ba5d2b4493f; 5a0e6dfb444fb1c76bad8fcd09031ba5d2b4493f; 5a0e6dfb444fb1c76bad8fcd09031ba5d2b4493f; 5a0e6dfb444fb1c76bad8fcd09031ba5d2b4493f; 5a0e6dfb444fb1c76bad8fcd09031ba5d2b4493f; 5a0e6dfb444fb1c76bad8fcd09031ba5d2b4493f; 5a0e6dfb444fb1c76bad8fcd09031ba5d2b4493f; 5a0e6dfb444fb1c76bad8fcd09031ba5d2b4493f; 5a0e6dfb444fb1c76bad8fcd09031ba5d2b4493f; 5a0e6dfb444fb1c76bad8fcd09031ba5d2b4493f; 5a0e6dfb444fb1c76bad8fcd09031ba5d2b4493f; 5a0e6dfb444fb1c76bad8fcd09031ba5d2b4493f; 5a0e6dfb444fb1c76bad8fcd09031ba5d2b4493f; 5a0e6dfb444fb1c76bad8fcd09031ba5d2b4493f; 5a0e6dfb444fb1c76bad8fcd09031ba5d2b4493f; 5a0e6dfb444fb1c76bad8fcd09031ba5d2b4493f; 5a0e6dfb444fb1c76bad8fcd09031ba5d2b4493f; 5a0e6dfb444fb1c76bad8fcd09031ba5d2b4493f; 5a0e6dfb444fb1c76bad8fcd09031ba5d2b4493f; 5a0e6dfb444fb1c76bad8fcd09031ba5d2b4493f; 5a0e6dfb444fb1c76bad8fcd09031ba5d2b4493f; 5a0e6dfb444fb1c76bad8fcd09031ba5d2b4493f; 5a0e6dfb444fb1c76bad8fcd09031ba5d2b4493f; 5a0e6dfb444fb1c76bad8fcd09031ba5d2b4493f; 5a0e6dfb444fb1c76bad8fcd09031ba5d2b4493f; 5a0e6dfb444fb1c76bad8fcd09031ba5d2b4493f; 5a0e6dfb444fb1c76bad8fcd09031ba5d2b4493f; 5a0e6dfb444fb1c76bad8fcd09031ba5d2b4493f; 5a0e6dfb444fb1c76bad8fcd09031ba5d2b4493f; 5a0e6dfb444fb1c76bad8fcd09031ba5d2b4493f; 5a0e6dfb444fb1c76bad8fcd09031ba5d2b4493f; 5a0e6dfb444fb1c76bad8fcd09031ba5d2b4493f; 5a0e6dfb444fb1c76bad8fcd09031ba5d2b4493f; 5a0e6dfb444fb1c76bad8fcd09031ba5d2b4493f; 5a0e6dfb444fb1c76bad8fcd09031ba5d2b4493f; 5a0e6dfb444fb1c76bad8fcd09031ba5d2b4493f; 5a0e6dfb444fb1c76bad8fcd09031ba5d2b4493f; 5a0e6dfb444fb1c76bad8fcd09031ba5d2b4493f; 5a0e6dfb444fb1c76bad8fcd09031ba5d2b4493f; 5a0e6dfb444fb1c76bad8fcd09031ba5d2b4493f; 5a0e6dfb444fb1c76bad8fcd09031ba5d2b4493f; 5a0e6dfb444fb1c76bad8fcd09031ba5d2b4493f; 5a0e6dfb444fb1c76bad8fcd09031ba5d2b4493f; 5a0e6dfb444fb1c76bad8fcd09031ba5d2b4493f; 5a0e6dfb444fb1c76bad8fcd09031ba5d2b4493f; 5a0e6dfb444fb1c76bad8fcd09031ba5d2b4493f; 5a0e6dfb444fb1c76bad8fcd09031ba5d2b4493f; 5a0e6dfb444fb1c76bad8fcd09031ba5d2b4493f; 5a0e6dfb444fb1c76bad8fcd09031ba5d2b4493f; 5a0e6dfb444fb1c76bad8fcd09031ba5d2b4493f; 5a0e6dfb444fb1c76bad8fcd09031ba5d2b4493f; 5a0e6dfb444fb1c76bad8fcd09031ba5d2b4493f; 5a0e6dfb444fb1c76bad8fcd09031ba5d2b4493f; 5a0e6dfb444fb1c76bad8fcd09031ba5d2b4493f; 5a0e6dfb444fb1c76bad8fcd09031ba5d2b4493f; 5a0e6dfb444fb1c76bad8fcd09031ba5d2b4493f; 5a0e6dfb444fb1c76bad8fcd09031ba5d2b4493f; 5a0e6dfb444fb1c76bad8fcd09031ba5d2b4493f; 5a0e6dfb444fb1c76bad8fcd09031ba5d2b4493f; 5a0e6dfb444fb1c76bad8fcd09031ba5d2b4493f; 5a0e6dfb444fb1c76bad8fcd09031ba5d2b4493f; 5a0e6dfb444fb1c76bad8fcd09031ba5d2b4493f; 5a0e6dfb444fb1c76bad8fcd09031ba5d2b4493f; 5a0e6dfb444fb1c76bad8fcd09031ba5d2b4493f; 5a0e6dfb444fb1c76bad8fcd09031ba5d2b4493f; 5a0e6dfb444fb1c76bad8fcd09031ba5d2b4493f; ','added c files in algorithm; ','ZGlmZiAtLWdpdCBhL2lucHV0L2FsZ29yaXRobXMvbWFpbi5jIGIvaW5wdXQvYWxnb3JpdGhtcy9tYWluLmMKbmV3IGZpbGUgbW9kZSAxMDA2NDQKaW5kZXggMDAwMDAwMC4uODM1MGEzNgotLS0gL2Rldi9udWxsCisrKyBiL2lucHV0L2FsZ29yaXRobXMvbWFpbi5jCkBAIC0wLDAgKzEsNjkzIEBACisvKgorICogIE5vdGVwYWQKKyAqCisgKiAgQ29weXJpZ2h0IDIwMDAgTWlrZSBNY0Nvcm1hY2sgPE1pa2VfTWNDb3JtYWNrQGxvb2tzbWFydC5jb20uYXU+CisgKiAgQ29weXJpZ2h0IDE5OTcsOTggTWFyY2VsIEJhdXIgPG1iYXVyQGcyNi5ldGh6LmNoPgorICogIENvcHlyaWdodCAyMDAyIFN5bHZhaW4gUGV0cmVvbGxlIDxzcGV0cmVvbGxlQHlhaG9vLmZyPgorICogIENvcHlyaWdodCAyMDAyIEFuZHJpeSBQYWxhbWFyY2h1aworICoKKyAqIFRoaXMgbGlicmFyeSBpcyBmcmVlIHNvZnR3YXJlOyB5b3UgY2FuIHJlZGlzdHJpYnV0ZSBpdCBhbmQvb3IKKyAqIG1vZGlmeSBpdCB1bmRlciB0aGUgdGVybXMgb2YgdGhlIEdOVSBMZXNzZXIgR2VuZXJhbCBQdWJsaWMKKyAqIExpY2Vuc2UgYXMgcHVibGlzaGVkIGJ5IHRoZSBGcmVlIFNvZnR3YXJlIEZvdW5kYXRpb247IGVpdGhlcgorICogdmVyc2lvbiAyLjEgb2YgdGhlIExpY2Vuc2UsIG9yIChhdCB5b3VyIG9wdGlvbikgYW55IGxhdGVyIHZlcnNpb24uCisgKgorICogVGhpcyBsaWJyYXJ5IGlzIGRpc3RyaWJ1dGVkIGluIHRoZSBob3BlIHRoYXQgaXQgd2lsbCBiZSB1c2VmdWwsCisgKiBidXQgV0lUSE9VVCBBTlkgV0FSUkFOVFk7IHdpdGhvdXQgZXZlbiB0aGUgaW1wbGllZCB3YXJyYW50eSBvZgorICogTUVSQ0hBTlRBQklMSVRZIG9yIEZJVE5FU1MgRk9SIEEgUEFSVElDVUxBUiBQVVJQT1NFLiAgU2VlIHRoZSBHTlUKKyAqIExlc3NlciBHZW5lcmFsIFB1YmxpYyBMaWNlbnNlIGZvciBtb3JlIGRldGFpbHMuCisgKgorICogWW91IHNob3VsZCBoYXZlIHJlY2VpdmVkIGEgY29weSBvZiB0aGUgR05VIExlc3NlciBHZW5lcmFsIFB1YmxpYworICogTGljZW5zZSBhbG9uZyB3aXRoIHRoaXMgbGlicmFyeTsgaWYgbm90LCB3cml0ZSB0byB0aGUgRnJlZSBTb2Z0d2FyZQorICogRm91bmRhdGlvbiwgSW5jLiwgNTEgRnJhbmtsaW4gU3RyZWV0LCBGaWZ0aCBGbG9vciwgQm9zdG9uLCBNQSAgMDIxMTAtMTMwMSAgVVNBCisgKgorICovCisKKyNpbmNsdWRlICJub3RlcGFkLmgiCisKKyNpbmNsdWRlIDxzdHJzYWZlLmg+CisKK05PVEVQQURfR0xPQkFMUyBHbG9iYWxzOworc3RhdGljIEFUT00gYUZJTkRNU0dTVFJJTkc7CisKK1ZPSUQgTk9URVBBRF9FbmFibGVTZWFyY2hNZW51KCkKK3sKKyAgICBFbmFibGVNZW51SXRlbShHbG9iYWxzLmhNZW51LCBDTURfU0VBUkNILAorICAgICAgICAgICAgICAgICAgIE1GX0JZQ09NTUFORCB8ICgoR2V0V2luZG93VGV4dExlbmd0aChHbG9iYWxzLmhFZGl0KSA9PSAwKSA/IE1GX0RJU0FCTEVEIHwgTUZfR1JBWUVEIDogTUZfRU5BQkxFRCkpOworICAgIEVuYWJsZU1lbnVJdGVtKEdsb2JhbHMuaE1lbnUsIENNRF9TRUFSQ0hfTkVYVCwKKyAgICAgICAgICAgICAgICAgICBNRl9CWUNPTU1BTkQgfCAoKEdldFdpbmRvd1RleHRMZW5ndGgoR2xvYmFscy5oRWRpdCkgPT0gMCkgPyBNRl9ESVNBQkxFRCB8IE1GX0dSQVlFRCA6IE1GX0VOQUJMRUQpKTsKK30KKworLyoqKioqKioqKioqKioqKioqKioqKioqKioqKioqKioqKioqKioqKioqKioqKioqKioqKioqKioqKioqKioqKioqKioqKioqCisgKgorICogICAgICAgICAgIFNldEZpbGVOYW1lCisgKgorICogIFNldHMgR2xvYmFsIEZpbGUgTmFtZS4KKyAqLworVk9JRCBTZXRGaWxlTmFtZShMUENUU1RSIHN6RmlsZU5hbWUpCit7CisgICAgU3RyaW5nQ2NoQ29weShHbG9iYWxzLnN6RmlsZU5hbWUsIEFSUkFZX1NJWkUoR2xvYmFscy5zekZpbGVOYW1lKSwgc3pGaWxlTmFtZSk7CisgICAgR2xvYmFscy5zekZpbGVUaXRsZVswXSA9IDA7CisgICAgR2V0RmlsZVRpdGxlKHN6RmlsZU5hbWUsIEdsb2JhbHMuc3pGaWxlVGl0bGUsIEFSUkFZX1NJWkUoR2xvYmFscy5zekZpbGVUaXRsZSkpOworfQorCisvKioqKioqKioqKioqKioqKioqKioqKioqKioqKioqKioqKioqKioqKioqKioqKioqKioqKioqKioqKioqKioqKioqKioqKioKKyAqCisgKiAgICAgICAgICAgTk9URVBBRF9NZW51Q29tbWFuZAorICoKKyAqICBBbGwgaGFuZGxpbmcgb2YgbWFpbiBtZW51IGV2ZW50cworICovCitzdGF0aWMgaW50IE5PVEVQQURfTWVudUNvbW1hbmQoV1BBUkFNIHdQYXJhbSkKK3sKKyAgICBzd2l0Y2ggKHdQYXJhbSkKKyAgICB7CisgICAgY2FzZSBDTURfTkVXOiAgICAgICAgRElBTE9HX0ZpbGVOZXcoKTsgYnJlYWs7CisgICAgY2FzZSBDTURfT1BFTjogICAgICAgRElBTE9HX0ZpbGVPcGVuKCk7IGJyZWFrOworICAgIGNhc2UgQ01EX1NBVkU6ICAgICAgIERJQUxPR19GaWxlU2F2ZSgpOyBicmVhazsKKyAgICBjYXNlIENNRF9TQVZFX0FTOiAgICBESUFMT0dfRmlsZVNhdmVBcygpOyBicmVhazsKKyAgICBjYXNlIENNRF9QUklOVDogICAgICBESUFMT0dfRmlsZVByaW50KCk7IGJyZWFrOworICAgIGNhc2UgQ01EX1BBR0VfU0VUVVA6IERJQUxPR19GaWxlUGFnZVNldHVwKCk7IGJyZWFrOworICAgIGNhc2UgQ01EX0VYSVQ6ICAgICAgIERJQUxPR19GaWxlRXhpdCgpOyBicmVhazsKKworICAgIGNhc2UgQ01EX1VORE86ICAgICAgIERJQUxPR19FZGl0VW5kbygpOyBicmVhazsKKyAgICBjYXNlIENNRF9DVVQ6ICAgICAgICBESUFMT0dfRWRpdEN1dCgpOyBicmVhazsKKyAgICBjYXNlIENNRF9DT1BZOiAgICAgICBESUFMT0dfRWRpdENvcHkoKTsgYnJlYWs7CisgICAgY2FzZSBDTURfUEFTVEU6ICAgICAgRElBTE9HX0VkaXRQYXN0ZSgpOyBicmVhazsKKyAgICBjYXNlIENNRF9ERUxFVEU6ICAgICBESUFMT0dfRWRpdERlbGV0ZSgpOyBicmVhazsKKyAgICBjYXNlIENNRF9TRUxFQ1RfQUxMOiBESUFMT0dfRWRpdFNlbGVjdEFsbCgpOyBicmVhazsKKyAgICBjYXNlIENNRF9USU1FX0RBVEU6ICBESUFMT0dfRWRpdFRpbWVEYXRlKCk7IGJyZWFrOworCisgICAgY2FzZSBDTURfU0VBUkNIOiAgICAgIERJQUxPR19TZWFyY2goKTsgYnJlYWs7CisgICAgY2FzZSBDTURfU0VBUkNIX05FWFQ6IERJQUxPR19TZWFyY2hOZXh0KCk7IGJyZWFrOworICAgIGNhc2UgQ01EX1JFUExBQ0U6ICAgICBESUFMT0dfUmVwbGFjZSgpOyBicmVhazsKKyAgICBjYXNlIENNRF9HT1RPOiAgICAgICAgRElBTE9HX0dvVG8oKTsgYnJlYWs7CisKKyAgICBjYXNlIENNRF9XUkFQOiBESUFMT0dfRWRpdFdyYXAoKTsgYnJlYWs7CisgICAgY2FzZSBDTURfRk9OVDogRElBTE9HX1NlbGVjdEZvbnQoKTsgYnJlYWs7CisKKyAgICBjYXNlIENNRF9TVEFUVVNCQVI6IERJQUxPR19WaWV3U3RhdHVzQmFyKCk7IGJyZWFrOworCisgICAgY2FzZSBDTURfSEVMUF9DT05URU5UUzogRElBTE9HX0hlbHBDb250ZW50cygpOyBicmVhazsKKworICAgIGNhc2UgQ01EX0FCT1VUOgorICAgICAgICBEaWFsb2dCb3goR2V0TW9kdWxlSGFuZGxlKE5VTEwpLAorICAgICAgICAgICAgICAgICAgTUFLRUlOVFJFU09VUkNFKElERF9BQk9VVEJPWCksCisgICAgICAgICAgICAgICAgICBHbG9iYWxzLmhNYWluV25kLAorICAgICAgICAgICAgICAgICAgQWJvdXREaWFsb2dQcm9jKTsKKyAgICAgICAgYnJlYWs7CisKKyAgICBjYXNlIENNRF9IRUxQX0FCT1VUX05PVEVQQUQ6IERJQUxPR19IZWxwQWJvdXROb3RlcGFkKCk7IGJyZWFrOworCisgICAgZGVmYXVsdDoKKyAgICAgICAgYnJlYWs7CisgICAgfQorICAgIHJldHVybiAwOworfQorCisvKioqKioqKioqKioqKioqKioqKioqKioqKioqKioqKioqKioqKioqKioqKioqKioqKioqKioqKioqKioqKioqKioqKioqKioKKyAqCisgKiAgICAgICAgICAgTk9URVBBRF9GaW5kVGV4dEF0CisgKi8KKworc3RhdGljIEJPT0wKK05PVEVQQURfRmluZFRleHRBdChGSU5EUkVQTEFDRSAqcEZpbmRSZXBsYWNlLCBMUENUU1RSIHBzelRleHQsIGludCBpVGV4dExlbmd0aCwgRFdPUkQgZHdQb3NpdGlvbikKK3sKKyAgICBCT09MIGJNYXRjaGVzOworICAgIHNpemVfdCBpVGFyZ2V0TGVuZ3RoOworCisgICAgaWYgKCghcEZpbmRSZXBsYWNlKSB8fCAoIXBzelRleHQpKQorICAgIHsKKyAgICAgICAgcmV0dXJuIEZBTFNFOworICAgIH0KKworICAgIGlUYXJnZXRMZW5ndGggPSBfdGNzbGVuKHBGaW5kUmVwbGFjZS0+bHBzdHJGaW5kV2hhdCk7CisKKyAgICAvKiBNYWtlIHByb3BlciBjb21wYXJpc29uICovCisgICAgaWYgKHBGaW5kUmVwbGFjZS0+RmxhZ3MgJiBGUl9NQVRDSENBU0UpCisgICAgICAgIGJNYXRjaGVzID0gIV90Y3NuY21wKCZwc3pUZXh0W2R3UG9zaXRpb25dLCBwRmluZFJlcGxhY2UtPmxwc3RyRmluZFdoYXQsIGlUYXJnZXRMZW5ndGgpOworICAgIGVsc2UKKyAgICAgICAgYk1hdGNoZXMgPSAhX3Rjc25pY21wKCZwc3pUZXh0W2R3UG9zaXRpb25dLCBwRmluZFJlcGxhY2UtPmxwc3RyRmluZFdoYXQsIGlUYXJnZXRMZW5ndGgpOworCisgICAgaWYgKGJNYXRjaGVzICYmIHBGaW5kUmVwbGFjZS0+RmxhZ3MgJiBGUl9XSE9MRVdPUkQpCisgICAgeworICAgICAgICBpZiAoKGR3UG9zaXRpb24gPiAwKSAmJiAhX2lzdHNwYWNlKHBzelRleHRbZHdQb3NpdGlvbi0xXSkpCisgICAgICAgICAgICBiTWF0Y2hlcyA9IEZBTFNFOworICAgICAgICBpZiAoKGR3UG9zaXRpb24gPCAoRFdPUkQpIGlUZXh0TGVuZ3RoIC0gMSkgJiYgIV9pc3RzcGFjZShwc3pUZXh0W2R3UG9zaXRpb24rMV0pKQorICAgICAgICAgICAgYk1hdGNoZXMgPSBGQUxTRTsKKyAgICB9CisKKyAgICByZXR1cm4gYk1hdGNoZXM7Cit9CisKKy8qKioqKioqKioqKioqKioqKioqKioqKioqKioqKioqKioqKioqKioqKioqKioqKioqKioqKioqKioqKioqKioqKioqKioqKgorICoKKyAqICAgICAgICAgICBOT1RFUEFEX0ZpbmROZXh0CisgKi8KKworQk9PTCBOT1RFUEFEX0ZpbmROZXh0KEZJTkRSRVBMQUNFICpwRmluZFJlcGxhY2UsIEJPT0wgYlJlcGxhY2UsIEJPT0wgYlNob3dBbGVydCkKK3sKKyAgICBpbnQgaVRleHRMZW5ndGgsIGlUYXJnZXRMZW5ndGg7CisgICAgc2l6ZV90IGlBZGp1c3RtZW50ID0gMDsKKyAgICBMUFRTVFIgcHN6VGV4dCA9IE5VTEw7CisgICAgRFdPUkQgZHdQb3NpdGlvbiwgZHdCZWdpbiwgZHdFbmQ7CisgICAgQk9PTCBiTWF0Y2hlcyA9IEZBTFNFOworICAgIFRDSEFSIHN6UmVzb3VyY2VbMTI4XSwgc3pUZXh0WzEyOF07CisgICAgQk9PTCBiU3VjY2VzczsKKworICAgIGlUYXJnZXRMZW5ndGggPSAoaW50KSBfdGNzbGVuKHBGaW5kUmVwbGFjZS0+bHBzdHJGaW5kV2hhdCk7CisKKyAgICAvKiBSZXRyaWV2ZSB0aGUgd2luZG93IHRleHQgKi8KKyAgICBpVGV4dExlbmd0aCA9IEdldFdpbmRvd1RleHRMZW5ndGgoR2xvYmFscy5oRWRpdCk7CisgICAgaWYgKGlUZXh0TGVuZ3RoID4gMCkKKyAgICB7CisgICAgICAgIHBzelRleHQgPSAoTFBUU1RSKSBIZWFwQWxsb2MoR2V0UHJvY2Vzc0hlYXAoKSwgMCwgKGlUZXh0TGVuZ3RoICsgMSkgKiBzaXplb2YoVENIQVIpKTsKKyAgICAgICAgaWYgKCFwc3pUZXh0KQorICAgICAgICAgICAgcmV0dXJuIEZBTFNFOworCisgICAgICAgIEdldFdpbmRvd1RleHQoR2xvYmFscy5oRWRpdCwgcHN6VGV4dCwgaVRleHRMZW5ndGggKyAxKTsKKyAgICB9CisKKyAgICBTZW5kTWVzc2FnZShHbG9iYWxzLmhFZGl0LCBFTV9HRVRTRUwsIChXUEFSQU0pICZkd0JlZ2luLCAoTFBBUkFNKSAmZHdFbmQpOworICAgIGlmIChiUmVwbGFjZSAmJiAoKGR3RW5kIC0gZHdCZWdpbikgPT0gKERXT1JEKSBpVGFyZ2V0TGVuZ3RoKSkKKyAgICB7CisgICAgICAgIGlmIChOT1RFUEFEX0ZpbmRUZXh0QXQocEZpbmRSZXBsYWNlLCBwc3pUZXh0LCBpVGV4dExlbmd0aCwgZHdCZWdpbikpCisgICAgICAgIHsKKyAgICAgICAgICAgIFNlbmRNZXNzYWdlKEdsb2JhbHMuaEVkaXQsIEVNX1JFUExBQ0VTRUwsIFRSVUUsIChMUEFSQU0pIHBGaW5kUmVwbGFjZS0+bHBzdHJSZXBsYWNlV2l0aCk7CisgICAgICAgICAgICBpQWRqdXN0bWVudCA9IF90Y3NsZW4ocEZpbmRSZXBsYWNlLT5scHN0clJlcGxhY2VXaXRoKSAtIChkd0VuZCAtIGR3QmVnaW4pOworICAgICAgICB9CisgICAgfQorCisgICAgaWYgKHBGaW5kUmVwbGFjZS0+RmxhZ3MgJiBGUl9ET1dOKQorICAgIHsKKyAgICAgICAgLyogRmluZCBEb3duICovCisgICAgICAgIGR3UG9zaXRpb24gPSBkd0VuZDsKKyAgICAgICAgd2hpbGUoZHdQb3NpdGlvbiA8IChEV09SRCkgaVRleHRMZW5ndGgpCisgICAgICAgIHsKKyAgICAgICAgICAgIGJNYXRjaGVzID0gTk9URVBBRF9GaW5kVGV4dEF0KHBGaW5kUmVwbGFjZSwgcHN6VGV4dCwgaVRleHRMZW5ndGgsIGR3UG9zaXRpb24pOworICAgICAgICAgICAgaWYgKGJNYXRjaGVzKQorICAgICAgICAgICAgICAgIGJyZWFrOworICAgICAgICAgICAgZHdQb3NpdGlvbisrOworICAgICAgICB9CisgICAgfQorICAgIGVsc2UKKyAgICB7CisgICAgICAgIC8qIEZpbmQgVXAgKi8KKyAgICAgICAgZHdQb3NpdGlvbiA9IGR3QmVnaW47CisgICAgICAgIHdoaWxlKGR3UG9zaXRpb24gPiAwKQorICAgICAgICB7CisgICAgICAgICAgICBkd1Bvc2l0aW9uLS07CisgICAgICAgICAgICBiTWF0Y2hlcyA9IE5PVEVQQURfRmluZFRleHRBdChwRmluZFJlcGxhY2UsIHBzelRleHQsIGlUZXh0TGVuZ3RoLCBkd1Bvc2l0aW9uKTsKKyAgICAgICAgICAgIGlmIChiTWF0Y2hlcykKKyAgICAgICAgICAgICAgICBicmVhazsKKyAgICAgICAgfQorICAgIH0KKworICAgIGlmIChiTWF0Y2hlcykKKyAgICB7CisgICAgICAgIC8qIEZvdW5kIHRhcmdldCAqLworICAgICAgICBpZiAoZHdQb3NpdGlvbiA+IGR3QmVnaW4pCisgICAgICAgICAgICBkd1Bvc2l0aW9uICs9IChEV09SRCkgaUFkanVzdG1lbnQ7CisgICAgICAgIFNlbmRNZXNzYWdlKEdsb2JhbHMuaEVkaXQsIEVNX1NFVFNFTCwgZHdQb3NpdGlvbiwgZHdQb3NpdGlvbiArIGlUYXJnZXRMZW5ndGgpOworICAgICAgICBTZW5kTWVzc2FnZShHbG9iYWxzLmhFZGl0LCBFTV9TQ1JPTExDQVJFVCwgMCwgMCk7CisgICAgICAgIGJTdWNjZXNzID0gVFJVRTsKKyAgICB9CisgICAgZWxzZQorICAgIHsKKyAgICAgICAgLyogQ2FuJ3QgZmluZCB0YXJnZXQgKi8KKyAgICAgICAgaWYgKGJTaG93QWxlcnQpCisgICAgICAgIHsKKyAgICAgICAgICAgIExvYWRTdHJpbmcoR2xvYmFscy5oSW5zdGFuY2UsIFNUUklOR19DQU5OT1RGSU5ELCBzelJlc291cmNlLCBBUlJBWV9TSVpFKHN6UmVzb3VyY2UpKTsKKyAgICAgICAgICAgIF9zbnRwcmludGYoc3pUZXh0LCBBUlJBWV9TSVpFKHN6VGV4dCksIHN6UmVzb3VyY2UsIHBGaW5kUmVwbGFjZS0+bHBzdHJGaW5kV2hhdCk7CisgICAgICAgICAgICBMb2FkU3RyaW5nKEdsb2JhbHMuaEluc3RhbmNlLCBTVFJJTkdfTk9URVBBRCwgc3pSZXNvdXJjZSwgQVJSQVlfU0laRShzelJlc291cmNlKSk7CisgICAgICAgICAgICBNZXNzYWdlQm94KEdsb2JhbHMuaEZpbmRSZXBsYWNlRGxnLCBzelRleHQsIHN6UmVzb3VyY2UsIE1CX09LKTsKKyAgICAgICAgfQorICAgICAgICBiU3VjY2VzcyA9IEZBTFNFOworICAgIH0KKworICAgIGlmIChwc3pUZXh0KQorICAgICAgICBIZWFwRnJlZShHZXRQcm9jZXNzSGVhcCgpLCAwLCBwc3pUZXh0KTsKKyAgICByZXR1cm4gYlN1Y2Nlc3M7Cit9CisKKy8qKioqKioqKioqKioqKioqKioqKioqKioqKioqKioqKioqKioqKioqKioqKioqKioqKioqKioqKioqKioqKioqKioqKioqKgorICoKKyAqICAgICAgICAgICBOT1RFUEFEX1JlcGxhY2VBbGwKKyAqLworCitzdGF0aWMgVk9JRCBOT1RFUEFEX1JlcGxhY2VBbGwoRklORFJFUExBQ0UgKnBGaW5kUmVwbGFjZSkKK3sKKyAgICBCT09MIGJTaG93QWxlcnQgPSBUUlVFOworCisgICAgU2VuZE1lc3NhZ2UoR2xvYmFscy5oRWRpdCwgRU1fU0VUU0VMLCAwLCAwKTsKKworICAgIHdoaWxlIChOT1RFUEFEX0ZpbmROZXh0KHBGaW5kUmVwbGFjZSwgVFJVRSwgYlNob3dBbGVydCkpCisgICAgeworICAgICAgICBiU2hvd0FsZXJ0ID0gRkFMU0U7CisgICAgfQorfQorCisvKioqKioqKioqKioqKioqKioqKioqKioqKioqKioqKioqKioqKioqKioqKioqKioqKioqKioqKioqKioqKioqKioqKioqKioKKyAqCisgKiAgICAgICAgICAgTk9URVBBRF9GaW5kVGVybQorICovCisKK3N0YXRpYyBWT0lEIE5PVEVQQURfRmluZFRlcm0oVk9JRCkKK3sKKyAgICBHbG9iYWxzLmhGaW5kUmVwbGFjZURsZyA9IE5VTEw7Cit9CisKKy8qKioqKioqKioqKioqKioqKioqKioqKioqKioqKioqKioqKioqKioqKioqKioqKioqKioqKioqKioqKioqKioqKioqKioqKgorICogRGF0YSBJbml0aWFsaXphdGlvbgorICovCitzdGF0aWMgVk9JRCBOT1RFUEFEX0luaXREYXRhKFZPSUQpCit7CisgICAgTFBUU1RSIHAgPSBHbG9iYWxzLnN6RmlsdGVyOworICAgIHN0YXRpYyBjb25zdCBUQ0hBUiB0eHRfZmlsZXNbXSA9IF9UKCIqLnR4dCIpOworICAgIHN0YXRpYyBjb25zdCBUQ0hBUiBhbGxfZmlsZXNbXSA9IF9UKCIqLioiKTsKKworICAgIHAgKz0gTG9hZFN0cmluZyhHbG9iYWxzLmhJbnN0YW5jZSwgU1RSSU5HX1RFWFRfRklMRVNfVFhULCBwLCBNQVhfU1RSSU5HX0xFTikgKyAxOworICAgIF90Y3NjcHkocCwgdHh0X2ZpbGVzKTsKKyAgICBwICs9IEFSUkFZX1NJWkUodHh0X2ZpbGVzKTsKKworICAgIHAgKz0gTG9hZFN0cmluZyhHbG9iYWxzLmhJbnN0YW5jZSwgU1RSSU5HX0FMTF9GSUxFUywgcCwgTUFYX1NUUklOR19MRU4pICsgMTsKKyAgICBfdGNzY3B5KHAsIGFsbF9maWxlcyk7CisgICAgcCArPSBBUlJBWV9TSVpFKGFsbF9maWxlcyk7CisgICAgKnAgPSAnXDAnOworICAgIEdsb2JhbHMuZmluZC5scHN0ckZpbmRXaGF0ID0gTlVMTDsKKworICAgIEdsb2JhbHMuaERldk1vZGUgPSBOVUxMOworICAgIEdsb2JhbHMuaERldk5hbWVzID0gTlVMTDsKK30KKworLyoqKioqKioqKioqKioqKioqKioqKioqKioqKioqKioqKioqKioqKioqKioqKioqKioqKioqKioqKioqKioqKioqKioqKioqCisgKiBFbmFibGUvZGlzYWJsZSBpdGVtcyBvbiB0aGUgbWVudSBiYXNlZCBvbiBjb250cm9sIHN0YXRlCisgKi8KK3N0YXRpYyBWT0lEIE5PVEVQQURfSW5pdE1lbnVQb3B1cChITUVOVSBtZW51LCBMUEFSQU0gaW5kZXgpCit7CisgICAgaW50IGVuYWJsZTsKKworICAgIFVOUkVGRVJFTkNFRF9QQVJBTUVURVIoaW5kZXgpOworCisgICAgQ2hlY2tNZW51SXRlbShHZXRNZW51KEdsb2JhbHMuaE1haW5XbmQpLCBDTURfV1JBUCwKKyAgICAgICAgTUZfQllDT01NQU5EIHwgKEdsb2JhbHMuYldyYXBMb25nTGluZXMgPyBNRl9DSEVDS0VEIDogTUZfVU5DSEVDS0VEKSk7CisgICAgaWYgKCFHbG9iYWxzLmJXcmFwTG9uZ0xpbmVzKQorICAgIHsKKyAgICAgICAgQ2hlY2tNZW51SXRlbShHZXRNZW51KEdsb2JhbHMuaE1haW5XbmQpLCBDTURfU1RBVFVTQkFSLAorICAgICAgICAgICAgTUZfQllDT01NQU5EIHwgKEdsb2JhbHMuYlNob3dTdGF0dXNCYXIgPyBNRl9DSEVDS0VEIDogTUZfVU5DSEVDS0VEKSk7CisgICAgfQorICAgIEVuYWJsZU1lbnVJdGVtKG1lbnUsIENNRF9VTkRPLAorICAgICAgICBTZW5kTWVzc2FnZShHbG9iYWxzLmhFZGl0LCBFTV9DQU5VTkRPLCAwLCAwKSA/IE1GX0VOQUJMRUQgOiBNRl9HUkFZRUQpOworICAgIEVuYWJsZU1lbnVJdGVtKG1lbnUsIENNRF9QQVNURSwKKyAgICAgICAgSXNDbGlwYm9hcmRGb3JtYXRBdmFpbGFibGUoQ0ZfVEVYVCkgPyBNRl9FTkFCTEVEIDogTUZfR1JBWUVEKTsKKyAgICBlbmFibGUgPSAoaW50KSBTZW5kTWVzc2FnZShHbG9iYWxzLmhFZGl0LCBFTV9HRVRTRUwsIDAsIDApOworICAgIGVuYWJsZSA9IChISVdPUkQoZW5hYmxlKSA9PSBMT1dPUkQoZW5hYmxlKSkgPyBNRl9HUkFZRUQgOiBNRl9FTkFCTEVEOworICAgIEVuYWJsZU1lbnVJdGVtKG1lbnUsIENNRF9DVVQsIGVuYWJsZSk7CisgICAgRW5hYmxlTWVudUl0ZW0obWVudSwgQ01EX0NPUFksIGVuYWJsZSk7CisgICAgRW5hYmxlTWVudUl0ZW0obWVudSwgQ01EX0RFTEVURSwgZW5hYmxlKTsKKworICAgIEVuYWJsZU1lbnVJdGVtKG1lbnUsIENNRF9TRUxFQ1RfQUxMLAorICAgICAgICBHZXRXaW5kb3dUZXh0TGVuZ3RoKEdsb2JhbHMuaEVkaXQpID8gTUZfRU5BQkxFRCA6IE1GX0dSQVlFRCk7CisgICAgRHJhd01lbnVCYXIoR2xvYmFscy5oTWFpblduZCk7Cit9CisKK0xSRVNVTFQgQ0FMTEJBQ0sgRURJVF9XbmRQcm9jKEhXTkQgaFduZCwgVUlOVCBtc2csIFdQQVJBTSB3UGFyYW0sIExQQVJBTSBsUGFyYW0pCit7IAorICAgIHN3aXRjaCAobXNnKQorICAgIHsKKyAgICAgICAgY2FzZSBXTV9LRVlET1dOOgorICAgICAgICBjYXNlIFdNX0tFWVVQOgorICAgICAgICB7CisgICAgICAgICAgICBzd2l0Y2ggKHdQYXJhbSkKKyAgICAgICAgICAgIHsKKyAgICAgICAgICAgICAgICBjYXNlIFZLX1VQOgorICAgICAgICAgICAgICAgIGNhc2UgVktfRE9XTjoKKyAgICAgICAgICAgICAgICBjYXNlIFZLX0xFRlQ6CisgICAgICAgICAgICAgICAgY2FzZSBWS19SSUdIVDoKKyAgICAgICAgICAgICAgICAgICAgRElBTE9HX1N0YXR1c0JhclVwZGF0ZUNhcmV0UG9zKCk7CisgICAgICAgICAgICAgICAgICAgIGJyZWFrOworICAgICAgICAgICAgICAgIGRlZmF1bHQ6CisgICAgICAgICAgICAgICAgeworICAgICAgICAgICAgICAgICAgICBVcGRhdGVXaW5kb3dDYXB0aW9uKEZBTFNFKTsKKyAgICAgICAgICAgICAgICAgICAgYnJlYWs7CisgICAgICAgICAgICAgICAgfQorICAgICAgICAgICAgfQorICAgICAgICB9CisgICAgICAgIGNhc2UgV01fTEJVVFRPTlVQOgorICAgICAgICB7CisgICAgICAgICAgICBESUFMT0dfU3RhdHVzQmFyVXBkYXRlQ2FyZXRQb3MoKTsKKyAgICAgICAgICAgIGJyZWFrOworICAgICAgICB9CisgICAgfQorICAgIHJldHVybiBDYWxsV2luZG93UHJvYyggR2xvYmFscy5FZGl0UHJvYywgaFduZCwgbXNnLCB3UGFyYW0sIGxQYXJhbSk7Cit9CisKKy8qKioqKioqKioqKioqKioqKioqKioqKioqKioqKioqKioqKioqKioqKioqKioqKioqKioqKioqKioqKioqKioqKioqKioqKgorICoKKyAqICAgICAgICAgICBOT1RFUEFEX1duZFByb2MKKyAqLworc3RhdGljIExSRVNVTFQKK1dJTkFQSQorTk9URVBBRF9XbmRQcm9jKEhXTkQgaFduZCwgVUlOVCBtc2csIFdQQVJBTSB3UGFyYW0sIExQQVJBTSBsUGFyYW0pCit7CisgICAgc3dpdGNoIChtc2cpCisgICAgeworCisgICAgY2FzZSBXTV9DUkVBVEU6CisgICAgICAgIEdsb2JhbHMuaE1lbnUgPSBHZXRNZW51KGhXbmQpOworICAgICAgICBicmVhazsKKworICAgIGNhc2UgV01fQ09NTUFORDoKKyAgICAgICAgaWYgKEhJV09SRCh3UGFyYW0pID09IEVOX0NIQU5HRSB8fCBISVdPUkQod1BhcmFtKSA9PSBFTl9IU0NST0xMIHx8IEhJV09SRCh3UGFyYW0pID09IEVOX1ZTQ1JPTEwpCisgICAgICAgICAgICBESUFMT0dfU3RhdHVzQmFyVXBkYXRlQ2FyZXRQb3MoKTsKKyAgICAgICAgaWYgKChISVdPUkQod1BhcmFtKSA9PSBFTl9DSEFOR0UpKQorICAgICAgICAgICAgTk9URVBBRF9FbmFibGVTZWFyY2hNZW51KCk7CisgICAgICAgIE5PVEVQQURfTWVudUNvbW1hbmQoTE9XT1JEKHdQYXJhbSkpOworICAgICAgICBicmVhazsKKworICAgIGNhc2UgV01fREVTVFJPWUNMSVBCT0FSRDoKKyAgICAgICAgLypNZXNzYWdlQm94KEdsb2JhbHMuaE1haW5XbmQsICJFbXB0eSBjbGlwYm9hcmQiLCAiRGVidWciLCBNQl9JQ09ORVhDTEFNQVRJT04pOyovCisgICAgICAgIGJyZWFrOworCisgICAgY2FzZSBXTV9DTE9TRToKKyAgICAgICAgaWYgKERvQ2xvc2VGaWxlKCkpIHsKKyAgICAgICAgICAgIGlmIChHbG9iYWxzLmhGb250KQorICAgICAgICAgICAgICAgIERlbGV0ZU9iamVjdChHbG9iYWxzLmhGb250KTsKKyAgICAgICAgICAgIGlmIChHbG9iYWxzLmhEZXZNb2RlKQorICAgICAgICAgICAgICAgIEdsb2JhbEZyZWUoR2xvYmFscy5oRGV2TW9kZSk7CisgICAgICAgICAgICBpZiAoR2xvYmFscy5oRGV2TmFtZXMpCisgICAgICAgICAgICAgICAgR2xvYmFsRnJlZShHbG9iYWxzLmhEZXZOYW1lcyk7CisgICAgICAgICAgICBEZXN0cm95V2luZG93KGhXbmQpOworICAgICAgICB9CisgICAgICAgIGJyZWFrOworCisgICAgY2FzZSBXTV9RVUVSWUVORFNFU1NJT046CisgICAgICAgIGlmIChEb0Nsb3NlRmlsZSgpKSB7CisgICAgICAgICAgICByZXR1cm4gMTsKKyAgICAgICAgfQorICAgICAgICBicmVhazsKKworICAgIGNhc2UgV01fREVTVFJPWToKKyAgICAgICAgU2V0V2luZG93TG9uZ1B0cihHbG9iYWxzLmhFZGl0LCBHV0xQX1dORFBST0MsIChMT05HX1BUUilHbG9iYWxzLkVkaXRQcm9jKTsKKyAgICAgICAgTk9URVBBRF9TYXZlU2V0dGluZ3NUb1JlZ2lzdHJ5KCk7CisgICAgICAgIFBvc3RRdWl0TWVzc2FnZSgwKTsKKyAgICAgICAgYnJlYWs7CisKKyAgICBjYXNlIFdNX1NJWkU6CisgICAgeworICAgICAgICBpZiAoKEdsb2JhbHMuYlNob3dTdGF0dXNCYXIgIT0gRkFMU0UpICYmIChHbG9iYWxzLmJXcmFwTG9uZ0xpbmVzID09IEZBTFNFKSkKKyAgICAgICAgeworICAgICAgICAgICAgUkVDVCByY1N0YXR1c0JhcjsKKyAgICAgICAgICAgIEhEV1AgaGR3cDsKKworICAgICAgICAgICAgaWYgKCFHZXRXaW5kb3dSZWN0KEdsb2JhbHMuaFN0YXR1c0JhciwgJnJjU3RhdHVzQmFyKSkKKyAgICAgICAgICAgICAgICBicmVhazsKKworICAgICAgICAgICAgaGR3cCA9IEJlZ2luRGVmZXJXaW5kb3dQb3MoMik7CisgICAgICAgICAgICBpZiAoaGR3cCA9PSBOVUxMKQorICAgICAgICAgICAgICAgIGJyZWFrOworCisgICAgICAgICAgICBoZHdwID0gRGVmZXJXaW5kb3dQb3MoaGR3cCwKKyAgICAgICAgICAgICAgICAgICAgICAgICAgICAgICAgICBHbG9iYWxzLmhFZGl0LAorICAgICAgICAgICAgICAgICAgICAgICAgICAgICAgICAgIE5VTEwsCisgICAgICAgICAgICAgICAgICAgICAgICAgICAgICAgICAgMCwKKyAgICAgICAgICAgICAgICAgICAgICAgICAgICAgICAgICAwLAorICAgICAgICAgICAgICAgICAgICAgICAgICAgICAgICAgIExPV09SRChsUGFyYW0pLAorICAgICAgICAgICAgICAgICAgICAgICAgICAgICAgICAgIEhJV09SRChsUGFyYW0pIC0gKHJjU3RhdHVzQmFyLmJvdHRvbSAtIHJjU3RhdHVzQmFyLnRvcCksCisgICAgICAgICAgICAgICAgICAgICAgICAgICAgICAgICAgU1dQX05PWk9SREVSIHwgU1dQX05PTU9WRSk7CisKKyAgICAgICAgICAgIGlmIChoZHdwID09IE5VTEwpCisgICAgICAgICAgICAgICAgYnJlYWs7CisKKyAgICAgICAgICAgIGhkd3AgPSBEZWZlcldpbmRvd1BvcyhoZHdwLAorICAgICAgICAgICAgICAgICAgICAgICAgICAgICAgICAgIEdsb2JhbHMuaFN0YXR1c0JhciwKKyAgICAgICAgICAgICAgICAgICAgICAgICAgICAgICAgICBOVUxMLAorICAgICAgICAgICAgICAgICAgICAgICAgICAgICAgICAgIDAsCisgICAgICAgICAgICAgICAgICAgICAgICAgICAgICAgICAgMCwKKyAgICAgICAgICAgICAgICAgICAgICAgICAgICAgICAgICBMT1dPUkQobFBhcmFtKSwKKyAgICAgICAgICAgICAgICAgICAgICAgICAgICAgICAgICBMT1dPUkQod1BhcmFtKSwKKyAgICAgICAgICAgICAgICAgICAgICAgICAgICAgICAgICBTV1BfTk9aT1JERVIpOworCisgICAgICAgICAgICBpZiAoaGR3cCAhPSBOVUxMKQorICAgICAgICAgICAgICAgIEVuZERlZmVyV2luZG93UG9zKGhkd3ApOworICAgICAgICB9CisgICAgICAgIGVsc2UKKyAgICAgICAgICAgIFNldFdpbmRvd1BvcyhHbG9iYWxzLmhFZGl0LAorICAgICAgICAgICAgICAgICAgICAgICAgIE5VTEwsCisgICAgICAgICAgICAgICAgICAgICAgICAgMCwKKyAgICAgICAgICAgICAgICAgICAgICAgICAwLAorICAgICAgICAgICAgICAgICAgICAgICAgIExPV09SRChsUGFyYW0pLAorICAgICAgICAgICAgICAgICAgICAgICAgIEhJV09SRChsUGFyYW0pLAorICAgICAgICAgICAgICAgICAgICAgICAgIFNXUF9OT1pPUkRFUiB8IFNXUF9OT01PVkUpOworCisgICAgICAgIGJyZWFrOworICAgIH0KKworICAgIC8qIFRoZSBlbnRpcmUgY2xpZW50IGFyZWEgaXMgY292ZXJlZCBieSBlZGl0IGNvbnRyb2wgYW5kIGJ5CisgICAgICogdGhlIHN0YXR1cyBiYXIuIFNvIHRoZXJlIGlzIG5vIG5lZWQgdG8gZXJhc2UgbWFpbiBiYWNrZ3JvdW5kLgorICAgICAqIFRoaXMgcmVzb2x2ZXMgdGhlIGhvcnJpYmxlIGZsaWNrZXIgZWZmZWN0IGR1cmluZyB3aW5kb3dzIHJlc2l6ZXMuICovCisgICAgY2FzZSBXTV9FUkFTRUJLR05EOgorICAgICAgICByZXR1cm4gMTsKKworICAgIGNhc2UgV01fU0VURk9DVVM6CisgICAgICAgIFNldEZvY3VzKEdsb2JhbHMuaEVkaXQpOworICAgICAgICBicmVhazsKKworICAgIGNhc2UgV01fRFJPUEZJTEVTOgorICAgIHsKKyAgICAgICAgVENIQVIgc3pGaWxlTmFtZVtNQVhfUEFUSF07CisgICAgICAgIEhEUk9QIGhEcm9wID0gKEhEUk9QKSB3UGFyYW07CisKKyAgICAgICAgRHJhZ1F1ZXJ5RmlsZShoRHJvcCwgMCwgc3pGaWxlTmFtZSwgQVJSQVlfU0laRShzekZpbGVOYW1lKSk7CisgICAgICAgIERyYWdGaW5pc2goaERyb3ApOworICAgICAgICBEb09wZW5GaWxlKHN6RmlsZU5hbWUpOworICAgICAgICBicmVhazsKKyAgICB9CisgICAgY2FzZSBXTV9DSEFSOgorICAgIGNhc2UgV01fSU5JVE1FTlVQT1BVUDoKKyAgICAgICAgTk9URVBBRF9Jbml0TWVudVBvcHVwKChITUVOVSl3UGFyYW0sIGxQYXJhbSk7CisgICAgICAgIGJyZWFrOworICAgIGRlZmF1bHQ6CisgICAgICAgIGlmIChtc2cgPT0gYUZJTkRNU0dTVFJJTkcpCisgICAgICAgIHsKKyAgICAgICAgICAgIEZJTkRSRVBMQUNFICpwRmluZFJlcGxhY2UgPSAoRklORFJFUExBQ0UgKikgbFBhcmFtOworICAgICAgICAgICAgR2xvYmFscy5maW5kID0gKihGSU5EUkVQTEFDRSAqKSBsUGFyYW07CisKKyAgICAgICAgICAgIGlmIChwRmluZFJlcGxhY2UtPkZsYWdzICYgRlJfRklORE5FWFQpCisgICAgICAgICAgICAgICAgTk9URVBBRF9GaW5kTmV4dChwRmluZFJlcGxhY2UsIEZBTFNFLCBUUlVFKTsKKyAgICAgICAgICAgIGVsc2UgaWYgKHBGaW5kUmVwbGFjZS0+RmxhZ3MgJiBGUl9SRVBMQUNFKQorICAgICAgICAgICAgICAgIE5PVEVQQURfRmluZE5leHQocEZpbmRSZXBsYWNlLCBUUlVFLCBUUlVFKTsKKyAgICAgICAgICAgIGVsc2UgaWYgKHBGaW5kUmVwbGFjZS0+RmxhZ3MgJiBGUl9SRVBMQUNFQUxMKQorICAgICAgICAgICAgICAgIE5PVEVQQURfUmVwbGFjZUFsbChwRmluZFJlcGxhY2UpOworICAgICAgICAgICAgZWxzZSBpZiAocEZpbmRSZXBsYWNlLT5GbGFncyAmIEZSX0RJQUxPR1RFUk0pCisgICAgICAgICAgICAgICAgTk9URVBBRF9GaW5kVGVybSgpOworICAgICAgICAgICAgYnJlYWs7CisgICAgICAgIH0KKworICAgICAgICByZXR1cm4gRGVmV2luZG93UHJvYyhoV25kLCBtc2csIHdQYXJhbSwgbFBhcmFtKTsKKyAgICB9CisgICAgcmV0dXJuIDA7Cit9CisKK3N0YXRpYyBpbnQgQWxlcnRGaWxlRG9lc05vdEV4aXN0KExQQ1RTVFIgc3pGaWxlTmFtZSkKK3sKKyAgICByZXR1cm4gRElBTE9HX1N0cmluZ01zZ0JveChHbG9iYWxzLmhNYWluV25kLCBTVFJJTkdfRE9FU05PVEVYSVNULAorICAgICAgICAgICAgICAgICAgICAgICAgICAgICAgIHN6RmlsZU5hbWUsCisgICAgICAgICAgICAgICAgICAgICAgICAgICAgICAgTUJfSUNPTkVYQ0xBTUFUSU9OIHwgTUJfWUVTTk8pOworfQorCitzdGF0aWMgQk9PTCBIYW5kbGVDb21tYW5kTGluZShMUFRTVFIgY21kbGluZSkKK3sKKyAgICBCT09MIG9wdF9wcmludCA9IEZBTFNFOworCisgICAgd2hpbGUgKCpjbWRsaW5lID09IF9UKCcgJykgfHwgKmNtZGxpbmUgPT0gX1QoJy0nKSB8fCAqY21kbGluZSA9PSBfVCgnLycpKQorICAgIHsKKyAgICAgICAgVENIQVIgb3B0aW9uOworCisgICAgICAgIGlmICgqY21kbGluZSsrID09IF9UKCcgJykpIGNvbnRpbnVlOworCisgICAgICAgIG9wdGlvbiA9ICpjbWRsaW5lOworICAgICAgICBpZiAob3B0aW9uKSBjbWRsaW5lKys7CisgICAgICAgIHdoaWxlICgqY21kbGluZSA9PSBfVCgnICcpKSBjbWRsaW5lKys7CisKKyAgICAgICAgc3dpdGNoKG9wdGlvbikKKyAgICAgICAgeworICAgICAgICAgICAgY2FzZSAncCc6CisgICAgICAgICAgICBjYXNlICdQJzoKKyAgICAgICAgICAgICAgICBvcHRfcHJpbnQgPSBUUlVFOworICAgICAgICAgICAgICAgIGJyZWFrOworICAgICAgICB9CisgICAgfQorCisgICAgaWYgKCpjbWRsaW5lKQorICAgIHsKKyAgICAgICAgLyogZmlsZSBuYW1lIGlzIHBhc3NlZCBpbiB0aGUgY29tbWFuZCBsaW5lICovCisgICAgICAgIExQQ1RTVFIgZmlsZV9uYW1lID0gTlVMTDsKKyAgICAgICAgQk9PTCBmaWxlX2V4aXN0cyA9IEZBTFNFOworICAgICAgICBUQ0hBUiBidWZbTUFYX1BBVEhdOworCisgICAgICAgIGlmIChjbWRsaW5lWzBdID09IF9UKCciJykpCisgICAgICAgIHsKKyAgICAgICAgICAgIGNtZGxpbmUrKzsKKyAgICAgICAgICAgIGNtZGxpbmVbbHN0cmxlbihjbWRsaW5lKSAtIDFdID0gMDsKKyAgICAgICAgfQorCisgICAgICAgIGZpbGVfbmFtZSA9IGNtZGxpbmU7CisgICAgICAgIGlmIChGaWxlRXhpc3RzKGZpbGVfbmFtZSkpCisgICAgICAgIHsKKyAgICAgICAgICAgIGZpbGVfZXhpc3RzID0gVFJVRTsKKyAgICAgICAgfQorICAgICAgICBlbHNlIGlmICghSGFzRmlsZUV4dGVuc2lvbihjbWRsaW5lKSkKKyAgICAgICAgeworICAgICAgICAgICAgc3RhdGljIGNvbnN0IFRDSEFSIHR4dFtdID0gX1QoIi50eHQiKTsKKworICAgICAgICAgICAgLyogdHJ5IHRvIGZpbmQgZmlsZSB3aXRoICIudHh0IiBleHRlbnNpb24gKi8KKyAgICAgICAgICAgIGlmICghX3Rjc2NtcCh0eHQsIGNtZGxpbmUgKyBfdGNzbGVuKGNtZGxpbmUpIC0gX3Rjc2xlbih0eHQpKSkKKyAgICAgICAgICAgIHsKKyAgICAgICAgICAgICAgICBmaWxlX2V4aXN0cyA9IEZBTFNFOworICAgICAgICAgICAgfQorICAgICAgICAgICAgZWxzZQorICAgICAgICAgICAgeworICAgICAgICAgICAgICAgIF90Y3NuY3B5KGJ1ZiwgY21kbGluZSwgTUFYX1BBVEggLSBfdGNzbGVuKHR4dCkgLSAxKTsKKyAgICAgICAgICAgICAgICBfdGNzY2F0KGJ1ZiwgdHh0KTsKKyAgICAgICAgICAgICAgICBmaWxlX25hbWUgPSBidWY7CisgICAgICAgICAgICAgICAgZmlsZV9leGlzdHMgPSBGaWxlRXhpc3RzKGZpbGVfbmFtZSk7CisgICAgICAgICAgICB9CisgICAgICAgIH0KKworICAgICAgICBpZiAoZmlsZV9leGlzdHMpCisgICAgICAgIHsKKyAgICAgICAgICAgIERvT3BlbkZpbGUoZmlsZV9uYW1lKTsKKyAgICAgICAgICAgIEludmFsaWRhdGVSZWN0KEdsb2JhbHMuaE1haW5XbmQsIE5VTEwsIEZBTFNFKTsKKyAgICAgICAgICAgIGlmIChvcHRfcHJpbnQpCisgICAgICAgICAgICB7CisgICAgICAgICAgICAgICAgRElBTE9HX0ZpbGVQcmludCgpOworICAgICAgICAgICAgICAgIHJldHVybiBGQUxTRTsKKyAgICAgICAgICAgIH0KKyAgICAgICAgfQorICAgICAgICBlbHNlCisgICAgICAgIHsKKyAgICAgICAgICAgIHN3aXRjaCAoQWxlcnRGaWxlRG9lc05vdEV4aXN0KGZpbGVfbmFtZSkpIHsKKyAgICAgICAgICAgIGNhc2UgSURZRVM6CisgICAgICAgICAgICAgICAgRG9PcGVuRmlsZShmaWxlX25hbWUpOworICAgICAgICAgICAgICAgIGJyZWFrOworCisgICAgICAgICAgICBjYXNlIElETk86CisgICAgICAgICAgICAgICAgYnJlYWs7CisgICAgICAgICAgICB9CisgICAgICAgIH0KKyAgICB9CisKKyAgICByZXR1cm4gVFJVRTsKK30KKworLyoqKioqKioqKioqKioqKioqKioqKioqKioqKioqKioqKioqKioqKioqKioqKioqKioqKioqKioqKioqKioqKioqKioqKioqCisgKgorICogICAgICAgICAgIFdpbk1haW4KKyAqLworaW50IFdJTkFQSSBfdFdpbk1haW4oSElOU1RBTkNFIGhJbnN0YW5jZSwgSElOU1RBTkNFIHByZXYsIExQVFNUUiBjbWRsaW5lLCBpbnQgc2hvdykKK3sKKyAgICBNU0cgbXNnOworICAgIEhBQ0NFTCBoQWNjZWw7CisgICAgV05EQ0xBU1NFWCB3bmRjbGFzczsKKyAgICBITU9OSVRPUiBtb25pdG9yOworICAgIE1PTklUT1JJTkZPIGluZm87CisgICAgSU5UIHgsIHk7CisKKyAgICBzdGF0aWMgY29uc3QgVENIQVIgY2xhc3NOYW1lW10gPSBfVCgiTm90ZXBhZCIpOworICAgIHN0YXRpYyBjb25zdCBUQ0hBUiB3aW5OYW1lW10gPSBfVCgiTm90ZXBhZCIpOworCisgICAgc3dpdGNoIChHZXRVc2VyRGVmYXVsdFVJTGFuZ3VhZ2UoKSkKKyAgICB7CisgICAgY2FzZSBNQUtFTEFOR0lEKExBTkdfSEVCUkVXLCBTVUJMQU5HX0RFRkFVTFQpOgorICAgICAgICBTZXRQcm9jZXNzRGVmYXVsdExheW91dChMQVlPVVRfUlRMKTsKKyAgICAgICAgYnJlYWs7CisKKyAgICBkZWZhdWx0OgorICAgICAgICBicmVhazsKKyAgICB9CisKKyAgICBVTlJFRkVSRU5DRURfUEFSQU1FVEVSKHByZXYpOworCisgICAgYUZJTkRNU0dTVFJJTkcgPSAoQVRPTSlSZWdpc3RlcldpbmRvd01lc3NhZ2UoRklORE1TR1NUUklORyk7CisKKyAgICBaZXJvTWVtb3J5KCZHbG9iYWxzLCBzaXplb2YoR2xvYmFscykpOworICAgIEdsb2JhbHMuaEluc3RhbmNlID0gaEluc3RhbmNlOworICAgIE5PVEVQQURfTG9hZFNldHRpbmdzRnJvbVJlZ2lzdHJ5KCk7CisKKyAgICBaZXJvTWVtb3J5KCZ3bmRjbGFzcywgc2l6ZW9mKHduZGNsYXNzKSk7CisgICAgd25kY2xhc3MuY2JTaXplID0gc2l6ZW9mKHduZGNsYXNzKTsKKyAgICB3bmRjbGFzcy5scGZuV25kUHJvYyA9IE5PVEVQQURfV25kUHJvYzsKKyAgICB3bmRjbGFzcy5oSW5zdGFuY2UgPSBHbG9iYWxzLmhJbnN0YW5jZTsKKyAgICB3bmRjbGFzcy5oSWNvbiA9IExvYWRJY29uKGhJbnN0YW5jZSwgTUFLRUlOVFJFU09VUkNFKElESV9OUElDT04pKTsKKyAgICB3bmRjbGFzcy5oQ3Vyc29yID0gTG9hZEN1cnNvcigwLCBJRENfQVJST1cpOworICAgIHduZGNsYXNzLmhickJhY2tncm91bmQgPSAoSEJSVVNIKShDT0xPUl9XSU5ET1cgKyAxKTsKKyAgICB3bmRjbGFzcy5scHN6TWVudU5hbWUgPSBNQUtFSU5UUkVTT1VSQ0UoTUFJTl9NRU5VKTsKKyAgICB3bmRjbGFzcy5scHN6Q2xhc3NOYW1lID0gY2xhc3NOYW1lOworICAgIHduZGNsYXNzLmhJY29uU20gPSAoSElDT04pTG9hZEltYWdlKGhJbnN0YW5jZSwKKyAgICAgICAgICAgICAgICAgICAgICAgICAgICAgICAgICAgICAgICBNQUtFSU5UUkVTT1VSQ0UoSURJX05QSUNPTiksCisgICAgICAgICAgICAgICAgICAgICAgICAgICAgICAgICAgICAgICAgSU1BR0VfSUNPTiwKKyAgICAgICAgICAgICAgICAgICAgICAgICAgICAgICAgICAgICAgICAxNiwKKyAgICAgICAgICAgICAgICAgICAgICAgICAgICAgICAgICAgICAgICAxNiwKKyAgICAgICAgICAgICAgICAgICAgICAgICAgICAgICAgICAgICAgICAwKTsKKworICAgIGlmICghUmVnaXN0ZXJDbGFzc0V4KCZ3bmRjbGFzcykpIHJldHVybiBGQUxTRTsKKworICAgIC8qIFNldHVwIHdpbmRvd3MgKi8KKworICAgIG1vbml0b3IgPSBNb25pdG9yRnJvbVJlY3QoJkdsb2JhbHMubWFpbl9yZWN0LCBNT05JVE9SX0RFRkFVTFRUT1BSSU1BUlkpOworICAgIGluZm8uY2JTaXplID0gc2l6ZW9mKGluZm8pOworICAgIEdldE1vbml0b3JJbmZvVyhtb25pdG9yLCAmaW5mbyk7CisKKyAgICB4ID0gR2xvYmFscy5tYWluX3JlY3QubGVmdDsKKyAgICB5ID0gR2xvYmFscy5tYWluX3JlY3QudG9wOworICAgIGlmIChHbG9iYWxzLm1haW5fcmVjdC5sZWZ0ID49IGluZm8ucmNXb3JrLnJpZ2h0IHx8CisgICAgICAgIEdsb2JhbHMubWFpbl9yZWN0LnRvcCA+PSBpbmZvLnJjV29yay5ib3R0b20gfHwKKyAgICAgICAgR2xvYmFscy5tYWluX3JlY3QucmlnaHQgPCBpbmZvLnJjV29yay5sZWZ0IHx8CisgICAgICAgIEdsb2JhbHMubWFpbl9yZWN0LmJvdHRvbSA8IGluZm8ucmNXb3JrLnRvcCkKKyAgICAgICAgeCA9IHkgPSBDV19VU0VERUZBVUxUOworLy8gUFY6SUZDT05EKHB2Omhhc0ZlYXR1cmUoJ1dpbmRTcGVlZCcpKQorICAgIEdsb2JhbHMuaE1haW5XbmQgPSBDcmVhdGVXaW5kb3coY2xhc3NOYW1lLAorICAgICAgICAgICAgICAgICAgICAgICAgICAgICAgICAgICAgd2luTmFtZSwKKyAgICAgICAgICAgICAgICAgICAgICAgICAgICAgICAgICAgIFdTX09WRVJMQVBQRURXSU5ET1csCisgICAgICAgICAgICAgICAgICAgICAgICAgICAgICAgICAgICB4LAorICAgICAgICAgICAgICAgICAgICAgICAgICAgICAgICAgICAgeSwKKyAgICAgICAgICAgICAgICAgICAgICAgICAgICAgICAgICAgIEdsb2JhbHMubWFpbl9yZWN0LnJpZ2h0IC0gR2xvYmFscy5tYWluX3JlY3QubGVmdCwKKyAgICAgICAgICAgICAgICAgICAgICAgICAgICAgICAgICAgIEdsb2JhbHMubWFpbl9yZWN0LmJvdHRvbSAtIEdsb2JhbHMubWFpbl9yZWN0LnRvcCwKKyAgICAgICAgICAgICAgICAgICAgICAgICAgICAgICAgICAgIE5VTEwsCisgICAgICAgICAgICAgICAgICAgICAgICAgICAgICAgICAgICBOVUxMLAorICAgICAgICAgICAgICAgICAgICAgICAgICAgICAgICAgICAgR2xvYmFscy5oSW5zdGFuY2UsCisgICAgICAgICAgICAgICAgICAgICAgICAgICAgICAgICAgICBOVUxMKTsKKyAgICBpZiAoIUdsb2JhbHMuaE1haW5XbmQpCisgICAgeworICAgICAgICBTaG93TGFzdEVycm9yKCk7CisgICAgICAgIEV4aXRQcm9jZXNzKDEpOworICAgIH0KKworICAgIERvQ3JlYXRlRWRpdFdpbmRvdygpOworCisgICAgTk9URVBBRF9Jbml0RGF0YSgpOworICAgIERJQUxPR19GaWxlTmV3KCk7CisKKyAgICBTaG93V2luZG93KEdsb2JhbHMuaE1haW5XbmQsIHNob3cpOworICAgIFVwZGF0ZVdpbmRvdyhHbG9iYWxzLmhNYWluV25kKTsKKyAgICBEcmFnQWNjZXB0RmlsZXMoR2xvYmFscy5oTWFpblduZCwgVFJVRSk7CisKKyAgICBESUFMT0dfVmlld1N0YXR1c0JhcigpOworCisgICAgaWYgKCFIYW5kbGVDb21tYW5kTGluZShjbWRsaW5lKSkKKyAgICB7CisgICAgICAgIHJldHVybiAwOworICAgIH0KKworICAgIGhBY2NlbCA9IExvYWRBY2NlbGVyYXRvcnMoaEluc3RhbmNlLCBNQUtFSU5UUkVTT1VSQ0UoSURfQUNDRUwpKTsKKy8vIFBWOkVORENPTkQKKyAgICB3aGlsZSAoR2V0TWVzc2FnZSgmbXNnLCAwLCAwLCAwKSkKKyAgICB7CisgICAgICAgIGlmICghSXNEaWFsb2dNZXNzYWdlKEdsb2JhbHMuaEZpbmRSZXBsYWNlRGxnLCAmbXNnKSAmJgorICAgICAgICAgICAgIVRyYW5zbGF0ZUFjY2VsZXJhdG9yKEdsb2JhbHMuaE1haW5XbmQsIGhBY2NlbCwgJm1zZykpCisgICAgICAgIHsKKyAgICAgICAgICAgIFRyYW5zbGF0ZU1lc3NhZ2UoJm1zZyk7CisgICAgICAgICAgICBEaXNwYXRjaE1lc3NhZ2UoJm1zZyk7CisgICAgICAgIH0KKyAgICB9CisgICAgcmV0dXJuIChpbnQpIG1zZy53UGFyYW07Cit9Cg==',259,13,2,'NEW_ASSET_WITH_NO_VARIATIONPOINT');
INSERT IGNORE INTO developer_group (id_developer_group) VALUES 
(14);
INSERT IGNORE INTO developer_bridge (id_developer_group,id_developer) VALUES 
(14,1);
INSERT IGNORE INTO variation_point (idvariationpoint, expression, idcoreasset,id_feature_group) VALUES
(260,'No Expression',67,0);
INSERT IGNORE INTO customization_fact (idcustomization, lines_added,lines_deleted,custom_diff,commit_set,message_set,greater_diff,idvariationpoint,id_developer_group, idproductrelease, type) VALUES
(14,103,0,'ZGlmZiAtLWdpdCBhL2lucHV0L2FsZ29yaXRobXMvbWFpbi5oIGIvaW5wdXQvYWxnb3JpdGhtcy9tYWluLmgKbmV3IGZpbGUgbW9kZSAxMDA2NDQKaW5kZXggMDAwMDAwMC4uYzY0Y2NmNgotLS0gL2Rldi9udWxsCkBAIC0wLDAgKzEsMTAzIEBAIEV4cHJlc3Npb246IE5vIEV4cHJlc3Npb25DaGFuZ2UgVHlwZTogTkVXX0FTU0VUX1dJVEhfTk9fVkFSSUFUSU9OUE9JTlQKKy8qLy9BdXRob3JlZCBieTogbGV0aW1vbWUgaW4gY29tbWl0OjVhMGU2ZGZiNDQ0ZmIxYzc2YmFkOGZjZDA5MDMxYmE1ZDJiNDQ5M2YsIHdpdGggbWVzc2FnZTphZGRlZCBjIGZpbGVzIGluIGFsZ29yaXRobQorICogIE5vdGVwYWQgKG5vdGVwYWQuaCkvL0F1dGhvcmVkIGJ5OiBsZXRpbW9tZSBpbiBjb21taXQ6NWEwZTZkZmI0NDRmYjFjNzZiYWQ4ZmNkMDkwMzFiYTVkMmI0NDkzZiwgd2l0aCBtZXNzYWdlOmFkZGVkIGMgZmlsZXMgaW4gYWxnb3JpdGhtCisgKi8vQXV0aG9yZWQgYnk6IGxldGltb21lIGluIGNvbW1pdDo1YTBlNmRmYjQ0NGZiMWM3NmJhZDhmY2QwOTAzMWJhNWQyYjQ0OTNmLCB3aXRoIG1lc3NhZ2U6YWRkZWQgYyBmaWxlcyBpbiBhbGdvcml0aG0KKyAqICBDb3B5cmlnaHQgMTk5Nyw5OCBNYXJjZWwgQmF1ciA8bWJhdXJAZzI2LmV0aHouY2g+Ly9BdXRob3JlZCBieTogbGV0aW1vbWUgaW4gY29tbWl0OjVhMGU2ZGZiNDQ0ZmIxYzc2YmFkOGZjZDA5MDMxYmE1ZDJiNDQ5M2YsIHdpdGggbWVzc2FnZTphZGRlZCBjIGZpbGVzIGluIGFsZ29yaXRobQorICogIENvcHlyaWdodCAyMDAyIFN5bHZhaW4gUGV0cmVvbGxlIDxzcGV0cmVvbGxlQHlhaG9vLmZyPi8vQXV0aG9yZWQgYnk6IGxldGltb21lIGluIGNvbW1pdDo1YTBlNmRmYjQ0NGZiMWM3NmJhZDhmY2QwOTAzMWJhNWQyYjQ0OTNmLCB3aXRoIG1lc3NhZ2U6YWRkZWQgYyBmaWxlcyBpbiBhbGdvcml0aG0KKyAqLy9BdXRob3JlZCBieTogbGV0aW1vbWUgaW4gY29tbWl0OjVhMGU2ZGZiNDQ0ZmIxYzc2YmFkOGZjZDA5MDMxYmE1ZDJiNDQ5M2YsIHdpdGggbWVzc2FnZTphZGRlZCBjIGZpbGVzIGluIGFsZ29yaXRobQorICogVGhpcyBsaWJyYXJ5IGlzIGZyZWUgc29mdHdhcmU7IHlvdSBjYW4gcmVkaXN0cmlidXRlIGl0IGFuZC9vci8vQXV0aG9yZWQgYnk6IGxldGltb21lIGluIGNvbW1pdDo1YTBlNmRmYjQ0NGZiMWM3NmJhZDhmY2QwOTAzMWJhNWQyYjQ0OTNmLCB3aXRoIG1lc3NhZ2U6YWRkZWQgYyBmaWxlcyBpbiBhbGdvcml0aG0KKyAqIG1vZGlmeSBpdCB1bmRlciB0aGUgdGVybXMgb2YgdGhlIEdOVSBMZXNzZXIgR2VuZXJhbCBQdWJsaWMvL0F1dGhvcmVkIGJ5OiBsZXRpbW9tZSBpbiBjb21taXQ6NWEwZTZkZmI0NDRmYjFjNzZiYWQ4ZmNkMDkwMzFiYTVkMmI0NDkzZiwgd2l0aCBtZXNzYWdlOmFkZGVkIGMgZmlsZXMgaW4gYWxnb3JpdGhtCisgKiBMaWNlbnNlIGFzIHB1Ymxpc2hlZCBieSB0aGUgRnJlZSBTb2Z0d2FyZSBGb3VuZGF0aW9uOyBlaXRoZXIvL0F1dGhvcmVkIGJ5OiBsZXRpbW9tZSBpbiBjb21taXQ6NWEwZTZkZmI0NDRmYjFjNzZiYWQ4ZmNkMDkwMzFiYTVkMmI0NDkzZiwgd2l0aCBtZXNzYWdlOmFkZGVkIGMgZmlsZXMgaW4gYWxnb3JpdGhtCisgKiB2ZXJzaW9uIDIuMSBvZiB0aGUgTGljZW5zZSwgb3IgKGF0IHlvdXIgb3B0aW9uKSBhbnkgbGF0ZXIgdmVyc2lvbi4vL0F1dGhvcmVkIGJ5OiBsZXRpbW9tZSBpbiBjb21taXQ6NWEwZTZkZmI0NDRmYjFjNzZiYWQ4ZmNkMDkwMzFiYTVkMmI0NDkzZiwgd2l0aCBtZXNzYWdlOmFkZGVkIGMgZmlsZXMgaW4gYWxnb3JpdGhtCisgKi8vQXV0aG9yZWQgYnk6IGxldGltb21lIGluIGNvbW1pdDo1YTBlNmRmYjQ0NGZiMWM3NmJhZDhmY2QwOTAzMWJhNWQyYjQ0OTNmLCB3aXRoIG1lc3NhZ2U6YWRkZWQgYyBmaWxlcyBpbiBhbGdvcml0aG0KKyAqIFRoaXMgbGlicmFyeSBpcyBkaXN0cmlidXRlZCBpbiB0aGUgaG9wZSB0aGF0IGl0IHdpbGwgYmUgdXNlZnVsLC8vQXV0aG9yZWQgYnk6IGxldGltb21lIGluIGNvbW1pdDo1YTBlNmRmYjQ0NGZiMWM3NmJhZDhmY2QwOTAzMWJhNWQyYjQ0OTNmLCB3aXRoIG1lc3NhZ2U6YWRkZWQgYyBmaWxlcyBpbiBhbGdvcml0aG0KKyAqIGJ1dCBXSVRIT1VUIEFOWSBXQVJSQU5UWTsgd2l0aG91dCBldmVuIHRoZSBpbXBsaWVkIHdhcnJhbnR5IG9mLy9BdXRob3JlZCBieTogbGV0aW1vbWUgaW4gY29tbWl0OjVhMGU2ZGZiNDQ0ZmIxYzc2YmFkOGZjZDA5MDMxYmE1ZDJiNDQ5M2YsIHdpdGggbWVzc2FnZTphZGRlZCBjIGZpbGVzIGluIGFsZ29yaXRobQorICogTUVSQ0hBTlRBQklMSVRZIG9yIEZJVE5FU1MgRk9SIEEgUEFSVElDVUxBUiBQVVJQT1NFLiAgU2VlIHRoZSBHTlUvL0F1dGhvcmVkIGJ5OiBsZXRpbW9tZSBpbiBjb21taXQ6NWEwZTZkZmI0NDRmYjFjNzZiYWQ4ZmNkMDkwMzFiYTVkMmI0NDkzZiwgd2l0aCBtZXNzYWdlOmFkZGVkIGMgZmlsZXMgaW4gYWxnb3JpdGhtCisgKiBMZXNzZXIgR2VuZXJhbCBQdWJsaWMgTGljZW5zZSBmb3IgbW9yZSBkZXRhaWxzLi8vQXV0aG9yZWQgYnk6IGxldGltb21lIGluIGNvbW1pdDo1YTBlNmRmYjQ0NGZiMWM3NmJhZDhmY2QwOTAzMWJhNWQyYjQ0OTNmLCB3aXRoIG1lc3NhZ2U6YWRkZWQgYyBmaWxlcyBpbiBhbGdvcml0aG0KKyAqLy9BdXRob3JlZCBieTogbGV0aW1vbWUgaW4gY29tbWl0OjVhMGU2ZGZiNDQ0ZmIxYzc2YmFkOGZjZDA5MDMxYmE1ZDJiNDQ5M2YsIHdpdGggbWVzc2FnZTphZGRlZCBjIGZpbGVzIGluIGFsZ29yaXRobQorICogWW91IHNob3VsZCBoYXZlIHJlY2VpdmVkIGEgY29weSBvZiB0aGUgR05VIExlc3NlciBHZW5lcmFsIFB1YmxpYy8vQXV0aG9yZWQgYnk6IGxldGltb21lIGluIGNvbW1pdDo1YTBlNmRmYjQ0NGZiMWM3NmJhZDhmY2QwOTAzMWJhNWQyYjQ0OTNmLCB3aXRoIG1lc3NhZ2U6YWRkZWQgYyBmaWxlcyBpbiBhbGdvcml0aG0KKyAqIExpY2Vuc2UgYWxvbmcgd2l0aCB0aGlzIGxpYnJhcnk7IGlmIG5vdCwgd3JpdGUgdG8gdGhlIEZyZWUgU29mdHdhcmUvL0F1dGhvcmVkIGJ5OiBsZXRpbW9tZSBpbiBjb21taXQ6NWEwZTZkZmI0NDRmYjFjNzZiYWQ4ZmNkMDkwMzFiYTVkMmI0NDkzZiwgd2l0aCBtZXNzYWdlOmFkZGVkIGMgZmlsZXMgaW4gYWxnb3JpdGhtCisgKiBGb3VuZGF0aW9uLCBJbmMuLCA1MSBGcmFua2xpbiBTdHJlZXQsIEZpZnRoIEZsb29yLCBCb3N0b24sIE1BICAwMjExMC0xMzAxICBVU0EvL0F1dGhvcmVkIGJ5OiBsZXRpbW9tZSBpbiBjb21taXQ6NWEwZTZkZmI0NDRmYjFjNzZiYWQ4ZmNkMDkwMzFiYTVkMmI0NDkzZiwgd2l0aCBtZXNzYWdlOmFkZGVkIGMgZmlsZXMgaW4gYWxnb3JpdGhtCisgKi8vL0F1dGhvcmVkIGJ5OiBsZXRpbW9tZSBpbiBjb21taXQ6NWEwZTZkZmI0NDRmYjFjNzZiYWQ4ZmNkMDkwMzFiYTVkMmI0NDkzZiwgd2l0aCBtZXNzYWdlOmFkZGVkIGMgZmlsZXMgaW4gYWxnb3JpdGhtCisvL0F1dGhvcmVkIGJ5OiBsZXRpbW9tZSBpbiBjb21taXQ6NWEwZTZkZmI0NDRmYjFjNzZiYWQ4ZmNkMDkwMzFiYTVkMmI0NDkzZiwgd2l0aCBtZXNzYWdlOmFkZGVkIGMgZmlsZXMgaW4gYWxnb3JpdGhtCisjcHJhZ21hIG9uY2UvL0F1dGhvcmVkIGJ5OiBsZXRpbW9tZSBpbiBjb21taXQ6NWEwZTZkZmI0NDRmYjFjNzZiYWQ4ZmNkMDkwMzFiYTVkMmI0NDkzZiwgd2l0aCBtZXNzYWdlOmFkZGVkIGMgZmlsZXMgaW4gYWxnb3JpdGhtCisvL0F1dGhvcmVkIGJ5OiBsZXRpbW9tZSBpbiBjb21taXQ6NWEwZTZkZmI0NDRmYjFjNzZiYWQ4ZmNkMDkwMzFiYTVkMmI0NDkzZiwgd2l0aCBtZXNzYWdlOmFkZGVkIGMgZmlsZXMgaW4gYWxnb3JpdGhtCisjZGVmaW5lIEFSUkFZX1NJWkUoYSkgKHNpemVvZihhKS9zaXplb2YoKGEpWzBdKSkvL0F1dGhvcmVkIGJ5OiBsZXRpbW9tZSBpbiBjb21taXQ6NWEwZTZkZmI0NDRmYjFjNzZiYWQ4ZmNkMDkwMzFiYTVkMmI0NDkzZiwgd2l0aCBtZXNzYWdlOmFkZGVkIGMgZmlsZXMgaW4gYWxnb3JpdGhtCisvL0F1dGhvcmVkIGJ5OiBsZXRpbW9tZSBpbiBjb21taXQ6NWEwZTZkZmI0NDRmYjFjNzZiYWQ4ZmNkMDkwMzFiYTVkMmI0NDkzZiwgd2l0aCBtZXNzYWdlOmFkZGVkIGMgZmlsZXMgaW4gYWxnb3JpdGhtCisjaW5jbHVkZSAibm90ZXBhZF9yZXMuaCIvL0F1dGhvcmVkIGJ5OiBsZXRpbW9tZSBpbiBjb21taXQ6NWEwZTZkZmI0NDRmYjFjNzZiYWQ4ZmNkMDkwMzFiYTVkMmI0NDkzZiwgd2l0aCBtZXNzYWdlOmFkZGVkIGMgZmlsZXMgaW4gYWxnb3JpdGhtCisvL0F1dGhvcmVkIGJ5OiBsZXRpbW9tZSBpbiBjb21taXQ6NWEwZTZkZmI0NDRmYjFjNzZiYWQ4ZmNkMDkwMzFiYTVkMmI0NDkzZiwgd2l0aCBtZXNzYWdlOmFkZGVkIGMgZmlsZXMgaW4gYWxnb3JpdGhtCisjZGVmaW5lIEVESVRfU1RZTEVfV1JBUCAoV1NfQ0hJTEQgfCBXU19WU0NST0xMIFwvL0F1dGhvcmVkIGJ5OiBsZXRpbW9tZSBpbiBjb21taXQ6NWEwZTZkZmI0NDRmYjFjNzZiYWQ4ZmNkMDkwMzFiYTVkMmI0NDkzZiwgd2l0aCBtZXNzYWdlOmFkZGVkIGMgZmlsZXMgaW4gYWxnb3JpdGhtCisgICAgfCBFU19BVVRPVlNDUk9MTCB8IEVTX01VTFRJTElORSB8IEVTX05PSElERVNFTCkvL0F1dGhvcmVkIGJ5OiBsZXRpbW9tZSBpbiBjb21taXQ6NWEwZTZkZmI0NDRmYjFjNzZiYWQ4ZmNkMDkwMzFiYTVkMmI0NDkzZiwgd2l0aCBtZXNzYWdlOmFkZGVkIGMgZmlsZXMgaW4gYWxnb3JpdGhtCisjZGVmaW5lIEVESVRfU1RZTEUgKEVESVRfU1RZTEVfV1JBUCB8IFdTX0hTQ1JPTEwgfCBFU19BVVRPSFNDUk9MTCkvL0F1dGhvcmVkIGJ5OiBsZXRpbW9tZSBpbiBjb21taXQ6NWEwZTZkZmI0NDRmYjFjNzZiYWQ4ZmNkMDkwMzFiYTVkMmI0NDkzZiwgd2l0aCBtZXNzYWdlOmFkZGVkIGMgZmlsZXMgaW4gYWxnb3JpdGhtCisvL0F1dGhvcmVkIGJ5OiBsZXRpbW9tZSBpbiBjb21taXQ6NWEwZTZkZmI0NDRmYjFjNzZiYWQ4ZmNkMDkwMzFiYTVkMmI0NDkzZiwgd2l0aCBtZXNzYWdlOmFkZGVkIGMgZmlsZXMgaW4gYWxnb3JpdGhtCisjZGVmaW5lIEVESVRfQ0xBU1MgICAgICAgICAgX1QoIkVESVQiKS8vQXV0aG9yZWQgYnk6IGxldGltb21lIGluIGNvbW1pdDo1YTBlNmRmYjQ0NGZiMWM3NmJhZDhmY2QwOTAzMWJhNWQyYjQ0OTNmLCB3aXRoIG1lc3NhZ2U6YWRkZWQgYyBmaWxlcyBpbiBhbGdvcml0aG0KKy8vQXV0aG9yZWQgYnk6IGxldGltb21lIGluIGNvbW1pdDo1YTBlNmRmYjQ0NGZiMWM3NmJhZDhmY2QwOTAzMWJhNWQyYjQ0OTNmLCB3aXRoIG1lc3NhZ2U6YWRkZWQgYyBmaWxlcyBpbiBhbGdvcml0aG0KKyNkZWZpbmUgTUFYX1NUUklOR19MRU4gICAgICAyNTUvL0F1dGhvcmVkIGJ5OiBsZXRpbW9tZSBpbiBjb21taXQ6NWEwZTZkZmI0NDRmYjFjNzZiYWQ4ZmNkMDkwMzFiYTVkMmI0NDkzZiwgd2l0aCBtZXNzYWdlOmFkZGVkIGMgZmlsZXMgaW4gYWxnb3JpdGhtCisvL0F1dGhvcmVkIGJ5OiBsZXRpbW9tZSBpbiBjb21taXQ6NWEwZTZkZmI0NDRmYjFjNzZiYWQ4ZmNkMDkwMzFiYTVkMmI0NDkzZiwgd2l0aCBtZXNzYWdlOmFkZGVkIGMgZmlsZXMgaW4gYWxnb3JpdGhtCisvKiBWYWx1ZXMgYXJlIGluZGV4ZXMgb2YgdGhlIGl0ZW1zIGluIHRoZSBFbmNvZGluZyBjb21ib2JveC4gKi8vL0F1dGhvcmVkIGJ5OiBsZXRpbW9tZSBpbiBjb21taXQ6NWEwZTZkZmI0NDRmYjFjNzZiYWQ4ZmNkMDkwMzFiYTVkMmI0NDkzZiwgd2l0aCBtZXNzYWdlOmFkZGVkIGMgZmlsZXMgaW4gYWxnb3JpdGhtCit0eXBlZGVmIGVudW0vL0F1dGhvcmVkIGJ5OiBsZXRpbW9tZSBpbiBjb21taXQ6NWEwZTZkZmI0NDRmYjFjNzZiYWQ4ZmNkMDkwMzFiYTVkMmI0NDkzZiwgd2l0aCBtZXNzYWdlOmFkZGVkIGMgZmlsZXMgaW4gYWxnb3JpdGhtCit7Ly9BdXRob3JlZCBieTogbGV0aW1vbWUgaW4gY29tbWl0OjVhMGU2ZGZiNDQ0ZmIxYzc2YmFkOGZjZDA5MDMxYmE1ZDJiNDQ5M2YsIHdpdGggbWVzc2FnZTphZGRlZCBjIGZpbGVzIGluIGFsZ29yaXRobQorICAgIEVOQ09ESU5HX0FVVE8gICAgPSAtMSwvL0F1dGhvcmVkIGJ5OiBsZXRpbW9tZSBpbiBjb21taXQ6NWEwZTZkZmI0NDRmYjFjNzZiYWQ4ZmNkMDkwMzFiYTVkMmI0NDkzZiwgd2l0aCBtZXNzYWdlOmFkZGVkIGMgZmlsZXMgaW4gYWxnb3JpdGhtCisgICAgRU5DT0RJTkdfQU5TSSAgICA9ICAwLC8vQXV0aG9yZWQgYnk6IGxldGltb21lIGluIGNvbW1pdDo1YTBlNmRmYjQ0NGZiMWM3NmJhZDhmY2QwOTAzMWJhNWQyYjQ0OTNmLCB3aXRoIG1lc3NhZ2U6YWRkZWQgYyBmaWxlcyBpbiBhbGdvcml0aG0KKyAgICBFTkNPRElOR19VVEYxNkxFID0gIDEsLy9BdXRob3JlZCBieTogbGV0aW1vbWUgaW4gY29tbWl0OjVhMGU2ZGZiNDQ0ZmIxYzc2YmFkOGZjZDA5MDMxYmE1ZDJiNDQ5M2YsIHdpdGggbWVzc2FnZTphZGRlZCBjIGZpbGVzIGluIGFsZ29yaXRobQorICAgIEVOQ09ESU5HX1VURjE2QkUgPSAgMiwvL0F1dGhvcmVkIGJ5OiBsZXRpbW9tZSBpbiBjb21taXQ6NWEwZTZkZmI0NDRmYjFjNzZiYWQ4ZmNkMDkwMzFiYTVkMmI0NDkzZiwgd2l0aCBtZXNzYWdlOmFkZGVkIGMgZmlsZXMgaW4gYWxnb3JpdGhtCisgICAgRU5DT0RJTkdfVVRGOCAgICA9ICAzLy9BdXRob3JlZCBieTogbGV0aW1vbWUgaW4gY29tbWl0OjVhMGU2ZGZiNDQ0ZmIxYzc2YmFkOGZjZDA5MDMxYmE1ZDJiNDQ5M2YsIHdpdGggbWVzc2FnZTphZGRlZCBjIGZpbGVzIGluIGFsZ29yaXRobQorfSBFTkNPRElORzsvL0F1dGhvcmVkIGJ5OiBsZXRpbW9tZSBpbiBjb21taXQ6NWEwZTZkZmI0NDRmYjFjNzZiYWQ4ZmNkMDkwMzFiYTVkMmI0NDkzZiwgd2l0aCBtZXNzYWdlOmFkZGVkIGMgZmlsZXMgaW4gYWxnb3JpdGhtCisvLyAjZGVmaW5lIEVOQ09ESU5HX0FOU0kgICAgICAgMC8vQXV0aG9yZWQgYnk6IGxldGltb21lIGluIGNvbW1pdDo1YTBlNmRmYjQ0NGZiMWM3NmJhZDhmY2QwOTAzMWJhNWQyYjQ0OTNmLCB3aXRoIG1lc3NhZ2U6YWRkZWQgYyBmaWxlcyBpbiBhbGdvcml0aG0KKyNkZWZpbmUgRU5DT0RJTkdfVU5JQ09ERSAgICAxLy9BdXRob3JlZCBieTogbGV0aW1vbWUgaW4gY29tbWl0OjVhMGU2ZGZiNDQ0ZmIxYzc2YmFkOGZjZDA5MDMxYmE1ZDJiNDQ5M2YsIHdpdGggbWVzc2FnZTphZGRlZCBjIGZpbGVzIGluIGFsZ29yaXRobQorI2RlZmluZSBFTkNPRElOR19VTklDT0RFX0JFIDIvL0F1dGhvcmVkIGJ5OiBsZXRpbW9tZSBpbiBjb21taXQ6NWEwZTZkZmI0NDRmYjFjNzZiYWQ4ZmNkMDkwMzFiYTVkMmI0NDkzZiwgd2l0aCBtZXNzYWdlOmFkZGVkIGMgZmlsZXMgaW4gYWxnb3JpdGhtCisvLyAjZGVmaW5lIEVOQ09ESU5HX1VURjggICAgICAgMy8vQXV0aG9yZWQgYnk6IGxldGltb21lIGluIGNvbW1pdDo1YTBlNmRmYjQ0NGZiMWM3NmJhZDhmY2QwOTAzMWJhNWQyYjQ0OTNmLCB3aXRoIG1lc3NhZ2U6YWRkZWQgYyBmaWxlcyBpbiBhbGdvcml0aG0KKy8vQXV0aG9yZWQgYnk6IGxldGltb21lIGluIGNvbW1pdDo1YTBlNmRmYjQ0NGZiMWM3NmJhZDhmY2QwOTAzMWJhNWQyYjQ0OTNmLCB3aXRoIG1lc3NhZ2U6YWRkZWQgYyBmaWxlcyBpbiBhbGdvcml0aG0KKy8vICNkZWZpbmUgTUlOX0VOQ09ESU5HICAgMC8vQXV0aG9yZWQgYnk6IGxldGltb21lIGluIGNvbW1pdDo1YTBlNmRmYjQ0NGZiMWM3NmJhZDhmY2QwOTAzMWJhNWQyYjQ0OTNmLCB3aXRoIG1lc3NhZ2U6YWRkZWQgYyBmaWxlcyBpbiBhbGdvcml0aG0KKy8vICNkZWZpbmUgTUFYX0VOQ09ESU5HICAgMy8vQXV0aG9yZWQgYnk6IGxldGltb21lIGluIGNvbW1pdDo1YTBlNmRmYjQ0NGZiMWM3NmJhZDhmY2QwOTAzMWJhNWQyYjQ0OTNmLCB3aXRoIG1lc3NhZ2U6YWRkZWQgYyBmaWxlcyBpbiBhbGdvcml0aG0KKy8vQXV0aG9yZWQgYnk6IGxldGltb21lIGluIGNvbW1pdDo1YTBlNmRmYjQ0NGZiMWM3NmJhZDhmY2QwOTAzMWJhNWQyYjQ0OTNmLCB3aXRoIG1lc3NhZ2U6YWRkZWQgYyBmaWxlcyBpbiBhbGdvcml0aG0KKyNkZWZpbmUgRU9MTl9DUkxGICAgICAgICAgICAwLy9BdXRob3JlZCBieTogbGV0aW1vbWUgaW4gY29tbWl0OjVhMGU2ZGZiNDQ0ZmIxYzc2YmFkOGZjZDA5MDMxYmE1ZDJiNDQ5M2YsIHdpdGggbWVzc2FnZTphZGRlZCBjIGZpbGVzIGluIGFsZ29yaXRobQorI2RlZmluZSBFT0xOX0xGICAgICAgICAgICAgIDEvL0F1dGhvcmVkIGJ5OiBsZXRpbW9tZSBpbiBjb21taXQ6NWEwZTZkZmI0NDRmYjFjNzZiYWQ4ZmNkMDkwMzFiYTVkMmI0NDkzZiwgd2l0aCBtZXNzYWdlOmFkZGVkIGMgZmlsZXMgaW4gYWxnb3JpdGhtCisjZGVmaW5lIEVPTE5fQ1IgICAgICAgICAgICAgMi8vQXV0aG9yZWQgYnk6IGxldGltb21lIGluIGNvbW1pdDo1YTBlNmRmYjQ0NGZiMWM3NmJhZDhmY2QwOTAzMWJhNWQyYjQ0OTNmLCB3aXRoIG1lc3NhZ2U6YWRkZWQgYyBmaWxlcyBpbiBhbGdvcml0aG0KKy8vQXV0aG9yZWQgYnk6IGxldGltb21lIGluIGNvbW1pdDo1YTBlNmRmYjQ0NGZiMWM3NmJhZDhmY2QwOTAzMWJhNWQyYjQ0OTNmLCB3aXRoIG1lc3NhZ2U6YWRkZWQgYyBmaWxlcyBpbiBhbGdvcml0aG0KK3R5cGVkZWYgc3RydWN0Ly9BdXRob3JlZCBieTogbGV0aW1vbWUgaW4gY29tbWl0OjVhMGU2ZGZiNDQ0ZmIxYzc2YmFkOGZjZDA5MDMxYmE1ZDJiNDQ5M2YsIHdpdGggbWVzc2FnZTphZGRlZCBjIGZpbGVzIGluIGFsZ29yaXRobQorey8vQXV0aG9yZWQgYnk6IGxldGltb21lIGluIGNvbW1pdDo1YTBlNmRmYjQ0NGZiMWM3NmJhZDhmY2QwOTAzMWJhNWQyYjQ0OTNmLCB3aXRoIG1lc3NhZ2U6YWRkZWQgYyBmaWxlcyBpbiBhbGdvcml0aG0KKyAgICBISU5TVEFOQ0UgaEluc3RhbmNlOy8vQXV0aG9yZWQgYnk6IGxldGltb21lIGluIGNvbW1pdDo1YTBlNmRmYjQ0NGZiMWM3NmJhZDhmY2QwOTAzMWJhNWQyYjQ0OTNmLCB3aXRoIG1lc3NhZ2U6YWRkZWQgYyBmaWxlcyBpbiBhbGdvcml0aG0KKyAgICBIV05EIGhNYWluV25kOy8vQXV0aG9yZWQgYnk6IGxldGltb21lIGluIGNvbW1pdDo1YTBlNmRmYjQ0NGZiMWM3NmJhZDhmY2QwOTAzMWJhNWQyYjQ0OTNmLCB3aXRoIG1lc3NhZ2U6YWRkZWQgYyBmaWxlcyBpbiBhbGdvcml0aG0KKyAgICBIV05EIGhGaW5kUmVwbGFjZURsZzsvL0F1dGhvcmVkIGJ5OiBsZXRpbW9tZSBpbiBjb21taXQ6NWEwZTZkZmI0NDRmYjFjNzZiYWQ4ZmNkMDkwMzFiYTVkMmI0NDkzZiwgd2l0aCBtZXNzYWdlOmFkZGVkIGMgZmlsZXMgaW4gYWxnb3JpdGhtCisgICAgSFdORCBoRWRpdDsvL0F1dGhvcmVkIGJ5OiBsZXRpbW9tZSBpbiBjb21taXQ6NWEwZTZkZmI0NDRmYjFjNzZiYWQ4ZmNkMDkwMzFiYTVkMmI0NDkzZiwgd2l0aCBtZXNzYWdlOmFkZGVkIGMgZmlsZXMgaW4gYWxnb3JpdGhtCisgICAgSFdORCBoU3RhdHVzQmFyOy8vQXV0aG9yZWQgYnk6IGxldGltb21lIGluIGNvbW1pdDo1YTBlNmRmYjQ0NGZiMWM3NmJhZDhmY2QwOTAzMWJhNWQyYjQ0OTNmLCB3aXRoIG1lc3NhZ2U6YWRkZWQgYyBmaWxlcyBpbiBhbGdvcml0aG0KKyAgICBIRk9OVCBoRm9udDsgLyogRm9udCB1c2VkIGJ5IHRoZSBlZGl0IGNvbnRyb2wgKi8vL0F1dGhvcmVkIGJ5OiBsZXRpbW9tZSBpbiBjb21taXQ6NWEwZTZkZmI0NDRmYjFjNzZiYWQ4ZmNkMDkwMzFiYTVkMmI0NDkzZiwgd2l0aCBtZXNzYWdlOmFkZGVkIGMgZmlsZXMgaW4gYWxnb3JpdGhtCisgICAgSE1FTlUgaE1lbnU7Ly9BdXRob3JlZCBieTogbGV0aW1vbWUgaW4gY29tbWl0OjVhMGU2ZGZiNDQ0ZmIxYzc2YmFkOGZjZDA5MDMxYmE1ZDJiNDQ5M2YsIHdpdGggbWVzc2FnZTphZGRlZCBjIGZpbGVzIGluIGFsZ29yaXRobQorICAgIEhHTE9CQUwgaERldk1vZGU7Ly9BdXRob3JlZCBieTogbGV0aW1vbWUgaW4gY29tbWl0OjVhMGU2ZGZiNDQ0ZmIxYzc2YmFkOGZjZDA5MDMxYmE1ZDJiNDQ5M2YsIHdpdGggbWVzc2FnZTphZGRlZCBjIGZpbGVzIGluIGFsZ29yaXRobQorICAgIEhHTE9CQUwgaERldk5hbWVzOy8vQXV0aG9yZWQgYnk6IGxldGltb21lIGluIGNvbW1pdDo1YTBlNmRmYjQ0NGZiMWM3NmJhZDhmY2QwOTAzMWJhNWQyYjQ0OTNmLCB3aXRoIG1lc3NhZ2U6YWRkZWQgYyBmaWxlcyBpbiBhbGdvcml0aG0KKyAgICBMT0dGT05UIGxmRm9udDsvL0F1dGhvcmVkIGJ5OiBsZXRpbW9tZSBpbiBjb21taXQ6NWEwZTZkZmI0NDRmYjFjNzZiYWQ4ZmNkMDkwMzFiYTVkMmI0NDkzZiwgd2l0aCBtZXNzYWdlOmFkZGVkIGMgZmlsZXMgaW4gYWxnb3JpdGhtCisgICAgQk9PTCBiV3JhcExvbmdMaW5lczsvL0F1dGhvcmVkIGJ5OiBsZXRpbW9tZSBpbiBjb21taXQ6NWEwZTZkZmI0NDRmYjFjNzZiYWQ4ZmNkMDkwMzFiYTVkMmI0NDkzZiwgd2l0aCBtZXNzYWdlOmFkZGVkIGMgZmlsZXMgaW4gYWxnb3JpdGhtCisgICAgQk9PTCBiU2hvd1N0YXR1c0JhcjsvL0F1dGhvcmVkIGJ5OiBsZXRpbW9tZSBpbiBjb21taXQ6NWEwZTZkZmI0NDRmYjFjNzZiYWQ4ZmNkMDkwMzFiYTVkMmI0NDkzZiwgd2l0aCBtZXNzYWdlOmFkZGVkIGMgZmlsZXMgaW4gYWxnb3JpdGhtCisgICAgVENIQVIgc3pGaW5kVGV4dFtNQVhfUEFUSF07Ly9BdXRob3JlZCBieTogbGV0aW1vbWUgaW4gY29tbWl0OjVhMGU2ZGZiNDQ0ZmIxYzc2YmFkOGZjZDA5MDMxYmE1ZDJiNDQ5M2YsIHdpdGggbWVzc2FnZTphZGRlZCBjIGZpbGVzIGluIGFsZ29yaXRobQorICAgIFRDSEFSIHN6UmVwbGFjZVRleHRbTUFYX1BBVEhdOy8vQXV0aG9yZWQgYnk6IGxldGltb21lIGluIGNvbW1pdDo1YTBlNmRmYjQ0NGZiMWM3NmJhZDhmY2QwOTAzMWJhNWQyYjQ0OTNmLCB3aXRoIG1lc3NhZ2U6YWRkZWQgYyBmaWxlcyBpbiBhbGdvcml0aG0KKyAgICBUQ0hBUiBzekZpbGVOYW1lW01BWF9QQVRIXTsvL0F1dGhvcmVkIGJ5OiBsZXRpbW9tZSBpbiBjb21taXQ6NWEwZTZkZmI0NDRmYjFjNzZiYWQ4ZmNkMDkwMzFiYTVkMmI0NDkzZiwgd2l0aCBtZXNzYWdlOmFkZGVkIGMgZmlsZXMgaW4gYWxnb3JpdGhtCisgICAgVENIQVIgc3pGaWxlVGl0bGVbTUFYX1BBVEhdOy8vQXV0aG9yZWQgYnk6IGxldGltb21lIGluIGNvbW1pdDo1YTBlNmRmYjQ0NGZiMWM3NmJhZDhmY2QwOTAzMWJhNWQyYjQ0OTNmLCB3aXRoIG1lc3NhZ2U6YWRkZWQgYyBmaWxlcyBpbiBhbGdvcml0aG0KKyAgICBUQ0hBUiBzekZpbHRlclsyICogTUFYX1NUUklOR19MRU4gKyAxMDBdOy8vQXV0aG9yZWQgYnk6IGxldGltb21lIGluIGNvbW1pdDo1YTBlNmRmYjQ0NGZiMWM3NmJhZDhmY2QwOTAzMWJhNWQyYjQ0OTNmLCB3aXRoIG1lc3NhZ2U6YWRkZWQgYyBmaWxlcyBpbiBhbGdvcml0aG0KKyAgICBSRUNUIGxNYXJnaW5zOy8vQXV0aG9yZWQgYnk6IGxldGltb21lIGluIGNvbW1pdDo1YTBlNmRmYjQ0NGZiMWM3NmJhZDhmY2QwOTAzMWJhNWQyYjQ0OTNmLCB3aXRoIG1lc3NhZ2U6YWRkZWQgYyBmaWxlcyBpbiBhbGdvcml0aG0KKyAgICBUQ0hBUiBzekhlYWRlcltNQVhfUEFUSF07Ly9BdXRob3JlZCBieTogbGV0aW1vbWUgaW4gY29tbWl0OjVhMGU2ZGZiNDQ0ZmIxYzc2YmFkOGZjZDA5MDMxYmE1ZDJiNDQ5M2YsIHdpdGggbWVzc2FnZTphZGRlZCBjIGZpbGVzIGluIGFsZ29yaXRobQorICAgIFRDSEFSIHN6Rm9vdGVyW01BWF9QQVRIXTsvL0F1dGhvcmVkIGJ5OiBsZXRpbW9tZSBpbiBjb21taXQ6NWEwZTZkZmI0NDRmYjFjNzZiYWQ4ZmNkMDkwMzFiYTVkMmI0NDkzZiwgd2l0aCBtZXNzYWdlOmFkZGVkIGMgZmlsZXMgaW4gYWxnb3JpdGhtCisgICAgVENIQVIgc3pTdGF0dXNCYXJMaW5lQ29sW01BWF9QQVRIXTsvL0F1dGhvcmVkIGJ5OiBsZXRpbW9tZSBpbiBjb21taXQ6NWEwZTZkZmI0NDRmYjFjNzZiYWQ4ZmNkMDkwMzFiYTVkMmI0NDkzZiwgd2l0aCBtZXNzYWdlOmFkZGVkIGMgZmlsZXMgaW4gYWxnb3JpdGhtCisvL0F1dGhvcmVkIGJ5OiBsZXRpbW9tZSBpbiBjb21taXQ6NWEwZTZkZmI0NDRmYjFjNzZiYWQ4ZmNkMDkwMzFiYTVkMmI0NDkzZiwgd2l0aCBtZXNzYWdlOmFkZGVkIGMgZmlsZXMgaW4gYWxnb3JpdGhtCisgICAgRU5DT0RJTkcgZW5jRmlsZTsvL0F1dGhvcmVkIGJ5OiBsZXRpbW9tZSBpbiBjb21taXQ6NWEwZTZkZmI0NDRmYjFjNzZiYWQ4ZmNkMDkwMzFiYTVkMmI0NDkzZiwgd2l0aCBtZXNzYWdlOmFkZGVkIGMgZmlsZXMgaW4gYWxnb3JpdGhtCisgICAgaW50IGlFb2xuOy8vQXV0aG9yZWQgYnk6IGxldGltb21lIGluIGNvbW1pdDo1YTBlNmRmYjQ0NGZiMWM3NmJhZDhmY2QwOTAzMWJhNWQyYjQ0OTNmLCB3aXRoIG1lc3NhZ2U6YWRkZWQgYyBmaWxlcyBpbiBhbGdvcml0aG0KKy8vQXV0aG9yZWQgYnk6IGxldGltb21lIGluIGNvbW1pdDo1YTBlNmRmYjQ0NGZiMWM3NmJhZDhmY2QwOTAzMWJhNWQyYjQ0OTNmLCB3aXRoIG1lc3NhZ2U6YWRkZWQgYyBmaWxlcyBpbiBhbGdvcml0aG0KKyAgICBGSU5EUkVQTEFDRSBmaW5kOy8vQXV0aG9yZWQgYnk6IGxldGltb21lIGluIGNvbW1pdDo1YTBlNmRmYjQ0NGZiMWM3NmJhZDhmY2QwOTAzMWJhNWQyYjQ0OTNmLCB3aXRoIG1lc3NhZ2U6YWRkZWQgYyBmaWxlcyBpbiBhbGdvcml0aG0KKyAgICBXTkRQUk9DIEVkaXRQcm9jOy8vQXV0aG9yZWQgYnk6IGxldGltb21lIGluIGNvbW1pdDo1YTBlNmRmYjQ0NGZiMWM3NmJhZDhmY2QwOTAzMWJhNWQyYjQ0OTNmLCB3aXRoIG1lc3NhZ2U6YWRkZWQgYyBmaWxlcyBpbiBhbGdvcml0aG0KKyAgICBSRUNUIG1haW5fcmVjdDsvL0F1dGhvcmVkIGJ5OiBsZXRpbW9tZSBpbiBjb21taXQ6NWEwZTZkZmI0NDRmYjFjNzZiYWQ4ZmNkMDkwMzFiYTVkMmI0NDkzZiwgd2l0aCBtZXNzYWdlOmFkZGVkIGMgZmlsZXMgaW4gYWxnb3JpdGhtCit9IE5PVEVQQURfR0xPQkFMUzsvL0F1dGhvcmVkIGJ5OiBsZXRpbW9tZSBpbiBjb21taXQ6NWEwZTZkZmI0NDRmYjFjNzZiYWQ4ZmNkMDkwMzFiYTVkMmI0NDkzZiwgd2l0aCBtZXNzYWdlOmFkZGVkIGMgZmlsZXMgaW4gYWxnb3JpdGhtCisvL0F1dGhvcmVkIGJ5OiBsZXRpbW9tZSBpbiBjb21taXQ6NWEwZTZkZmI0NDRmYjFjNzZiYWQ4ZmNkMDkwMzFiYTVkMmI0NDkzZiwgd2l0aCBtZXNzYWdlOmFkZGVkIGMgZmlsZXMgaW4gYWxnb3JpdGhtCitleHRlcm4gTk9URVBBRF9HTE9CQUxTIEdsb2JhbHM7Ly9BdXRob3JlZCBieTogbGV0aW1vbWUgaW4gY29tbWl0OjVhMGU2ZGZiNDQ0ZmIxYzc2YmFkOGZjZDA5MDMxYmE1ZDJiNDQ5M2YsIHdpdGggbWVzc2FnZTphZGRlZCBjIGZpbGVzIGluIGFsZ29yaXRobQorLy9BdXRob3JlZCBieTogbGV0aW1vbWUgaW4gY29tbWl0OjVhMGU2ZGZiNDQ0ZmIxYzc2YmFkOGZjZDA5MDMxYmE1ZDJiNDQ5M2YsIHdpdGggbWVzc2FnZTphZGRlZCBjIGZpbGVzIGluIGFsZ29yaXRobQorVk9JRCBTZXRGaWxlTmFtZShMUENUU1RSIHN6RmlsZU5hbWUpOy8vQXV0aG9yZWQgYnk6IGxldGltb21lIGluIGNvbW1pdDo1YTBlNmRmYjQ0NGZiMWM3NmJhZDhmY2QwOTAzMWJhNWQyYjQ0OTNmLCB3aXRoIG1lc3NhZ2U6YWRkZWQgYyBmaWxlcyBpbiBhbGdvcml0aG0KKy8vQXV0aG9yZWQgYnk6IGxldGltb21lIGluIGNvbW1pdDo1YTBlNmRmYjQ0NGZiMWM3NmJhZDhmY2QwOTAzMWJhNWQyYjQ0OTNmLCB3aXRoIG1lc3NhZ2U6YWRkZWQgYyBmaWxlcyBpbiBhbGdvcml0aG0KKy8qIGZyb20gdGV4dC5jICovLy9BdXRob3JlZCBieTogbGV0aW1vbWUgaW4gY29tbWl0OjVhMGU2ZGZiNDQ0ZmIxYzc2YmFkOGZjZDA5MDMxYmE1ZDJiNDQ5M2YsIHdpdGggbWVzc2FnZTphZGRlZCBjIGZpbGVzIGluIGFsZ29yaXRobQorQk9PTCBSZWFkVGV4dChIQU5ETEUgaEZpbGUsIExQV1NUUiAqcHBzelRleHQsIERXT1JEICpwZHdUZXh0TGVuLCBpbnQgKnBlbmNGaWxlLCBpbnQgKnBpRW9sbik7Ly9BdXRob3JlZCBieTogbGV0aW1vbWUgaW4gY29tbWl0OjVhMGU2ZGZiNDQ0ZmIxYzc2YmFkOGZjZDA5MDMxYmE1ZDJiNDQ5M2YsIHdpdGggbWVzc2FnZTphZGRlZCBjIGZpbGVzIGluIGFsZ29yaXRobQorQk9PTCBXcml0ZVRleHQoSEFORExFIGhGaWxlLCBMUENXU1RSIHBzelRleHQsIERXT1JEIGR3VGV4dExlbiwgaW50IGVuY0ZpbGUsIGludCBpRW9sbik7Ly9BdXRob3JlZCBieTogbGV0aW1vbWUgaW4gY29tbWl0OjVhMGU2ZGZiNDQ0ZmIxYzc2YmFkOGZjZDA5MDMxYmE1ZDJiNDQ5M2YsIHdpdGggbWVzc2FnZTphZGRlZCBjIGZpbGVzIGluIGFsZ29yaXRobQorLy9BdXRob3JlZCBieTogbGV0aW1vbWUgaW4gY29tbWl0OjVhMGU2ZGZiNDQ0ZmIxYzc2YmFkOGZjZDA5MDMxYmE1ZDJiNDQ5M2YsIHdpdGggbWVzc2FnZTphZGRlZCBjIGZpbGVzIGluIGFsZ29yaXRobQorLyogZnJvbSBzZXR0aW5ncy5jICovLy9BdXRob3JlZCBieTogbGV0aW1vbWUgaW4gY29tbWl0OjVhMGU2ZGZiNDQ0ZmIxYzc2YmFkOGZjZDA5MDMxYmE1ZDJiNDQ5M2YsIHdpdGggbWVzc2FnZTphZGRlZCBjIGZpbGVzIGluIGFsZ29yaXRobQordm9pZCBOT1RFUEFEX0xvYWRTZXR0aW5nc0Zyb21SZWdpc3RyeSh2b2lkKTsvL0F1dGhvcmVkIGJ5OiBsZXRpbW9tZSBpbiBjb21taXQ6NWEwZTZkZmI0NDRmYjFjNzZiYWQ4ZmNkMDkwMzFiYTVkMmI0NDkzZiwgd2l0aCBtZXNzYWdlOmFkZGVkIGMgZmlsZXMgaW4gYWxnb3JpdGhtCit2b2lkIE5PVEVQQURfU2F2ZVNldHRpbmdzVG9SZWdpc3RyeSh2b2lkKTsvL0F1dGhvcmVkIGJ5OiBsZXRpbW9tZSBpbiBjb21taXQ6NWEwZTZkZmI0NDRmYjFjNzZiYWQ4ZmNkMDkwMzFiYTVkMmI0NDkzZiwgd2l0aCBtZXNzYWdlOmFkZGVkIGMgZmlsZXMgaW4gYWxnb3JpdGhtCisvL0F1dGhvcmVkIGJ5OiBsZXRpbW9tZSBpbiBjb21taXQ6NWEwZTZkZmI0NDRmYjFjNzZiYWQ4ZmNkMDkwMzFiYTVkMmI0NDkzZiwgd2l0aCBtZXNzYWdlOmFkZGVkIGMgZmlsZXMgaW4gYWxnb3JpdGhtCisvKiBmcm9tIG1haW4uYyAqLy8vQXV0aG9yZWQgYnk6IGxldGltb21lIGluIGNvbW1pdDo1YTBlNmRmYjQ0NGZiMWM3NmJhZDhmY2QwOTAzMWJhNWQyYjQ0OTNmLCB3aXRoIG1lc3NhZ2U6YWRkZWQgYyBmaWxlcyBpbiBhbGdvcml0aG0KK0JPT0wgTk9URVBBRF9GaW5kTmV4dChGSU5EUkVQTEFDRSAqLCBCT09MICwgQk9PTCApOy8vQXV0aG9yZWQgYnk6IGxldGltb21lIGluIGNvbW1pdDo1YTBlNmRmYjQ0NGZiMWM3NmJhZDhmY2QwOTAzMWJhNWQyYjQ0OTNmLCB3aXRoIG1lc3NhZ2U6YWRkZWQgYyBmaWxlcyBpbiBhbGdvcml0aG0KK1ZPSUQgTk9URVBBRF9FbmFibGVTZWFyY2hNZW51KFZPSUQpOy8vQXV0aG9yZWQgYnk6IGxldGltb21lIGluIGNvbW1pdDo1YTBlNmRmYjQ0NGZiMWM3NmJhZDhmY2QwOTAzMWJhNWQyYjQ0OTNmLCB3aXRoIG1lc3NhZ2U6YWRkZWQgYyBmaWxlcyBpbiBhbGdvcml0aG0K','5a0e6dfb444fb1c76bad8fcd09031ba5d2b4493f; 5a0e6dfb444fb1c76bad8fcd09031ba5d2b4493f; 5a0e6dfb444fb1c76bad8fcd09031ba5d2b4493f; 5a0e6dfb444fb1c76bad8fcd09031ba5d2b4493f; 5a0e6dfb444fb1c76bad8fcd09031ba5d2b4493f; 5a0e6dfb444fb1c76bad8fcd09031ba5d2b4493f; 5a0e6dfb444fb1c76bad8fcd09031ba5d2b4493f; 5a0e6dfb444fb1c76bad8fcd09031ba5d2b4493f; 5a0e6dfb444fb1c76bad8fcd09031ba5d2b4493f; 5a0e6dfb444fb1c76bad8fcd09031ba5d2b4493f; 5a0e6dfb444fb1c76bad8fcd09031ba5d2b4493f; 5a0e6dfb444fb1c76bad8fcd09031ba5d2b4493f; 5a0e6dfb444fb1c76bad8fcd09031ba5d2b4493f; 5a0e6dfb444fb1c76bad8fcd09031ba5d2b4493f; 5a0e6dfb444fb1c76bad8fcd09031ba5d2b4493f; 5a0e6dfb444fb1c76bad8fcd09031ba5d2b4493f; 5a0e6dfb444fb1c76bad8fcd09031ba5d2b4493f; 5a0e6dfb444fb1c76bad8fcd09031ba5d2b4493f; 5a0e6dfb444fb1c76bad8fcd09031ba5d2b4493f; 5a0e6dfb444fb1c76bad8fcd09031ba5d2b4493f; 5a0e6dfb444fb1c76bad8fcd09031ba5d2b4493f; 5a0e6dfb444fb1c76bad8fcd09031ba5d2b4493f; 5a0e6dfb444fb1c76bad8fcd09031ba5d2b4493f; 5a0e6dfb444fb1c76bad8fcd09031ba5d2b4493f; 5a0e6dfb444fb1c76bad8fcd09031ba5d2b4493f; 5a0e6dfb444fb1c76bad8fcd09031ba5d2b4493f; 5a0e6dfb444fb1c76bad8fcd09031ba5d2b4493f; 5a0e6dfb444fb1c76bad8fcd09031ba5d2b4493f; 5a0e6dfb444fb1c76bad8fcd09031ba5d2b4493f; 5a0e6dfb444fb1c76bad8fcd09031ba5d2b4493f; 5a0e6dfb444fb1c76bad8fcd09031ba5d2b4493f; 5a0e6dfb444fb1c76bad8fcd09031ba5d2b4493f; 5a0e6dfb444fb1c76bad8fcd09031ba5d2b4493f; 5a0e6dfb444fb1c76bad8fcd09031ba5d2b4493f; 5a0e6dfb444fb1c76bad8fcd09031ba5d2b4493f; 5a0e6dfb444fb1c76bad8fcd09031ba5d2b4493f; 5a0e6dfb444fb1c76bad8fcd09031ba5d2b4493f; 5a0e6dfb444fb1c76bad8fcd09031ba5d2b4493f; 5a0e6dfb444fb1c76bad8fcd09031ba5d2b4493f; 5a0e6dfb444fb1c76bad8fcd09031ba5d2b4493f; 5a0e6dfb444fb1c76bad8fcd09031ba5d2b4493f; 5a0e6dfb444fb1c76bad8fcd09031ba5d2b4493f; 5a0e6dfb444fb1c76bad8fcd09031ba5d2b4493f; 5a0e6dfb444fb1c76bad8fcd09031ba5d2b4493f; 5a0e6dfb444fb1c76bad8fcd09031ba5d2b4493f; 5a0e6dfb444fb1c76bad8fcd09031ba5d2b4493f; 5a0e6dfb444fb1c76bad8fcd09031ba5d2b4493f; 5a0e6dfb444fb1c76bad8fcd09031ba5d2b4493f; 5a0e6dfb444fb1c76bad8fcd09031ba5d2b4493f; 5a0e6dfb444fb1c76bad8fcd09031ba5d2b4493f; 5a0e6dfb444fb1c76bad8fcd09031ba5d2b4493f; 5a0e6dfb444fb1c76bad8fcd09031ba5d2b4493f; 5a0e6dfb444fb1c76bad8fcd09031ba5d2b4493f; 5a0e6dfb444fb1c76bad8fcd09031ba5d2b4493f; 5a0e6dfb444fb1c76bad8fcd09031ba5d2b4493f; 5a0e6dfb444fb1c76bad8fcd09031ba5d2b4493f; 5a0e6dfb444fb1c76bad8fcd09031ba5d2b4493f; 5a0e6dfb444fb1c76bad8fcd09031ba5d2b4493f; 5a0e6dfb444fb1c76bad8fcd09031ba5d2b4493f; 5a0e6dfb444fb1c76bad8fcd09031ba5d2b4493f; 5a0e6dfb444fb1c76bad8fcd09031ba5d2b4493f; 5a0e6dfb444fb1c76bad8fcd09031ba5d2b4493f; 5a0e6dfb444fb1c76bad8fcd09031ba5d2b4493f; 5a0e6dfb444fb1c76bad8fcd09031ba5d2b4493f; 5a0e6dfb444fb1c76bad8fcd09031ba5d2b4493f; 5a0e6dfb444fb1c76bad8fcd09031ba5d2b4493f; 5a0e6dfb444fb1c76bad8fcd09031ba5d2b4493f; 5a0e6dfb444fb1c76bad8fcd09031ba5d2b4493f; 5a0e6dfb444fb1c76bad8fcd09031ba5d2b4493f; 5a0e6dfb444fb1c76bad8fcd09031ba5d2b4493f; 5a0e6dfb444fb1c76bad8fcd09031ba5d2b4493f; 5a0e6dfb444fb1c76bad8fcd09031ba5d2b4493f; 5a0e6dfb444fb1c76bad8fcd09031ba5d2b4493f; 5a0e6dfb444fb1c76bad8fcd09031ba5d2b4493f; 5a0e6dfb444fb1c76bad8fcd09031ba5d2b4493f; 5a0e6dfb444fb1c76bad8fcd09031ba5d2b4493f; 5a0e6dfb444fb1c76bad8fcd09031ba5d2b4493f; 5a0e6dfb444fb1c76bad8fcd09031ba5d2b4493f; 5a0e6dfb444fb1c76bad8fcd09031ba5d2b4493f; 5a0e6dfb444fb1c76bad8fcd09031ba5d2b4493f; 5a0e6dfb444fb1c76bad8fcd09031ba5d2b4493f; 5a0e6dfb444fb1c76bad8fcd09031ba5d2b4493f; 5a0e6dfb444fb1c76bad8fcd09031ba5d2b4493f; 5a0e6dfb444fb1c76bad8fcd09031ba5d2b4493f; 5a0e6dfb444fb1c76bad8fcd09031ba5d2b4493f; 5a0e6dfb444fb1c76bad8fcd09031ba5d2b4493f; 5a0e6dfb444fb1c76bad8fcd09031ba5d2b4493f; 5a0e6dfb444fb1c76bad8fcd09031ba5d2b4493f; 5a0e6dfb444fb1c76bad8fcd09031ba5d2b4493f; 5a0e6dfb444fb1c76bad8fcd09031ba5d2b4493f; 5a0e6dfb444fb1c76bad8fcd09031ba5d2b4493f; 5a0e6dfb444fb1c76bad8fcd09031ba5d2b4493f; 5a0e6dfb444fb1c76bad8fcd09031ba5d2b4493f; 5a0e6dfb444fb1c76bad8fcd09031ba5d2b4493f; 5a0e6dfb444fb1c76bad8fcd09031ba5d2b4493f; 5a0e6dfb444fb1c76bad8fcd09031ba5d2b4493f; 5a0e6dfb444fb1c76bad8fcd09031ba5d2b4493f; 5a0e6dfb444fb1c76bad8fcd09031ba5d2b4493f; 5a0e6dfb444fb1c76bad8fcd09031ba5d2b4493f; 5a0e6dfb444fb1c76bad8fcd09031ba5d2b4493f; 5a0e6dfb444fb1c76bad8fcd09031ba5d2b4493f; 5a0e6dfb444fb1c76bad8fcd09031ba5d2b4493f; 5a0e6dfb444fb1c76bad8fcd09031ba5d2b4493f; ','added c files in algorithm; ','ZGlmZiAtLWdpdCBhL2lucHV0L2FsZ29yaXRobXMvbWFpbi5oIGIvaW5wdXQvYWxnb3JpdGhtcy9tYWluLmgKbmV3IGZpbGUgbW9kZSAxMDA2NDQKaW5kZXggMDAwMDAwMC4uYzY0Y2NmNgotLS0gL2Rldi9udWxsCisrKyBiL2lucHV0L2FsZ29yaXRobXMvbWFpbi5oCkBAIC0wLDAgKzEsMTAzIEBACisvKgorICogIE5vdGVwYWQgKG5vdGVwYWQuaCkKKyAqCisgKiAgQ29weXJpZ2h0IDE5OTcsOTggTWFyY2VsIEJhdXIgPG1iYXVyQGcyNi5ldGh6LmNoPgorICogIENvcHlyaWdodCAyMDAyIFN5bHZhaW4gUGV0cmVvbGxlIDxzcGV0cmVvbGxlQHlhaG9vLmZyPgorICoKKyAqIFRoaXMgbGlicmFyeSBpcyBmcmVlIHNvZnR3YXJlOyB5b3UgY2FuIHJlZGlzdHJpYnV0ZSBpdCBhbmQvb3IKKyAqIG1vZGlmeSBpdCB1bmRlciB0aGUgdGVybXMgb2YgdGhlIEdOVSBMZXNzZXIgR2VuZXJhbCBQdWJsaWMKKyAqIExpY2Vuc2UgYXMgcHVibGlzaGVkIGJ5IHRoZSBGcmVlIFNvZnR3YXJlIEZvdW5kYXRpb247IGVpdGhlcgorICogdmVyc2lvbiAyLjEgb2YgdGhlIExpY2Vuc2UsIG9yIChhdCB5b3VyIG9wdGlvbikgYW55IGxhdGVyIHZlcnNpb24uCisgKgorICogVGhpcyBsaWJyYXJ5IGlzIGRpc3RyaWJ1dGVkIGluIHRoZSBob3BlIHRoYXQgaXQgd2lsbCBiZSB1c2VmdWwsCisgKiBidXQgV0lUSE9VVCBBTlkgV0FSUkFOVFk7IHdpdGhvdXQgZXZlbiB0aGUgaW1wbGllZCB3YXJyYW50eSBvZgorICogTUVSQ0hBTlRBQklMSVRZIG9yIEZJVE5FU1MgRk9SIEEgUEFSVElDVUxBUiBQVVJQT1NFLiAgU2VlIHRoZSBHTlUKKyAqIExlc3NlciBHZW5lcmFsIFB1YmxpYyBMaWNlbnNlIGZvciBtb3JlIGRldGFpbHMuCisgKgorICogWW91IHNob3VsZCBoYXZlIHJlY2VpdmVkIGEgY29weSBvZiB0aGUgR05VIExlc3NlciBHZW5lcmFsIFB1YmxpYworICogTGljZW5zZSBhbG9uZyB3aXRoIHRoaXMgbGlicmFyeTsgaWYgbm90LCB3cml0ZSB0byB0aGUgRnJlZSBTb2Z0d2FyZQorICogRm91bmRhdGlvbiwgSW5jLiwgNTEgRnJhbmtsaW4gU3RyZWV0LCBGaWZ0aCBGbG9vciwgQm9zdG9uLCBNQSAgMDIxMTAtMTMwMSAgVVNBCisgKi8KKworI3ByYWdtYSBvbmNlCisKKyNkZWZpbmUgQVJSQVlfU0laRShhKSAoc2l6ZW9mKGEpL3NpemVvZigoYSlbMF0pKQorCisjaW5jbHVkZSAibm90ZXBhZF9yZXMuaCIKKworI2RlZmluZSBFRElUX1NUWUxFX1dSQVAgKFdTX0NISUxEIHwgV1NfVlNDUk9MTCBcCisgICAgfCBFU19BVVRPVlNDUk9MTCB8IEVTX01VTFRJTElORSB8IEVTX05PSElERVNFTCkKKyNkZWZpbmUgRURJVF9TVFlMRSAoRURJVF9TVFlMRV9XUkFQIHwgV1NfSFNDUk9MTCB8IEVTX0FVVE9IU0NST0xMKQorCisjZGVmaW5lIEVESVRfQ0xBU1MgICAgICAgICAgX1QoIkVESVQiKQorCisjZGVmaW5lIE1BWF9TVFJJTkdfTEVOICAgICAgMjU1CisKKy8qIFZhbHVlcyBhcmUgaW5kZXhlcyBvZiB0aGUgaXRlbXMgaW4gdGhlIEVuY29kaW5nIGNvbWJvYm94LiAqLwordHlwZWRlZiBlbnVtCit7CisgICAgRU5DT0RJTkdfQVVUTyAgICA9IC0xLAorICAgIEVOQ09ESU5HX0FOU0kgICAgPSAgMCwKKyAgICBFTkNPRElOR19VVEYxNkxFID0gIDEsCisgICAgRU5DT0RJTkdfVVRGMTZCRSA9ICAyLAorICAgIEVOQ09ESU5HX1VURjggICAgPSAgMworfSBFTkNPRElORzsKKy8vICNkZWZpbmUgRU5DT0RJTkdfQU5TSSAgICAgICAwCisjZGVmaW5lIEVOQ09ESU5HX1VOSUNPREUgICAgMQorI2RlZmluZSBFTkNPRElOR19VTklDT0RFX0JFIDIKKy8vICNkZWZpbmUgRU5DT0RJTkdfVVRGOCAgICAgICAzCisKKy8vICNkZWZpbmUgTUlOX0VOQ09ESU5HICAgMAorLy8gI2RlZmluZSBNQVhfRU5DT0RJTkcgICAzCisKKyNkZWZpbmUgRU9MTl9DUkxGICAgICAgICAgICAwCisjZGVmaW5lIEVPTE5fTEYgICAgICAgICAgICAgMQorI2RlZmluZSBFT0xOX0NSICAgICAgICAgICAgIDIKKwordHlwZWRlZiBzdHJ1Y3QKK3sKKyAgICBISU5TVEFOQ0UgaEluc3RhbmNlOworICAgIEhXTkQgaE1haW5XbmQ7CisgICAgSFdORCBoRmluZFJlcGxhY2VEbGc7CisgICAgSFdORCBoRWRpdDsKKyAgICBIV05EIGhTdGF0dXNCYXI7CisgICAgSEZPTlQgaEZvbnQ7IC8qIEZvbnQgdXNlZCBieSB0aGUgZWRpdCBjb250cm9sICovCisgICAgSE1FTlUgaE1lbnU7CisgICAgSEdMT0JBTCBoRGV2TW9kZTsKKyAgICBIR0xPQkFMIGhEZXZOYW1lczsKKyAgICBMT0dGT05UIGxmRm9udDsKKyAgICBCT09MIGJXcmFwTG9uZ0xpbmVzOworICAgIEJPT0wgYlNob3dTdGF0dXNCYXI7CisgICAgVENIQVIgc3pGaW5kVGV4dFtNQVhfUEFUSF07CisgICAgVENIQVIgc3pSZXBsYWNlVGV4dFtNQVhfUEFUSF07CisgICAgVENIQVIgc3pGaWxlTmFtZVtNQVhfUEFUSF07CisgICAgVENIQVIgc3pGaWxlVGl0bGVbTUFYX1BBVEhdOworICAgIFRDSEFSIHN6RmlsdGVyWzIgKiBNQVhfU1RSSU5HX0xFTiArIDEwMF07CisgICAgUkVDVCBsTWFyZ2luczsKKyAgICBUQ0hBUiBzekhlYWRlcltNQVhfUEFUSF07CisgICAgVENIQVIgc3pGb290ZXJbTUFYX1BBVEhdOworICAgIFRDSEFSIHN6U3RhdHVzQmFyTGluZUNvbFtNQVhfUEFUSF07CisKKyAgICBFTkNPRElORyBlbmNGaWxlOworICAgIGludCBpRW9sbjsKKworICAgIEZJTkRSRVBMQUNFIGZpbmQ7CisgICAgV05EUFJPQyBFZGl0UHJvYzsKKyAgICBSRUNUIG1haW5fcmVjdDsKK30gTk9URVBBRF9HTE9CQUxTOworCitleHRlcm4gTk9URVBBRF9HTE9CQUxTIEdsb2JhbHM7CisKK1ZPSUQgU2V0RmlsZU5hbWUoTFBDVFNUUiBzekZpbGVOYW1lKTsKKworLyogZnJvbSB0ZXh0LmMgKi8KK0JPT0wgUmVhZFRleHQoSEFORExFIGhGaWxlLCBMUFdTVFIgKnBwc3pUZXh0LCBEV09SRCAqcGR3VGV4dExlbiwgaW50ICpwZW5jRmlsZSwgaW50ICpwaUVvbG4pOworQk9PTCBXcml0ZVRleHQoSEFORExFIGhGaWxlLCBMUENXU1RSIHBzelRleHQsIERXT1JEIGR3VGV4dExlbiwgaW50IGVuY0ZpbGUsIGludCBpRW9sbik7CisKKy8qIGZyb20gc2V0dGluZ3MuYyAqLwordm9pZCBOT1RFUEFEX0xvYWRTZXR0aW5nc0Zyb21SZWdpc3RyeSh2b2lkKTsKK3ZvaWQgTk9URVBBRF9TYXZlU2V0dGluZ3NUb1JlZ2lzdHJ5KHZvaWQpOworCisvKiBmcm9tIG1haW4uYyAqLworQk9PTCBOT1RFUEFEX0ZpbmROZXh0KEZJTkRSRVBMQUNFICosIEJPT0wgLCBCT09MICk7CitWT0lEIE5PVEVQQURfRW5hYmxlU2VhcmNoTWVudShWT0lEKTsK',260,14,2,'NEW_ASSET_WITH_NO_VARIATIONPOINT');
INSERT IGNORE INTO developer_group (id_developer_group) VALUES 
(15);
INSERT IGNORE INTO developer_bridge (id_developer_group,id_developer) VALUES 
(15,1);
INSERT IGNORE INTO variation_point (idvariationpoint, expression, idcoreasset,id_feature_group) VALUES
(261,'No Expression',68,0);
INSERT IGNORE INTO customization_fact (idcustomization, lines_added,lines_deleted,custom_diff,commit_set,message_set,greater_diff,idvariationpoint,id_developer_group, idproductrelease, type) VALUES
(15,25,0,'ZGlmZiAtLWdpdCBhL2lucHV0L2FsZ29yaXRobXMvbm90ZXBhZC5oIGIvaW5wdXQvYWxnb3JpdGhtcy9ub3RlcGFkLmgKbmV3IGZpbGUgbW9kZSAxMDA2NDQKaW5kZXggMDAwMDAwMC4uMjgxN2FjYgotLS0gL2Rldi9udWxsCkBAIC0wLDAgKzEsMjUgQEAgRXhwcmVzc2lvbjogTm8gRXhwcmVzc2lvbkNoYW5nZSBUeXBlOiBORVdfQVNTRVRfV0lUSF9OT19WQVJJQVRJT05QT0lOVAorI2lmbmRlZiBfTk9URVBBRF9ILy9BdXRob3JlZCBieTogbGV0aW1vbWUgaW4gY29tbWl0OjVhMGU2ZGZiNDQ0ZmIxYzc2YmFkOGZjZDA5MDMxYmE1ZDJiNDQ5M2YsIHdpdGggbWVzc2FnZTphZGRlZCBjIGZpbGVzIGluIGFsZ29yaXRobQorI2RlZmluZSBfTk9URVBBRF9ILy9BdXRob3JlZCBieTogbGV0aW1vbWUgaW4gY29tbWl0OjVhMGU2ZGZiNDQ0ZmIxYzc2YmFkOGZjZDA5MDMxYmE1ZDJiNDQ5M2YsIHdpdGggbWVzc2FnZTphZGRlZCBjIGZpbGVzIGluIGFsZ29yaXRobQorLy9BdXRob3JlZCBieTogbGV0aW1vbWUgaW4gY29tbWl0OjVhMGU2ZGZiNDQ0ZmIxYzc2YmFkOGZjZDA5MDMxYmE1ZDJiNDQ5M2YsIHdpdGggbWVzc2FnZTphZGRlZCBjIGZpbGVzIGluIGFsZ29yaXRobQorI2lmbmRlZiBTVFJTQUZFX05PX0RFUFJFQ0FURS8vQXV0aG9yZWQgYnk6IGxldGltb21lIGluIGNvbW1pdDo1YTBlNmRmYjQ0NGZiMWM3NmJhZDhmY2QwOTAzMWJhNWQyYjQ0OTNmLCB3aXRoIG1lc3NhZ2U6YWRkZWQgYyBmaWxlcyBpbiBhbGdvcml0aG0KKyNkZWZpbmUgU1RSU0FGRV9OT19ERVBSRUNBVEUvL0F1dGhvcmVkIGJ5OiBsZXRpbW9tZSBpbiBjb21taXQ6NWEwZTZkZmI0NDRmYjFjNzZiYWQ4ZmNkMDkwMzFiYTVkMmI0NDkzZiwgd2l0aCBtZXNzYWdlOmFkZGVkIGMgZmlsZXMgaW4gYWxnb3JpdGhtCisjZW5kaWYvL0F1dGhvcmVkIGJ5OiBsZXRpbW9tZSBpbiBjb21taXQ6NWEwZTZkZmI0NDRmYjFjNzZiYWQ4ZmNkMDkwMzFiYTVkMmI0NDkzZiwgd2l0aCBtZXNzYWdlOmFkZGVkIGMgZmlsZXMgaW4gYWxnb3JpdGhtCisvL0F1dGhvcmVkIGJ5OiBsZXRpbW9tZSBpbiBjb21taXQ6NWEwZTZkZmI0NDRmYjFjNzZiYWQ4ZmNkMDkwMzFiYTVkMmI0NDkzZiwgd2l0aCBtZXNzYWdlOmFkZGVkIGMgZmlsZXMgaW4gYWxnb3JpdGhtCisjaW5jbHVkZSA8c3RkYXJnLmg+Ly9BdXRob3JlZCBieTogbGV0aW1vbWUgaW4gY29tbWl0OjVhMGU2ZGZiNDQ0ZmIxYzc2YmFkOGZjZDA5MDMxYmE1ZDJiNDQ5M2YsIHdpdGggbWVzc2FnZTphZGRlZCBjIGZpbGVzIGluIGFsZ29yaXRobQorLy9BdXRob3JlZCBieTogbGV0aW1vbWUgaW4gY29tbWl0OjVhMGU2ZGZiNDQ0ZmIxYzc2YmFkOGZjZDA5MDMxYmE1ZDJiNDQ5M2YsIHdpdGggbWVzc2FnZTphZGRlZCBjIGZpbGVzIGluIGFsZ29yaXRobQorI2luY2x1ZGUgPHdpbmRlZi5oPi8vQXV0aG9yZWQgYnk6IGxldGltb21lIGluIGNvbW1pdDo1YTBlNmRmYjQ0NGZiMWM3NmJhZDhmY2QwOTAzMWJhNWQyYjQ0OTNmLCB3aXRoIG1lc3NhZ2U6YWRkZWQgYyBmaWxlcyBpbiBhbGdvcml0aG0KKyNpbmNsdWRlIDx3aW5iYXNlLmg+Ly9BdXRob3JlZCBieTogbGV0aW1vbWUgaW4gY29tbWl0OjVhMGU2ZGZiNDQ0ZmIxYzc2YmFkOGZjZDA5MDMxYmE1ZDJiNDQ5M2YsIHdpdGggbWVzc2FnZTphZGRlZCBjIGZpbGVzIGluIGFsZ29yaXRobQorI2luY2x1ZGUgPHdpbnVzZXIuaD4vL0F1dGhvcmVkIGJ5OiBsZXRpbW9tZSBpbiBjb21taXQ6NWEwZTZkZmI0NDRmYjFjNzZiYWQ4ZmNkMDkwMzFiYTVkMmI0NDkzZiwgd2l0aCBtZXNzYWdlOmFkZGVkIGMgZmlsZXMgaW4gYWxnb3JpdGhtCisjaW5jbHVkZSA8d2lubmxzLmg+Ly9BdXRob3JlZCBieTogbGV0aW1vbWUgaW4gY29tbWl0OjVhMGU2ZGZiNDQ0ZmIxYzc2YmFkOGZjZDA5MDMxYmE1ZDJiNDQ5M2YsIHdpdGggbWVzc2FnZTphZGRlZCBjIGZpbGVzIGluIGFsZ29yaXRobQorI2luY2x1ZGUgPHdpbmdkaS5oPi8vQXV0aG9yZWQgYnk6IGxldGltb21lIGluIGNvbW1pdDo1YTBlNmRmYjQ0NGZiMWM3NmJhZDhmY2QwOTAzMWJhNWQyYjQ0OTNmLCB3aXRoIG1lc3NhZ2U6YWRkZWQgYyBmaWxlcyBpbiBhbGdvcml0aG0KKyNpbmNsdWRlIDxzaGVsbGFwaS5oPi8vQXV0aG9yZWQgYnk6IGxldGltb21lIGluIGNvbW1pdDo1YTBlNmRmYjQ0NGZiMWM3NmJhZDhmY2QwOTAzMWJhNWQyYjQ0OTNmLCB3aXRoIG1lc3NhZ2U6YWRkZWQgYyBmaWxlcyBpbiBhbGdvcml0aG0KKyNpbmNsdWRlIDxjb21tZGxnLmg+Ly9BdXRob3JlZCBieTogbGV0aW1vbWUgaW4gY29tbWl0OjVhMGU2ZGZiNDQ0ZmIxYzc2YmFkOGZjZDA5MDMxYmE1ZDJiNDQ5M2YsIHdpdGggbWVzc2FnZTphZGRlZCBjIGZpbGVzIGluIGFsZ29yaXRobQorI2luY2x1ZGUgPHRjaGFyLmg+Ly9BdXRob3JlZCBieTogbGV0aW1vbWUgaW4gY29tbWl0OjVhMGU2ZGZiNDQ0ZmIxYzc2YmFkOGZjZDA5MDMxYmE1ZDJiNDQ5M2YsIHdpdGggbWVzc2FnZTphZGRlZCBjIGZpbGVzIGluIGFsZ29yaXRobQorI2luY2x1ZGUgPG1hbGxvYy5oPi8vQXV0aG9yZWQgYnk6IGxldGltb21lIGluIGNvbW1pdDo1YTBlNmRmYjQ0NGZiMWM3NmJhZDhmY2QwOTAzMWJhNWQyYjQ0OTNmLCB3aXRoIG1lc3NhZ2U6YWRkZWQgYyBmaWxlcyBpbiBhbGdvcml0aG0KKy8vQXV0aG9yZWQgYnk6IGxldGltb21lIGluIGNvbW1pdDo1YTBlNmRmYjQ0NGZiMWM3NmJhZDhmY2QwOTAzMWJhNWQyYjQ0OTNmLCB3aXRoIG1lc3NhZ2U6YWRkZWQgYyBmaWxlcyBpbiBhbGdvcml0aG0KKyNpbmNsdWRlICJtYWluLmgiLy9BdXRob3JlZCBieTogbGV0aW1vbWUgaW4gY29tbWl0OjVhMGU2ZGZiNDQ0ZmIxYzc2YmFkOGZjZDA5MDMxYmE1ZDJiNDQ5M2YsIHdpdGggbWVzc2FnZTphZGRlZCBjIGZpbGVzIGluIGFsZ29yaXRobQorI2luY2x1ZGUgImRpYWxvZy5oIi8vQXV0aG9yZWQgYnk6IGxldGltb21lIGluIGNvbW1pdDo1YTBlNmRmYjQ0NGZiMWM3NmJhZDhmY2QwOTAzMWJhNWQyYjQ0OTNmLCB3aXRoIG1lc3NhZ2U6YWRkZWQgYyBmaWxlcyBpbiBhbGdvcml0aG0KKy8vQXV0aG9yZWQgYnk6IGxldGltb21lIGluIGNvbW1pdDo1YTBlNmRmYjQ0NGZiMWM3NmJhZDhmY2QwOTAzMWJhNWQyYjQ0OTNmLCB3aXRoIG1lc3NhZ2U6YWRkZWQgYyBmaWxlcyBpbiBhbGdvcml0aG0KK3ZvaWQgVXBkYXRlV2luZG93Q2FwdGlvbihCT09MIGNsZWFyTW9kaWZ5QWxlcnQpOy8vQXV0aG9yZWQgYnk6IGxldGltb21lIGluIGNvbW1pdDo1YTBlNmRmYjQ0NGZiMWM3NmJhZDhmY2QwOTAzMWJhNWQyYjQ0OTNmLCB3aXRoIG1lc3NhZ2U6YWRkZWQgYyBmaWxlcyBpbiBhbGdvcml0aG0KKy8vQXV0aG9yZWQgYnk6IGxldGltb21lIGluIGNvbW1pdDo1YTBlNmRmYjQ0NGZiMWM3NmJhZDhmY2QwOTAzMWJhNWQyYjQ0OTNmLCB3aXRoIG1lc3NhZ2U6YWRkZWQgYyBmaWxlcyBpbiBhbGdvcml0aG0KKyNlbmRpZiAvKiBfTk9URVBBRF9IICovLy9BdXRob3JlZCBieTogbGV0aW1vbWUgaW4gY29tbWl0OjVhMGU2ZGZiNDQ0ZmIxYzc2YmFkOGZjZDA5MDMxYmE1ZDJiNDQ5M2YsIHdpdGggbWVzc2FnZTphZGRlZCBjIGZpbGVzIGluIGFsZ29yaXRobQo=','5a0e6dfb444fb1c76bad8fcd09031ba5d2b4493f; 5a0e6dfb444fb1c76bad8fcd09031ba5d2b4493f; 5a0e6dfb444fb1c76bad8fcd09031ba5d2b4493f; 5a0e6dfb444fb1c76bad8fcd09031ba5d2b4493f; 5a0e6dfb444fb1c76bad8fcd09031ba5d2b4493f; 5a0e6dfb444fb1c76bad8fcd09031ba5d2b4493f; 5a0e6dfb444fb1c76bad8fcd09031ba5d2b4493f; 5a0e6dfb444fb1c76bad8fcd09031ba5d2b4493f; 5a0e6dfb444fb1c76bad8fcd09031ba5d2b4493f; 5a0e6dfb444fb1c76bad8fcd09031ba5d2b4493f; 5a0e6dfb444fb1c76bad8fcd09031ba5d2b4493f; 5a0e6dfb444fb1c76bad8fcd09031ba5d2b4493f; 5a0e6dfb444fb1c76bad8fcd09031ba5d2b4493f; 5a0e6dfb444fb1c76bad8fcd09031ba5d2b4493f; 5a0e6dfb444fb1c76bad8fcd09031ba5d2b4493f; 5a0e6dfb444fb1c76bad8fcd09031ba5d2b4493f; 5a0e6dfb444fb1c76bad8fcd09031ba5d2b4493f; 5a0e6dfb444fb1c76bad8fcd09031ba5d2b4493f; 5a0e6dfb444fb1c76bad8fcd09031ba5d2b4493f; 5a0e6dfb444fb1c76bad8fcd09031ba5d2b4493f; 5a0e6dfb444fb1c76bad8fcd09031ba5d2b4493f; 5a0e6dfb444fb1c76bad8fcd09031ba5d2b4493f; 5a0e6dfb444fb1c76bad8fcd09031ba5d2b4493f; 5a0e6dfb444fb1c76bad8fcd09031ba5d2b4493f; 5a0e6dfb444fb1c76bad8fcd09031ba5d2b4493f; ','added c files in algorithm; ','ZGlmZiAtLWdpdCBhL2lucHV0L2FsZ29yaXRobXMvbm90ZXBhZC5oIGIvaW5wdXQvYWxnb3JpdGhtcy9ub3RlcGFkLmgKbmV3IGZpbGUgbW9kZSAxMDA2NDQKaW5kZXggMDAwMDAwMC4uMjgxN2FjYgotLS0gL2Rldi9udWxsCisrKyBiL2lucHV0L2FsZ29yaXRobXMvbm90ZXBhZC5oCkBAIC0wLDAgKzEsMjUgQEAKKyNpZm5kZWYgX05PVEVQQURfSAorI2RlZmluZSBfTk9URVBBRF9ICisKKyNpZm5kZWYgU1RSU0FGRV9OT19ERVBSRUNBVEUKKyNkZWZpbmUgU1RSU0FGRV9OT19ERVBSRUNBVEUKKyNlbmRpZgorCisjaW5jbHVkZSA8c3RkYXJnLmg+CisKKyNpbmNsdWRlIDx3aW5kZWYuaD4KKyNpbmNsdWRlIDx3aW5iYXNlLmg+CisjaW5jbHVkZSA8d2ludXNlci5oPgorI2luY2x1ZGUgPHdpbm5scy5oPgorI2luY2x1ZGUgPHdpbmdkaS5oPgorI2luY2x1ZGUgPHNoZWxsYXBpLmg+CisjaW5jbHVkZSA8Y29tbWRsZy5oPgorI2luY2x1ZGUgPHRjaGFyLmg+CisjaW5jbHVkZSA8bWFsbG9jLmg+CisKKyNpbmNsdWRlICJtYWluLmgiCisjaW5jbHVkZSAiZGlhbG9nLmgiCisKK3ZvaWQgVXBkYXRlV2luZG93Q2FwdGlvbihCT09MIGNsZWFyTW9kaWZ5QWxlcnQpOworCisjZW5kaWYgLyogX05PVEVQQURfSCAqLwo=',261,15,2,'NEW_ASSET_WITH_NO_VARIATIONPOINT');
INSERT IGNORE INTO developer_group (id_developer_group) VALUES 
(16);
INSERT IGNORE INTO developer_bridge (id_developer_group,id_developer) VALUES 
(16,1);
INSERT IGNORE INTO variation_point (idvariationpoint, expression, idcoreasset,id_feature_group) VALUES
(262,'No Expression',69,0);
INSERT IGNORE INTO customization_fact (idcustomization, lines_added,lines_deleted,custom_diff,commit_set,message_set,greater_diff,idvariationpoint,id_developer_group, idproductrelease, type) VALUES
(16,105,0,'ZGlmZiAtLWdpdCBhL2lucHV0L2FsZ29yaXRobXMvbm90ZXBhZF9yZXMuaCBiL2lucHV0L2FsZ29yaXRobXMvbm90ZXBhZF9yZXMuaApuZXcgZmlsZSBtb2RlIDEwMDY0NAppbmRleCAwMDAwMDAwLi41ZmEyZWEyCi0tLSAvZGV2L251bGwKQEAgLTAsMCArMSwxMDUgQEAgRXhwcmVzc2lvbjogTm8gRXhwcmVzc2lvbkNoYW5nZSBUeXBlOiBORVdfQVNTRVRfV0lUSF9OT19WQVJJQVRJT05QT0lOVAorLyovL0F1dGhvcmVkIGJ5OiBsZXRpbW9tZSBpbiBjb21taXQ6NWEwZTZkZmI0NDRmYjFjNzZiYWQ4ZmNkMDkwMzFiYTVkMmI0NDkzZiwgd2l0aCBtZXNzYWdlOmFkZGVkIGMgZmlsZXMgaW4gYWxnb3JpdGhtCisgKiAgQ29uc3RhbnRzLCB1c2VkIGluIHJlc291cmNlcy4vL0F1dGhvcmVkIGJ5OiBsZXRpbW9tZSBpbiBjb21taXQ6NWEwZTZkZmI0NDRmYjFjNzZiYWQ4ZmNkMDkwMzFiYTVkMmI0NDkzZiwgd2l0aCBtZXNzYWdlOmFkZGVkIGMgZmlsZXMgaW4gYWxnb3JpdGhtCisgKi8vQXV0aG9yZWQgYnk6IGxldGltb21lIGluIGNvbW1pdDo1YTBlNmRmYjQ0NGZiMWM3NmJhZDhmY2QwOTAzMWJhNWQyYjQ0OTNmLCB3aXRoIG1lc3NhZ2U6YWRkZWQgYyBmaWxlcyBpbiBhbGdvcml0aG0KKyAqICBDb3B5cmlnaHQgMjAwMiBTeWx2YWluIFBldHJlb2xsZSA8c3BldHJlb2xsZUB5YWhvby5mcj4vL0F1dGhvcmVkIGJ5OiBsZXRpbW9tZSBpbiBjb21taXQ6NWEwZTZkZmI0NDRmYjFjNzZiYWQ4ZmNkMDkwMzFiYTVkMmI0NDkzZiwgd2l0aCBtZXNzYWdlOmFkZGVkIGMgZmlsZXMgaW4gYWxnb3JpdGhtCisgKiAgQ29weXJpZ2h0IDIwMDIgQW5kcml5IFBhbGFtYXJjaHVrLy9BdXRob3JlZCBieTogbGV0aW1vbWUgaW4gY29tbWl0OjVhMGU2ZGZiNDQ0ZmIxYzc2YmFkOGZjZDA5MDMxYmE1ZDJiNDQ5M2YsIHdpdGggbWVzc2FnZTphZGRlZCBjIGZpbGVzIGluIGFsZ29yaXRobQorICovL0F1dGhvcmVkIGJ5OiBsZXRpbW9tZSBpbiBjb21taXQ6NWEwZTZkZmI0NDRmYjFjNzZiYWQ4ZmNkMDkwMzFiYTVkMmI0NDkzZiwgd2l0aCBtZXNzYWdlOmFkZGVkIGMgZmlsZXMgaW4gYWxnb3JpdGhtCisgKiBUaGlzIGxpYnJhcnkgaXMgZnJlZSBzb2Z0d2FyZTsgeW91IGNhbiByZWRpc3RyaWJ1dGUgaXQgYW5kL29yLy9BdXRob3JlZCBieTogbGV0aW1vbWUgaW4gY29tbWl0OjVhMGU2ZGZiNDQ0ZmIxYzc2YmFkOGZjZDA5MDMxYmE1ZDJiNDQ5M2YsIHdpdGggbWVzc2FnZTphZGRlZCBjIGZpbGVzIGluIGFsZ29yaXRobQorICogbW9kaWZ5IGl0IHVuZGVyIHRoZSB0ZXJtcyBvZiB0aGUgR05VIExlc3NlciBHZW5lcmFsIFB1YmxpYy8vQXV0aG9yZWQgYnk6IGxldGltb21lIGluIGNvbW1pdDo1YTBlNmRmYjQ0NGZiMWM3NmJhZDhmY2QwOTAzMWJhNWQyYjQ0OTNmLCB3aXRoIG1lc3NhZ2U6YWRkZWQgYyBmaWxlcyBpbiBhbGdvcml0aG0KKyAqIExpY2Vuc2UgYXMgcHVibGlzaGVkIGJ5IHRoZSBGcmVlIFNvZnR3YXJlIEZvdW5kYXRpb247IGVpdGhlci8vQXV0aG9yZWQgYnk6IGxldGltb21lIGluIGNvbW1pdDo1YTBlNmRmYjQ0NGZiMWM3NmJhZDhmY2QwOTAzMWJhNWQyYjQ0OTNmLCB3aXRoIG1lc3NhZ2U6YWRkZWQgYyBmaWxlcyBpbiBhbGdvcml0aG0KKyAqIHZlcnNpb24gMi4xIG9mIHRoZSBMaWNlbnNlLCBvciAoYXQgeW91ciBvcHRpb24pIGFueSBsYXRlciB2ZXJzaW9uLi8vQXV0aG9yZWQgYnk6IGxldGltb21lIGluIGNvbW1pdDo1YTBlNmRmYjQ0NGZiMWM3NmJhZDhmY2QwOTAzMWJhNWQyYjQ0OTNmLCB3aXRoIG1lc3NhZ2U6YWRkZWQgYyBmaWxlcyBpbiBhbGdvcml0aG0KKyAqLy9BdXRob3JlZCBieTogbGV0aW1vbWUgaW4gY29tbWl0OjVhMGU2ZGZiNDQ0ZmIxYzc2YmFkOGZjZDA5MDMxYmE1ZDJiNDQ5M2YsIHdpdGggbWVzc2FnZTphZGRlZCBjIGZpbGVzIGluIGFsZ29yaXRobQorICogVGhpcyBsaWJyYXJ5IGlzIGRpc3RyaWJ1dGVkIGluIHRoZSBob3BlIHRoYXQgaXQgd2lsbCBiZSB1c2VmdWwsLy9BdXRob3JlZCBieTogbGV0aW1vbWUgaW4gY29tbWl0OjVhMGU2ZGZiNDQ0ZmIxYzc2YmFkOGZjZDA5MDMxYmE1ZDJiNDQ5M2YsIHdpdGggbWVzc2FnZTphZGRlZCBjIGZpbGVzIGluIGFsZ29yaXRobQorICogYnV0IFdJVEhPVVQgQU5ZIFdBUlJBTlRZOyB3aXRob3V0IGV2ZW4gdGhlIGltcGxpZWQgd2FycmFudHkgb2YvL0F1dGhvcmVkIGJ5OiBsZXRpbW9tZSBpbiBjb21taXQ6NWEwZTZkZmI0NDRmYjFjNzZiYWQ4ZmNkMDkwMzFiYTVkMmI0NDkzZiwgd2l0aCBtZXNzYWdlOmFkZGVkIGMgZmlsZXMgaW4gYWxnb3JpdGhtCisgKiBNRVJDSEFOVEFCSUxJVFkgb3IgRklUTkVTUyBGT1IgQSBQQVJUSUNVTEFSIFBVUlBPU0UuICBTZWUgdGhlIEdOVS8vQXV0aG9yZWQgYnk6IGxldGltb21lIGluIGNvbW1pdDo1YTBlNmRmYjQ0NGZiMWM3NmJhZDhmY2QwOTAzMWJhNWQyYjQ0OTNmLCB3aXRoIG1lc3NhZ2U6YWRkZWQgYyBmaWxlcyBpbiBhbGdvcml0aG0KKyAqIExlc3NlciBHZW5lcmFsIFB1YmxpYyBMaWNlbnNlIGZvciBtb3JlIGRldGFpbHMuLy9BdXRob3JlZCBieTogbGV0aW1vbWUgaW4gY29tbWl0OjVhMGU2ZGZiNDQ0ZmIxYzc2YmFkOGZjZDA5MDMxYmE1ZDJiNDQ5M2YsIHdpdGggbWVzc2FnZTphZGRlZCBjIGZpbGVzIGluIGFsZ29yaXRobQorICovL0F1dGhvcmVkIGJ5OiBsZXRpbW9tZSBpbiBjb21taXQ6NWEwZTZkZmI0NDRmYjFjNzZiYWQ4ZmNkMDkwMzFiYTVkMmI0NDkzZiwgd2l0aCBtZXNzYWdlOmFkZGVkIGMgZmlsZXMgaW4gYWxnb3JpdGhtCisgKiBZb3Ugc2hvdWxkIGhhdmUgcmVjZWl2ZWQgYSBjb3B5IG9mIHRoZSBHTlUgTGVzc2VyIEdlbmVyYWwgUHVibGljLy9BdXRob3JlZCBieTogbGV0aW1vbWUgaW4gY29tbWl0OjVhMGU2ZGZiNDQ0ZmIxYzc2YmFkOGZjZDA5MDMxYmE1ZDJiNDQ5M2YsIHdpdGggbWVzc2FnZTphZGRlZCBjIGZpbGVzIGluIGFsZ29yaXRobQorICogTGljZW5zZSBhbG9uZyB3aXRoIHRoaXMgbGlicmFyeTsgaWYgbm90LCB3cml0ZSB0byB0aGUgRnJlZSBTb2Z0d2FyZS8vQXV0aG9yZWQgYnk6IGxldGltb21lIGluIGNvbW1pdDo1YTBlNmRmYjQ0NGZiMWM3NmJhZDhmY2QwOTAzMWJhNWQyYjQ0OTNmLCB3aXRoIG1lc3NhZ2U6YWRkZWQgYyBmaWxlcyBpbiBhbGdvcml0aG0KKyAqIEZvdW5kYXRpb24sIEluYy4sIDUxIEZyYW5rbGluIFN0cmVldCwgRmlmdGggRmxvb3IsIEJvc3RvbiwgTUEgIDAyMTEwLTEzMDEgIFVTQS8vQXV0aG9yZWQgYnk6IGxldGltb21lIGluIGNvbW1pdDo1YTBlNmRmYjQ0NGZiMWM3NmJhZDhmY2QwOTAzMWJhNWQyYjQ0OTNmLCB3aXRoIG1lc3NhZ2U6YWRkZWQgYyBmaWxlcyBpbiBhbGdvcml0aG0KKyAqLy8vQXV0aG9yZWQgYnk6IGxldGltb21lIGluIGNvbW1pdDo1YTBlNmRmYjQ0NGZiMWM3NmJhZDhmY2QwOTAzMWJhNWQyYjQ0OTNmLCB3aXRoIG1lc3NhZ2U6YWRkZWQgYyBmaWxlcyBpbiBhbGdvcml0aG0KKy8vQXV0aG9yZWQgYnk6IGxldGltb21lIGluIGNvbW1pdDo1YTBlNmRmYjQ0NGZiMWM3NmJhZDhmY2QwOTAzMWJhNWQyYjQ0OTNmLCB3aXRoIG1lc3NhZ2U6YWRkZWQgYyBmaWxlcyBpbiBhbGdvcml0aG0KKyNwcmFnbWEgb25jZS8vQXV0aG9yZWQgYnk6IGxldGltb21lIGluIGNvbW1pdDo1YTBlNmRmYjQ0NGZiMWM3NmJhZDhmY2QwOTAzMWJhNWQyYjQ0OTNmLCB3aXRoIG1lc3NhZ2U6YWRkZWQgYyBmaWxlcyBpbiBhbGdvcml0aG0KKy8vQXV0aG9yZWQgYnk6IGxldGltb21lIGluIGNvbW1pdDo1YTBlNmRmYjQ0NGZiMWM3NmJhZDhmY2QwOTAzMWJhNWQyYjQ0OTNmLCB3aXRoIG1lc3NhZ2U6YWRkZWQgYyBmaWxlcyBpbiBhbGdvcml0aG0KKyNkZWZpbmUgTUFJTl9NRU5VICAgICAgICAweDIwMS8vQXV0aG9yZWQgYnk6IGxldGltb21lIGluIGNvbW1pdDo1YTBlNmRmYjQ0NGZiMWM3NmJhZDhmY2QwOTAzMWJhNWQyYjQ0OTNmLCB3aXRoIG1lc3NhZ2U6YWRkZWQgYyBmaWxlcyBpbiBhbGdvcml0aG0KKyNkZWZpbmUgRElBTE9HX1BBR0VTRVRVUCAweDIwMi8vQXV0aG9yZWQgYnk6IGxldGltb21lIGluIGNvbW1pdDo1YTBlNmRmYjQ0NGZiMWM3NmJhZDhmY2QwOTAzMWJhNWQyYjQ0OTNmLCB3aXRoIG1lc3NhZ2U6YWRkZWQgYyBmaWxlcyBpbiBhbGdvcml0aG0KKyNkZWZpbmUgSURfQUNDRUwgICAgICAgICAweDIwMy8vQXV0aG9yZWQgYnk6IGxldGltb21lIGluIGNvbW1pdDo1YTBlNmRmYjQ0NGZiMWM3NmJhZDhmY2QwOTAzMWJhNWQyYjQ0OTNmLCB3aXRoIG1lc3NhZ2U6YWRkZWQgYyBmaWxlcyBpbiBhbGdvcml0aG0KKyNkZWZpbmUgRElBTE9HX0VOQ09ESU5HICAweDIwNC8vQXV0aG9yZWQgYnk6IGxldGltb21lIGluIGNvbW1pdDo1YTBlNmRmYjQ0NGZiMWM3NmJhZDhmY2QwOTAzMWJhNWQyYjQ0OTNmLCB3aXRoIG1lc3NhZ2U6YWRkZWQgYyBmaWxlcyBpbiBhbGdvcml0aG0KKyNkZWZpbmUgSURfRU5DT0RJTkcgICAgICAweDIwNS8vQXV0aG9yZWQgYnk6IGxldGltb21lIGluIGNvbW1pdDo1YTBlNmRmYjQ0NGZiMWM3NmJhZDhmY2QwOTAzMWJhNWQyYjQ0OTNmLCB3aXRoIG1lc3NhZ2U6YWRkZWQgYyBmaWxlcyBpbiBhbGdvcml0aG0KKyNkZWZpbmUgSURfRU9MTiAgICAgICAgICAweDIwNi8vQXV0aG9yZWQgYnk6IGxldGltb21lIGluIGNvbW1pdDo1YTBlNmRmYjQ0NGZiMWM3NmJhZDhmY2QwOTAzMWJhNWQyYjQ0OTNmLCB3aXRoIG1lc3NhZ2U6YWRkZWQgYyBmaWxlcyBpbiBhbGdvcml0aG0KKyNkZWZpbmUgRElBTE9HX0dPVE8gICAgICAweDIwNy8vQXV0aG9yZWQgYnk6IGxldGltb21lIGluIGNvbW1pdDo1YTBlNmRmYjQ0NGZiMWM3NmJhZDhmY2QwOTAzMWJhNWQyYjQ0OTNmLCB3aXRoIG1lc3NhZ2U6YWRkZWQgYyBmaWxlcyBpbiBhbGdvcml0aG0KKyNkZWZpbmUgSURfTElORU5VTUJFUiAgICAweDIwOC8vQXV0aG9yZWQgYnk6IGxldGltb21lIGluIGNvbW1pdDo1YTBlNmRmYjQ0NGZiMWM3NmJhZDhmY2QwOTAzMWJhNWQyYjQ0OTNmLCB3aXRoIG1lc3NhZ2U6YWRkZWQgYyBmaWxlcyBpbiBhbGdvcml0aG0KKyNkZWZpbmUgSURJX05QSUNPTiAgICAgICAweDIwOS8vQXV0aG9yZWQgYnk6IGxldGltb21lIGluIGNvbW1pdDo1YTBlNmRmYjQ0NGZiMWM3NmJhZDhmY2QwOTAzMWJhNWQyYjQ0OTNmLCB3aXRoIG1lc3NhZ2U6YWRkZWQgYyBmaWxlcyBpbiBhbGdvcml0aG0KKyNkZWZpbmUgSUREX0FCT1VUQk9YICAgICAweDIwQS8vQXV0aG9yZWQgYnk6IGxldGltb21lIGluIGNvbW1pdDo1YTBlNmRmYjQ0NGZiMWM3NmJhZDhmY2QwOTAzMWJhNWQyYjQ0OTNmLCB3aXRoIG1lc3NhZ2U6YWRkZWQgYyBmaWxlcyBpbiBhbGdvcml0aG0KKyNkZWZpbmUgSURDX0xJQ0VOU0UgICAgICAweDIwQi8vQXV0aG9yZWQgYnk6IGxldGltb21lIGluIGNvbW1pdDo1YTBlNmRmYjQ0NGZiMWM3NmJhZDhmY2QwOTAzMWJhNWQyYjQ0OTNmLCB3aXRoIG1lc3NhZ2U6YWRkZWQgYyBmaWxlcyBpbiBhbGdvcml0aG0KKy8vQXV0aG9yZWQgYnk6IGxldGltb21lIGluIGNvbW1pdDo1YTBlNmRmYjQ0NGZiMWM3NmJhZDhmY2QwOTAzMWJhNWQyYjQ0OTNmLCB3aXRoIG1lc3NhZ2U6YWRkZWQgYyBmaWxlcyBpbiBhbGdvcml0aG0KKy8qIENvbW1hbmRzICovLy9BdXRob3JlZCBieTogbGV0aW1vbWUgaW4gY29tbWl0OjVhMGU2ZGZiNDQ0ZmIxYzc2YmFkOGZjZDA5MDMxYmE1ZDJiNDQ5M2YsIHdpdGggbWVzc2FnZTphZGRlZCBjIGZpbGVzIGluIGFsZ29yaXRobQorI2RlZmluZSBDTURfTkVXICAgICAgICAweDEwMC8vQXV0aG9yZWQgYnk6IGxldGltb21lIGluIGNvbW1pdDo1YTBlNmRmYjQ0NGZiMWM3NmJhZDhmY2QwOTAzMWJhNWQyYjQ0OTNmLCB3aXRoIG1lc3NhZ2U6YWRkZWQgYyBmaWxlcyBpbiBhbGdvcml0aG0KKyNkZWZpbmUgQ01EX09QRU4gICAgICAgMHgxMDEvL0F1dGhvcmVkIGJ5OiBsZXRpbW9tZSBpbiBjb21taXQ6NWEwZTZkZmI0NDRmYjFjNzZiYWQ4ZmNkMDkwMzFiYTVkMmI0NDkzZiwgd2l0aCBtZXNzYWdlOmFkZGVkIGMgZmlsZXMgaW4gYWxnb3JpdGhtCisjZGVmaW5lIENNRF9TQVZFICAgICAgIDB4MTAyLy9BdXRob3JlZCBieTogbGV0aW1vbWUgaW4gY29tbWl0OjVhMGU2ZGZiNDQ0ZmIxYzc2YmFkOGZjZDA5MDMxYmE1ZDJiNDQ5M2YsIHdpdGggbWVzc2FnZTphZGRlZCBjIGZpbGVzIGluIGFsZ29yaXRobQorI2RlZmluZSBDTURfU0FWRV9BUyAgICAweDEwMy8vQXV0aG9yZWQgYnk6IGxldGltb21lIGluIGNvbW1pdDo1YTBlNmRmYjQ0NGZiMWM3NmJhZDhmY2QwOTAzMWJhNWQyYjQ0OTNmLCB3aXRoIG1lc3NhZ2U6YWRkZWQgYyBmaWxlcyBpbiBhbGdvcml0aG0KKyNkZWZpbmUgQ01EX1BSSU5UICAgICAgMHgxMDQvL0F1dGhvcmVkIGJ5OiBsZXRpbW9tZSBpbiBjb21taXQ6NWEwZTZkZmI0NDRmYjFjNzZiYWQ4ZmNkMDkwMzFiYTVkMmI0NDkzZiwgd2l0aCBtZXNzYWdlOmFkZGVkIGMgZmlsZXMgaW4gYWxnb3JpdGhtCisjZGVmaW5lIENNRF9QQUdFX1NFVFVQIDB4MTA1Ly9BdXRob3JlZCBieTogbGV0aW1vbWUgaW4gY29tbWl0OjVhMGU2ZGZiNDQ0ZmIxYzc2YmFkOGZjZDA5MDMxYmE1ZDJiNDQ5M2YsIHdpdGggbWVzc2FnZTphZGRlZCBjIGZpbGVzIGluIGFsZ29yaXRobQorI2RlZmluZSBDTURfRVhJVCAgICAgICAweDEwOC8vQXV0aG9yZWQgYnk6IGxldGltb21lIGluIGNvbW1pdDo1YTBlNmRmYjQ0NGZiMWM3NmJhZDhmY2QwOTAzMWJhNWQyYjQ0OTNmLCB3aXRoIG1lc3NhZ2U6YWRkZWQgYyBmaWxlcyBpbiBhbGdvcml0aG0KKy8vQXV0aG9yZWQgYnk6IGxldGltb21lIGluIGNvbW1pdDo1YTBlNmRmYjQ0NGZiMWM3NmJhZDhmY2QwOTAzMWJhNWQyYjQ0OTNmLCB3aXRoIG1lc3NhZ2U6YWRkZWQgYyBmaWxlcyBpbiBhbGdvcml0aG0KKyNkZWZpbmUgQ01EX1VORE8gICAgICAgMHgxMTAvL0F1dGhvcmVkIGJ5OiBsZXRpbW9tZSBpbiBjb21taXQ6NWEwZTZkZmI0NDRmYjFjNzZiYWQ4ZmNkMDkwMzFiYTVkMmI0NDkzZiwgd2l0aCBtZXNzYWdlOmFkZGVkIGMgZmlsZXMgaW4gYWxnb3JpdGhtCisjZGVmaW5lIENNRF9DVVQgICAgICAgIDB4MTExLy9BdXRob3JlZCBieTogbGV0aW1vbWUgaW4gY29tbWl0OjVhMGU2ZGZiNDQ0ZmIxYzc2YmFkOGZjZDA5MDMxYmE1ZDJiNDQ5M2YsIHdpdGggbWVzc2FnZTphZGRlZCBjIGZpbGVzIGluIGFsZ29yaXRobQorI2RlZmluZSBDTURfQ09QWSAgICAgICAweDExMi8vQXV0aG9yZWQgYnk6IGxldGltb21lIGluIGNvbW1pdDo1YTBlNmRmYjQ0NGZiMWM3NmJhZDhmY2QwOTAzMWJhNWQyYjQ0OTNmLCB3aXRoIG1lc3NhZ2U6YWRkZWQgYyBmaWxlcyBpbiBhbGdvcml0aG0KKyNkZWZpbmUgQ01EX1BBU1RFICAgICAgMHgxMTMvL0F1dGhvcmVkIGJ5OiBsZXRpbW9tZSBpbiBjb21taXQ6NWEwZTZkZmI0NDRmYjFjNzZiYWQ4ZmNkMDkwMzFiYTVkMmI0NDkzZiwgd2l0aCBtZXNzYWdlOmFkZGVkIGMgZmlsZXMgaW4gYWxnb3JpdGhtCisjZGVmaW5lIENNRF9ERUxFVEUgICAgIDB4MTE0Ly9BdXRob3JlZCBieTogbGV0aW1vbWUgaW4gY29tbWl0OjVhMGU2ZGZiNDQ0ZmIxYzc2YmFkOGZjZDA5MDMxYmE1ZDJiNDQ5M2YsIHdpdGggbWVzc2FnZTphZGRlZCBjIGZpbGVzIGluIGFsZ29yaXRobQorI2RlZmluZSBDTURfU0VMRUNUX0FMTCAweDExNi8vQXV0aG9yZWQgYnk6IGxldGltb21lIGluIGNvbW1pdDo1YTBlNmRmYjQ0NGZiMWM3NmJhZDhmY2QwOTAzMWJhNWQyYjQ0OTNmLCB3aXRoIG1lc3NhZ2U6YWRkZWQgYyBmaWxlcyBpbiBhbGdvcml0aG0KKyNkZWZpbmUgQ01EX1RJTUVfREFURSAgMHgxMTcvL0F1dGhvcmVkIGJ5OiBsZXRpbW9tZSBpbiBjb21taXQ6NWEwZTZkZmI0NDRmYjFjNzZiYWQ4ZmNkMDkwMzFiYTVkMmI0NDkzZiwgd2l0aCBtZXNzYWdlOmFkZGVkIGMgZmlsZXMgaW4gYWxnb3JpdGhtCisvL0F1dGhvcmVkIGJ5OiBsZXRpbW9tZSBpbiBjb21taXQ6NWEwZTZkZmI0NDRmYjFjNzZiYWQ4ZmNkMDkwMzFiYTVkMmI0NDkzZiwgd2l0aCBtZXNzYWdlOmFkZGVkIGMgZmlsZXMgaW4gYWxnb3JpdGhtCisjZGVmaW5lIENNRF9TRUFSQ0ggICAgICAweDEyMC8vQXV0aG9yZWQgYnk6IGxldGltb21lIGluIGNvbW1pdDo1YTBlNmRmYjQ0NGZiMWM3NmJhZDhmY2QwOTAzMWJhNWQyYjQ0OTNmLCB3aXRoIG1lc3NhZ2U6YWRkZWQgYyBmaWxlcyBpbiBhbGdvcml0aG0KKyNkZWZpbmUgQ01EX1NFQVJDSF9ORVhUIDB4MTIxLy9BdXRob3JlZCBieTogbGV0aW1vbWUgaW4gY29tbWl0OjVhMGU2ZGZiNDQ0ZmIxYzc2YmFkOGZjZDA5MDMxYmE1ZDJiNDQ5M2YsIHdpdGggbWVzc2FnZTphZGRlZCBjIGZpbGVzIGluIGFsZ29yaXRobQorI2RlZmluZSBDTURfUkVQTEFDRSAgICAgMHgxMjIvL0F1dGhvcmVkIGJ5OiBsZXRpbW9tZSBpbiBjb21taXQ6NWEwZTZkZmI0NDRmYjFjNzZiYWQ4ZmNkMDkwMzFiYTVkMmI0NDkzZiwgd2l0aCBtZXNzYWdlOmFkZGVkIGMgZmlsZXMgaW4gYWxnb3JpdGhtCisjZGVmaW5lIENNRF9HT1RPICAgICAgICAweDEyMy8vQXV0aG9yZWQgYnk6IGxldGltb21lIGluIGNvbW1pdDo1YTBlNmRmYjQ0NGZiMWM3NmJhZDhmY2QwOTAzMWJhNWQyYjQ0OTNmLCB3aXRoIG1lc3NhZ2U6YWRkZWQgYyBmaWxlcyBpbiBhbGdvcml0aG0KKy8vQXV0aG9yZWQgYnk6IGxldGltb21lIGluIGNvbW1pdDo1YTBlNmRmYjQ0NGZiMWM3NmJhZDhmY2QwOTAzMWJhNWQyYjQ0OTNmLCB3aXRoIG1lc3NhZ2U6YWRkZWQgYyBmaWxlcyBpbiBhbGdvcml0aG0KKyNkZWZpbmUgQ01EX1dSQVAgMHgxMTkvL0F1dGhvcmVkIGJ5OiBsZXRpbW9tZSBpbiBjb21taXQ6NWEwZTZkZmI0NDRmYjFjNzZiYWQ4ZmNkMDkwMzFiYTVkMmI0NDkzZiwgd2l0aCBtZXNzYWdlOmFkZGVkIGMgZmlsZXMgaW4gYWxnb3JpdGhtCisjZGVmaW5lIENNRF9GT05UIDB4MTQwLy9BdXRob3JlZCBieTogbGV0aW1vbWUgaW4gY29tbWl0OjVhMGU2ZGZiNDQ0ZmIxYzc2YmFkOGZjZDA5MDMxYmE1ZDJiNDQ5M2YsIHdpdGggbWVzc2FnZTphZGRlZCBjIGZpbGVzIGluIGFsZ29yaXRobQorLy9BdXRob3JlZCBieTogbGV0aW1vbWUgaW4gY29tbWl0OjVhMGU2ZGZiNDQ0ZmIxYzc2YmFkOGZjZDA5MDMxYmE1ZDJiNDQ5M2YsIHdpdGggbWVzc2FnZTphZGRlZCBjIGZpbGVzIGluIGFsZ29yaXRobQorI2RlZmluZSBDTURfU1RBVFVTQkFSICAgICAgICAweDE1MC8vQXV0aG9yZWQgYnk6IGxldGltb21lIGluIGNvbW1pdDo1YTBlNmRmYjQ0NGZiMWM3NmJhZDhmY2QwOTAzMWJhNWQyYjQ0OTNmLCB3aXRoIG1lc3NhZ2U6YWRkZWQgYyBmaWxlcyBpbiBhbGdvcml0aG0KKyNkZWZpbmUgQ01EX1NUQVRVU0JBUl9XTkRfSUQgMHgxNTEvL0F1dGhvcmVkIGJ5OiBsZXRpbW9tZSBpbiBjb21taXQ6NWEwZTZkZmI0NDRmYjFjNzZiYWQ4ZmNkMDkwMzFiYTVkMmI0NDkzZiwgd2l0aCBtZXNzYWdlOmFkZGVkIGMgZmlsZXMgaW4gYWxnb3JpdGhtCisvL0F1dGhvcmVkIGJ5OiBsZXRpbW9tZSBpbiBjb21taXQ6NWEwZTZkZmI0NDRmYjFjNzZiYWQ4ZmNkMDkwMzFiYTVkMmI0NDkzZiwgd2l0aCBtZXNzYWdlOmFkZGVkIGMgZmlsZXMgaW4gYWxnb3JpdGhtCisjZGVmaW5lIENNRF9IRUxQX0NPTlRFTlRTIDB4MTMwLy9BdXRob3JlZCBieTogbGV0aW1vbWUgaW4gY29tbWl0OjVhMGU2ZGZiNDQ0ZmIxYzc2YmFkOGZjZDA5MDMxYmE1ZDJiNDQ5M2YsIHdpdGggbWVzc2FnZTphZGRlZCBjIGZpbGVzIGluIGFsZ29yaXRobQorI2RlZmluZSBDTURfQUJPVVQgICAgICAgICAweDEzNS8vQXV0aG9yZWQgYnk6IGxldGltb21lIGluIGNvbW1pdDo1YTBlNmRmYjQ0NGZiMWM3NmJhZDhmY2QwOTAzMWJhNWQyYjQ0OTNmLCB3aXRoIG1lc3NhZ2U6YWRkZWQgYyBmaWxlcyBpbiBhbGdvcml0aG0KKyNkZWZpbmUgQ01EX0hFTFBfQUJPVVRfTk9URVBBRCAgICAweDEzNy8vQXV0aG9yZWQgYnk6IGxldGltb21lIGluIGNvbW1pdDo1YTBlNmRmYjQ0NGZiMWM3NmJhZDhmY2QwOTAzMWJhNWQyYjQ0OTNmLCB3aXRoIG1lc3NhZ2U6YWRkZWQgYyBmaWxlcyBpbiBhbGdvcml0aG0KKy8vQXV0aG9yZWQgYnk6IGxldGltb21lIGluIGNvbW1pdDo1YTBlNmRmYjQ0NGZiMWM3NmJhZDhmY2QwOTAzMWJhNWQyYjQ0OTNmLCB3aXRoIG1lc3NhZ2U6YWRkZWQgYyBmaWxlcyBpbiBhbGdvcml0aG0KKy8qIFN0cmluZ3MgKi8vL0F1dGhvcmVkIGJ5OiBsZXRpbW9tZSBpbiBjb21taXQ6NWEwZTZkZmI0NDRmYjFjNzZiYWQ4ZmNkMDkwMzFiYTVkMmI0NDkzZiwgd2l0aCBtZXNzYWdlOmFkZGVkIGMgZmlsZXMgaW4gYWxnb3JpdGhtCisjZGVmaW5lIFNUUklOR19QQUdFU0VUVVBfSEVBREVSVkFMVUUgMHgxNjAvL0F1dGhvcmVkIGJ5OiBsZXRpbW9tZSBpbiBjb21taXQ6NWEwZTZkZmI0NDRmYjFjNzZiYWQ4ZmNkMDkwMzFiYTVkMmI0NDkzZiwgd2l0aCBtZXNzYWdlOmFkZGVkIGMgZmlsZXMgaW4gYWxnb3JpdGhtCisjZGVmaW5lIFNUUklOR19QQUdFU0VUVVBfRk9PVEVSVkFMVUUgMHgxNjEvL0F1dGhvcmVkIGJ5OiBsZXRpbW9tZSBpbiBjb21taXQ6NWEwZTZkZmI0NDRmYjFjNzZiYWQ4ZmNkMDkwMzFiYTVkMmI0NDkzZiwgd2l0aCBtZXNzYWdlOmFkZGVkIGMgZmlsZXMgaW4gYWxnb3JpdGhtCisjZGVmaW5lIFNUUklOR19QQUdFU0VUVVBfTEVGVFZBTFVFICAgMHgxNjIvL0F1dGhvcmVkIGJ5OiBsZXRpbW9tZSBpbiBjb21taXQ6NWEwZTZkZmI0NDRmYjFjNzZiYWQ4ZmNkMDkwMzFiYTVkMmI0NDkzZiwgd2l0aCBtZXNzYWdlOmFkZGVkIGMgZmlsZXMgaW4gYWxnb3JpdGhtCisjZGVmaW5lIFNUUklOR19QQUdFU0VUVVBfUklHSFRWQUxVRSAgMHgxNjMvL0F1dGhvcmVkIGJ5OiBsZXRpbW9tZSBpbiBjb21taXQ6NWEwZTZkZmI0NDRmYjFjNzZiYWQ4ZmNkMDkwMzFiYTVkMmI0NDkzZiwgd2l0aCBtZXNzYWdlOmFkZGVkIGMgZmlsZXMgaW4gYWxnb3JpdGhtCisjZGVmaW5lIFNUUklOR19QQUdFU0VUVVBfVE9QVkFMVUUgICAgMHgxNjQvL0F1dGhvcmVkIGJ5OiBsZXRpbW9tZSBpbiBjb21taXQ6NWEwZTZkZmI0NDRmYjFjNzZiYWQ4ZmNkMDkwMzFiYTVkMmI0NDkzZiwgd2l0aCBtZXNzYWdlOmFkZGVkIGMgZmlsZXMgaW4gYWxnb3JpdGhtCisjZGVmaW5lIFNUUklOR19QQUdFU0VUVVBfQk9UVE9NVkFMVUUgMHgxNjUvL0F1dGhvcmVkIGJ5OiBsZXRpbW9tZSBpbiBjb21taXQ6NWEwZTZkZmI0NDRmYjFjNzZiYWQ4ZmNkMDkwMzFiYTVkMmI0NDkzZiwgd2l0aCBtZXNzYWdlOmFkZGVkIGMgZmlsZXMgaW4gYWxnb3JpdGhtCisvL0F1dGhvcmVkIGJ5OiBsZXRpbW9tZSBpbiBjb21taXQ6NWEwZTZkZmI0NDRmYjFjNzZiYWQ4ZmNkMDkwMzFiYTVkMmI0NDkzZiwgd2l0aCBtZXNzYWdlOmFkZGVkIGMgZmlsZXMgaW4gYWxnb3JpdGhtCisjZGVmaW5lIFNUUklOR19OT1RFUEFEICAgICAgICAweDE3MC8vQXV0aG9yZWQgYnk6IGxldGltb21lIGluIGNvbW1pdDo1YTBlNmRmYjQ0NGZiMWM3NmJhZDhmY2QwOTAzMWJhNWQyYjQ0OTNmLCB3aXRoIG1lc3NhZ2U6YWRkZWQgYyBmaWxlcyBpbiBhbGdvcml0aG0KKyNkZWZpbmUgU1RSSU5HX0VSUk9SICAgICAgICAgIDB4MTcxLy9BdXRob3JlZCBieTogbGV0aW1vbWUgaW4gY29tbWl0OjVhMGU2ZGZiNDQ0ZmIxYzc2YmFkOGZjZDA5MDMxYmE1ZDJiNDQ5M2YsIHdpdGggbWVzc2FnZTphZGRlZCBjIGZpbGVzIGluIGFsZ29yaXRobQorI2RlZmluZSBTVFJJTkdfV0FSTklORyAgICAgICAgMHgxNzIvL0F1dGhvcmVkIGJ5OiBsZXRpbW9tZSBpbiBjb21taXQ6NWEwZTZkZmI0NDRmYjFjNzZiYWQ4ZmNkMDkwMzFiYTVkMmI0NDkzZiwgd2l0aCBtZXNzYWdlOmFkZGVkIGMgZmlsZXMgaW4gYWxnb3JpdGhtCisjZGVmaW5lIFNUUklOR19JTkZPICAgICAgICAgICAweDE3My8vQXV0aG9yZWQgYnk6IGxldGltb21lIGluIGNvbW1pdDo1YTBlNmRmYjQ0NGZiMWM3NmJhZDhmY2QwOTAzMWJhNWQyYjQ0OTNmLCB3aXRoIG1lc3NhZ2U6YWRkZWQgYyBmaWxlcyBpbiBhbGdvcml0aG0KKyNkZWZpbmUgU1RSSU5HX1VOVElUTEVEICAgICAgIDB4MTc0Ly9BdXRob3JlZCBieTogbGV0aW1vbWUgaW4gY29tbWl0OjVhMGU2ZGZiNDQ0ZmIxYzc2YmFkOGZjZDA5MDMxYmE1ZDJiNDQ5M2YsIHdpdGggbWVzc2FnZTphZGRlZCBjIGZpbGVzIGluIGFsZ29yaXRobQorI2RlZmluZSBTVFJJTkdfQUxMX0ZJTEVTICAgICAgMHgxNzUvL0F1dGhvcmVkIGJ5OiBsZXRpbW9tZSBpbiBjb21taXQ6NWEwZTZkZmI0NDRmYjFjNzZiYWQ4ZmNkMDkwMzFiYTVkMmI0NDkzZiwgd2l0aCBtZXNzYWdlOmFkZGVkIGMgZmlsZXMgaW4gYWxnb3JpdGhtCisjZGVmaW5lIFNUUklOR19URVhUX0ZJTEVTX1RYVCAweDE3Ni8vQXV0aG9yZWQgYnk6IGxldGltb21lIGluIGNvbW1pdDo1YTBlNmRmYjQ0NGZiMWM3NmJhZDhmY2QwOTAzMWJhNWQyYjQ0OTNmLCB3aXRoIG1lc3NhZ2U6YWRkZWQgYyBmaWxlcyBpbiBhbGdvcml0aG0KKyNkZWZpbmUgU1RSSU5HX1RPT0xBUkdFICAgICAgIDB4MTc3Ly9BdXRob3JlZCBieTogbGV0aW1vbWUgaW4gY29tbWl0OjVhMGU2ZGZiNDQ0ZmIxYzc2YmFkOGZjZDA5MDMxYmE1ZDJiNDQ5M2YsIHdpdGggbWVzc2FnZTphZGRlZCBjIGZpbGVzIGluIGFsZ29yaXRobQorI2RlZmluZSBTVFJJTkdfTk9URVhUICAgICAgICAgMHgxNzgvL0F1dGhvcmVkIGJ5OiBsZXRpbW9tZSBpbiBjb21taXQ6NWEwZTZkZmI0NDRmYjFjNzZiYWQ4ZmNkMDkwMzFiYTVkMmI0NDkzZiwgd2l0aCBtZXNzYWdlOmFkZGVkIGMgZmlsZXMgaW4gYWxnb3JpdGhtCisjZGVmaW5lIFNUUklOR19ET0VTTk9URVhJU1QgICAweDE3OS8vQXV0aG9yZWQgYnk6IGxldGltb21lIGluIGNvbW1pdDo1YTBlNmRmYjQ0NGZiMWM3NmJhZDhmY2QwOTAzMWJhNWQyYjQ0OTNmLCB3aXRoIG1lc3NhZ2U6YWRkZWQgYyBmaWxlcyBpbiBhbGdvcml0aG0KKyNkZWZpbmUgU1RSSU5HX05PVFNBVkVEICAgICAgIDB4MTdBLy9BdXRob3JlZCBieTogbGV0aW1vbWUgaW4gY29tbWl0OjVhMGU2ZGZiNDQ0ZmIxYzc2YmFkOGZjZDA5MDMxYmE1ZDJiNDQ5M2YsIHdpdGggbWVzc2FnZTphZGRlZCBjIGZpbGVzIGluIGFsZ29yaXRobQorLy9BdXRob3JlZCBieTogbGV0aW1vbWUgaW4gY29tbWl0OjVhMGU2ZGZiNDQ0ZmIxYzc2YmFkOGZjZDA5MDMxYmE1ZDJiNDQ5M2YsIHdpdGggbWVzc2FnZTphZGRlZCBjIGZpbGVzIGluIGFsZ29yaXRobQorI2RlZmluZSBTVFJJTkdfTk9URk9VTkQgICAgICAweDE3Qi8vQXV0aG9yZWQgYnk6IGxldGltb21lIGluIGNvbW1pdDo1YTBlNmRmYjQ0NGZiMWM3NmJhZDhmY2QwOTAzMWJhNWQyYjQ0OTNmLCB3aXRoIG1lc3NhZ2U6YWRkZWQgYyBmaWxlcyBpbiBhbGdvcml0aG0KKyNkZWZpbmUgU1RSSU5HX09VVF9PRl9NRU1PUlkgMHgxN0MvL0F1dGhvcmVkIGJ5OiBsZXRpbW9tZSBpbiBjb21taXQ6NWEwZTZkZmI0NDRmYjFjNzZiYWQ4ZmNkMDkwMzFiYTVkMmI0NDkzZiwgd2l0aCBtZXNzYWdlOmFkZGVkIGMgZmlsZXMgaW4gYWxnb3JpdGhtCisjZGVmaW5lIFNUUklOR19DQU5OT1RGSU5EICAgIDB4MTdELy9BdXRob3JlZCBieTogbGV0aW1vbWUgaW4gY29tbWl0OjVhMGU2ZGZiNDQ0ZmIxYzc2YmFkOGZjZDA5MDMxYmE1ZDJiNDQ5M2YsIHdpdGggbWVzc2FnZTphZGRlZCBjIGZpbGVzIGluIGFsZ29yaXRobQorLy9BdXRob3JlZCBieTogbGV0aW1vbWUgaW4gY29tbWl0OjVhMGU2ZGZiNDQ0ZmIxYzc2YmFkOGZjZDA5MDMxYmE1ZDJiNDQ5M2YsIHdpdGggbWVzc2FnZTphZGRlZCBjIGZpbGVzIGluIGFsZ29yaXRobQorI2RlZmluZSBTVFJJTkdfQU5TSSAgICAgICAweDE3RS8vQXV0aG9yZWQgYnk6IGxldGltb21lIGluIGNvbW1pdDo1YTBlNmRmYjQ0NGZiMWM3NmJhZDhmY2QwOTAzMWJhNWQyYjQ0OTNmLCB3aXRoIG1lc3NhZ2U6YWRkZWQgYyBmaWxlcyBpbiBhbGdvcml0aG0KKyNkZWZpbmUgU1RSSU5HX1VOSUNPREUgICAgMHgxN0YvL0F1dGhvcmVkIGJ5OiBsZXRpbW9tZSBpbiBjb21taXQ6NWEwZTZkZmI0NDRmYjFjNzZiYWQ4ZmNkMDkwMzFiYTVkMmI0NDkzZiwgd2l0aCBtZXNzYWdlOmFkZGVkIGMgZmlsZXMgaW4gYWxnb3JpdGhtCisjZGVmaW5lIFNUUklOR19VTklDT0RFX0JFIDB4MTgwLy9BdXRob3JlZCBieTogbGV0aW1vbWUgaW4gY29tbWl0OjVhMGU2ZGZiNDQ0ZmIxYzc2YmFkOGZjZDA5MDMxYmE1ZDJiNDQ5M2YsIHdpdGggbWVzc2FnZTphZGRlZCBjIGZpbGVzIGluIGFsZ29yaXRobQorI2RlZmluZSBTVFJJTkdfVVRGOCAgICAgICAweDE4MS8vQXV0aG9yZWQgYnk6IGxldGltb21lIGluIGNvbW1pdDo1YTBlNmRmYjQ0NGZiMWM3NmJhZDhmY2QwOTAzMWJhNWQyYjQ0OTNmLCB3aXRoIG1lc3NhZ2U6YWRkZWQgYyBmaWxlcyBpbiBhbGdvcml0aG0KKy8vQXV0aG9yZWQgYnk6IGxldGltb21lIGluIGNvbW1pdDo1YTBlNmRmYjQ0NGZiMWM3NmJhZDhmY2QwOTAzMWJhNWQyYjQ0OTNmLCB3aXRoIG1lc3NhZ2U6YWRkZWQgYyBmaWxlcyBpbiBhbGdvcml0aG0KKyNkZWZpbmUgU1RSSU5HX0NSTEYgMHgxODIvL0F1dGhvcmVkIGJ5OiBsZXRpbW9tZSBpbiBjb21taXQ6NWEwZTZkZmI0NDRmYjFjNzZiYWQ4ZmNkMDkwMzFiYTVkMmI0NDkzZiwgd2l0aCBtZXNzYWdlOmFkZGVkIGMgZmlsZXMgaW4gYWxnb3JpdGhtCisjZGVmaW5lIFNUUklOR19MRiAgIDB4MTgzLy9BdXRob3JlZCBieTogbGV0aW1vbWUgaW4gY29tbWl0OjVhMGU2ZGZiNDQ0ZmIxYzc2YmFkOGZjZDA5MDMxYmE1ZDJiNDQ5M2YsIHdpdGggbWVzc2FnZTphZGRlZCBjIGZpbGVzIGluIGFsZ29yaXRobQorI2RlZmluZSBTVFJJTkdfQ1IgICAweDE4NC8vQXV0aG9yZWQgYnk6IGxldGltb21lIGluIGNvbW1pdDo1YTBlNmRmYjQ0NGZiMWM3NmJhZDhmY2QwOTAzMWJhNWQyYjQ0OTNmLCB3aXRoIG1lc3NhZ2U6YWRkZWQgYyBmaWxlcyBpbiBhbGdvcml0aG0KKy8vQXV0aG9yZWQgYnk6IGxldGltb21lIGluIGNvbW1pdDo1YTBlNmRmYjQ0NGZiMWM3NmJhZDhmY2QwOTAzMWJhNWQyYjQ0OTNmLCB3aXRoIG1lc3NhZ2U6YWRkZWQgYyBmaWxlcyBpbiBhbGdvcml0aG0KKyNkZWZpbmUgU1RSSU5HX0xJQ0VOU0UgICAgIDB4MTg1Ly9BdXRob3JlZCBieTogbGV0aW1vbWUgaW4gY29tbWl0OjVhMGU2ZGZiNDQ0ZmIxYzc2YmFkOGZjZDA5MDMxYmE1ZDJiNDQ5M2YsIHdpdGggbWVzc2FnZTphZGRlZCBjIGZpbGVzIGluIGFsZ29yaXRobQorI2RlZmluZSBTVFJJTkdfTElORV9DT0xVTU4gMHgxODYvL0F1dGhvcmVkIGJ5OiBsZXRpbW9tZSBpbiBjb21taXQ6NWEwZTZkZmI0NDRmYjFjNzZiYWQ4ZmNkMDkwMzFiYTVkMmI0NDkzZiwgd2l0aCBtZXNzYWdlOmFkZGVkIGMgZmlsZXMgaW4gYWxnb3JpdGhtCisjZGVmaW5lIFNUUklOR19QUklOVEVSUk9SICAweDE4Ny8vQXV0aG9yZWQgYnk6IGxldGltb21lIGluIGNvbW1pdDo1YTBlNmRmYjQ0NGZiMWM3NmJhZDhmY2QwOTAzMWJhNWQyYjQ0OTNmLCB3aXRoIG1lc3NhZ2U6YWRkZWQgYyBmaWxlcyBpbiBhbGdvcml0aG0KKy8vQXV0aG9yZWQgYnk6IGxldGltb21lIGluIGNvbW1pdDo1YTBlNmRmYjQ0NGZiMWM3NmJhZDhmY2QwOTAzMWJhNWQyYjQ0OTNmLCB3aXRoIG1lc3NhZ2U6YWRkZWQgYyBmaWxlcyBpbiBhbGdvcml0aG0KKyNkZWZpbmUgU1RSSU5HX1RFWFRfRE9DVU1FTlQgIDB4MjAwLy9BdXRob3JlZCBieTogbGV0aW1vbWUgaW4gY29tbWl0OjVhMGU2ZGZiNDQ0ZmIxYzc2YmFkOGZjZDA5MDMxYmE1ZDJiNDQ5M2YsIHdpdGggbWVzc2FnZTphZGRlZCBjIGZpbGVzIGluIGFsZ29yaXRobQo=','5a0e6dfb444fb1c76bad8fcd09031ba5d2b4493f; 5a0e6dfb444fb1c76bad8fcd09031ba5d2b4493f; 5a0e6dfb444fb1c76bad8fcd09031ba5d2b4493f; 5a0e6dfb444fb1c76bad8fcd09031ba5d2b4493f; 5a0e6dfb444fb1c76bad8fcd09031ba5d2b4493f; 5a0e6dfb444fb1c76bad8fcd09031ba5d2b4493f; 5a0e6dfb444fb1c76bad8fcd09031ba5d2b4493f; 5a0e6dfb444fb1c76bad8fcd09031ba5d2b4493f; 5a0e6dfb444fb1c76bad8fcd09031ba5d2b4493f; 5a0e6dfb444fb1c76bad8fcd09031ba5d2b4493f; 5a0e6dfb444fb1c76bad8fcd09031ba5d2b4493f; 5a0e6dfb444fb1c76bad8fcd09031ba5d2b4493f; 5a0e6dfb444fb1c76bad8fcd09031ba5d2b4493f; 5a0e6dfb444fb1c76bad8fcd09031ba5d2b4493f; 5a0e6dfb444fb1c76bad8fcd09031ba5d2b4493f; 5a0e6dfb444fb1c76bad8fcd09031ba5d2b4493f; 5a0e6dfb444fb1c76bad8fcd09031ba5d2b4493f; 5a0e6dfb444fb1c76bad8fcd09031ba5d2b4493f; 5a0e6dfb444fb1c76bad8fcd09031ba5d2b4493f; 5a0e6dfb444fb1c76bad8fcd09031ba5d2b4493f; 5a0e6dfb444fb1c76bad8fcd09031ba5d2b4493f; 5a0e6dfb444fb1c76bad8fcd09031ba5d2b4493f; 5a0e6dfb444fb1c76bad8fcd09031ba5d2b4493f; 5a0e6dfb444fb1c76bad8fcd09031ba5d2b4493f; 5a0e6dfb444fb1c76bad8fcd09031ba5d2b4493f; 5a0e6dfb444fb1c76bad8fcd09031ba5d2b4493f; 5a0e6dfb444fb1c76bad8fcd09031ba5d2b4493f; 5a0e6dfb444fb1c76bad8fcd09031ba5d2b4493f; 5a0e6dfb444fb1c76bad8fcd09031ba5d2b4493f; 5a0e6dfb444fb1c76bad8fcd09031ba5d2b4493f; 5a0e6dfb444fb1c76bad8fcd09031ba5d2b4493f; 5a0e6dfb444fb1c76bad8fcd09031ba5d2b4493f; 5a0e6dfb444fb1c76bad8fcd09031ba5d2b4493f; 5a0e6dfb444fb1c76bad8fcd09031ba5d2b4493f; 5a0e6dfb444fb1c76bad8fcd09031ba5d2b4493f; 5a0e6dfb444fb1c76bad8fcd09031ba5d2b4493f; 5a0e6dfb444fb1c76bad8fcd09031ba5d2b4493f; 5a0e6dfb444fb1c76bad8fcd09031ba5d2b4493f; 5a0e6dfb444fb1c76bad8fcd09031ba5d2b4493f; 5a0e6dfb444fb1c76bad8fcd09031ba5d2b4493f; 5a0e6dfb444fb1c76bad8fcd09031ba5d2b4493f; 5a0e6dfb444fb1c76bad8fcd09031ba5d2b4493f; 5a0e6dfb444fb1c76bad8fcd09031ba5d2b4493f; 5a0e6dfb444fb1c76bad8fcd09031ba5d2b4493f; 5a0e6dfb444fb1c76bad8fcd09031ba5d2b4493f; 5a0e6dfb444fb1c76bad8fcd09031ba5d2b4493f; 5a0e6dfb444fb1c76bad8fcd09031ba5d2b4493f; 5a0e6dfb444fb1c76bad8fcd09031ba5d2b4493f; 5a0e6dfb444fb1c76bad8fcd09031ba5d2b4493f; 5a0e6dfb444fb1c76bad8fcd09031ba5d2b4493f; 5a0e6dfb444fb1c76bad8fcd09031ba5d2b4493f; 5a0e6dfb444fb1c76bad8fcd09031ba5d2b4493f; 5a0e6dfb444fb1c76bad8fcd09031ba5d2b4493f; 5a0e6dfb444fb1c76bad8fcd09031ba5d2b4493f; 5a0e6dfb444fb1c76bad8fcd09031ba5d2b4493f; 5a0e6dfb444fb1c76bad8fcd09031ba5d2b4493f; 5a0e6dfb444fb1c76bad8fcd09031ba5d2b4493f; 5a0e6dfb444fb1c76bad8fcd09031ba5d2b4493f; 5a0e6dfb444fb1c76bad8fcd09031ba5d2b4493f; 5a0e6dfb444fb1c76bad8fcd09031ba5d2b4493f; 5a0e6dfb444fb1c76bad8fcd09031ba5d2b4493f; 5a0e6dfb444fb1c76bad8fcd09031ba5d2b4493f; 5a0e6dfb444fb1c76bad8fcd09031ba5d2b4493f; 5a0e6dfb444fb1c76bad8fcd09031ba5d2b4493f; 5a0e6dfb444fb1c76bad8fcd09031ba5d2b4493f; 5a0e6dfb444fb1c76bad8fcd09031ba5d2b4493f; 5a0e6dfb444fb1c76bad8fcd09031ba5d2b4493f; 5a0e6dfb444fb1c76bad8fcd09031ba5d2b4493f; 5a0e6dfb444fb1c76bad8fcd09031ba5d2b4493f; 5a0e6dfb444fb1c76bad8fcd09031ba5d2b4493f; 5a0e6dfb444fb1c76bad8fcd09031ba5d2b4493f; 5a0e6dfb444fb1c76bad8fcd09031ba5d2b4493f; 5a0e6dfb444fb1c76bad8fcd09031ba5d2b4493f; 5a0e6dfb444fb1c76bad8fcd09031ba5d2b4493f; 5a0e6dfb444fb1c76bad8fcd09031ba5d2b4493f; 5a0e6dfb444fb1c76bad8fcd09031ba5d2b4493f; 5a0e6dfb444fb1c76bad8fcd09031ba5d2b4493f; 5a0e6dfb444fb1c76bad8fcd09031ba5d2b4493f; 5a0e6dfb444fb1c76bad8fcd09031ba5d2b4493f; 5a0e6dfb444fb1c76bad8fcd09031ba5d2b4493f; 5a0e6dfb444fb1c76bad8fcd09031ba5d2b4493f; 5a0e6dfb444fb1c76bad8fcd09031ba5d2b4493f; 5a0e6dfb444fb1c76bad8fcd09031ba5d2b4493f; 5a0e6dfb444fb1c76bad8fcd09031ba5d2b4493f; 5a0e6dfb444fb1c76bad8fcd09031ba5d2b4493f; 5a0e6dfb444fb1c76bad8fcd09031ba5d2b4493f; 5a0e6dfb444fb1c76bad8fcd09031ba5d2b4493f; 5a0e6dfb444fb1c76bad8fcd09031ba5d2b4493f; 5a0e6dfb444fb1c76bad8fcd09031ba5d2b4493f; 5a0e6dfb444fb1c76bad8fcd09031ba5d2b4493f; 5a0e6dfb444fb1c76bad8fcd09031ba5d2b4493f; 5a0e6dfb444fb1c76bad8fcd09031ba5d2b4493f; 5a0e6dfb444fb1c76bad8fcd09031ba5d2b4493f; 5a0e6dfb444fb1c76bad8fcd09031ba5d2b4493f; 5a0e6dfb444fb1c76bad8fcd09031ba5d2b4493f; 5a0e6dfb444fb1c76bad8fcd09031ba5d2b4493f; 5a0e6dfb444fb1c76bad8fcd09031ba5d2b4493f; 5a0e6dfb444fb1c76bad8fcd09031ba5d2b4493f; 5a0e6dfb444fb1c76bad8fcd09031ba5d2b4493f; 5a0e6dfb444fb1c76bad8fcd09031ba5d2b4493f; 5a0e6dfb444fb1c76bad8fcd09031ba5d2b4493f; 5a0e6dfb444fb1c76bad8fcd09031ba5d2b4493f; 5a0e6dfb444fb1c76bad8fcd09031ba5d2b4493f; 5a0e6dfb444fb1c76bad8fcd09031ba5d2b4493f; 5a0e6dfb444fb1c76bad8fcd09031ba5d2b4493f; ','added c files in algorithm; ','ZGlmZiAtLWdpdCBhL2lucHV0L2FsZ29yaXRobXMvbm90ZXBhZF9yZXMuaCBiL2lucHV0L2FsZ29yaXRobXMvbm90ZXBhZF9yZXMuaApuZXcgZmlsZSBtb2RlIDEwMDY0NAppbmRleCAwMDAwMDAwLi41ZmEyZWEyCi0tLSAvZGV2L251bGwKKysrIGIvaW5wdXQvYWxnb3JpdGhtcy9ub3RlcGFkX3Jlcy5oCkBAIC0wLDAgKzEsMTA1IEBACisvKgorICogIENvbnN0YW50cywgdXNlZCBpbiByZXNvdXJjZXMuCisgKgorICogIENvcHlyaWdodCAyMDAyIFN5bHZhaW4gUGV0cmVvbGxlIDxzcGV0cmVvbGxlQHlhaG9vLmZyPgorICogIENvcHlyaWdodCAyMDAyIEFuZHJpeSBQYWxhbWFyY2h1aworICoKKyAqIFRoaXMgbGlicmFyeSBpcyBmcmVlIHNvZnR3YXJlOyB5b3UgY2FuIHJlZGlzdHJpYnV0ZSBpdCBhbmQvb3IKKyAqIG1vZGlmeSBpdCB1bmRlciB0aGUgdGVybXMgb2YgdGhlIEdOVSBMZXNzZXIgR2VuZXJhbCBQdWJsaWMKKyAqIExpY2Vuc2UgYXMgcHVibGlzaGVkIGJ5IHRoZSBGcmVlIFNvZnR3YXJlIEZvdW5kYXRpb247IGVpdGhlcgorICogdmVyc2lvbiAyLjEgb2YgdGhlIExpY2Vuc2UsIG9yIChhdCB5b3VyIG9wdGlvbikgYW55IGxhdGVyIHZlcnNpb24uCisgKgorICogVGhpcyBsaWJyYXJ5IGlzIGRpc3RyaWJ1dGVkIGluIHRoZSBob3BlIHRoYXQgaXQgd2lsbCBiZSB1c2VmdWwsCisgKiBidXQgV0lUSE9VVCBBTlkgV0FSUkFOVFk7IHdpdGhvdXQgZXZlbiB0aGUgaW1wbGllZCB3YXJyYW50eSBvZgorICogTUVSQ0hBTlRBQklMSVRZIG9yIEZJVE5FU1MgRk9SIEEgUEFSVElDVUxBUiBQVVJQT1NFLiAgU2VlIHRoZSBHTlUKKyAqIExlc3NlciBHZW5lcmFsIFB1YmxpYyBMaWNlbnNlIGZvciBtb3JlIGRldGFpbHMuCisgKgorICogWW91IHNob3VsZCBoYXZlIHJlY2VpdmVkIGEgY29weSBvZiB0aGUgR05VIExlc3NlciBHZW5lcmFsIFB1YmxpYworICogTGljZW5zZSBhbG9uZyB3aXRoIHRoaXMgbGlicmFyeTsgaWYgbm90LCB3cml0ZSB0byB0aGUgRnJlZSBTb2Z0d2FyZQorICogRm91bmRhdGlvbiwgSW5jLiwgNTEgRnJhbmtsaW4gU3RyZWV0LCBGaWZ0aCBGbG9vciwgQm9zdG9uLCBNQSAgMDIxMTAtMTMwMSAgVVNBCisgKi8KKworI3ByYWdtYSBvbmNlCisKKyNkZWZpbmUgTUFJTl9NRU5VICAgICAgICAweDIwMQorI2RlZmluZSBESUFMT0dfUEFHRVNFVFVQIDB4MjAyCisjZGVmaW5lIElEX0FDQ0VMICAgICAgICAgMHgyMDMKKyNkZWZpbmUgRElBTE9HX0VOQ09ESU5HICAweDIwNAorI2RlZmluZSBJRF9FTkNPRElORyAgICAgIDB4MjA1CisjZGVmaW5lIElEX0VPTE4gICAgICAgICAgMHgyMDYKKyNkZWZpbmUgRElBTE9HX0dPVE8gICAgICAweDIwNworI2RlZmluZSBJRF9MSU5FTlVNQkVSICAgIDB4MjA4CisjZGVmaW5lIElESV9OUElDT04gICAgICAgMHgyMDkKKyNkZWZpbmUgSUREX0FCT1VUQk9YICAgICAweDIwQQorI2RlZmluZSBJRENfTElDRU5TRSAgICAgIDB4MjBCCisKKy8qIENvbW1hbmRzICovCisjZGVmaW5lIENNRF9ORVcgICAgICAgIDB4MTAwCisjZGVmaW5lIENNRF9PUEVOICAgICAgIDB4MTAxCisjZGVmaW5lIENNRF9TQVZFICAgICAgIDB4MTAyCisjZGVmaW5lIENNRF9TQVZFX0FTICAgIDB4MTAzCisjZGVmaW5lIENNRF9QUklOVCAgICAgIDB4MTA0CisjZGVmaW5lIENNRF9QQUdFX1NFVFVQIDB4MTA1CisjZGVmaW5lIENNRF9FWElUICAgICAgIDB4MTA4CisKKyNkZWZpbmUgQ01EX1VORE8gICAgICAgMHgxMTAKKyNkZWZpbmUgQ01EX0NVVCAgICAgICAgMHgxMTEKKyNkZWZpbmUgQ01EX0NPUFkgICAgICAgMHgxMTIKKyNkZWZpbmUgQ01EX1BBU1RFICAgICAgMHgxMTMKKyNkZWZpbmUgQ01EX0RFTEVURSAgICAgMHgxMTQKKyNkZWZpbmUgQ01EX1NFTEVDVF9BTEwgMHgxMTYKKyNkZWZpbmUgQ01EX1RJTUVfREFURSAgMHgxMTcKKworI2RlZmluZSBDTURfU0VBUkNIICAgICAgMHgxMjAKKyNkZWZpbmUgQ01EX1NFQVJDSF9ORVhUIDB4MTIxCisjZGVmaW5lIENNRF9SRVBMQUNFICAgICAweDEyMgorI2RlZmluZSBDTURfR09UTyAgICAgICAgMHgxMjMKKworI2RlZmluZSBDTURfV1JBUCAweDExOQorI2RlZmluZSBDTURfRk9OVCAweDE0MAorCisjZGVmaW5lIENNRF9TVEFUVVNCQVIgICAgICAgIDB4MTUwCisjZGVmaW5lIENNRF9TVEFUVVNCQVJfV05EX0lEIDB4MTUxCisKKyNkZWZpbmUgQ01EX0hFTFBfQ09OVEVOVFMgMHgxMzAKKyNkZWZpbmUgQ01EX0FCT1VUICAgICAgICAgMHgxMzUKKyNkZWZpbmUgQ01EX0hFTFBfQUJPVVRfTk9URVBBRCAgICAweDEzNworCisvKiBTdHJpbmdzICovCisjZGVmaW5lIFNUUklOR19QQUdFU0VUVVBfSEVBREVSVkFMVUUgMHgxNjAKKyNkZWZpbmUgU1RSSU5HX1BBR0VTRVRVUF9GT09URVJWQUxVRSAweDE2MQorI2RlZmluZSBTVFJJTkdfUEFHRVNFVFVQX0xFRlRWQUxVRSAgIDB4MTYyCisjZGVmaW5lIFNUUklOR19QQUdFU0VUVVBfUklHSFRWQUxVRSAgMHgxNjMKKyNkZWZpbmUgU1RSSU5HX1BBR0VTRVRVUF9UT1BWQUxVRSAgICAweDE2NAorI2RlZmluZSBTVFJJTkdfUEFHRVNFVFVQX0JPVFRPTVZBTFVFIDB4MTY1CisKKyNkZWZpbmUgU1RSSU5HX05PVEVQQUQgICAgICAgIDB4MTcwCisjZGVmaW5lIFNUUklOR19FUlJPUiAgICAgICAgICAweDE3MQorI2RlZmluZSBTVFJJTkdfV0FSTklORyAgICAgICAgMHgxNzIKKyNkZWZpbmUgU1RSSU5HX0lORk8gICAgICAgICAgIDB4MTczCisjZGVmaW5lIFNUUklOR19VTlRJVExFRCAgICAgICAweDE3NAorI2RlZmluZSBTVFJJTkdfQUxMX0ZJTEVTICAgICAgMHgxNzUKKyNkZWZpbmUgU1RSSU5HX1RFWFRfRklMRVNfVFhUIDB4MTc2CisjZGVmaW5lIFNUUklOR19UT09MQVJHRSAgICAgICAweDE3NworI2RlZmluZSBTVFJJTkdfTk9URVhUICAgICAgICAgMHgxNzgKKyNkZWZpbmUgU1RSSU5HX0RPRVNOT1RFWElTVCAgIDB4MTc5CisjZGVmaW5lIFNUUklOR19OT1RTQVZFRCAgICAgICAweDE3QQorCisjZGVmaW5lIFNUUklOR19OT1RGT1VORCAgICAgIDB4MTdCCisjZGVmaW5lIFNUUklOR19PVVRfT0ZfTUVNT1JZIDB4MTdDCisjZGVmaW5lIFNUUklOR19DQU5OT1RGSU5EICAgIDB4MTdECisKKyNkZWZpbmUgU1RSSU5HX0FOU0kgICAgICAgMHgxN0UKKyNkZWZpbmUgU1RSSU5HX1VOSUNPREUgICAgMHgxN0YKKyNkZWZpbmUgU1RSSU5HX1VOSUNPREVfQkUgMHgxODAKKyNkZWZpbmUgU1RSSU5HX1VURjggICAgICAgMHgxODEKKworI2RlZmluZSBTVFJJTkdfQ1JMRiAweDE4MgorI2RlZmluZSBTVFJJTkdfTEYgICAweDE4MworI2RlZmluZSBTVFJJTkdfQ1IgICAweDE4NAorCisjZGVmaW5lIFNUUklOR19MSUNFTlNFICAgICAweDE4NQorI2RlZmluZSBTVFJJTkdfTElORV9DT0xVTU4gMHgxODYKKyNkZWZpbmUgU1RSSU5HX1BSSU5URVJST1IgIDB4MTg3CisKKyNkZWZpbmUgU1RSSU5HX1RFWFRfRE9DVU1FTlQgIDB4MjAwCg==',262,16,2,'NEW_ASSET_WITH_NO_VARIATIONPOINT');
INSERT IGNORE INTO developer_group (id_developer_group) VALUES 
(17);
INSERT IGNORE INTO developer_bridge (id_developer_group,id_developer) VALUES 
(17,1);
INSERT IGNORE INTO variation_point (idvariationpoint, expression, idcoreasset,id_feature_group) VALUES
(263,'No Expression',70,0);
INSERT IGNORE INTO customization_fact (idcustomization, lines_added,lines_deleted,custom_diff,commit_set,message_set,greater_diff,idvariationpoint,id_developer_group, idproductrelease, type) VALUES
(17,142,0,'ZGlmZiAtLWdpdCBhL2lucHV0L2FsZ29yaXRobXMvcnNyYy5yYyBiL2lucHV0L2FsZ29yaXRobXMvcnNyYy5yYwpuZXcgZmlsZSBtb2RlIDEwMDY0NAppbmRleCAwMDAwMDAwLi41MjQyMTZmCi0tLSAvZGV2L251bGwKQEAgLTAsMCArMSwxNDIgQEAgRXhwcmVzc2lvbjogTm8gRXhwcmVzc2lvbkNoYW5nZSBUeXBlOiBORVdfQVNTRVRfV0lUSF9OT19WQVJJQVRJT05QT0lOVAorLyovL0F1dGhvcmVkIGJ5OiBsZXRpbW9tZSBpbiBjb21taXQ6NWEwZTZkZmI0NDRmYjFjNzZiYWQ4ZmNkMDkwMzFiYTVkMmI0NDkzZiwgd2l0aCBtZXNzYWdlOmFkZGVkIGMgZmlsZXMgaW4gYWxnb3JpdGhtCisgKiAgQ29weXJpZ2h0IDE5OTcsOTggTWFyY2VsIEJhdXIgPG1iYXVyQGcyNi5ldGh6LmNoPi8vQXV0aG9yZWQgYnk6IGxldGltb21lIGluIGNvbW1pdDo1YTBlNmRmYjQ0NGZiMWM3NmJhZDhmY2QwOTAzMWJhNWQyYjQ0OTNmLCB3aXRoIG1lc3NhZ2U6YWRkZWQgYyBmaWxlcyBpbiBhbGdvcml0aG0KKyAqICBDb3B5cmlnaHQgMjAwMiBTeWx2YWluIFBldHJlb2xsZSA8c3BldHJlb2xsZUB5YWhvby5mcj4vL0F1dGhvcmVkIGJ5OiBsZXRpbW9tZSBpbiBjb21taXQ6NWEwZTZkZmI0NDRmYjFjNzZiYWQ4ZmNkMDkwMzFiYTVkMmI0NDkzZiwgd2l0aCBtZXNzYWdlOmFkZGVkIGMgZmlsZXMgaW4gYWxnb3JpdGhtCisgKi8vQXV0aG9yZWQgYnk6IGxldGltb21lIGluIGNvbW1pdDo1YTBlNmRmYjQ0NGZiMWM3NmJhZDhmY2QwOTAzMWJhNWQyYjQ0OTNmLCB3aXRoIG1lc3NhZ2U6YWRkZWQgYyBmaWxlcyBpbiBhbGdvcml0aG0KKyAqIFRoaXMgbGlicmFyeSBpcyBmcmVlIHNvZnR3YXJlOyB5b3UgY2FuIHJlZGlzdHJpYnV0ZSBpdCBhbmQvb3IvL0F1dGhvcmVkIGJ5OiBsZXRpbW9tZSBpbiBjb21taXQ6NWEwZTZkZmI0NDRmYjFjNzZiYWQ4ZmNkMDkwMzFiYTVkMmI0NDkzZiwgd2l0aCBtZXNzYWdlOmFkZGVkIGMgZmlsZXMgaW4gYWxnb3JpdGhtCisgKiBtb2RpZnkgaXQgdW5kZXIgdGhlIHRlcm1zIG9mIHRoZSBHTlUgTGVzc2VyIEdlbmVyYWwgUHVibGljLy9BdXRob3JlZCBieTogbGV0aW1vbWUgaW4gY29tbWl0OjVhMGU2ZGZiNDQ0ZmIxYzc2YmFkOGZjZDA5MDMxYmE1ZDJiNDQ5M2YsIHdpdGggbWVzc2FnZTphZGRlZCBjIGZpbGVzIGluIGFsZ29yaXRobQorICogTGljZW5zZSBhcyBwdWJsaXNoZWQgYnkgdGhlIEZyZWUgU29mdHdhcmUgRm91bmRhdGlvbjsgZWl0aGVyLy9BdXRob3JlZCBieTogbGV0aW1vbWUgaW4gY29tbWl0OjVhMGU2ZGZiNDQ0ZmIxYzc2YmFkOGZjZDA5MDMxYmE1ZDJiNDQ5M2YsIHdpdGggbWVzc2FnZTphZGRlZCBjIGZpbGVzIGluIGFsZ29yaXRobQorICogdmVyc2lvbiAyLjEgb2YgdGhlIExpY2Vuc2UsIG9yIChhdCB5b3VyIG9wdGlvbikgYW55IGxhdGVyIHZlcnNpb24uLy9BdXRob3JlZCBieTogbGV0aW1vbWUgaW4gY29tbWl0OjVhMGU2ZGZiNDQ0ZmIxYzc2YmFkOGZjZDA5MDMxYmE1ZDJiNDQ5M2YsIHdpdGggbWVzc2FnZTphZGRlZCBjIGZpbGVzIGluIGFsZ29yaXRobQorICovL0F1dGhvcmVkIGJ5OiBsZXRpbW9tZSBpbiBjb21taXQ6NWEwZTZkZmI0NDRmYjFjNzZiYWQ4ZmNkMDkwMzFiYTVkMmI0NDkzZiwgd2l0aCBtZXNzYWdlOmFkZGVkIGMgZmlsZXMgaW4gYWxnb3JpdGhtCisgKiBUaGlzIGxpYnJhcnkgaXMgZGlzdHJpYnV0ZWQgaW4gdGhlIGhvcGUgdGhhdCBpdCB3aWxsIGJlIHVzZWZ1bCwvL0F1dGhvcmVkIGJ5OiBsZXRpbW9tZSBpbiBjb21taXQ6NWEwZTZkZmI0NDRmYjFjNzZiYWQ4ZmNkMDkwMzFiYTVkMmI0NDkzZiwgd2l0aCBtZXNzYWdlOmFkZGVkIGMgZmlsZXMgaW4gYWxnb3JpdGhtCisgKiBidXQgV0lUSE9VVCBBTlkgV0FSUkFOVFk7IHdpdGhvdXQgZXZlbiB0aGUgaW1wbGllZCB3YXJyYW50eSBvZi8vQXV0aG9yZWQgYnk6IGxldGltb21lIGluIGNvbW1pdDo1YTBlNmRmYjQ0NGZiMWM3NmJhZDhmY2QwOTAzMWJhNWQyYjQ0OTNmLCB3aXRoIG1lc3NhZ2U6YWRkZWQgYyBmaWxlcyBpbiBhbGdvcml0aG0KKyAqIE1FUkNIQU5UQUJJTElUWSBvciBGSVRORVNTIEZPUiBBIFBBUlRJQ1VMQVIgUFVSUE9TRS4gIFNlZSB0aGUgR05VLy9BdXRob3JlZCBieTogbGV0aW1vbWUgaW4gY29tbWl0OjVhMGU2ZGZiNDQ0ZmIxYzc2YmFkOGZjZDA5MDMxYmE1ZDJiNDQ5M2YsIHdpdGggbWVzc2FnZTphZGRlZCBjIGZpbGVzIGluIGFsZ29yaXRobQorICogTGVzc2VyIEdlbmVyYWwgUHVibGljIExpY2Vuc2UgZm9yIG1vcmUgZGV0YWlscy4vL0F1dGhvcmVkIGJ5OiBsZXRpbW9tZSBpbiBjb21taXQ6NWEwZTZkZmI0NDRmYjFjNzZiYWQ4ZmNkMDkwMzFiYTVkMmI0NDkzZiwgd2l0aCBtZXNzYWdlOmFkZGVkIGMgZmlsZXMgaW4gYWxnb3JpdGhtCisgKi8vQXV0aG9yZWQgYnk6IGxldGltb21lIGluIGNvbW1pdDo1YTBlNmRmYjQ0NGZiMWM3NmJhZDhmY2QwOTAzMWJhNWQyYjQ0OTNmLCB3aXRoIG1lc3NhZ2U6YWRkZWQgYyBmaWxlcyBpbiBhbGdvcml0aG0KKyAqIFlvdSBzaG91bGQgaGF2ZSByZWNlaXZlZCBhIGNvcHkgb2YgdGhlIEdOVSBMZXNzZXIgR2VuZXJhbCBQdWJsaWMvL0F1dGhvcmVkIGJ5OiBsZXRpbW9tZSBpbiBjb21taXQ6NWEwZTZkZmI0NDRmYjFjNzZiYWQ4ZmNkMDkwMzFiYTVkMmI0NDkzZiwgd2l0aCBtZXNzYWdlOmFkZGVkIGMgZmlsZXMgaW4gYWxnb3JpdGhtCisgKiBMaWNlbnNlIGFsb25nIHdpdGggdGhpcyBsaWJyYXJ5OyBpZiBub3QsIHdyaXRlIHRvIHRoZSBGcmVlIFNvZnR3YXJlLy9BdXRob3JlZCBieTogbGV0aW1vbWUgaW4gY29tbWl0OjVhMGU2ZGZiNDQ0ZmIxYzc2YmFkOGZjZDA5MDMxYmE1ZDJiNDQ5M2YsIHdpdGggbWVzc2FnZTphZGRlZCBjIGZpbGVzIGluIGFsZ29yaXRobQorICogRm91bmRhdGlvbiwgSW5jLiwgNTEgRnJhbmtsaW4gU3RyZWV0LCBGaWZ0aCBGbG9vciwgQm9zdG9uLCBNQSAgMDIxMTAtMTMwMSAgVVNBLy9BdXRob3JlZCBieTogbGV0aW1vbWUgaW4gY29tbWl0OjVhMGU2ZGZiNDQ0ZmIxYzc2YmFkOGZjZDA5MDMxYmE1ZDJiNDQ5M2YsIHdpdGggbWVzc2FnZTphZGRlZCBjIGZpbGVzIGluIGFsZ29yaXRobQorICovLy9BdXRob3JlZCBieTogbGV0aW1vbWUgaW4gY29tbWl0OjVhMGU2ZGZiNDQ0ZmIxYzc2YmFkOGZjZDA5MDMxYmE1ZDJiNDQ5M2YsIHdpdGggbWVzc2FnZTphZGRlZCBjIGZpbGVzIGluIGFsZ29yaXRobQorLy9BdXRob3JlZCBieTogbGV0aW1vbWUgaW4gY29tbWl0OjVhMGU2ZGZiNDQ0ZmIxYzc2YmFkOGZjZDA5MDMxYmE1ZDJiNDQ5M2YsIHdpdGggbWVzc2FnZTphZGRlZCBjIGZpbGVzIGluIGFsZ29yaXRobQorI2luY2x1ZGUgPHdpbmRlZi5oPi8vQXV0aG9yZWQgYnk6IGxldGltb21lIGluIGNvbW1pdDo1YTBlNmRmYjQ0NGZiMWM3NmJhZDhmY2QwOTAzMWJhNWQyYjQ0OTNmLCB3aXRoIG1lc3NhZ2U6YWRkZWQgYyBmaWxlcyBpbiBhbGdvcml0aG0KKyNpbmNsdWRlIDx3aW51c2VyLmg+Ly9BdXRob3JlZCBieTogbGV0aW1vbWUgaW4gY29tbWl0OjVhMGU2ZGZiNDQ0ZmIxYzc2YmFkOGZjZDA5MDMxYmE1ZDJiNDQ5M2YsIHdpdGggbWVzc2FnZTphZGRlZCBjIGZpbGVzIGluIGFsZ29yaXRobQorI2luY2x1ZGUgPGRsZ3MuaD4vL0F1dGhvcmVkIGJ5OiBsZXRpbW9tZSBpbiBjb21taXQ6NWEwZTZkZmI0NDRmYjFjNzZiYWQ4ZmNkMDkwMzFiYTVkMmI0NDkzZiwgd2l0aCBtZXNzYWdlOmFkZGVkIGMgZmlsZXMgaW4gYWxnb3JpdGhtCisvL0F1dGhvcmVkIGJ5OiBsZXRpbW9tZSBpbiBjb21taXQ6NWEwZTZkZmI0NDRmYjFjNzZiYWQ4ZmNkMDkwMzFiYTVkMmI0NDkzZiwgd2l0aCBtZXNzYWdlOmFkZGVkIGMgZmlsZXMgaW4gYWxnb3JpdGhtCisjaW5jbHVkZSAibm90ZXBhZF9yZXMuaCIvL0F1dGhvcmVkIGJ5OiBsZXRpbW9tZSBpbiBjb21taXQ6NWEwZTZkZmI0NDRmYjFjNzZiYWQ4ZmNkMDkwMzFiYTVkMmI0NDkzZiwgd2l0aCBtZXNzYWdlOmFkZGVkIGMgZmlsZXMgaW4gYWxnb3JpdGhtCisvL0F1dGhvcmVkIGJ5OiBsZXRpbW9tZSBpbiBjb21taXQ6NWEwZTZkZmI0NDRmYjFjNzZiYWQ4ZmNkMDkwMzFiYTVkMmI0NDkzZiwgd2l0aCBtZXNzYWdlOmFkZGVkIGMgZmlsZXMgaW4gYWxnb3JpdGhtCisjZGVmaW5lIFJFQUNUT1NfU1RSX0ZJTEVfREVTQ1JJUFRJT04gICJSZWFjdE9TIE5vdGVwYWQiLy9BdXRob3JlZCBieTogbGV0aW1vbWUgaW4gY29tbWl0OjVhMGU2ZGZiNDQ0ZmIxYzc2YmFkOGZjZDA5MDMxYmE1ZDJiNDQ5M2YsIHdpdGggbWVzc2FnZTphZGRlZCBjIGZpbGVzIGluIGFsZ29yaXRobQorI2RlZmluZSBSRUFDVE9TX1NUUl9JTlRFUk5BTF9OQU1FICAgICAibm90ZXBhZCIvL0F1dGhvcmVkIGJ5OiBsZXRpbW9tZSBpbiBjb21taXQ6NWEwZTZkZmI0NDRmYjFjNzZiYWQ4ZmNkMDkwMzFiYTVkMmI0NDkzZiwgd2l0aCBtZXNzYWdlOmFkZGVkIGMgZmlsZXMgaW4gYWxnb3JpdGhtCisjZGVmaW5lIFJFQUNUT1NfU1RSX09SSUdJTkFMX0ZJTEVOQU1FICJub3RlcGFkLmV4ZSIvL0F1dGhvcmVkIGJ5OiBsZXRpbW9tZSBpbiBjb21taXQ6NWEwZTZkZmI0NDRmYjFjNzZiYWQ4ZmNkMDkwMzFiYTVkMmI0NDkzZiwgd2l0aCBtZXNzYWdlOmFkZGVkIGMgZmlsZXMgaW4gYWxnb3JpdGhtCisjaW5jbHVkZSA8cmVhY3Rvcy92ZXJzaW9uLnJjPi8vQXV0aG9yZWQgYnk6IGxldGltb21lIGluIGNvbW1pdDo1YTBlNmRmYjQ0NGZiMWM3NmJhZDhmY2QwOTAzMWJhNWQyYjQ0OTNmLCB3aXRoIG1lc3NhZ2U6YWRkZWQgYyBmaWxlcyBpbiBhbGdvcml0aG0KKy8vQXV0aG9yZWQgYnk6IGxldGltb21lIGluIGNvbW1pdDo1YTBlNmRmYjQ0NGZiMWM3NmJhZDhmY2QwOTAzMWJhNWQyYjQ0OTNmLCB3aXRoIG1lc3NhZ2U6YWRkZWQgYyBmaWxlcyBpbiBhbGdvcml0aG0KK0lESV9OUElDT04gSUNPTiAicmVzL25vdGVwYWQuaWNvIi8vQXV0aG9yZWQgYnk6IGxldGltb21lIGluIGNvbW1pdDo1YTBlNmRmYjQ0NGZiMWM3NmJhZDhmY2QwOTAzMWJhNWQyYjQ0OTNmLCB3aXRoIG1lc3NhZ2U6YWRkZWQgYyBmaWxlcyBpbiBhbGdvcml0aG0KKy8vQXV0aG9yZWQgYnk6IGxldGltb21lIGluIGNvbW1pdDo1YTBlNmRmYjQ0NGZiMWM3NmJhZDhmY2QwOTAzMWJhNWQyYjQ0OTNmLCB3aXRoIG1lc3NhZ2U6YWRkZWQgYyBmaWxlcyBpbiBhbGdvcml0aG0KKyNpbmNsdWRlIDxyZWFjdG9zL21hbmlmZXN0X2V4ZS5yYz4vL0F1dGhvcmVkIGJ5OiBsZXRpbW9tZSBpbiBjb21taXQ6NWEwZTZkZmI0NDRmYjFjNzZiYWQ4ZmNkMDkwMzFiYTVkMmI0NDkzZiwgd2l0aCBtZXNzYWdlOmFkZGVkIGMgZmlsZXMgaW4gYWxnb3JpdGhtCisvL0F1dGhvcmVkIGJ5OiBsZXRpbW9tZSBpbiBjb21taXQ6NWEwZTZkZmI0NDRmYjFjNzZiYWQ4ZmNkMDkwMzFiYTVkMmI0NDkzZiwgd2l0aCBtZXNzYWdlOmFkZGVkIGMgZmlsZXMgaW4gYWxnb3JpdGhtCisvKiBVVEYtOCAqLy8vQXV0aG9yZWQgYnk6IGxldGltb21lIGluIGNvbW1pdDo1YTBlNmRmYjQ0NGZiMWM3NmJhZDhmY2QwOTAzMWJhNWQyYjQ0OTNmLCB3aXRoIG1lc3NhZ2U6YWRkZWQgYyBmaWxlcyBpbiBhbGdvcml0aG0KKyNwcmFnbWEgY29kZV9wYWdlKDY1MDAxKS8vQXV0aG9yZWQgYnk6IGxldGltb21lIGluIGNvbW1pdDo1YTBlNmRmYjQ0NGZiMWM3NmJhZDhmY2QwOTAzMWJhNWQyYjQ0OTNmLCB3aXRoIG1lc3NhZ2U6YWRkZWQgYyBmaWxlcyBpbiBhbGdvcml0aG0KKy8vQXV0aG9yZWQgYnk6IGxldGltb21lIGluIGNvbW1pdDo1YTBlNmRmYjQ0NGZiMWM3NmJhZDhmY2QwOTAzMWJhNWQyYjQ0OTNmLCB3aXRoIG1lc3NhZ2U6YWRkZWQgYyBmaWxlcyBpbiBhbGdvcml0aG0KKyNpZmRlZiBMQU5HVUFHRV9CR19CRy8vQXV0aG9yZWQgYnk6IGxldGltb21lIGluIGNvbW1pdDo1YTBlNmRmYjQ0NGZiMWM3NmJhZDhmY2QwOTAzMWJhNWQyYjQ0OTNmLCB3aXRoIG1lc3NhZ2U6YWRkZWQgYyBmaWxlcyBpbiBhbGdvcml0aG0KKyAgICAjaW5jbHVkZSAibGFuZy9iZy1CRy5yYyIvL0F1dGhvcmVkIGJ5OiBsZXRpbW9tZSBpbiBjb21taXQ6NWEwZTZkZmI0NDRmYjFjNzZiYWQ4ZmNkMDkwMzFiYTVkMmI0NDkzZiwgd2l0aCBtZXNzYWdlOmFkZGVkIGMgZmlsZXMgaW4gYWxnb3JpdGhtCisjZW5kaWYvL0F1dGhvcmVkIGJ5OiBsZXRpbW9tZSBpbiBjb21taXQ6NWEwZTZkZmI0NDRmYjFjNzZiYWQ4ZmNkMDkwMzFiYTVkMmI0NDkzZiwgd2l0aCBtZXNzYWdlOmFkZGVkIGMgZmlsZXMgaW4gYWxnb3JpdGhtCisjaWZkZWYgTEFOR1VBR0VfQ1NfQ1ovL0F1dGhvcmVkIGJ5OiBsZXRpbW9tZSBpbiBjb21taXQ6NWEwZTZkZmI0NDRmYjFjNzZiYWQ4ZmNkMDkwMzFiYTVkMmI0NDkzZiwgd2l0aCBtZXNzYWdlOmFkZGVkIGMgZmlsZXMgaW4gYWxnb3JpdGhtCisgICAgI2luY2x1ZGUgImxhbmcvY3MtQ1oucmMiLy9BdXRob3JlZCBieTogbGV0aW1vbWUgaW4gY29tbWl0OjVhMGU2ZGZiNDQ0ZmIxYzc2YmFkOGZjZDA5MDMxYmE1ZDJiNDQ5M2YsIHdpdGggbWVzc2FnZTphZGRlZCBjIGZpbGVzIGluIGFsZ29yaXRobQorI2VuZGlmLy9BdXRob3JlZCBieTogbGV0aW1vbWUgaW4gY29tbWl0OjVhMGU2ZGZiNDQ0ZmIxYzc2YmFkOGZjZDA5MDMxYmE1ZDJiNDQ5M2YsIHdpdGggbWVzc2FnZTphZGRlZCBjIGZpbGVzIGluIGFsZ29yaXRobQorI2lmZGVmIExBTkdVQUdFX0RBX0RLLy9BdXRob3JlZCBieTogbGV0aW1vbWUgaW4gY29tbWl0OjVhMGU2ZGZiNDQ0ZmIxYzc2YmFkOGZjZDA5MDMxYmE1ZDJiNDQ5M2YsIHdpdGggbWVzc2FnZTphZGRlZCBjIGZpbGVzIGluIGFsZ29yaXRobQorICAgICNpbmNsdWRlICJsYW5nL2RhLURLLnJjIi8vQXV0aG9yZWQgYnk6IGxldGltb21lIGluIGNvbW1pdDo1YTBlNmRmYjQ0NGZiMWM3NmJhZDhmY2QwOTAzMWJhNWQyYjQ0OTNmLCB3aXRoIG1lc3NhZ2U6YWRkZWQgYyBmaWxlcyBpbiBhbGdvcml0aG0KKyNlbmRpZi8vQXV0aG9yZWQgYnk6IGxldGltb21lIGluIGNvbW1pdDo1YTBlNmRmYjQ0NGZiMWM3NmJhZDhmY2QwOTAzMWJhNWQyYjQ0OTNmLCB3aXRoIG1lc3NhZ2U6YWRkZWQgYyBmaWxlcyBpbiBhbGdvcml0aG0KKyNpZmRlZiBMQU5HVUFHRV9ERV9ERS8vQXV0aG9yZWQgYnk6IGxldGltb21lIGluIGNvbW1pdDo1YTBlNmRmYjQ0NGZiMWM3NmJhZDhmY2QwOTAzMWJhNWQyYjQ0OTNmLCB3aXRoIG1lc3NhZ2U6YWRkZWQgYyBmaWxlcyBpbiBhbGdvcml0aG0KKyAgICAjaW5jbHVkZSAibGFuZy9kZS1ERS5yYyIvL0F1dGhvcmVkIGJ5OiBsZXRpbW9tZSBpbiBjb21taXQ6NWEwZTZkZmI0NDRmYjFjNzZiYWQ4ZmNkMDkwMzFiYTVkMmI0NDkzZiwgd2l0aCBtZXNzYWdlOmFkZGVkIGMgZmlsZXMgaW4gYWxnb3JpdGhtCisjZW5kaWYvL0F1dGhvcmVkIGJ5OiBsZXRpbW9tZSBpbiBjb21taXQ6NWEwZTZkZmI0NDRmYjFjNzZiYWQ4ZmNkMDkwMzFiYTVkMmI0NDkzZiwgd2l0aCBtZXNzYWdlOmFkZGVkIGMgZmlsZXMgaW4gYWxnb3JpdGhtCisjaWZkZWYgTEFOR1VBR0VfRUxfR1IvL0F1dGhvcmVkIGJ5OiBsZXRpbW9tZSBpbiBjb21taXQ6NWEwZTZkZmI0NDRmYjFjNzZiYWQ4ZmNkMDkwMzFiYTVkMmI0NDkzZiwgd2l0aCBtZXNzYWdlOmFkZGVkIGMgZmlsZXMgaW4gYWxnb3JpdGhtCisgICAgI2luY2x1ZGUgImxhbmcvZWwtR1IucmMiLy9BdXRob3JlZCBieTogbGV0aW1vbWUgaW4gY29tbWl0OjVhMGU2ZGZiNDQ0ZmIxYzc2YmFkOGZjZDA5MDMxYmE1ZDJiNDQ5M2YsIHdpdGggbWVzc2FnZTphZGRlZCBjIGZpbGVzIGluIGFsZ29yaXRobQorI2VuZGlmLy9BdXRob3JlZCBieTogbGV0aW1vbWUgaW4gY29tbWl0OjVhMGU2ZGZiNDQ0ZmIxYzc2YmFkOGZjZDA5MDMxYmE1ZDJiNDQ5M2YsIHdpdGggbWVzc2FnZTphZGRlZCBjIGZpbGVzIGluIGFsZ29yaXRobQorI2lmZGVmIExBTkdVQUdFX0VOX1VTLy9BdXRob3JlZCBieTogbGV0aW1vbWUgaW4gY29tbWl0OjVhMGU2ZGZiNDQ0ZmIxYzc2YmFkOGZjZDA5MDMxYmE1ZDJiNDQ5M2YsIHdpdGggbWVzc2FnZTphZGRlZCBjIGZpbGVzIGluIGFsZ29yaXRobQorICAgICNpbmNsdWRlICJsYW5nL2VuLVVTLnJjIi8vQXV0aG9yZWQgYnk6IGxldGltb21lIGluIGNvbW1pdDo1YTBlNmRmYjQ0NGZiMWM3NmJhZDhmY2QwOTAzMWJhNWQyYjQ0OTNmLCB3aXRoIG1lc3NhZ2U6YWRkZWQgYyBmaWxlcyBpbiBhbGdvcml0aG0KKyNlbmRpZi8vQXV0aG9yZWQgYnk6IGxldGltb21lIGluIGNvbW1pdDo1YTBlNmRmYjQ0NGZiMWM3NmJhZDhmY2QwOTAzMWJhNWQyYjQ0OTNmLCB3aXRoIG1lc3NhZ2U6YWRkZWQgYyBmaWxlcyBpbiBhbGdvcml0aG0KKyNpZmRlZiBMQU5HVUFHRV9FU19FUy8vQXV0aG9yZWQgYnk6IGxldGltb21lIGluIGNvbW1pdDo1YTBlNmRmYjQ0NGZiMWM3NmJhZDhmY2QwOTAzMWJhNWQyYjQ0OTNmLCB3aXRoIG1lc3NhZ2U6YWRkZWQgYyBmaWxlcyBpbiBhbGdvcml0aG0KKyAgICAjaW5jbHVkZSAibGFuZy9lcy1FUy5yYyIvL0F1dGhvcmVkIGJ5OiBsZXRpbW9tZSBpbiBjb21taXQ6NWEwZTZkZmI0NDRmYjFjNzZiYWQ4ZmNkMDkwMzFiYTVkMmI0NDkzZiwgd2l0aCBtZXNzYWdlOmFkZGVkIGMgZmlsZXMgaW4gYWxnb3JpdGhtCisjZW5kaWYvL0F1dGhvcmVkIGJ5OiBsZXRpbW9tZSBpbiBjb21taXQ6NWEwZTZkZmI0NDRmYjFjNzZiYWQ4ZmNkMDkwMzFiYTVkMmI0NDkzZiwgd2l0aCBtZXNzYWdlOmFkZGVkIGMgZmlsZXMgaW4gYWxnb3JpdGhtCisjaWZkZWYgTEFOR1VBR0VfRVVfRVMvL0F1dGhvcmVkIGJ5OiBsZXRpbW9tZSBpbiBjb21taXQ6NWEwZTZkZmI0NDRmYjFjNzZiYWQ4ZmNkMDkwMzFiYTVkMmI0NDkzZiwgd2l0aCBtZXNzYWdlOmFkZGVkIGMgZmlsZXMgaW4gYWxnb3JpdGhtCisgICAgI2luY2x1ZGUgImxhbmcvZXUtRVMucmMiLy9BdXRob3JlZCBieTogbGV0aW1vbWUgaW4gY29tbWl0OjVhMGU2ZGZiNDQ0ZmIxYzc2YmFkOGZjZDA5MDMxYmE1ZDJiNDQ5M2YsIHdpdGggbWVzc2FnZTphZGRlZCBjIGZpbGVzIGluIGFsZ29yaXRobQorI2VuZGlmLy9BdXRob3JlZCBieTogbGV0aW1vbWUgaW4gY29tbWl0OjVhMGU2ZGZiNDQ0ZmIxYzc2YmFkOGZjZDA5MDMxYmE1ZDJiNDQ5M2YsIHdpdGggbWVzc2FnZTphZGRlZCBjIGZpbGVzIGluIGFsZ29yaXRobQorI2lmZGVmIExBTkdVQUdFX0ZJX0ZJLy9BdXRob3JlZCBieTogbGV0aW1vbWUgaW4gY29tbWl0OjVhMGU2ZGZiNDQ0ZmIxYzc2YmFkOGZjZDA5MDMxYmE1ZDJiNDQ5M2YsIHdpdGggbWVzc2FnZTphZGRlZCBjIGZpbGVzIGluIGFsZ29yaXRobQorICAgICNpbmNsdWRlICJsYW5nL2ZpLUZJLnJjIi8vQXV0aG9yZWQgYnk6IGxldGltb21lIGluIGNvbW1pdDo1YTBlNmRmYjQ0NGZiMWM3NmJhZDhmY2QwOTAzMWJhNWQyYjQ0OTNmLCB3aXRoIG1lc3NhZ2U6YWRkZWQgYyBmaWxlcyBpbiBhbGdvcml0aG0KKyNlbmRpZi8vQXV0aG9yZWQgYnk6IGxldGltb21lIGluIGNvbW1pdDo1YTBlNmRmYjQ0NGZiMWM3NmJhZDhmY2QwOTAzMWJhNWQyYjQ0OTNmLCB3aXRoIG1lc3NhZ2U6YWRkZWQgYyBmaWxlcyBpbiBhbGdvcml0aG0KKyNpZmRlZiBMQU5HVUFHRV9GUl9GUi8vQXV0aG9yZWQgYnk6IGxldGltb21lIGluIGNvbW1pdDo1YTBlNmRmYjQ0NGZiMWM3NmJhZDhmY2QwOTAzMWJhNWQyYjQ0OTNmLCB3aXRoIG1lc3NhZ2U6YWRkZWQgYyBmaWxlcyBpbiBhbGdvcml0aG0KKyAgICAjaW5jbHVkZSAibGFuZy9mci1GUi5yYyIvL0F1dGhvcmVkIGJ5OiBsZXRpbW9tZSBpbiBjb21taXQ6NWEwZTZkZmI0NDRmYjFjNzZiYWQ4ZmNkMDkwMzFiYTVkMmI0NDkzZiwgd2l0aCBtZXNzYWdlOmFkZGVkIGMgZmlsZXMgaW4gYWxnb3JpdGhtCisjZW5kaWYvL0F1dGhvcmVkIGJ5OiBsZXRpbW9tZSBpbiBjb21taXQ6NWEwZTZkZmI0NDRmYjFjNzZiYWQ4ZmNkMDkwMzFiYTVkMmI0NDkzZiwgd2l0aCBtZXNzYWdlOmFkZGVkIGMgZmlsZXMgaW4gYWxnb3JpdGhtCisjaWZkZWYgTEFOR1VBR0VfSEVfSUwvL0F1dGhvcmVkIGJ5OiBsZXRpbW9tZSBpbiBjb21taXQ6NWEwZTZkZmI0NDRmYjFjNzZiYWQ4ZmNkMDkwMzFiYTVkMmI0NDkzZiwgd2l0aCBtZXNzYWdlOmFkZGVkIGMgZmlsZXMgaW4gYWxnb3JpdGhtCisgICAgI2luY2x1ZGUgImxhbmcvaGUtSUwucmMiLy9BdXRob3JlZCBieTogbGV0aW1vbWUgaW4gY29tbWl0OjVhMGU2ZGZiNDQ0ZmIxYzc2YmFkOGZjZDA5MDMxYmE1ZDJiNDQ5M2YsIHdpdGggbWVzc2FnZTphZGRlZCBjIGZpbGVzIGluIGFsZ29yaXRobQorI2VuZGlmLy9BdXRob3JlZCBieTogbGV0aW1vbWUgaW4gY29tbWl0OjVhMGU2ZGZiNDQ0ZmIxYzc2YmFkOGZjZDA5MDMxYmE1ZDJiNDQ5M2YsIHdpdGggbWVzc2FnZTphZGRlZCBjIGZpbGVzIGluIGFsZ29yaXRobQorI2lmZGVmIExBTkdVQUdFX0hVX0hVLy9BdXRob3JlZCBieTogbGV0aW1vbWUgaW4gY29tbWl0OjVhMGU2ZGZiNDQ0ZmIxYzc2YmFkOGZjZDA5MDMxYmE1ZDJiNDQ5M2YsIHdpdGggbWVzc2FnZTphZGRlZCBjIGZpbGVzIGluIGFsZ29yaXRobQorICAgICNpbmNsdWRlICJsYW5nL2h1LUhVLnJjIi8vQXV0aG9yZWQgYnk6IGxldGltb21lIGluIGNvbW1pdDo1YTBlNmRmYjQ0NGZiMWM3NmJhZDhmY2QwOTAzMWJhNWQyYjQ0OTNmLCB3aXRoIG1lc3NhZ2U6YWRkZWQgYyBmaWxlcyBpbiBhbGdvcml0aG0KKyNlbmRpZi8vQXV0aG9yZWQgYnk6IGxldGltb21lIGluIGNvbW1pdDo1YTBlNmRmYjQ0NGZiMWM3NmJhZDhmY2QwOTAzMWJhNWQyYjQ0OTNmLCB3aXRoIG1lc3NhZ2U6YWRkZWQgYyBmaWxlcyBpbiBhbGdvcml0aG0KKyNpZmRlZiBMQU5HVUFHRV9IWV9BTS8vQXV0aG9yZWQgYnk6IGxldGltb21lIGluIGNvbW1pdDo1YTBlNmRmYjQ0NGZiMWM3NmJhZDhmY2QwOTAzMWJhNWQyYjQ0OTNmLCB3aXRoIG1lc3NhZ2U6YWRkZWQgYyBmaWxlcyBpbiBhbGdvcml0aG0KKyAgICAjaW5jbHVkZSAibGFuZy9oeS1BTS5yYyIvL0F1dGhvcmVkIGJ5OiBsZXRpbW9tZSBpbiBjb21taXQ6NWEwZTZkZmI0NDRmYjFjNzZiYWQ4ZmNkMDkwMzFiYTVkMmI0NDkzZiwgd2l0aCBtZXNzYWdlOmFkZGVkIGMgZmlsZXMgaW4gYWxnb3JpdGhtCisjZW5kaWYvL0F1dGhvcmVkIGJ5OiBsZXRpbW9tZSBpbiBjb21taXQ6NWEwZTZkZmI0NDRmYjFjNzZiYWQ4ZmNkMDkwMzFiYTVkMmI0NDkzZiwgd2l0aCBtZXNzYWdlOmFkZGVkIGMgZmlsZXMgaW4gYWxnb3JpdGhtCisjaWZkZWYgTEFOR1VBR0VfSURfSUQvL0F1dGhvcmVkIGJ5OiBsZXRpbW9tZSBpbiBjb21taXQ6NWEwZTZkZmI0NDRmYjFjNzZiYWQ4ZmNkMDkwMzFiYTVkMmI0NDkzZiwgd2l0aCBtZXNzYWdlOmFkZGVkIGMgZmlsZXMgaW4gYWxnb3JpdGhtCisgICAgI2luY2x1ZGUgImxhbmcvaWQtSUQucmMiLy9BdXRob3JlZCBieTogbGV0aW1vbWUgaW4gY29tbWl0OjVhMGU2ZGZiNDQ0ZmIxYzc2YmFkOGZjZDA5MDMxYmE1ZDJiNDQ5M2YsIHdpdGggbWVzc2FnZTphZGRlZCBjIGZpbGVzIGluIGFsZ29yaXRobQorI2VuZGlmLy9BdXRob3JlZCBieTogbGV0aW1vbWUgaW4gY29tbWl0OjVhMGU2ZGZiNDQ0ZmIxYzc2YmFkOGZjZDA5MDMxYmE1ZDJiNDQ5M2YsIHdpdGggbWVzc2FnZTphZGRlZCBjIGZpbGVzIGluIGFsZ29yaXRobQorI2lmZGVmIExBTkdVQUdFX0lUX0lULy9BdXRob3JlZCBieTogbGV0aW1vbWUgaW4gY29tbWl0OjVhMGU2ZGZiNDQ0ZmIxYzc2YmFkOGZjZDA5MDMxYmE1ZDJiNDQ5M2YsIHdpdGggbWVzc2FnZTphZGRlZCBjIGZpbGVzIGluIGFsZ29yaXRobQorICAgICNpbmNsdWRlICJsYW5nL2l0LUlULnJjIi8vQXV0aG9yZWQgYnk6IGxldGltb21lIGluIGNvbW1pdDo1YTBlNmRmYjQ0NGZiMWM3NmJhZDhmY2QwOTAzMWJhNWQyYjQ0OTNmLCB3aXRoIG1lc3NhZ2U6YWRkZWQgYyBmaWxlcyBpbiBhbGdvcml0aG0KKyNlbmRpZi8vQXV0aG9yZWQgYnk6IGxldGltb21lIGluIGNvbW1pdDo1YTBlNmRmYjQ0NGZiMWM3NmJhZDhmY2QwOTAzMWJhNWQyYjQ0OTNmLCB3aXRoIG1lc3NhZ2U6YWRkZWQgYyBmaWxlcyBpbiBhbGdvcml0aG0KKyNpZmRlZiBMQU5HVUFHRV9KQV9KUC8vQXV0aG9yZWQgYnk6IGxldGltb21lIGluIGNvbW1pdDo1YTBlNmRmYjQ0NGZiMWM3NmJhZDhmY2QwOTAzMWJhNWQyYjQ0OTNmLCB3aXRoIG1lc3NhZ2U6YWRkZWQgYyBmaWxlcyBpbiBhbGdvcml0aG0KKyAgICAjaW5jbHVkZSAibGFuZy9qYS1KUC5yYyIvL0F1dGhvcmVkIGJ5OiBsZXRpbW9tZSBpbiBjb21taXQ6NWEwZTZkZmI0NDRmYjFjNzZiYWQ4ZmNkMDkwMzFiYTVkMmI0NDkzZiwgd2l0aCBtZXNzYWdlOmFkZGVkIGMgZmlsZXMgaW4gYWxnb3JpdGhtCisjZW5kaWYvL0F1dGhvcmVkIGJ5OiBsZXRpbW9tZSBpbiBjb21taXQ6NWEwZTZkZmI0NDRmYjFjNzZiYWQ4ZmNkMDkwMzFiYTVkMmI0NDkzZiwgd2l0aCBtZXNzYWdlOmFkZGVkIGMgZmlsZXMgaW4gYWxnb3JpdGhtCisjaWZkZWYgTEFOR1VBR0VfTFRfTFQvL0F1dGhvcmVkIGJ5OiBsZXRpbW9tZSBpbiBjb21taXQ6NWEwZTZkZmI0NDRmYjFjNzZiYWQ4ZmNkMDkwMzFiYTVkMmI0NDkzZiwgd2l0aCBtZXNzYWdlOmFkZGVkIGMgZmlsZXMgaW4gYWxnb3JpdGhtCisgICAgI2luY2x1ZGUgImxhbmcvbHQtTFQucmMiLy9BdXRob3JlZCBieTogbGV0aW1vbWUgaW4gY29tbWl0OjVhMGU2ZGZiNDQ0ZmIxYzc2YmFkOGZjZDA5MDMxYmE1ZDJiNDQ5M2YsIHdpdGggbWVzc2FnZTphZGRlZCBjIGZpbGVzIGluIGFsZ29yaXRobQorI2VuZGlmLy9BdXRob3JlZCBieTogbGV0aW1vbWUgaW4gY29tbWl0OjVhMGU2ZGZiNDQ0ZmIxYzc2YmFkOGZjZDA5MDMxYmE1ZDJiNDQ5M2YsIHdpdGggbWVzc2FnZTphZGRlZCBjIGZpbGVzIGluIGFsZ29yaXRobQorI2lmZGVmIExBTkdVQUdFX01TX01ZLy9BdXRob3JlZCBieTogbGV0aW1vbWUgaW4gY29tbWl0OjVhMGU2ZGZiNDQ0ZmIxYzc2YmFkOGZjZDA5MDMxYmE1ZDJiNDQ5M2YsIHdpdGggbWVzc2FnZTphZGRlZCBjIGZpbGVzIGluIGFsZ29yaXRobQorICAgICNpbmNsdWRlICJsYW5nL21zLU1ZLnJjIi8vQXV0aG9yZWQgYnk6IGxldGltb21lIGluIGNvbW1pdDo1YTBlNmRmYjQ0NGZiMWM3NmJhZDhmY2QwOTAzMWJhNWQyYjQ0OTNmLCB3aXRoIG1lc3NhZ2U6YWRkZWQgYyBmaWxlcyBpbiBhbGdvcml0aG0KKyNlbmRpZi8vQXV0aG9yZWQgYnk6IGxldGltb21lIGluIGNvbW1pdDo1YTBlNmRmYjQ0NGZiMWM3NmJhZDhmY2QwOTAzMWJhNWQyYjQ0OTNmLCB3aXRoIG1lc3NhZ2U6YWRkZWQgYyBmaWxlcyBpbiBhbGdvcml0aG0KKyNpZmRlZiBMQU5HVUFHRV9OTF9OTC8vQXV0aG9yZWQgYnk6IGxldGltb21lIGluIGNvbW1pdDo1YTBlNmRmYjQ0NGZiMWM3NmJhZDhmY2QwOTAzMWJhNWQyYjQ0OTNmLCB3aXRoIG1lc3NhZ2U6YWRkZWQgYyBmaWxlcyBpbiBhbGdvcml0aG0KKyAgICAjaW5jbHVkZSAibGFuZy9ubC1OTC5yYyIvL0F1dGhvcmVkIGJ5OiBsZXRpbW9tZSBpbiBjb21taXQ6NWEwZTZkZmI0NDRmYjFjNzZiYWQ4ZmNkMDkwMzFiYTVkMmI0NDkzZiwgd2l0aCBtZXNzYWdlOmFkZGVkIGMgZmlsZXMgaW4gYWxnb3JpdGhtCisjZW5kaWYvL0F1dGhvcmVkIGJ5OiBsZXRpbW9tZSBpbiBjb21taXQ6NWEwZTZkZmI0NDRmYjFjNzZiYWQ4ZmNkMDkwMzFiYTVkMmI0NDkzZiwgd2l0aCBtZXNzYWdlOmFkZGVkIGMgZmlsZXMgaW4gYWxnb3JpdGhtCisjaWZkZWYgTEFOR1VBR0VfTkJfTk8vL0F1dGhvcmVkIGJ5OiBsZXRpbW9tZSBpbiBjb21taXQ6NWEwZTZkZmI0NDRmYjFjNzZiYWQ4ZmNkMDkwMzFiYTVkMmI0NDkzZiwgd2l0aCBtZXNzYWdlOmFkZGVkIGMgZmlsZXMgaW4gYWxnb3JpdGhtCisgICAgI2luY2x1ZGUgImxhbmcvbm8tTk8ucmMiLy9BdXRob3JlZCBieTogbGV0aW1vbWUgaW4gY29tbWl0OjVhMGU2ZGZiNDQ0ZmIxYzc2YmFkOGZjZDA5MDMxYmE1ZDJiNDQ5M2YsIHdpdGggbWVzc2FnZTphZGRlZCBjIGZpbGVzIGluIGFsZ29yaXRobQorI2VuZGlmLy9BdXRob3JlZCBieTogbGV0aW1vbWUgaW4gY29tbWl0OjVhMGU2ZGZiNDQ0ZmIxYzc2YmFkOGZjZDA5MDMxYmE1ZDJiNDQ5M2YsIHdpdGggbWVzc2FnZTphZGRlZCBjIGZpbGVzIGluIGFsZ29yaXRobQorI2lmZGVmIExBTkdVQUdFX1BMX1BMLy9BdXRob3JlZCBieTogbGV0aW1vbWUgaW4gY29tbWl0OjVhMGU2ZGZiNDQ0ZmIxYzc2YmFkOGZjZDA5MDMxYmE1ZDJiNDQ5M2YsIHdpdGggbWVzc2FnZTphZGRlZCBjIGZpbGVzIGluIGFsZ29yaXRobQorICAgICNpbmNsdWRlICJsYW5nL3BsLVBMLnJjIi8vQXV0aG9yZWQgYnk6IGxldGltb21lIGluIGNvbW1pdDo1YTBlNmRmYjQ0NGZiMWM3NmJhZDhmY2QwOTAzMWJhNWQyYjQ0OTNmLCB3aXRoIG1lc3NhZ2U6YWRkZWQgYyBmaWxlcyBpbiBhbGdvcml0aG0KKyNlbmRpZi8vQXV0aG9yZWQgYnk6IGxldGltb21lIGluIGNvbW1pdDo1YTBlNmRmYjQ0NGZiMWM3NmJhZDhmY2QwOTAzMWJhNWQyYjQ0OTNmLCB3aXRoIG1lc3NhZ2U6YWRkZWQgYyBmaWxlcyBpbiBhbGdvcml0aG0KKyNpZmRlZiBMQU5HVUFHRV9QVF9QVC8vQXV0aG9yZWQgYnk6IGxldGltb21lIGluIGNvbW1pdDo1YTBlNmRmYjQ0NGZiMWM3NmJhZDhmY2QwOTAzMWJhNWQyYjQ0OTNmLCB3aXRoIG1lc3NhZ2U6YWRkZWQgYyBmaWxlcyBpbiBhbGdvcml0aG0KKyAgICAjaW5jbHVkZSAibGFuZy9wdC1QVC5yYyIvL0F1dGhvcmVkIGJ5OiBsZXRpbW9tZSBpbiBjb21taXQ6NWEwZTZkZmI0NDRmYjFjNzZiYWQ4ZmNkMDkwMzFiYTVkMmI0NDkzZiwgd2l0aCBtZXNzYWdlOmFkZGVkIGMgZmlsZXMgaW4gYWxnb3JpdGhtCisjZW5kaWYvL0F1dGhvcmVkIGJ5OiBsZXRpbW9tZSBpbiBjb21taXQ6NWEwZTZkZmI0NDRmYjFjNzZiYWQ4ZmNkMDkwMzFiYTVkMmI0NDkzZiwgd2l0aCBtZXNzYWdlOmFkZGVkIGMgZmlsZXMgaW4gYWxnb3JpdGhtCisjaWZkZWYgTEFOR1VBR0VfUFRfUEIvL0F1dGhvcmVkIGJ5OiBsZXRpbW9tZSBpbiBjb21taXQ6NWEwZTZkZmI0NDRmYjFjNzZiYWQ4ZmNkMDkwMzFiYTVkMmI0NDkzZiwgd2l0aCBtZXNzYWdlOmFkZGVkIGMgZmlsZXMgaW4gYWxnb3JpdGhtCisgICAgI2luY2x1ZGUgImxhbmcvcHQtQlIucmMiLy9BdXRob3JlZCBieTogbGV0aW1vbWUgaW4gY29tbWl0OjVhMGU2ZGZiNDQ0ZmIxYzc2YmFkOGZjZDA5MDMxYmE1ZDJiNDQ5M2YsIHdpdGggbWVzc2FnZTphZGRlZCBjIGZpbGVzIGluIGFsZ29yaXRobQorI2VuZGlmLy9BdXRob3JlZCBieTogbGV0aW1vbWUgaW4gY29tbWl0OjVhMGU2ZGZiNDQ0ZmIxYzc2YmFkOGZjZDA5MDMxYmE1ZDJiNDQ5M2YsIHdpdGggbWVzc2FnZTphZGRlZCBjIGZpbGVzIGluIGFsZ29yaXRobQorI2lmZGVmIExBTkdVQUdFX1JPX1JPLy9BdXRob3JlZCBieTogbGV0aW1vbWUgaW4gY29tbWl0OjVhMGU2ZGZiNDQ0ZmIxYzc2YmFkOGZjZDA5MDMxYmE1ZDJiNDQ5M2YsIHdpdGggbWVzc2FnZTphZGRlZCBjIGZpbGVzIGluIGFsZ29yaXRobQorICAgICNpbmNsdWRlICJsYW5nL3JvLVJPLnJjIi8vQXV0aG9yZWQgYnk6IGxldGltb21lIGluIGNvbW1pdDo1YTBlNmRmYjQ0NGZiMWM3NmJhZDhmY2QwOTAzMWJhNWQyYjQ0OTNmLCB3aXRoIG1lc3NhZ2U6YWRkZWQgYyBmaWxlcyBpbiBhbGdvcml0aG0KKyNlbmRpZi8vQXV0aG9yZWQgYnk6IGxldGltb21lIGluIGNvbW1pdDo1YTBlNmRmYjQ0NGZiMWM3NmJhZDhmY2QwOTAzMWJhNWQyYjQ0OTNmLCB3aXRoIG1lc3NhZ2U6YWRkZWQgYyBmaWxlcyBpbiBhbGdvcml0aG0KKyNpZmRlZiBMQU5HVUFHRV9SVV9SVS8vQXV0aG9yZWQgYnk6IGxldGltb21lIGluIGNvbW1pdDo1YTBlNmRmYjQ0NGZiMWM3NmJhZDhmY2QwOTAzMWJhNWQyYjQ0OTNmLCB3aXRoIG1lc3NhZ2U6YWRkZWQgYyBmaWxlcyBpbiBhbGdvcml0aG0KKyAgICAjaW5jbHVkZSAibGFuZy9ydS1SVS5yYyIvL0F1dGhvcmVkIGJ5OiBsZXRpbW9tZSBpbiBjb21taXQ6NWEwZTZkZmI0NDRmYjFjNzZiYWQ4ZmNkMDkwMzFiYTVkMmI0NDkzZiwgd2l0aCBtZXNzYWdlOmFkZGVkIGMgZmlsZXMgaW4gYWxnb3JpdGhtCisjZW5kaWYvL0F1dGhvcmVkIGJ5OiBsZXRpbW9tZSBpbiBjb21taXQ6NWEwZTZkZmI0NDRmYjFjNzZiYWQ4ZmNkMDkwMzFiYTVkMmI0NDkzZiwgd2l0aCBtZXNzYWdlOmFkZGVkIGMgZmlsZXMgaW4gYWxnb3JpdGhtCisjaWZkZWYgTEFOR1VBR0VfVUtfVUEvL0F1dGhvcmVkIGJ5OiBsZXRpbW9tZSBpbiBjb21taXQ6NWEwZTZkZmI0NDRmYjFjNzZiYWQ4ZmNkMDkwMzFiYTVkMmI0NDkzZiwgd2l0aCBtZXNzYWdlOmFkZGVkIGMgZmlsZXMgaW4gYWxnb3JpdGhtCisgICAgI2luY2x1ZGUgImxhbmcvdWstVUEucmMiLy9BdXRob3JlZCBieTogbGV0aW1vbWUgaW4gY29tbWl0OjVhMGU2ZGZiNDQ0ZmIxYzc2YmFkOGZjZDA5MDMxYmE1ZDJiNDQ5M2YsIHdpdGggbWVzc2FnZTphZGRlZCBjIGZpbGVzIGluIGFsZ29yaXRobQorI2VuZGlmLy9BdXRob3JlZCBieTogbGV0aW1vbWUgaW4gY29tbWl0OjVhMGU2ZGZiNDQ0ZmIxYzc2YmFkOGZjZDA5MDMxYmE1ZDJiNDQ5M2YsIHdpdGggbWVzc2FnZTphZGRlZCBjIGZpbGVzIGluIGFsZ29yaXRobQorI2lmZGVmIExBTkdVQUdFX1VaX1VaLy9BdXRob3JlZCBieTogbGV0aW1vbWUgaW4gY29tbWl0OjVhMGU2ZGZiNDQ0ZmIxYzc2YmFkOGZjZDA5MDMxYmE1ZDJiNDQ5M2YsIHdpdGggbWVzc2FnZTphZGRlZCBjIGZpbGVzIGluIGFsZ29yaXRobQorICAgICNpbmNsdWRlICJsYW5nL3V6LVVaLnJjIi8vQXV0aG9yZWQgYnk6IGxldGltb21lIGluIGNvbW1pdDo1YTBlNmRmYjQ0NGZiMWM3NmJhZDhmY2QwOTAzMWJhNWQyYjQ0OTNmLCB3aXRoIG1lc3NhZ2U6YWRkZWQgYyBmaWxlcyBpbiBhbGdvcml0aG0KKyNlbmRpZi8vQXV0aG9yZWQgYnk6IGxldGltb21lIGluIGNvbW1pdDo1YTBlNmRmYjQ0NGZiMWM3NmJhZDhmY2QwOTAzMWJhNWQyYjQ0OTNmLCB3aXRoIG1lc3NhZ2U6YWRkZWQgYyBmaWxlcyBpbiBhbGdvcml0aG0KKyNpZmRlZiBMQU5HVUFHRV9TS19TSy8vQXV0aG9yZWQgYnk6IGxldGltb21lIGluIGNvbW1pdDo1YTBlNmRmYjQ0NGZiMWM3NmJhZDhmY2QwOTAzMWJhNWQyYjQ0OTNmLCB3aXRoIG1lc3NhZ2U6YWRkZWQgYyBmaWxlcyBpbiBhbGdvcml0aG0KKyAgICAjaW5jbHVkZSAibGFuZy9zay1TSy5yYyIvL0F1dGhvcmVkIGJ5OiBsZXRpbW9tZSBpbiBjb21taXQ6NWEwZTZkZmI0NDRmYjFjNzZiYWQ4ZmNkMDkwMzFiYTVkMmI0NDkzZiwgd2l0aCBtZXNzYWdlOmFkZGVkIGMgZmlsZXMgaW4gYWxnb3JpdGhtCisjZW5kaWYvL0F1dGhvcmVkIGJ5OiBsZXRpbW9tZSBpbiBjb21taXQ6NWEwZTZkZmI0NDRmYjFjNzZiYWQ4ZmNkMDkwMzFiYTVkMmI0NDkzZiwgd2l0aCBtZXNzYWdlOmFkZGVkIGMgZmlsZXMgaW4gYWxnb3JpdGhtCisjaWZkZWYgTEFOR1VBR0VfU0xfU0kvL0F1dGhvcmVkIGJ5OiBsZXRpbW9tZSBpbiBjb21taXQ6NWEwZTZkZmI0NDRmYjFjNzZiYWQ4ZmNkMDkwMzFiYTVkMmI0NDkzZiwgd2l0aCBtZXNzYWdlOmFkZGVkIGMgZmlsZXMgaW4gYWxnb3JpdGhtCisgICAgI2luY2x1ZGUgImxhbmcvc2wtU0kucmMiLy9BdXRob3JlZCBieTogbGV0aW1vbWUgaW4gY29tbWl0OjVhMGU2ZGZiNDQ0ZmIxYzc2YmFkOGZjZDA5MDMxYmE1ZDJiNDQ5M2YsIHdpdGggbWVzc2FnZTphZGRlZCBjIGZpbGVzIGluIGFsZ29yaXRobQorI2VuZGlmLy9BdXRob3JlZCBieTogbGV0aW1vbWUgaW4gY29tbWl0OjVhMGU2ZGZiNDQ0ZmIxYzc2YmFkOGZjZDA5MDMxYmE1ZDJiNDQ5M2YsIHdpdGggbWVzc2FnZTphZGRlZCBjIGZpbGVzIGluIGFsZ29yaXRobQorI2lmZGVmIExBTkdVQUdFX1NRX0FMLy9BdXRob3JlZCBieTogbGV0aW1vbWUgaW4gY29tbWl0OjVhMGU2ZGZiNDQ0ZmIxYzc2YmFkOGZjZDA5MDMxYmE1ZDJiNDQ5M2YsIHdpdGggbWVzc2FnZTphZGRlZCBjIGZpbGVzIGluIGFsZ29yaXRobQorICAgICNpbmNsdWRlICJsYW5nL3NxLUFMLnJjIi8vQXV0aG9yZWQgYnk6IGxldGltb21lIGluIGNvbW1pdDo1YTBlNmRmYjQ0NGZiMWM3NmJhZDhmY2QwOTAzMWJhNWQyYjQ0OTNmLCB3aXRoIG1lc3NhZ2U6YWRkZWQgYyBmaWxlcyBpbiBhbGdvcml0aG0KKyNlbmRpZi8vQXV0aG9yZWQgYnk6IGxldGltb21lIGluIGNvbW1pdDo1YTBlNmRmYjQ0NGZiMWM3NmJhZDhmY2QwOTAzMWJhNWQyYjQ0OTNmLCB3aXRoIG1lc3NhZ2U6YWRkZWQgYyBmaWxlcyBpbiBhbGdvcml0aG0KKyNpZmRlZiBMQU5HVUFHRV9TVl9TRS8vQXV0aG9yZWQgYnk6IGxldGltb21lIGluIGNvbW1pdDo1YTBlNmRmYjQ0NGZiMWM3NmJhZDhmY2QwOTAzMWJhNWQyYjQ0OTNmLCB3aXRoIG1lc3NhZ2U6YWRkZWQgYyBmaWxlcyBpbiBhbGdvcml0aG0KKyAgICAjaW5jbHVkZSAibGFuZy9zdi1TRS5yYyIvL0F1dGhvcmVkIGJ5OiBsZXRpbW9tZSBpbiBjb21taXQ6NWEwZTZkZmI0NDRmYjFjNzZiYWQ4ZmNkMDkwMzFiYTVkMmI0NDkzZiwgd2l0aCBtZXNzYWdlOmFkZGVkIGMgZmlsZXMgaW4gYWxnb3JpdGhtCisjZW5kaWYvL0F1dGhvcmVkIGJ5OiBsZXRpbW9tZSBpbiBjb21taXQ6NWEwZTZkZmI0NDRmYjFjNzZiYWQ4ZmNkMDkwMzFiYTVkMmI0NDkzZiwgd2l0aCBtZXNzYWdlOmFkZGVkIGMgZmlsZXMgaW4gYWxnb3JpdGhtCisjaWZkZWYgTEFOR1VBR0VfVEhfVEgvL0F1dGhvcmVkIGJ5OiBsZXRpbW9tZSBpbiBjb21taXQ6NWEwZTZkZmI0NDRmYjFjNzZiYWQ4ZmNkMDkwMzFiYTVkMmI0NDkzZiwgd2l0aCBtZXNzYWdlOmFkZGVkIGMgZmlsZXMgaW4gYWxnb3JpdGhtCisgICAgI2luY2x1ZGUgImxhbmcvdGgtVEgucmMiLy9BdXRob3JlZCBieTogbGV0aW1vbWUgaW4gY29tbWl0OjVhMGU2ZGZiNDQ0ZmIxYzc2YmFkOGZjZDA5MDMxYmE1ZDJiNDQ5M2YsIHdpdGggbWVzc2FnZTphZGRlZCBjIGZpbGVzIGluIGFsZ29yaXRobQorI2VuZGlmLy9BdXRob3JlZCBieTogbGV0aW1vbWUgaW4gY29tbWl0OjVhMGU2ZGZiNDQ0ZmIxYzc2YmFkOGZjZDA5MDMxYmE1ZDJiNDQ5M2YsIHdpdGggbWVzc2FnZTphZGRlZCBjIGZpbGVzIGluIGFsZ29yaXRobQorI2lmZGVmIExBTkdVQUdFX1RSX1RSLy9BdXRob3JlZCBieTogbGV0aW1vbWUgaW4gY29tbWl0OjVhMGU2ZGZiNDQ0ZmIxYzc2YmFkOGZjZDA5MDMxYmE1ZDJiNDQ5M2YsIHdpdGggbWVzc2FnZTphZGRlZCBjIGZpbGVzIGluIGFsZ29yaXRobQorICAgICNpbmNsdWRlICJsYW5nL3RyLVRSLnJjIi8vQXV0aG9yZWQgYnk6IGxldGltb21lIGluIGNvbW1pdDo1YTBlNmRmYjQ0NGZiMWM3NmJhZDhmY2QwOTAzMWJhNWQyYjQ0OTNmLCB3aXRoIG1lc3NhZ2U6YWRkZWQgYyBmaWxlcyBpbiBhbGdvcml0aG0KKyNlbmRpZi8vQXV0aG9yZWQgYnk6IGxldGltb21lIGluIGNvbW1pdDo1YTBlNmRmYjQ0NGZiMWM3NmJhZDhmY2QwOTAzMWJhNWQyYjQ0OTNmLCB3aXRoIG1lc3NhZ2U6YWRkZWQgYyBmaWxlcyBpbiBhbGdvcml0aG0KKyNpZmRlZiBMQU5HVUFHRV9aSF9DTi8vQXV0aG9yZWQgYnk6IGxldGltb21lIGluIGNvbW1pdDo1YTBlNmRmYjQ0NGZiMWM3NmJhZDhmY2QwOTAzMWJhNWQyYjQ0OTNmLCB3aXRoIG1lc3NhZ2U6YWRkZWQgYyBmaWxlcyBpbiBhbGdvcml0aG0KKyAgICAjaW5jbHVkZSAibGFuZy96aC1DTi5yYyIvL0F1dGhvcmVkIGJ5OiBsZXRpbW9tZSBpbiBjb21taXQ6NWEwZTZkZmI0NDRmYjFjNzZiYWQ4ZmNkMDkwMzFiYTVkMmI0NDkzZiwgd2l0aCBtZXNzYWdlOmFkZGVkIGMgZmlsZXMgaW4gYWxnb3JpdGhtCisjZW5kaWYvL0F1dGhvcmVkIGJ5OiBsZXRpbW9tZSBpbiBjb21taXQ6NWEwZTZkZmI0NDRmYjFjNzZiYWQ4ZmNkMDkwMzFiYTVkMmI0NDkzZiwgd2l0aCBtZXNzYWdlOmFkZGVkIGMgZmlsZXMgaW4gYWxnb3JpdGhtCisjaWZkZWYgTEFOR1VBR0VfWkhfVFcvL0F1dGhvcmVkIGJ5OiBsZXRpbW9tZSBpbiBjb21taXQ6NWEwZTZkZmI0NDRmYjFjNzZiYWQ4ZmNkMDkwMzFiYTVkMmI0NDkzZiwgd2l0aCBtZXNzYWdlOmFkZGVkIGMgZmlsZXMgaW4gYWxnb3JpdGhtCisgICAgI2luY2x1ZGUgImxhbmcvemgtVFcucmMiLy9BdXRob3JlZCBieTogbGV0aW1vbWUgaW4gY29tbWl0OjVhMGU2ZGZiNDQ0ZmIxYzc2YmFkOGZjZDA5MDMxYmE1ZDJiNDQ5M2YsIHdpdGggbWVzc2FnZTphZGRlZCBjIGZpbGVzIGluIGFsZ29yaXRobQorI2VuZGlmLy9BdXRob3JlZCBieTogbGV0aW1vbWUgaW4gY29tbWl0OjVhMGU2ZGZiNDQ0ZmIxYzc2YmFkOGZjZDA5MDMxYmE1ZDJiNDQ5M2YsIHdpdGggbWVzc2FnZTphZGRlZCBjIGZpbGVzIGluIGFsZ29yaXRobQo=','5a0e6dfb444fb1c76bad8fcd09031ba5d2b4493f; 5a0e6dfb444fb1c76bad8fcd09031ba5d2b4493f; 5a0e6dfb444fb1c76bad8fcd09031ba5d2b4493f; 5a0e6dfb444fb1c76bad8fcd09031ba5d2b4493f; 5a0e6dfb444fb1c76bad8fcd09031ba5d2b4493f; 5a0e6dfb444fb1c76bad8fcd09031ba5d2b4493f; 5a0e6dfb444fb1c76bad8fcd09031ba5d2b4493f; 5a0e6dfb444fb1c76bad8fcd09031ba5d2b4493f; 5a0e6dfb444fb1c76bad8fcd09031ba5d2b4493f; 5a0e6dfb444fb1c76bad8fcd09031ba5d2b4493f; 5a0e6dfb444fb1c76bad8fcd09031ba5d2b4493f; 5a0e6dfb444fb1c76bad8fcd09031ba5d2b4493f; 5a0e6dfb444fb1c76bad8fcd09031ba5d2b4493f; 5a0e6dfb444fb1c76bad8fcd09031ba5d2b4493f; 5a0e6dfb444fb1c76bad8fcd09031ba5d2b4493f; 5a0e6dfb444fb1c76bad8fcd09031ba5d2b4493f; 5a0e6dfb444fb1c76bad8fcd09031ba5d2b4493f; 5a0e6dfb444fb1c76bad8fcd09031ba5d2b4493f; 5a0e6dfb444fb1c76bad8fcd09031ba5d2b4493f; 5a0e6dfb444fb1c76bad8fcd09031ba5d2b4493f; 5a0e6dfb444fb1c76bad8fcd09031ba5d2b4493f; 5a0e6dfb444fb1c76bad8fcd09031ba5d2b4493f; 5a0e6dfb444fb1c76bad8fcd09031ba5d2b4493f; 5a0e6dfb444fb1c76bad8fcd09031ba5d2b4493f; 5a0e6dfb444fb1c76bad8fcd09031ba5d2b4493f; 5a0e6dfb444fb1c76bad8fcd09031ba5d2b4493f; 5a0e6dfb444fb1c76bad8fcd09031ba5d2b4493f; 5a0e6dfb444fb1c76bad8fcd09031ba5d2b4493f; 5a0e6dfb444fb1c76bad8fcd09031ba5d2b4493f; 5a0e6dfb444fb1c76bad8fcd09031ba5d2b4493f; 5a0e6dfb444fb1c76bad8fcd09031ba5d2b4493f; 5a0e6dfb444fb1c76bad8fcd09031ba5d2b4493f; 5a0e6dfb444fb1c76bad8fcd09031ba5d2b4493f; 5a0e6dfb444fb1c76bad8fcd09031ba5d2b4493f; 5a0e6dfb444fb1c76bad8fcd09031ba5d2b4493f; 5a0e6dfb444fb1c76bad8fcd09031ba5d2b4493f; 5a0e6dfb444fb1c76bad8fcd09031ba5d2b4493f; 5a0e6dfb444fb1c76bad8fcd09031ba5d2b4493f; 5a0e6dfb444fb1c76bad8fcd09031ba5d2b4493f; 5a0e6dfb444fb1c76bad8fcd09031ba5d2b4493f; 5a0e6dfb444fb1c76bad8fcd09031ba5d2b4493f; 5a0e6dfb444fb1c76bad8fcd09031ba5d2b4493f; 5a0e6dfb444fb1c76bad8fcd09031ba5d2b4493f; 5a0e6dfb444fb1c76bad8fcd09031ba5d2b4493f; 5a0e6dfb444fb1c76bad8fcd09031ba5d2b4493f; 5a0e6dfb444fb1c76bad8fcd09031ba5d2b4493f; 5a0e6dfb444fb1c76bad8fcd09031ba5d2b4493f; 5a0e6dfb444fb1c76bad8fcd09031ba5d2b4493f; 5a0e6dfb444fb1c76bad8fcd09031ba5d2b4493f; 5a0e6dfb444fb1c76bad8fcd09031ba5d2b4493f; 5a0e6dfb444fb1c76bad8fcd09031ba5d2b4493f; 5a0e6dfb444fb1c76bad8fcd09031ba5d2b4493f; 5a0e6dfb444fb1c76bad8fcd09031ba5d2b4493f; 5a0e6dfb444fb1c76bad8fcd09031ba5d2b4493f; 5a0e6dfb444fb1c76bad8fcd09031ba5d2b4493f; 5a0e6dfb444fb1c76bad8fcd09031ba5d2b4493f; 5a0e6dfb444fb1c76bad8fcd09031ba5d2b4493f; 5a0e6dfb444fb1c76bad8fcd09031ba5d2b4493f; 5a0e6dfb444fb1c76bad8fcd09031ba5d2b4493f; 5a0e6dfb444fb1c76bad8fcd09031ba5d2b4493f; 5a0e6dfb444fb1c76bad8fcd09031ba5d2b4493f; 5a0e6dfb444fb1c76bad8fcd09031ba5d2b4493f; 5a0e6dfb444fb1c76bad8fcd09031ba5d2b4493f; 5a0e6dfb444fb1c76bad8fcd09031ba5d2b4493f; 5a0e6dfb444fb1c76bad8fcd09031ba5d2b4493f; 5a0e6dfb444fb1c76bad8fcd09031ba5d2b4493f; 5a0e6dfb444fb1c76bad8fcd09031ba5d2b4493f; 5a0e6dfb444fb1c76bad8fcd09031ba5d2b4493f; 5a0e6dfb444fb1c76bad8fcd09031ba5d2b4493f; 5a0e6dfb444fb1c76bad8fcd09031ba5d2b4493f; 5a0e6dfb444fb1c76bad8fcd09031ba5d2b4493f; 5a0e6dfb444fb1c76bad8fcd09031ba5d2b4493f; 5a0e6dfb444fb1c76bad8fcd09031ba5d2b4493f; 5a0e6dfb444fb1c76bad8fcd09031ba5d2b4493f; 5a0e6dfb444fb1c76bad8fcd09031ba5d2b4493f; 5a0e6dfb444fb1c76bad8fcd09031ba5d2b4493f; 5a0e6dfb444fb1c76bad8fcd09031ba5d2b4493f; 5a0e6dfb444fb1c76bad8fcd09031ba5d2b4493f; 5a0e6dfb444fb1c76bad8fcd09031ba5d2b4493f; 5a0e6dfb444fb1c76bad8fcd09031ba5d2b4493f; 5a0e6dfb444fb1c76bad8fcd09031ba5d2b4493f; 5a0e6dfb444fb1c76bad8fcd09031ba5d2b4493f; 5a0e6dfb444fb1c76bad8fcd09031ba5d2b4493f; 5a0e6dfb444fb1c76bad8fcd09031ba5d2b4493f; 5a0e6dfb444fb1c76bad8fcd09031ba5d2b4493f; 5a0e6dfb444fb1c76bad8fcd09031ba5d2b4493f; 5a0e6dfb444fb1c76bad8fcd09031ba5d2b4493f; 5a0e6dfb444fb1c76bad8fcd09031ba5d2b4493f; 5a0e6dfb444fb1c76bad8fcd09031ba5d2b4493f; 5a0e6dfb444fb1c76bad8fcd09031ba5d2b4493f; 5a0e6dfb444fb1c76bad8fcd09031ba5d2b4493f; 5a0e6dfb444fb1c76bad8fcd09031ba5d2b4493f; 5a0e6dfb444fb1c76bad8fcd09031ba5d2b4493f; 5a0e6dfb444fb1c76bad8fcd09031ba5d2b4493f; 5a0e6dfb444fb1c76bad8fcd09031ba5d2b4493f; 5a0e6dfb444fb1c76bad8fcd09031ba5d2b4493f; 5a0e6dfb444fb1c76bad8fcd09031ba5d2b4493f; 5a0e6dfb444fb1c76bad8fcd09031ba5d2b4493f; 5a0e6dfb444fb1c76bad8fcd09031ba5d2b4493f; 5a0e6dfb444fb1c76bad8fcd09031ba5d2b4493f; 5a0e6dfb444fb1c76bad8fcd09031ba5d2b4493f; 5a0e6dfb444fb1c76bad8fcd09031ba5d2b4493f; 5a0e6dfb444fb1c76bad8fcd09031ba5d2b4493f; 5a0e6dfb444fb1c76bad8fcd09031ba5d2b4493f; 5a0e6dfb444fb1c76bad8fcd09031ba5d2b4493f; 5a0e6dfb444fb1c76bad8fcd09031ba5d2b4493f; 5a0e6dfb444fb1c76bad8fcd09031ba5d2b4493f; 5a0e6dfb444fb1c76bad8fcd09031ba5d2b4493f; 5a0e6dfb444fb1c76bad8fcd09031ba5d2b4493f; 5a0e6dfb444fb1c76bad8fcd09031ba5d2b4493f; 5a0e6dfb444fb1c76bad8fcd09031ba5d2b4493f; 5a0e6dfb444fb1c76bad8fcd09031ba5d2b4493f; 5a0e6dfb444fb1c76bad8fcd09031ba5d2b4493f; 5a0e6dfb444fb1c76bad8fcd09031ba5d2b4493f; 5a0e6dfb444fb1c76bad8fcd09031ba5d2b4493f; 5a0e6dfb444fb1c76bad8fcd09031ba5d2b4493f; 5a0e6dfb444fb1c76bad8fcd09031ba5d2b4493f; 5a0e6dfb444fb1c76bad8fcd09031ba5d2b4493f; 5a0e6dfb444fb1c76bad8fcd09031ba5d2b4493f; 5a0e6dfb444fb1c76bad8fcd09031ba5d2b4493f; 5a0e6dfb444fb1c76bad8fcd09031ba5d2b4493f; 5a0e6dfb444fb1c76bad8fcd09031ba5d2b4493f; 5a0e6dfb444fb1c76bad8fcd09031ba5d2b4493f; 5a0e6dfb444fb1c76bad8fcd09031ba5d2b4493f; 5a0e6dfb444fb1c76bad8fcd09031ba5d2b4493f; 5a0e6dfb444fb1c76bad8fcd09031ba5d2b4493f; 5a0e6dfb444fb1c76bad8fcd09031ba5d2b4493f; 5a0e6dfb444fb1c76bad8fcd09031ba5d2b4493f; 5a0e6dfb444fb1c76bad8fcd09031ba5d2b4493f; 5a0e6dfb444fb1c76bad8fcd09031ba5d2b4493f; 5a0e6dfb444fb1c76bad8fcd09031ba5d2b4493f; 5a0e6dfb444fb1c76bad8fcd09031ba5d2b4493f; 5a0e6dfb444fb1c76bad8fcd09031ba5d2b4493f; 5a0e6dfb444fb1c76bad8fcd09031ba5d2b4493f; 5a0e6dfb444fb1c76bad8fcd09031ba5d2b4493f; 5a0e6dfb444fb1c76bad8fcd09031ba5d2b4493f; 5a0e6dfb444fb1c76bad8fcd09031ba5d2b4493f; 5a0e6dfb444fb1c76bad8fcd09031ba5d2b4493f; 5a0e6dfb444fb1c76bad8fcd09031ba5d2b4493f; 5a0e6dfb444fb1c76bad8fcd09031ba5d2b4493f; 5a0e6dfb444fb1c76bad8fcd09031ba5d2b4493f; 5a0e6dfb444fb1c76bad8fcd09031ba5d2b4493f; ','added c files in algorithm; ','ZGlmZiAtLWdpdCBhL2lucHV0L2FsZ29yaXRobXMvcnNyYy5yYyBiL2lucHV0L2FsZ29yaXRobXMvcnNyYy5yYwpuZXcgZmlsZSBtb2RlIDEwMDY0NAppbmRleCAwMDAwMDAwLi41MjQyMTZmCi0tLSAvZGV2L251bGwKKysrIGIvaW5wdXQvYWxnb3JpdGhtcy9yc3JjLnJjCkBAIC0wLDAgKzEsMTQyIEBACisvKgorICogIENvcHlyaWdodCAxOTk3LDk4IE1hcmNlbCBCYXVyIDxtYmF1ckBnMjYuZXRoei5jaD4KKyAqICBDb3B5cmlnaHQgMjAwMiBTeWx2YWluIFBldHJlb2xsZSA8c3BldHJlb2xsZUB5YWhvby5mcj4KKyAqCisgKiBUaGlzIGxpYnJhcnkgaXMgZnJlZSBzb2Z0d2FyZTsgeW91IGNhbiByZWRpc3RyaWJ1dGUgaXQgYW5kL29yCisgKiBtb2RpZnkgaXQgdW5kZXIgdGhlIHRlcm1zIG9mIHRoZSBHTlUgTGVzc2VyIEdlbmVyYWwgUHVibGljCisgKiBMaWNlbnNlIGFzIHB1Ymxpc2hlZCBieSB0aGUgRnJlZSBTb2Z0d2FyZSBGb3VuZGF0aW9uOyBlaXRoZXIKKyAqIHZlcnNpb24gMi4xIG9mIHRoZSBMaWNlbnNlLCBvciAoYXQgeW91ciBvcHRpb24pIGFueSBsYXRlciB2ZXJzaW9uLgorICoKKyAqIFRoaXMgbGlicmFyeSBpcyBkaXN0cmlidXRlZCBpbiB0aGUgaG9wZSB0aGF0IGl0IHdpbGwgYmUgdXNlZnVsLAorICogYnV0IFdJVEhPVVQgQU5ZIFdBUlJBTlRZOyB3aXRob3V0IGV2ZW4gdGhlIGltcGxpZWQgd2FycmFudHkgb2YKKyAqIE1FUkNIQU5UQUJJTElUWSBvciBGSVRORVNTIEZPUiBBIFBBUlRJQ1VMQVIgUFVSUE9TRS4gIFNlZSB0aGUgR05VCisgKiBMZXNzZXIgR2VuZXJhbCBQdWJsaWMgTGljZW5zZSBmb3IgbW9yZSBkZXRhaWxzLgorICoKKyAqIFlvdSBzaG91bGQgaGF2ZSByZWNlaXZlZCBhIGNvcHkgb2YgdGhlIEdOVSBMZXNzZXIgR2VuZXJhbCBQdWJsaWMKKyAqIExpY2Vuc2UgYWxvbmcgd2l0aCB0aGlzIGxpYnJhcnk7IGlmIG5vdCwgd3JpdGUgdG8gdGhlIEZyZWUgU29mdHdhcmUKKyAqIEZvdW5kYXRpb24sIEluYy4sIDUxIEZyYW5rbGluIFN0cmVldCwgRmlmdGggRmxvb3IsIEJvc3RvbiwgTUEgIDAyMTEwLTEzMDEgIFVTQQorICovCisKKyNpbmNsdWRlIDx3aW5kZWYuaD4KKyNpbmNsdWRlIDx3aW51c2VyLmg+CisjaW5jbHVkZSA8ZGxncy5oPgorCisjaW5jbHVkZSAibm90ZXBhZF9yZXMuaCIKKworI2RlZmluZSBSRUFDVE9TX1NUUl9GSUxFX0RFU0NSSVBUSU9OICAiUmVhY3RPUyBOb3RlcGFkIgorI2RlZmluZSBSRUFDVE9TX1NUUl9JTlRFUk5BTF9OQU1FICAgICAibm90ZXBhZCIKKyNkZWZpbmUgUkVBQ1RPU19TVFJfT1JJR0lOQUxfRklMRU5BTUUgIm5vdGVwYWQuZXhlIgorI2luY2x1ZGUgPHJlYWN0b3MvdmVyc2lvbi5yYz4KKworSURJX05QSUNPTiBJQ09OICJyZXMvbm90ZXBhZC5pY28iCisKKyNpbmNsdWRlIDxyZWFjdG9zL21hbmlmZXN0X2V4ZS5yYz4KKworLyogVVRGLTggKi8KKyNwcmFnbWEgY29kZV9wYWdlKDY1MDAxKQorCisjaWZkZWYgTEFOR1VBR0VfQkdfQkcKKyAgICAjaW5jbHVkZSAibGFuZy9iZy1CRy5yYyIKKyNlbmRpZgorI2lmZGVmIExBTkdVQUdFX0NTX0NaCisgICAgI2luY2x1ZGUgImxhbmcvY3MtQ1oucmMiCisjZW5kaWYKKyNpZmRlZiBMQU5HVUFHRV9EQV9ESworICAgICNpbmNsdWRlICJsYW5nL2RhLURLLnJjIgorI2VuZGlmCisjaWZkZWYgTEFOR1VBR0VfREVfREUKKyAgICAjaW5jbHVkZSAibGFuZy9kZS1ERS5yYyIKKyNlbmRpZgorI2lmZGVmIExBTkdVQUdFX0VMX0dSCisgICAgI2luY2x1ZGUgImxhbmcvZWwtR1IucmMiCisjZW5kaWYKKyNpZmRlZiBMQU5HVUFHRV9FTl9VUworICAgICNpbmNsdWRlICJsYW5nL2VuLVVTLnJjIgorI2VuZGlmCisjaWZkZWYgTEFOR1VBR0VfRVNfRVMKKyAgICAjaW5jbHVkZSAibGFuZy9lcy1FUy5yYyIKKyNlbmRpZgorI2lmZGVmIExBTkdVQUdFX0VVX0VTCisgICAgI2luY2x1ZGUgImxhbmcvZXUtRVMucmMiCisjZW5kaWYKKyNpZmRlZiBMQU5HVUFHRV9GSV9GSQorICAgICNpbmNsdWRlICJsYW5nL2ZpLUZJLnJjIgorI2VuZGlmCisjaWZkZWYgTEFOR1VBR0VfRlJfRlIKKyAgICAjaW5jbHVkZSAibGFuZy9mci1GUi5yYyIKKyNlbmRpZgorI2lmZGVmIExBTkdVQUdFX0hFX0lMCisgICAgI2luY2x1ZGUgImxhbmcvaGUtSUwucmMiCisjZW5kaWYKKyNpZmRlZiBMQU5HVUFHRV9IVV9IVQorICAgICNpbmNsdWRlICJsYW5nL2h1LUhVLnJjIgorI2VuZGlmCisjaWZkZWYgTEFOR1VBR0VfSFlfQU0KKyAgICAjaW5jbHVkZSAibGFuZy9oeS1BTS5yYyIKKyNlbmRpZgorI2lmZGVmIExBTkdVQUdFX0lEX0lECisgICAgI2luY2x1ZGUgImxhbmcvaWQtSUQucmMiCisjZW5kaWYKKyNpZmRlZiBMQU5HVUFHRV9JVF9JVAorICAgICNpbmNsdWRlICJsYW5nL2l0LUlULnJjIgorI2VuZGlmCisjaWZkZWYgTEFOR1VBR0VfSkFfSlAKKyAgICAjaW5jbHVkZSAibGFuZy9qYS1KUC5yYyIKKyNlbmRpZgorI2lmZGVmIExBTkdVQUdFX0xUX0xUCisgICAgI2luY2x1ZGUgImxhbmcvbHQtTFQucmMiCisjZW5kaWYKKyNpZmRlZiBMQU5HVUFHRV9NU19NWQorICAgICNpbmNsdWRlICJsYW5nL21zLU1ZLnJjIgorI2VuZGlmCisjaWZkZWYgTEFOR1VBR0VfTkxfTkwKKyAgICAjaW5jbHVkZSAibGFuZy9ubC1OTC5yYyIKKyNlbmRpZgorI2lmZGVmIExBTkdVQUdFX05CX05PCisgICAgI2luY2x1ZGUgImxhbmcvbm8tTk8ucmMiCisjZW5kaWYKKyNpZmRlZiBMQU5HVUFHRV9QTF9QTAorICAgICNpbmNsdWRlICJsYW5nL3BsLVBMLnJjIgorI2VuZGlmCisjaWZkZWYgTEFOR1VBR0VfUFRfUFQKKyAgICAjaW5jbHVkZSAibGFuZy9wdC1QVC5yYyIKKyNlbmRpZgorI2lmZGVmIExBTkdVQUdFX1BUX1BCCisgICAgI2luY2x1ZGUgImxhbmcvcHQtQlIucmMiCisjZW5kaWYKKyNpZmRlZiBMQU5HVUFHRV9ST19STworICAgICNpbmNsdWRlICJsYW5nL3JvLVJPLnJjIgorI2VuZGlmCisjaWZkZWYgTEFOR1VBR0VfUlVfUlUKKyAgICAjaW5jbHVkZSAibGFuZy9ydS1SVS5yYyIKKyNlbmRpZgorI2lmZGVmIExBTkdVQUdFX1VLX1VBCisgICAgI2luY2x1ZGUgImxhbmcvdWstVUEucmMiCisjZW5kaWYKKyNpZmRlZiBMQU5HVUFHRV9VWl9VWgorICAgICNpbmNsdWRlICJsYW5nL3V6LVVaLnJjIgorI2VuZGlmCisjaWZkZWYgTEFOR1VBR0VfU0tfU0sKKyAgICAjaW5jbHVkZSAibGFuZy9zay1TSy5yYyIKKyNlbmRpZgorI2lmZGVmIExBTkdVQUdFX1NMX1NJCisgICAgI2luY2x1ZGUgImxhbmcvc2wtU0kucmMiCisjZW5kaWYKKyNpZmRlZiBMQU5HVUFHRV9TUV9BTAorICAgICNpbmNsdWRlICJsYW5nL3NxLUFMLnJjIgorI2VuZGlmCisjaWZkZWYgTEFOR1VBR0VfU1ZfU0UKKyAgICAjaW5jbHVkZSAibGFuZy9zdi1TRS5yYyIKKyNlbmRpZgorI2lmZGVmIExBTkdVQUdFX1RIX1RICisgICAgI2luY2x1ZGUgImxhbmcvdGgtVEgucmMiCisjZW5kaWYKKyNpZmRlZiBMQU5HVUFHRV9UUl9UUgorICAgICNpbmNsdWRlICJsYW5nL3RyLVRSLnJjIgorI2VuZGlmCisjaWZkZWYgTEFOR1VBR0VfWkhfQ04KKyAgICAjaW5jbHVkZSAibGFuZy96aC1DTi5yYyIKKyNlbmRpZgorI2lmZGVmIExBTkdVQUdFX1pIX1RXCisgICAgI2luY2x1ZGUgImxhbmcvemgtVFcucmMiCisjZW5kaWYK',263,17,2,'NEW_ASSET_WITH_NO_VARIATIONPOINT');
INSERT IGNORE INTO developer_group (id_developer_group) VALUES 
(18);
INSERT IGNORE INTO developer_bridge (id_developer_group,id_developer) VALUES 
(18,1);

INSERT IGNORE INTO variation_point (idvariationpoint, expression, idcoreasset,id_feature_group) VALUES
(264,'No Expression',71,0);
INSERT IGNORE INTO customization_fact (idcustomization, lines_added,lines_deleted,custom_diff,commit_set,message_set,greater_diff,idvariationpoint,id_developer_group, idproductrelease, type) VALUES
(18,266,0,'ZGlmZiAtLWdpdCBhL2lucHV0L2FsZ29yaXRobXMvc2V0dGluZ3MuYyBiL2lucHV0L2FsZ29yaXRobXMvc2V0dGluZ3MuYwpuZXcgZmlsZSBtb2RlIDEwMDY0NAppbmRleCAwMDAwMDAwLi40MGQ4YTllCi0tLSAvZGV2L251bGwKQEAgLTAsMCArMSwyNjYgQEAgRXhwcmVzc2lvbjogTm8gRXhwcmVzc2lvbkNoYW5nZSBUeXBlOiBORVdfQVNTRVRfV0lUSF9OT19WQVJJQVRJT05QT0lOVAorLyovL0F1dGhvcmVkIGJ5OiBsZXRpbW9tZSBpbiBjb21taXQ6NWEwZTZkZmI0NDRmYjFjNzZiYWQ4ZmNkMDkwMzFiYTVkMmI0NDkzZiwgd2l0aCBtZXNzYWdlOmFkZGVkIGMgZmlsZXMgaW4gYWxnb3JpdGhtCisgKiAgTm90ZXBhZCAoc2V0dGluZ3MuYykvL0F1dGhvcmVkIGJ5OiBsZXRpbW9tZSBpbiBjb21taXQ6NWEwZTZkZmI0NDRmYjFjNzZiYWQ4ZmNkMDkwMzFiYTVkMmI0NDkzZiwgd2l0aCBtZXNzYWdlOmFkZGVkIGMgZmlsZXMgaW4gYWxnb3JpdGhtCisgKi8vQXV0aG9yZWQgYnk6IGxldGltb21lIGluIGNvbW1pdDo1YTBlNmRmYjQ0NGZiMWM3NmJhZDhmY2QwOTAzMWJhNWQyYjQ0OTNmLCB3aXRoIG1lc3NhZ2U6YWRkZWQgYyBmaWxlcyBpbiBhbGdvcml0aG0KKyAqICBDb3B5cmlnaHQgMTk5OCw5OSBNYXJjZWwgQmF1ciA8bWJhdXJAZzI2LmV0aHouY2g+Ly9BdXRob3JlZCBieTogbGV0aW1vbWUgaW4gY29tbWl0OjVhMGU2ZGZiNDQ0ZmIxYzc2YmFkOGZjZDA5MDMxYmE1ZDJiNDQ5M2YsIHdpdGggbWVzc2FnZTphZGRlZCBjIGZpbGVzIGluIGFsZ29yaXRobQorICogIENvcHlyaWdodCAyMDAyIFN5bHZhaW4gUGV0cmVvbGxlIDxzcGV0cmVvbGxlQHlhaG9vLmZyPi8vQXV0aG9yZWQgYnk6IGxldGltb21lIGluIGNvbW1pdDo1YTBlNmRmYjQ0NGZiMWM3NmJhZDhmY2QwOTAzMWJhNWQyYjQ0OTNmLCB3aXRoIG1lc3NhZ2U6YWRkZWQgYyBmaWxlcyBpbiBhbGdvcml0aG0KKyAqICBDb3B5cmlnaHQgMjAwMiBBbmRyaXkgUGFsYW1hcmNodWsvL0F1dGhvcmVkIGJ5OiBsZXRpbW9tZSBpbiBjb21taXQ6NWEwZTZkZmI0NDRmYjFjNzZiYWQ4ZmNkMDkwMzFiYTVkMmI0NDkzZiwgd2l0aCBtZXNzYWdlOmFkZGVkIGMgZmlsZXMgaW4gYWxnb3JpdGhtCisgKi8vQXV0aG9yZWQgYnk6IGxldGltb21lIGluIGNvbW1pdDo1YTBlNmRmYjQ0NGZiMWM3NmJhZDhmY2QwOTAzMWJhNWQyYjQ0OTNmLCB3aXRoIG1lc3NhZ2U6YWRkZWQgYyBmaWxlcyBpbiBhbGdvcml0aG0KKyAqIFRoaXMgbGlicmFyeSBpcyBmcmVlIHNvZnR3YXJlOyB5b3UgY2FuIHJlZGlzdHJpYnV0ZSBpdCBhbmQvb3IvL0F1dGhvcmVkIGJ5OiBsZXRpbW9tZSBpbiBjb21taXQ6NWEwZTZkZmI0NDRmYjFjNzZiYWQ4ZmNkMDkwMzFiYTVkMmI0NDkzZiwgd2l0aCBtZXNzYWdlOmFkZGVkIGMgZmlsZXMgaW4gYWxnb3JpdGhtCisgKiBtb2RpZnkgaXQgdW5kZXIgdGhlIHRlcm1zIG9mIHRoZSBHTlUgTGVzc2VyIEdlbmVyYWwgUHVibGljLy9BdXRob3JlZCBieTogbGV0aW1vbWUgaW4gY29tbWl0OjVhMGU2ZGZiNDQ0ZmIxYzc2YmFkOGZjZDA5MDMxYmE1ZDJiNDQ5M2YsIHdpdGggbWVzc2FnZTphZGRlZCBjIGZpbGVzIGluIGFsZ29yaXRobQorICogTGljZW5zZSBhcyBwdWJsaXNoZWQgYnkgdGhlIEZyZWUgU29mdHdhcmUgRm91bmRhdGlvbjsgZWl0aGVyLy9BdXRob3JlZCBieTogbGV0aW1vbWUgaW4gY29tbWl0OjVhMGU2ZGZiNDQ0ZmIxYzc2YmFkOGZjZDA5MDMxYmE1ZDJiNDQ5M2YsIHdpdGggbWVzc2FnZTphZGRlZCBjIGZpbGVzIGluIGFsZ29yaXRobQorICogdmVyc2lvbiAyLjEgb2YgdGhlIExpY2Vuc2UsIG9yIChhdCB5b3VyIG9wdGlvbikgYW55IGxhdGVyIHZlcnNpb24uLy9BdXRob3JlZCBieTogbGV0aW1vbWUgaW4gY29tbWl0OjVhMGU2ZGZiNDQ0ZmIxYzc2YmFkOGZjZDA5MDMxYmE1ZDJiNDQ5M2YsIHdpdGggbWVzc2FnZTphZGRlZCBjIGZpbGVzIGluIGFsZ29yaXRobQorICovL0F1dGhvcmVkIGJ5OiBsZXRpbW9tZSBpbiBjb21taXQ6NWEwZTZkZmI0NDRmYjFjNzZiYWQ4ZmNkMDkwMzFiYTVkMmI0NDkzZiwgd2l0aCBtZXNzYWdlOmFkZGVkIGMgZmlsZXMgaW4gYWxnb3JpdGhtCisgKiBUaGlzIGxpYnJhcnkgaXMgZGlzdHJpYnV0ZWQgaW4gdGhlIGhvcGUgdGhhdCBpdCB3aWxsIGJlIHVzZWZ1bCwvL0F1dGhvcmVkIGJ5OiBsZXRpbW9tZSBpbiBjb21taXQ6NWEwZTZkZmI0NDRmYjFjNzZiYWQ4ZmNkMDkwMzFiYTVkMmI0NDkzZiwgd2l0aCBtZXNzYWdlOmFkZGVkIGMgZmlsZXMgaW4gYWxnb3JpdGhtCisgKiBidXQgV0lUSE9VVCBBTlkgV0FSUkFOVFk7IHdpdGhvdXQgZXZlbiB0aGUgaW1wbGllZCB3YXJyYW50eSBvZi8vQXV0aG9yZWQgYnk6IGxldGltb21lIGluIGNvbW1pdDo1YTBlNmRmYjQ0NGZiMWM3NmJhZDhmY2QwOTAzMWJhNWQyYjQ0OTNmLCB3aXRoIG1lc3NhZ2U6YWRkZWQgYyBmaWxlcyBpbiBhbGdvcml0aG0KKyAqIE1FUkNIQU5UQUJJTElUWSBvciBGSVRORVNTIEZPUiBBIFBBUlRJQ1VMQVIgUFVSUE9TRS4gIFNlZSB0aGUgR05VLy9BdXRob3JlZCBieTogbGV0aW1vbWUgaW4gY29tbWl0OjVhMGU2ZGZiNDQ0ZmIxYzc2YmFkOGZjZDA5MDMxYmE1ZDJiNDQ5M2YsIHdpdGggbWVzc2FnZTphZGRlZCBjIGZpbGVzIGluIGFsZ29yaXRobQorICogTGVzc2VyIEdlbmVyYWwgUHVibGljIExpY2Vuc2UgZm9yIG1vcmUgZGV0YWlscy4vL0F1dGhvcmVkIGJ5OiBsZXRpbW9tZSBpbiBjb21taXQ6NWEwZTZkZmI0NDRmYjFjNzZiYWQ4ZmNkMDkwMzFiYTVkMmI0NDkzZiwgd2l0aCBtZXNzYWdlOmFkZGVkIGMgZmlsZXMgaW4gYWxnb3JpdGhtCisgKi8vQXV0aG9yZWQgYnk6IGxldGltb21lIGluIGNvbW1pdDo1YTBlNmRmYjQ0NGZiMWM3NmJhZDhmY2QwOTAzMWJhNWQyYjQ0OTNmLCB3aXRoIG1lc3NhZ2U6YWRkZWQgYyBmaWxlcyBpbiBhbGdvcml0aG0KKyAqIFlvdSBzaG91bGQgaGF2ZSByZWNlaXZlZCBhIGNvcHkgb2YgdGhlIEdOVSBMZXNzZXIgR2VuZXJhbCBQdWJsaWMvL0F1dGhvcmVkIGJ5OiBsZXRpbW9tZSBpbiBjb21taXQ6NWEwZTZkZmI0NDRmYjFjNzZiYWQ4ZmNkMDkwMzFiYTVkMmI0NDkzZiwgd2l0aCBtZXNzYWdlOmFkZGVkIGMgZmlsZXMgaW4gYWxnb3JpdGhtCisgKiBMaWNlbnNlIGFsb25nIHdpdGggdGhpcyBsaWJyYXJ5OyBpZiBub3QsIHdyaXRlIHRvIHRoZSBGcmVlIFNvZnR3YXJlLy9BdXRob3JlZCBieTogbGV0aW1vbWUgaW4gY29tbWl0OjVhMGU2ZGZiNDQ0ZmIxYzc2YmFkOGZjZDA5MDMxYmE1ZDJiNDQ5M2YsIHdpdGggbWVzc2FnZTphZGRlZCBjIGZpbGVzIGluIGFsZ29yaXRobQorICogRm91bmRhdGlvbiwgSW5jLiwgNTEgRnJhbmtsaW4gU3RyZWV0LCBGaWZ0aCBGbG9vciwgQm9zdG9uLCBNQSAgMDIxMTAtMTMwMSAgVVNBLy9BdXRob3JlZCBieTogbGV0aW1vbWUgaW4gY29tbWl0OjVhMGU2ZGZiNDQ0ZmIxYzc2YmFkOGZjZDA5MDMxYmE1ZDJiNDQ5M2YsIHdpdGggbWVzc2FnZTphZGRlZCBjIGZpbGVzIGluIGFsZ29yaXRobQorICovLy9BdXRob3JlZCBieTogbGV0aW1vbWUgaW4gY29tbWl0OjVhMGU2ZGZiNDQ0ZmIxYzc2YmFkOGZjZDA5MDMxYmE1ZDJiNDQ5M2YsIHdpdGggbWVzc2FnZTphZGRlZCBjIGZpbGVzIGluIGFsZ29yaXRobQorLy9BdXRob3JlZCBieTogbGV0aW1vbWUgaW4gY29tbWl0OjVhMGU2ZGZiNDQ0ZmIxYzc2YmFkOGZjZDA5MDMxYmE1ZDJiNDQ5M2YsIHdpdGggbWVzc2FnZTphZGRlZCBjIGZpbGVzIGluIGFsZ29yaXRobQorI2luY2x1ZGUgIm5vdGVwYWQuaCIvL0F1dGhvcmVkIGJ5OiBsZXRpbW9tZSBpbiBjb21taXQ6NWEwZTZkZmI0NDRmYjFjNzZiYWQ4ZmNkMDkwMzFiYTVkMmI0NDkzZiwgd2l0aCBtZXNzYWdlOmFkZGVkIGMgZmlsZXMgaW4gYWxnb3JpdGhtCisvL0F1dGhvcmVkIGJ5OiBsZXRpbW9tZSBpbiBjb21taXQ6NWEwZTZkZmI0NDRmYjFjNzZiYWQ4ZmNkMDkwMzFiYTVkMmI0NDkzZiwgd2l0aCBtZXNzYWdlOmFkZGVkIGMgZmlsZXMgaW4gYWxnb3JpdGhtCisjaW5jbHVkZSA8d2lucmVnLmg+Ly9BdXRob3JlZCBieTogbGV0aW1vbWUgaW4gY29tbWl0OjVhMGU2ZGZiNDQ0ZmIxYzc2YmFkOGZjZDA5MDMxYmE1ZDJiNDQ5M2YsIHdpdGggbWVzc2FnZTphZGRlZCBjIGZpbGVzIGluIGFsZ29yaXRobQorLy9BdXRob3JlZCBieTogbGV0aW1vbWUgaW4gY29tbWl0OjVhMGU2ZGZiNDQ0ZmIxYzc2YmFkOGZjZDA5MDMxYmE1ZDJiNDQ5M2YsIHdpdGggbWVzc2FnZTphZGRlZCBjIGZpbGVzIGluIGFsZ29yaXRobQorc3RhdGljIExQQ1RTVFIgc19zelJlZ2lzdHJ5S2V5ID0gX1QoIlNvZnR3YXJlXFxNaWNyb3NvZnRcXE5vdGVwYWQiKTsvL0F1dGhvcmVkIGJ5OiBsZXRpbW9tZSBpbiBjb21taXQ6NWEwZTZkZmI0NDRmYjFjNzZiYWQ4ZmNkMDkwMzFiYTVkMmI0NDkzZiwgd2l0aCBtZXNzYWdlOmFkZGVkIGMgZmlsZXMgaW4gYWxnb3JpdGhtCisvL0F1dGhvcmVkIGJ5OiBsZXRpbW9tZSBpbiBjb21taXQ6NWEwZTZkZmI0NDRmYjFjNzZiYWQ4ZmNkMDkwMzFiYTVkMmI0NDkzZiwgd2l0aCBtZXNzYWdlOmFkZGVkIGMgZmlsZXMgaW4gYWxnb3JpdGhtCisvL0F1dGhvcmVkIGJ5OiBsZXRpbW9tZSBpbiBjb21taXQ6NWEwZTZkZmI0NDRmYjFjNzZiYWQ4ZmNkMDkwMzFiYTVkMmI0NDkzZiwgd2l0aCBtZXNzYWdlOmFkZGVkIGMgZmlsZXMgaW4gYWxnb3JpdGhtCitzdGF0aWMgTE9ORyBIZWlnaHRGcm9tUG9pbnRTaXplKERXT1JEIGR3UG9pbnRTaXplKS8vQXV0aG9yZWQgYnk6IGxldGltb21lIGluIGNvbW1pdDo1YTBlNmRmYjQ0NGZiMWM3NmJhZDhmY2QwOTAzMWJhNWQyYjQ0OTNmLCB3aXRoIG1lc3NhZ2U6YWRkZWQgYyBmaWxlcyBpbiBhbGdvcml0aG0KK3svL0F1dGhvcmVkIGJ5OiBsZXRpbW9tZSBpbiBjb21taXQ6NWEwZTZkZmI0NDRmYjFjNzZiYWQ4ZmNkMDkwMzFiYTVkMmI0NDkzZiwgd2l0aCBtZXNzYWdlOmFkZGVkIGMgZmlsZXMgaW4gYWxnb3JpdGhtCisgICAgTE9ORyBsSGVpZ2h0Oy8vQXV0aG9yZWQgYnk6IGxldGltb21lIGluIGNvbW1pdDo1YTBlNmRmYjQ0NGZiMWM3NmJhZDhmY2QwOTAzMWJhNWQyYjQ0OTNmLCB3aXRoIG1lc3NhZ2U6YWRkZWQgYyBmaWxlcyBpbiBhbGdvcml0aG0KKyAgICBIREMgaERDOy8vQXV0aG9yZWQgYnk6IGxldGltb21lIGluIGNvbW1pdDo1YTBlNmRmYjQ0NGZiMWM3NmJhZDhmY2QwOTAzMWJhNWQyYjQ0OTNmLCB3aXRoIG1lc3NhZ2U6YWRkZWQgYyBmaWxlcyBpbiBhbGdvcml0aG0KKy8vQXV0aG9yZWQgYnk6IGxldGltb21lIGluIGNvbW1pdDo1YTBlNmRmYjQ0NGZiMWM3NmJhZDhmY2QwOTAzMWJhNWQyYjQ0OTNmLCB3aXRoIG1lc3NhZ2U6YWRkZWQgYyBmaWxlcyBpbiBhbGdvcml0aG0KKyAgICBoREMgPSBHZXREQyhOVUxMKTsvL0F1dGhvcmVkIGJ5OiBsZXRpbW9tZSBpbiBjb21taXQ6NWEwZTZkZmI0NDRmYjFjNzZiYWQ4ZmNkMDkwMzFiYTVkMmI0NDkzZiwgd2l0aCBtZXNzYWdlOmFkZGVkIGMgZmlsZXMgaW4gYWxnb3JpdGhtCisgICAgbEhlaWdodCA9IC1NdWxEaXYoZHdQb2ludFNpemUsIEdldERldmljZUNhcHMoaERDLCBMT0dQSVhFTFNZKSwgNzIwKTsvL0F1dGhvcmVkIGJ5OiBsZXRpbW9tZSBpbiBjb21taXQ6NWEwZTZkZmI0NDRmYjFjNzZiYWQ4ZmNkMDkwMzFiYTVkMmI0NDkzZiwgd2l0aCBtZXNzYWdlOmFkZGVkIGMgZmlsZXMgaW4gYWxnb3JpdGhtCisgICAgUmVsZWFzZURDKE5VTEwsIGhEQyk7Ly9BdXRob3JlZCBieTogbGV0aW1vbWUgaW4gY29tbWl0OjVhMGU2ZGZiNDQ0ZmIxYzc2YmFkOGZjZDA5MDMxYmE1ZDJiNDQ5M2YsIHdpdGggbWVzc2FnZTphZGRlZCBjIGZpbGVzIGluIGFsZ29yaXRobQorLy9BdXRob3JlZCBieTogbGV0aW1vbWUgaW4gY29tbWl0OjVhMGU2ZGZiNDQ0ZmIxYzc2YmFkOGZjZDA5MDMxYmE1ZDJiNDQ5M2YsIHdpdGggbWVzc2FnZTphZGRlZCBjIGZpbGVzIGluIGFsZ29yaXRobQorICAgIHJldHVybiBsSGVpZ2h0Oy8vQXV0aG9yZWQgYnk6IGxldGltb21lIGluIGNvbW1pdDo1YTBlNmRmYjQ0NGZiMWM3NmJhZDhmY2QwOTAzMWJhNWQyYjQ0OTNmLCB3aXRoIG1lc3NhZ2U6YWRkZWQgYyBmaWxlcyBpbiBhbGdvcml0aG0KK30vL0F1dGhvcmVkIGJ5OiBsZXRpbW9tZSBpbiBjb21taXQ6NWEwZTZkZmI0NDRmYjFjNzZiYWQ4ZmNkMDkwMzFiYTVkMmI0NDkzZiwgd2l0aCBtZXNzYWdlOmFkZGVkIGMgZmlsZXMgaW4gYWxnb3JpdGhtCisvL0F1dGhvcmVkIGJ5OiBsZXRpbW9tZSBpbiBjb21taXQ6NWEwZTZkZmI0NDRmYjFjNzZiYWQ4ZmNkMDkwMzFiYTVkMmI0NDkzZiwgd2l0aCBtZXNzYWdlOmFkZGVkIGMgZmlsZXMgaW4gYWxnb3JpdGhtCitzdGF0aWMgRFdPUkQgUG9pbnRTaXplRnJvbUhlaWdodChMT05HIGxIZWlnaHQpLy9BdXRob3JlZCBieTogbGV0aW1vbWUgaW4gY29tbWl0OjVhMGU2ZGZiNDQ0ZmIxYzc2YmFkOGZjZDA5MDMxYmE1ZDJiNDQ5M2YsIHdpdGggbWVzc2FnZTphZGRlZCBjIGZpbGVzIGluIGFsZ29yaXRobQorey8vQXV0aG9yZWQgYnk6IGxldGltb21lIGluIGNvbW1pdDo1YTBlNmRmYjQ0NGZiMWM3NmJhZDhmY2QwOTAzMWJhNWQyYjQ0OTNmLCB3aXRoIG1lc3NhZ2U6YWRkZWQgYyBmaWxlcyBpbiBhbGdvcml0aG0KKyAgICBEV09SRCBkd1BvaW50U2l6ZTsvL0F1dGhvcmVkIGJ5OiBsZXRpbW9tZSBpbiBjb21taXQ6NWEwZTZkZmI0NDRmYjFjNzZiYWQ4ZmNkMDkwMzFiYTVkMmI0NDkzZiwgd2l0aCBtZXNzYWdlOmFkZGVkIGMgZmlsZXMgaW4gYWxnb3JpdGhtCisgICAgSERDIGhEQzsvL0F1dGhvcmVkIGJ5OiBsZXRpbW9tZSBpbiBjb21taXQ6NWEwZTZkZmI0NDRmYjFjNzZiYWQ4ZmNkMDkwMzFiYTVkMmI0NDkzZiwgd2l0aCBtZXNzYWdlOmFkZGVkIGMgZmlsZXMgaW4gYWxnb3JpdGhtCisvL0F1dGhvcmVkIGJ5OiBsZXRpbW9tZSBpbiBjb21taXQ6NWEwZTZkZmI0NDRmYjFjNzZiYWQ4ZmNkMDkwMzFiYTVkMmI0NDkzZiwgd2l0aCBtZXNzYWdlOmFkZGVkIGMgZmlsZXMgaW4gYWxnb3JpdGhtCisgICAgaERDID0gR2V0REMoTlVMTCk7Ly9BdXRob3JlZCBieTogbGV0aW1vbWUgaW4gY29tbWl0OjVhMGU2ZGZiNDQ0ZmIxYzc2YmFkOGZjZDA5MDMxYmE1ZDJiNDQ5M2YsIHdpdGggbWVzc2FnZTphZGRlZCBjIGZpbGVzIGluIGFsZ29yaXRobQorICAgIGR3UG9pbnRTaXplID0gLU11bERpdihsSGVpZ2h0LCA3MjAsIEdldERldmljZUNhcHMoaERDLCBMT0dQSVhFTFNZKSk7Ly9BdXRob3JlZCBieTogbGV0aW1vbWUgaW4gY29tbWl0OjVhMGU2ZGZiNDQ0ZmIxYzc2YmFkOGZjZDA5MDMxYmE1ZDJiNDQ5M2YsIHdpdGggbWVzc2FnZTphZGRlZCBjIGZpbGVzIGluIGFsZ29yaXRobQorICAgIFJlbGVhc2VEQyhOVUxMLCBoREMpOy8vQXV0aG9yZWQgYnk6IGxldGltb21lIGluIGNvbW1pdDo1YTBlNmRmYjQ0NGZiMWM3NmJhZDhmY2QwOTAzMWJhNWQyYjQ0OTNmLCB3aXRoIG1lc3NhZ2U6YWRkZWQgYyBmaWxlcyBpbiBhbGdvcml0aG0KKy8vQXV0aG9yZWQgYnk6IGxldGltb21lIGluIGNvbW1pdDo1YTBlNmRmYjQ0NGZiMWM3NmJhZDhmY2QwOTAzMWJhNWQyYjQ0OTNmLCB3aXRoIG1lc3NhZ2U6YWRkZWQgYyBmaWxlcyBpbiBhbGdvcml0aG0KKyAgICAvKiByb3VuZCB0byBuZWFyZXN0IG11bHRpcGxlIG9mIDEwICovLy9BdXRob3JlZCBieTogbGV0aW1vbWUgaW4gY29tbWl0OjVhMGU2ZGZiNDQ0ZmIxYzc2YmFkOGZjZDA5MDMxYmE1ZDJiNDQ5M2YsIHdpdGggbWVzc2FnZTphZGRlZCBjIGZpbGVzIGluIGFsZ29yaXRobQorICAgIGR3UG9pbnRTaXplICs9IDU7Ly9BdXRob3JlZCBieTogbGV0aW1vbWUgaW4gY29tbWl0OjVhMGU2ZGZiNDQ0ZmIxYzc2YmFkOGZjZDA5MDMxYmE1ZDJiNDQ5M2YsIHdpdGggbWVzc2FnZTphZGRlZCBjIGZpbGVzIGluIGFsZ29yaXRobQorICAgIGR3UG9pbnRTaXplIC09IGR3UG9pbnRTaXplICUgMTA7Ly9BdXRob3JlZCBieTogbGV0aW1vbWUgaW4gY29tbWl0OjVhMGU2ZGZiNDQ0ZmIxYzc2YmFkOGZjZDA5MDMxYmE1ZDJiNDQ5M2YsIHdpdGggbWVzc2FnZTphZGRlZCBjIGZpbGVzIGluIGFsZ29yaXRobQorLy9BdXRob3JlZCBieTogbGV0aW1vbWUgaW4gY29tbWl0OjVhMGU2ZGZiNDQ0ZmIxYzc2YmFkOGZjZDA5MDMxYmE1ZDJiNDQ5M2YsIHdpdGggbWVzc2FnZTphZGRlZCBjIGZpbGVzIGluIGFsZ29yaXRobQorICAgIHJldHVybiBkd1BvaW50U2l6ZTsvL0F1dGhvcmVkIGJ5OiBsZXRpbW9tZSBpbiBjb21taXQ6NWEwZTZkZmI0NDRmYjFjNzZiYWQ4ZmNkMDkwMzFiYTVkMmI0NDkzZiwgd2l0aCBtZXNzYWdlOmFkZGVkIGMgZmlsZXMgaW4gYWxnb3JpdGhtCit9Ly9BdXRob3JlZCBieTogbGV0aW1vbWUgaW4gY29tbWl0OjVhMGU2ZGZiNDQ0ZmIxYzc2YmFkOGZjZDA5MDMxYmE1ZDJiNDQ5M2YsIHdpdGggbWVzc2FnZTphZGRlZCBjIGZpbGVzIGluIGFsZ29yaXRobQorLy9BdXRob3JlZCBieTogbGV0aW1vbWUgaW4gY29tbWl0OjVhMGU2ZGZiNDQ0ZmIxYzc2YmFkOGZjZDA5MDMxYmE1ZDJiNDQ5M2YsIHdpdGggbWVzc2FnZTphZGRlZCBjIGZpbGVzIGluIGFsZ29yaXRobQorc3RhdGljIEJPT0wvL0F1dGhvcmVkIGJ5OiBsZXRpbW9tZSBpbiBjb21taXQ6NWEwZTZkZmI0NDRmYjFjNzZiYWQ4ZmNkMDkwMzFiYTVkMmI0NDkzZiwgd2l0aCBtZXNzYWdlOmFkZGVkIGMgZmlsZXMgaW4gYWxnb3JpdGhtCitRdWVyeUdlbmVyaWMoSEtFWSBoS2V5LCBMUENUU1RSIHBzelZhbHVlTmFtZVQsIERXT1JEIGR3RXhwZWN0ZWRUeXBlLC8vQXV0aG9yZWQgYnk6IGxldGltb21lIGluIGNvbW1pdDo1YTBlNmRmYjQ0NGZiMWM3NmJhZDhmY2QwOTAzMWJhNWQyYjQ0OTNmLCB3aXRoIG1lc3NhZ2U6YWRkZWQgYyBmaWxlcyBpbiBhbGdvcml0aG0KKyAgICAgICAgICAgICBMUFZPSUQgcHZSZXN1bHQsIERXT1JEIGR3UmVzdWx0U2l6ZSkvL0F1dGhvcmVkIGJ5OiBsZXRpbW9tZSBpbiBjb21taXQ6NWEwZTZkZmI0NDRmYjFjNzZiYWQ4ZmNkMDkwMzFiYTVkMmI0NDkzZiwgd2l0aCBtZXNzYWdlOmFkZGVkIGMgZmlsZXMgaW4gYWxnb3JpdGhtCit7Ly9BdXRob3JlZCBieTogbGV0aW1vbWUgaW4gY29tbWl0OjVhMGU2ZGZiNDQ0ZmIxYzc2YmFkOGZjZDA5MDMxYmE1ZDJiNDQ5M2YsIHdpdGggbWVzc2FnZTphZGRlZCBjIGZpbGVzIGluIGFsZ29yaXRobQorICAgIERXT1JEIGR3VHlwZSwgY2JEYXRhOy8vQXV0aG9yZWQgYnk6IGxldGltb21lIGluIGNvbW1pdDo1YTBlNmRmYjQ0NGZiMWM3NmJhZDhmY2QwOTAzMWJhNWQyYjQ0OTNmLCB3aXRoIG1lc3NhZ2U6YWRkZWQgYyBmaWxlcyBpbiBhbGdvcml0aG0KKyAgICBMUFZPSUQgKnBUZW1wID0gX2FsbG9jYShkd1Jlc3VsdFNpemUpOy8vQXV0aG9yZWQgYnk6IGxldGltb21lIGluIGNvbW1pdDo1YTBlNmRmYjQ0NGZiMWM3NmJhZDhmY2QwOTAzMWJhNWQyYjQ0OTNmLCB3aXRoIG1lc3NhZ2U6YWRkZWQgYyBmaWxlcyBpbiBhbGdvcml0aG0KKy8vQXV0aG9yZWQgYnk6IGxldGltb21lIGluIGNvbW1pdDo1YTBlNmRmYjQ0NGZiMWM3NmJhZDhmY2QwOTAzMWJhNWQyYjQ0OTNmLCB3aXRoIG1lc3NhZ2U6YWRkZWQgYyBmaWxlcyBpbiBhbGdvcml0aG0KKyAgICBaZXJvTWVtb3J5KHBUZW1wLCBkd1Jlc3VsdFNpemUpOy8vQXV0aG9yZWQgYnk6IGxldGltb21lIGluIGNvbW1pdDo1YTBlNmRmYjQ0NGZiMWM3NmJhZDhmY2QwOTAzMWJhNWQyYjQ0OTNmLCB3aXRoIG1lc3NhZ2U6YWRkZWQgYyBmaWxlcyBpbiBhbGdvcml0aG0KKy8vQXV0aG9yZWQgYnk6IGxldGltb21lIGluIGNvbW1pdDo1YTBlNmRmYjQ0NGZiMWM3NmJhZDhmY2QwOTAzMWJhNWQyYjQ0OTNmLCB3aXRoIG1lc3NhZ2U6YWRkZWQgYyBmaWxlcyBpbiBhbGdvcml0aG0KKyAgICBjYkRhdGEgPSBkd1Jlc3VsdFNpemU7Ly9BdXRob3JlZCBieTogbGV0aW1vbWUgaW4gY29tbWl0OjVhMGU2ZGZiNDQ0ZmIxYzc2YmFkOGZjZDA5MDMxYmE1ZDJiNDQ5M2YsIHdpdGggbWVzc2FnZTphZGRlZCBjIGZpbGVzIGluIGFsZ29yaXRobQorICAgIGlmIChSZWdRdWVyeVZhbHVlRXgoaEtleSwgcHN6VmFsdWVOYW1lVCwgTlVMTCwgJmR3VHlwZSwgKExQQllURSkgcFRlbXAsICZjYkRhdGEpICE9IEVSUk9SX1NVQ0NFU1MpLy9BdXRob3JlZCBieTogbGV0aW1vbWUgaW4gY29tbWl0OjVhMGU2ZGZiNDQ0ZmIxYzc2YmFkOGZjZDA5MDMxYmE1ZDJiNDQ5M2YsIHdpdGggbWVzc2FnZTphZGRlZCBjIGZpbGVzIGluIGFsZ29yaXRobQorICAgICAgICByZXR1cm4gRkFMU0U7Ly9BdXRob3JlZCBieTogbGV0aW1vbWUgaW4gY29tbWl0OjVhMGU2ZGZiNDQ0ZmIxYzc2YmFkOGZjZDA5MDMxYmE1ZDJiNDQ5M2YsIHdpdGggbWVzc2FnZTphZGRlZCBjIGZpbGVzIGluIGFsZ29yaXRobQorLy9BdXRob3JlZCBieTogbGV0aW1vbWUgaW4gY29tbWl0OjVhMGU2ZGZiNDQ0ZmIxYzc2YmFkOGZjZDA5MDMxYmE1ZDJiNDQ5M2YsIHdpdGggbWVzc2FnZTphZGRlZCBjIGZpbGVzIGluIGFsZ29yaXRobQorICAgIGlmIChkd1R5cGUgIT0gZHdFeHBlY3RlZFR5cGUpLy9BdXRob3JlZCBieTogbGV0aW1vbWUgaW4gY29tbWl0OjVhMGU2ZGZiNDQ0ZmIxYzc2YmFkOGZjZDA5MDMxYmE1ZDJiNDQ5M2YsIHdpdGggbWVzc2FnZTphZGRlZCBjIGZpbGVzIGluIGFsZ29yaXRobQorICAgICAgICByZXR1cm4gRkFMU0U7Ly9BdXRob3JlZCBieTogbGV0aW1vbWUgaW4gY29tbWl0OjVhMGU2ZGZiNDQ0ZmIxYzc2YmFkOGZjZDA5MDMxYmE1ZDJiNDQ5M2YsIHdpdGggbWVzc2FnZTphZGRlZCBjIGZpbGVzIGluIGFsZ29yaXRobQorLy9BdXRob3JlZCBieTogbGV0aW1vbWUgaW4gY29tbWl0OjVhMGU2ZGZiNDQ0ZmIxYzc2YmFkOGZjZDA5MDMxYmE1ZDJiNDQ5M2YsIHdpdGggbWVzc2FnZTphZGRlZCBjIGZpbGVzIGluIGFsZ29yaXRobQorICAgIG1lbWNweShwdlJlc3VsdCwgcFRlbXAsIGNiRGF0YSk7Ly9BdXRob3JlZCBieTogbGV0aW1vbWUgaW4gY29tbWl0OjVhMGU2ZGZiNDQ0ZmIxYzc2YmFkOGZjZDA5MDMxYmE1ZDJiNDQ5M2YsIHdpdGggbWVzc2FnZTphZGRlZCBjIGZpbGVzIGluIGFsZ29yaXRobQorICAgIHJldHVybiBUUlVFOy8vQXV0aG9yZWQgYnk6IGxldGltb21lIGluIGNvbW1pdDo1YTBlNmRmYjQ0NGZiMWM3NmJhZDhmY2QwOTAzMWJhNWQyYjQ0OTNmLCB3aXRoIG1lc3NhZ2U6YWRkZWQgYyBmaWxlcyBpbiBhbGdvcml0aG0KK30vL0F1dGhvcmVkIGJ5OiBsZXRpbW9tZSBpbiBjb21taXQ6NWEwZTZkZmI0NDRmYjFjNzZiYWQ4ZmNkMDkwMzFiYTVkMmI0NDkzZiwgd2l0aCBtZXNzYWdlOmFkZGVkIGMgZmlsZXMgaW4gYWxnb3JpdGhtCisvL0F1dGhvcmVkIGJ5OiBsZXRpbW9tZSBpbiBjb21taXQ6NWEwZTZkZmI0NDRmYjFjNzZiYWQ4ZmNkMDkwMzFiYTVkMmI0NDkzZiwgd2l0aCBtZXNzYWdlOmFkZGVkIGMgZmlsZXMgaW4gYWxnb3JpdGhtCitzdGF0aWMgQk9PTCBRdWVyeUR3b3JkKEhLRVkgaEtleSwgTFBDVFNUUiBwc3pWYWx1ZU5hbWUsIERXT1JEICpwZHdSZXN1bHQpLy9BdXRob3JlZCBieTogbGV0aW1vbWUgaW4gY29tbWl0OjVhMGU2ZGZiNDQ0ZmIxYzc2YmFkOGZjZDA5MDMxYmE1ZDJiNDQ5M2YsIHdpdGggbWVzc2FnZTphZGRlZCBjIGZpbGVzIGluIGFsZ29yaXRobQorey8vQXV0aG9yZWQgYnk6IGxldGltb21lIGluIGNvbW1pdDo1YTBlNmRmYjQ0NGZiMWM3NmJhZDhmY2QwOTAzMWJhNWQyYjQ0OTNmLCB3aXRoIG1lc3NhZ2U6YWRkZWQgYyBmaWxlcyBpbiBhbGdvcml0aG0KKyAgICByZXR1cm4gUXVlcnlHZW5lcmljKGhLZXksIHBzelZhbHVlTmFtZSwgUkVHX0RXT1JELCBwZHdSZXN1bHQsIHNpemVvZigqcGR3UmVzdWx0KSk7Ly9BdXRob3JlZCBieTogbGV0aW1vbWUgaW4gY29tbWl0OjVhMGU2ZGZiNDQ0ZmIxYzc2YmFkOGZjZDA5MDMxYmE1ZDJiNDQ5M2YsIHdpdGggbWVzc2FnZTphZGRlZCBjIGZpbGVzIGluIGFsZ29yaXRobQorfS8vQXV0aG9yZWQgYnk6IGxldGltb21lIGluIGNvbW1pdDo1YTBlNmRmYjQ0NGZiMWM3NmJhZDhmY2QwOTAzMWJhNWQyYjQ0OTNmLCB3aXRoIG1lc3NhZ2U6YWRkZWQgYyBmaWxlcyBpbiBhbGdvcml0aG0KKy8vQXV0aG9yZWQgYnk6IGxldGltb21lIGluIGNvbW1pdDo1YTBlNmRmYjQ0NGZiMWM3NmJhZDhmY2QwOTAzMWJhNWQyYjQ0OTNmLCB3aXRoIG1lc3NhZ2U6YWRkZWQgYyBmaWxlcyBpbiBhbGdvcml0aG0KK3N0YXRpYyBCT09MIFF1ZXJ5Qnl0ZShIS0VZIGhLZXksIExQQ1RTVFIgcHN6VmFsdWVOYW1lLCBCWVRFICpwYlJlc3VsdCkvL0F1dGhvcmVkIGJ5OiBsZXRpbW9tZSBpbiBjb21taXQ6NWEwZTZkZmI0NDRmYjFjNzZiYWQ4ZmNkMDkwMzFiYTVkMmI0NDkzZiwgd2l0aCBtZXNzYWdlOmFkZGVkIGMgZmlsZXMgaW4gYWxnb3JpdGhtCit7Ly9BdXRob3JlZCBieTogbGV0aW1vbWUgaW4gY29tbWl0OjVhMGU2ZGZiNDQ0ZmIxYzc2YmFkOGZjZDA5MDMxYmE1ZDJiNDQ5M2YsIHdpdGggbWVzc2FnZTphZGRlZCBjIGZpbGVzIGluIGFsZ29yaXRobQorICAgIERXT1JEIGR3UmVzdWx0Oy8vQXV0aG9yZWQgYnk6IGxldGltb21lIGluIGNvbW1pdDo1YTBlNmRmYjQ0NGZiMWM3NmJhZDhmY2QwOTAzMWJhNWQyYjQ0OTNmLCB3aXRoIG1lc3NhZ2U6YWRkZWQgYyBmaWxlcyBpbiBhbGdvcml0aG0KKyAgICBpZiAoIVF1ZXJ5R2VuZXJpYyhoS2V5LCBwc3pWYWx1ZU5hbWUsIFJFR19EV09SRCwgJmR3UmVzdWx0LCBzaXplb2YoZHdSZXN1bHQpKSkvL0F1dGhvcmVkIGJ5OiBsZXRpbW9tZSBpbiBjb21taXQ6NWEwZTZkZmI0NDRmYjFjNzZiYWQ4ZmNkMDkwMzFiYTVkMmI0NDkzZiwgd2l0aCBtZXNzYWdlOmFkZGVkIGMgZmlsZXMgaW4gYWxnb3JpdGhtCisgICAgICAgIHJldHVybiBGQUxTRTsvL0F1dGhvcmVkIGJ5OiBsZXRpbW9tZSBpbiBjb21taXQ6NWEwZTZkZmI0NDRmYjFjNzZiYWQ4ZmNkMDkwMzFiYTVkMmI0NDkzZiwgd2l0aCBtZXNzYWdlOmFkZGVkIGMgZmlsZXMgaW4gYWxnb3JpdGhtCisgICAgaWYgKGR3UmVzdWx0ID49IDB4MTAwKS8vQXV0aG9yZWQgYnk6IGxldGltb21lIGluIGNvbW1pdDo1YTBlNmRmYjQ0NGZiMWM3NmJhZDhmY2QwOTAzMWJhNWQyYjQ0OTNmLCB3aXRoIG1lc3NhZ2U6YWRkZWQgYyBmaWxlcyBpbiBhbGdvcml0aG0KKyAgICAgICAgcmV0dXJuIEZBTFNFOy8vQXV0aG9yZWQgYnk6IGxldGltb21lIGluIGNvbW1pdDo1YTBlNmRmYjQ0NGZiMWM3NmJhZDhmY2QwOTAzMWJhNWQyYjQ0OTNmLCB3aXRoIG1lc3NhZ2U6YWRkZWQgYyBmaWxlcyBpbiBhbGdvcml0aG0KKyAgICAqcGJSZXN1bHQgPSAoQllURSkgZHdSZXN1bHQ7Ly9BdXRob3JlZCBieTogbGV0aW1vbWUgaW4gY29tbWl0OjVhMGU2ZGZiNDQ0ZmIxYzc2YmFkOGZjZDA5MDMxYmE1ZDJiNDQ5M2YsIHdpdGggbWVzc2FnZTphZGRlZCBjIGZpbGVzIGluIGFsZ29yaXRobQorICAgIHJldHVybiBUUlVFOy8vQXV0aG9yZWQgYnk6IGxldGltb21lIGluIGNvbW1pdDo1YTBlNmRmYjQ0NGZiMWM3NmJhZDhmY2QwOTAzMWJhNWQyYjQ0OTNmLCB3aXRoIG1lc3NhZ2U6YWRkZWQgYyBmaWxlcyBpbiBhbGdvcml0aG0KK30vL0F1dGhvcmVkIGJ5OiBsZXRpbW9tZSBpbiBjb21taXQ6NWEwZTZkZmI0NDRmYjFjNzZiYWQ4ZmNkMDkwMzFiYTVkMmI0NDkzZiwgd2l0aCBtZXNzYWdlOmFkZGVkIGMgZmlsZXMgaW4gYWxnb3JpdGhtCisvL0F1dGhvcmVkIGJ5OiBsZXRpbW9tZSBpbiBjb21taXQ6NWEwZTZkZmI0NDRmYjFjNzZiYWQ4ZmNkMDkwMzFiYTVkMmI0NDkzZiwgd2l0aCBtZXNzYWdlOmFkZGVkIGMgZmlsZXMgaW4gYWxnb3JpdGhtCitzdGF0aWMgQk9PTCBRdWVyeUJvb2woSEtFWSBoS2V5LCBMUENUU1RSIHBzelZhbHVlTmFtZSwgQk9PTCAqcGJSZXN1bHQpLy9BdXRob3JlZCBieTogbGV0aW1vbWUgaW4gY29tbWl0OjVhMGU2ZGZiNDQ0ZmIxYzc2YmFkOGZjZDA5MDMxYmE1ZDJiNDQ5M2YsIHdpdGggbWVzc2FnZTphZGRlZCBjIGZpbGVzIGluIGFsZ29yaXRobQorey8vQXV0aG9yZWQgYnk6IGxldGltb21lIGluIGNvbW1pdDo1YTBlNmRmYjQ0NGZiMWM3NmJhZDhmY2QwOTAzMWJhNWQyYjQ0OTNmLCB3aXRoIG1lc3NhZ2U6YWRkZWQgYyBmaWxlcyBpbiBhbGdvcml0aG0KKyAgICBEV09SRCBkd1Jlc3VsdDsvL0F1dGhvcmVkIGJ5OiBsZXRpbW9tZSBpbiBjb21taXQ6NWEwZTZkZmI0NDRmYjFjNzZiYWQ4ZmNkMDkwMzFiYTVkMmI0NDkzZiwgd2l0aCBtZXNzYWdlOmFkZGVkIGMgZmlsZXMgaW4gYWxnb3JpdGhtCisgICAgaWYgKCFRdWVyeUR3b3JkKGhLZXksIHBzelZhbHVlTmFtZSwgJmR3UmVzdWx0KSkvL0F1dGhvcmVkIGJ5OiBsZXRpbW9tZSBpbiBjb21taXQ6NWEwZTZkZmI0NDRmYjFjNzZiYWQ4ZmNkMDkwMzFiYTVkMmI0NDkzZiwgd2l0aCBtZXNzYWdlOmFkZGVkIGMgZmlsZXMgaW4gYWxnb3JpdGhtCisgICAgICAgIHJldHVybiBGQUxTRTsvL0F1dGhvcmVkIGJ5OiBsZXRpbW9tZSBpbiBjb21taXQ6NWEwZTZkZmI0NDRmYjFjNzZiYWQ4ZmNkMDkwMzFiYTVkMmI0NDkzZiwgd2l0aCBtZXNzYWdlOmFkZGVkIGMgZmlsZXMgaW4gYWxnb3JpdGhtCisgICAgKnBiUmVzdWx0ID0gZHdSZXN1bHQgPyBUUlVFIDogRkFMU0U7Ly9BdXRob3JlZCBieTogbGV0aW1vbWUgaW4gY29tbWl0OjVhMGU2ZGZiNDQ0ZmIxYzc2YmFkOGZjZDA5MDMxYmE1ZDJiNDQ5M2YsIHdpdGggbWVzc2FnZTphZGRlZCBjIGZpbGVzIGluIGFsZ29yaXRobQorICAgIHJldHVybiBUUlVFOy8vQXV0aG9yZWQgYnk6IGxldGltb21lIGluIGNvbW1pdDo1YTBlNmRmYjQ0NGZiMWM3NmJhZDhmY2QwOTAzMWJhNWQyYjQ0OTNmLCB3aXRoIG1lc3NhZ2U6YWRkZWQgYyBmaWxlcyBpbiBhbGdvcml0aG0KK30vL0F1dGhvcmVkIGJ5OiBsZXRpbW9tZSBpbiBjb21taXQ6NWEwZTZkZmI0NDRmYjFjNzZiYWQ4ZmNkMDkwMzFiYTVkMmI0NDkzZiwgd2l0aCBtZXNzYWdlOmFkZGVkIGMgZmlsZXMgaW4gYWxnb3JpdGhtCisvL0F1dGhvcmVkIGJ5OiBsZXRpbW9tZSBpbiBjb21taXQ6NWEwZTZkZmI0NDRmYjFjNzZiYWQ4ZmNkMDkwMzFiYTVkMmI0NDkzZiwgd2l0aCBtZXNzYWdlOmFkZGVkIGMgZmlsZXMgaW4gYWxnb3JpdGhtCitzdGF0aWMgQk9PTCBRdWVyeVN0cmluZyhIS0VZIGhLZXksIExQQ1RTVFIgcHN6VmFsdWVOYW1lLCBMUFRTVFIgcHN6UmVzdWx0LCBEV09SRCBkd1Jlc3VsdFNpemUpLy9BdXRob3JlZCBieTogbGV0aW1vbWUgaW4gY29tbWl0OjVhMGU2ZGZiNDQ0ZmIxYzc2YmFkOGZjZDA5MDMxYmE1ZDJiNDQ5M2YsIHdpdGggbWVzc2FnZTphZGRlZCBjIGZpbGVzIGluIGFsZ29yaXRobQorey8vQXV0aG9yZWQgYnk6IGxldGltb21lIGluIGNvbW1pdDo1YTBlNmRmYjQ0NGZiMWM3NmJhZDhmY2QwOTAzMWJhNWQyYjQ0OTNmLCB3aXRoIG1lc3NhZ2U6YWRkZWQgYyBmaWxlcyBpbiBhbGdvcml0aG0KKyAgICByZXR1cm4gUXVlcnlHZW5lcmljKGhLZXksIHBzelZhbHVlTmFtZSwgUkVHX1NaLCBwc3pSZXN1bHQsIGR3UmVzdWx0U2l6ZSAqIHNpemVvZihUQ0hBUikpOy8vQXV0aG9yZWQgYnk6IGxldGltb21lIGluIGNvbW1pdDo1YTBlNmRmYjQ0NGZiMWM3NmJhZDhmY2QwOTAzMWJhNWQyYjQ0OTNmLCB3aXRoIG1lc3NhZ2U6YWRkZWQgYyBmaWxlcyBpbiBhbGdvcml0aG0KK30vL0F1dGhvcmVkIGJ5OiBsZXRpbW9tZSBpbiBjb21taXQ6NWEwZTZkZmI0NDRmYjFjNzZiYWQ4ZmNkMDkwMzFiYTVkMmI0NDkzZiwgd2l0aCBtZXNzYWdlOmFkZGVkIGMgZmlsZXMgaW4gYWxnb3JpdGhtCisvL0F1dGhvcmVkIGJ5OiBsZXRpbW9tZSBpbiBjb21taXQ6NWEwZTZkZmI0NDRmYjFjNzZiYWQ4ZmNkMDkwMzFiYTVkMmI0NDkzZiwgd2l0aCBtZXNzYWdlOmFkZGVkIGMgZmlsZXMgaW4gYWxnb3JpdGhtCisvKioqKioqKioqKioqKioqKioqKioqKioqKioqKioqKioqKioqKioqKioqKioqKioqKioqKioqKioqKioqKioqKioqKioqKiovL0F1dGhvcmVkIGJ5OiBsZXRpbW9tZSBpbiBjb21taXQ6NWEwZTZkZmI0NDRmYjFjNzZiYWQ4ZmNkMDkwMzFiYTVkMmI0NDkzZiwgd2l0aCBtZXNzYWdlOmFkZGVkIGMgZmlsZXMgaW4gYWxnb3JpdGhtCisgKi8vQXV0aG9yZWQgYnk6IGxldGltb21lIGluIGNvbW1pdDo1YTBlNmRmYjQ0NGZiMWM3NmJhZDhmY2QwOTAzMWJhNWQyYjQ0OTNmLCB3aXRoIG1lc3NhZ2U6YWRkZWQgYyBmaWxlcyBpbiBhbGdvcml0aG0KKyAqICAgICAgICAgICBOT1RFUEFEX0xvYWRTZXR0aW5nc0Zyb21SZWdpc3RyeS8vQXV0aG9yZWQgYnk6IGxldGltb21lIGluIGNvbW1pdDo1YTBlNmRmYjQ0NGZiMWM3NmJhZDhmY2QwOTAzMWJhNWQyYjQ0OTNmLCB3aXRoIG1lc3NhZ2U6YWRkZWQgYyBmaWxlcyBpbiBhbGdvcml0aG0KKyAqLy9BdXRob3JlZCBieTogbGV0aW1vbWUgaW4gY29tbWl0OjVhMGU2ZGZiNDQ0ZmIxYzc2YmFkOGZjZDA5MDMxYmE1ZDJiNDQ5M2YsIHdpdGggbWVzc2FnZTphZGRlZCBjIGZpbGVzIGluIGFsZ29yaXRobQorICogIExvYWQgc2V0dGluZ3MgZnJvbSByZWdpc3RyeSBIS0NVXFNvZnR3YXJlXE1pY3Jvc29mdFxOb3RlcGFkLi8vQXV0aG9yZWQgYnk6IGxldGltb21lIGluIGNvbW1pdDo1YTBlNmRmYjQ0NGZiMWM3NmJhZDhmY2QwOTAzMWJhNWQyYjQ0OTNmLCB3aXRoIG1lc3NhZ2U6YWRkZWQgYyBmaWxlcyBpbiBhbGdvcml0aG0KKyAqLy8vQXV0aG9yZWQgYnk6IGxldGltb21lIGluIGNvbW1pdDo1YTBlNmRmYjQ0NGZiMWM3NmJhZDhmY2QwOTAzMWJhNWQyYjQ0OTNmLCB3aXRoIG1lc3NhZ2U6YWRkZWQgYyBmaWxlcyBpbiBhbGdvcml0aG0KK3ZvaWQgTk9URVBBRF9Mb2FkU2V0dGluZ3NGcm9tUmVnaXN0cnkodm9pZCkvL0F1dGhvcmVkIGJ5OiBsZXRpbW9tZSBpbiBjb21taXQ6NWEwZTZkZmI0NDRmYjFjNzZiYWQ4ZmNkMDkwMzFiYTVkMmI0NDkzZiwgd2l0aCBtZXNzYWdlOmFkZGVkIGMgZmlsZXMgaW4gYWxnb3JpdGhtCit7Ly9BdXRob3JlZCBieTogbGV0aW1vbWUgaW4gY29tbWl0OjVhMGU2ZGZiNDQ0ZmIxYzc2YmFkOGZjZDA5MDMxYmE1ZDJiNDQ5M2YsIHdpdGggbWVzc2FnZTphZGRlZCBjIGZpbGVzIGluIGFsZ29yaXRobQorICAgIEhLRVkgaEtleSA9IE5VTEw7Ly9BdXRob3JlZCBieTogbGV0aW1vbWUgaW4gY29tbWl0OjVhMGU2ZGZiNDQ0ZmIxYzc2YmFkOGZjZDA5MDMxYmE1ZDJiNDQ5M2YsIHdpdGggbWVzc2FnZTphZGRlZCBjIGZpbGVzIGluIGFsZ29yaXRobQorICAgIEhGT05UIGhGb250Oy8vQXV0aG9yZWQgYnk6IGxldGltb21lIGluIGNvbW1pdDo1YTBlNmRmYjQ0NGZiMWM3NmJhZDhmY2QwOTAzMWJhNWQyYjQ0OTNmLCB3aXRoIG1lc3NhZ2U6YWRkZWQgYyBmaWxlcyBpbiBhbGdvcml0aG0KKyAgICBEV09SRCBkd1BvaW50U2l6ZSA9IDA7Ly9BdXRob3JlZCBieTogbGV0aW1vbWUgaW4gY29tbWl0OjVhMGU2ZGZiNDQ0ZmIxYzc2YmFkOGZjZDA5MDMxYmE1ZDJiNDQ5M2YsIHdpdGggbWVzc2FnZTphZGRlZCBjIGZpbGVzIGluIGFsZ29yaXRobQorICAgIElOVCBiYXNlX2xlbmd0aCwgZHgsIGR5Oy8vQXV0aG9yZWQgYnk6IGxldGltb21lIGluIGNvbW1pdDo1YTBlNmRmYjQ0NGZiMWM3NmJhZDhmY2QwOTAzMWJhNWQyYjQ0OTNmLCB3aXRoIG1lc3NhZ2U6YWRkZWQgYyBmaWxlcyBpbiBhbGdvcml0aG0KKy8vQXV0aG9yZWQgYnk6IGxldGltb21lIGluIGNvbW1pdDo1YTBlNmRmYjQ0NGZiMWM3NmJhZDhmY2QwOTAzMWJhNWQyYjQ0OTNmLCB3aXRoIG1lc3NhZ2U6YWRkZWQgYyBmaWxlcyBpbiBhbGdvcml0aG0KKyAgICBiYXNlX2xlbmd0aCA9IChHZXRTeXN0ZW1NZXRyaWNzKFNNX0NYU0NSRUVOKSA+IEdldFN5c3RlbU1ldHJpY3MoU01fQ1lTQ1JFRU4pKSA/Ly9BdXRob3JlZCBieTogbGV0aW1vbWUgaW4gY29tbWl0OjVhMGU2ZGZiNDQ0ZmIxYzc2YmFkOGZjZDA5MDMxYmE1ZDJiNDQ5M2YsIHdpdGggbWVzc2FnZTphZGRlZCBjIGZpbGVzIGluIGFsZ29yaXRobQorICAgICAgICAgICAgICAgICAgR2V0U3lzdGVtTWV0cmljcyhTTV9DWVNDUkVFTikgOiBHZXRTeXN0ZW1NZXRyaWNzKFNNX0NYU0NSRUVOKTsvL0F1dGhvcmVkIGJ5OiBsZXRpbW9tZSBpbiBjb21taXQ6NWEwZTZkZmI0NDRmYjFjNzZiYWQ4ZmNkMDkwMzFiYTVkMmI0NDkzZiwgd2l0aCBtZXNzYWdlOmFkZGVkIGMgZmlsZXMgaW4gYWxnb3JpdGhtCisvL0F1dGhvcmVkIGJ5OiBsZXRpbW9tZSBpbiBjb21taXQ6NWEwZTZkZmI0NDRmYjFjNzZiYWQ4ZmNkMDkwMzFiYTVkMmI0NDkzZiwgd2l0aCBtZXNzYWdlOmFkZGVkIGMgZmlsZXMgaW4gYWxnb3JpdGhtCisgICAgZHggPSAoSU5UKShiYXNlX2xlbmd0aCAqIC45NSk7Ly9BdXRob3JlZCBieTogbGV0aW1vbWUgaW4gY29tbWl0OjVhMGU2ZGZiNDQ0ZmIxYzc2YmFkOGZjZDA5MDMxYmE1ZDJiNDQ5M2YsIHdpdGggbWVzc2FnZTphZGRlZCBjIGZpbGVzIGluIGFsZ29yaXRobQorICAgIGR5ID0gZHggKiAzIC8gNDsvL0F1dGhvcmVkIGJ5OiBsZXRpbW9tZSBpbiBjb21taXQ6NWEwZTZkZmI0NDRmYjFjNzZiYWQ4ZmNkMDkwMzFiYTVkMmI0NDkzZiwgd2l0aCBtZXNzYWdlOmFkZGVkIGMgZmlsZXMgaW4gYWxnb3JpdGhtCisgICAgU2V0UmVjdCgmR2xvYmFscy5tYWluX3JlY3QsIDAsIDAsIGR4LCBkeSk7Ly9BdXRob3JlZCBieTogbGV0aW1vbWUgaW4gY29tbWl0OjVhMGU2ZGZiNDQ0ZmIxYzc2YmFkOGZjZDA5MDMxYmE1ZDJiNDQ5M2YsIHdpdGggbWVzc2FnZTphZGRlZCBjIGZpbGVzIGluIGFsZ29yaXRobQorLy9BdXRob3JlZCBieTogbGV0aW1vbWUgaW4gY29tbWl0OjVhMGU2ZGZiNDQ0ZmIxYzc2YmFkOGZjZDA5MDMxYmE1ZDJiNDQ5M2YsIHdpdGggbWVzc2FnZTphZGRlZCBjIGZpbGVzIGluIGFsZ29yaXRobQorICAgIGlmIChSZWdPcGVuS2V5KEhLRVlfQ1VSUkVOVF9VU0VSLCBzX3N6UmVnaXN0cnlLZXksICZoS2V5KSA9PSBFUlJPUl9TVUNDRVNTKS8vQXV0aG9yZWQgYnk6IGxldGltb21lIGluIGNvbW1pdDo1YTBlNmRmYjQ0NGZiMWM3NmJhZDhmY2QwOTAzMWJhNWQyYjQ0OTNmLCB3aXRoIG1lc3NhZ2U6YWRkZWQgYyBmaWxlcyBpbiBhbGdvcml0aG0KKyAgICB7Ly9BdXRob3JlZCBieTogbGV0aW1vbWUgaW4gY29tbWl0OjVhMGU2ZGZiNDQ0ZmIxYzc2YmFkOGZjZDA5MDMxYmE1ZDJiNDQ5M2YsIHdpdGggbWVzc2FnZTphZGRlZCBjIGZpbGVzIGluIGFsZ29yaXRobQorICAgICAgICBRdWVyeUJ5dGUoaEtleSwgX1QoImxmQ2hhclNldCIpLCAmR2xvYmFscy5sZkZvbnQubGZDaGFyU2V0KTsvL0F1dGhvcmVkIGJ5OiBsZXRpbW9tZSBpbiBjb21taXQ6NWEwZTZkZmI0NDRmYjFjNzZiYWQ4ZmNkMDkwMzFiYTVkMmI0NDkzZiwgd2l0aCBtZXNzYWdlOmFkZGVkIGMgZmlsZXMgaW4gYWxnb3JpdGhtCisgICAgICAgIFF1ZXJ5Qnl0ZShoS2V5LCBfVCgibGZDbGlwUHJlY2lzaW9uIiksICZHbG9iYWxzLmxmRm9udC5sZkNsaXBQcmVjaXNpb24pOy8vQXV0aG9yZWQgYnk6IGxldGltb21lIGluIGNvbW1pdDo1YTBlNmRmYjQ0NGZiMWM3NmJhZDhmY2QwOTAzMWJhNWQyYjQ0OTNmLCB3aXRoIG1lc3NhZ2U6YWRkZWQgYyBmaWxlcyBpbiBhbGdvcml0aG0KKyAgICAgICAgUXVlcnlEd29yZChoS2V5LCBfVCgibGZFc2NhcGVtZW50IiksIChEV09SRCopJkdsb2JhbHMubGZGb250LmxmRXNjYXBlbWVudCk7Ly9BdXRob3JlZCBieTogbGV0aW1vbWUgaW4gY29tbWl0OjVhMGU2ZGZiNDQ0ZmIxYzc2YmFkOGZjZDA5MDMxYmE1ZDJiNDQ5M2YsIHdpdGggbWVzc2FnZTphZGRlZCBjIGZpbGVzIGluIGFsZ29yaXRobQorICAgICAgICBRdWVyeVN0cmluZyhoS2V5LCBfVCgibGZGYWNlTmFtZSIpLCBHbG9iYWxzLmxmRm9udC5sZkZhY2VOYW1lLCBBUlJBWV9TSVpFKEdsb2JhbHMubGZGb250LmxmRmFjZU5hbWUpKTsvL0F1dGhvcmVkIGJ5OiBsZXRpbW9tZSBpbiBjb21taXQ6NWEwZTZkZmI0NDRmYjFjNzZiYWQ4ZmNkMDkwMzFiYTVkMmI0NDkzZiwgd2l0aCBtZXNzYWdlOmFkZGVkIGMgZmlsZXMgaW4gYWxnb3JpdGhtCisgICAgICAgIFF1ZXJ5Qnl0ZShoS2V5LCBfVCgibGZJdGFsaWMiKSwgJkdsb2JhbHMubGZGb250LmxmSXRhbGljKTsvL0F1dGhvcmVkIGJ5OiBsZXRpbW9tZSBpbiBjb21taXQ6NWEwZTZkZmI0NDRmYjFjNzZiYWQ4ZmNkMDkwMzFiYTVkMmI0NDkzZiwgd2l0aCBtZXNzYWdlOmFkZGVkIGMgZmlsZXMgaW4gYWxnb3JpdGhtCisgICAgICAgIFF1ZXJ5RHdvcmQoaEtleSwgX1QoImxmT3JpZW50YXRpb24iKSwgKERXT1JEKikmR2xvYmFscy5sZkZvbnQubGZPcmllbnRhdGlvbik7Ly9BdXRob3JlZCBieTogbGV0aW1vbWUgaW4gY29tbWl0OjVhMGU2ZGZiNDQ0ZmIxYzc2YmFkOGZjZDA5MDMxYmE1ZDJiNDQ5M2YsIHdpdGggbWVzc2FnZTphZGRlZCBjIGZpbGVzIGluIGFsZ29yaXRobQorICAgICAgICBRdWVyeUJ5dGUoaEtleSwgX1QoImxmT3V0UHJlY2lzaW9uIiksICZHbG9iYWxzLmxmRm9udC5sZk91dFByZWNpc2lvbik7Ly9BdXRob3JlZCBieTogbGV0aW1vbWUgaW4gY29tbWl0OjVhMGU2ZGZiNDQ0ZmIxYzc2YmFkOGZjZDA5MDMxYmE1ZDJiNDQ5M2YsIHdpdGggbWVzc2FnZTphZGRlZCBjIGZpbGVzIGluIGFsZ29yaXRobQorICAgICAgICBRdWVyeUJ5dGUoaEtleSwgX1QoImxmUGl0Y2hBbmRGYW1pbHkiKSwgJkdsb2JhbHMubGZGb250LmxmUGl0Y2hBbmRGYW1pbHkpOy8vQXV0aG9yZWQgYnk6IGxldGltb21lIGluIGNvbW1pdDo1YTBlNmRmYjQ0NGZiMWM3NmJhZDhmY2QwOTAzMWJhNWQyYjQ0OTNmLCB3aXRoIG1lc3NhZ2U6YWRkZWQgYyBmaWxlcyBpbiBhbGdvcml0aG0KKyAgICAgICAgUXVlcnlCeXRlKGhLZXksIF9UKCJsZlF1YWxpdHkiKSwgJkdsb2JhbHMubGZGb250LmxmUXVhbGl0eSk7Ly9BdXRob3JlZCBieTogbGV0aW1vbWUgaW4gY29tbWl0OjVhMGU2ZGZiNDQ0ZmIxYzc2YmFkOGZjZDA5MDMxYmE1ZDJiNDQ5M2YsIHdpdGggbWVzc2FnZTphZGRlZCBjIGZpbGVzIGluIGFsZ29yaXRobQorICAgICAgICBRdWVyeUJ5dGUoaEtleSwgX1QoImxmU3RyaWtlT3V0IiksICZHbG9iYWxzLmxmRm9udC5sZlN0cmlrZU91dCk7Ly9BdXRob3JlZCBieTogbGV0aW1vbWUgaW4gY29tbWl0OjVhMGU2ZGZiNDQ0ZmIxYzc2YmFkOGZjZDA5MDMxYmE1ZDJiNDQ5M2YsIHdpdGggbWVzc2FnZTphZGRlZCBjIGZpbGVzIGluIGFsZ29yaXRobQorICAgICAgICBRdWVyeUJ5dGUoaEtleSwgX1QoImxmVW5kZXJsaW5lIiksICZHbG9iYWxzLmxmRm9udC5sZlVuZGVybGluZSk7Ly9BdXRob3JlZCBieTogbGV0aW1vbWUgaW4gY29tbWl0OjVhMGU2ZGZiNDQ0ZmIxYzc2YmFkOGZjZDA5MDMxYmE1ZDJiNDQ5M2YsIHdpdGggbWVzc2FnZTphZGRlZCBjIGZpbGVzIGluIGFsZ29yaXRobQorICAgICAgICBRdWVyeUR3b3JkKGhLZXksIF9UKCJsZldlaWdodCIpLCAoRFdPUkQqKSZHbG9iYWxzLmxmRm9udC5sZldlaWdodCk7Ly9BdXRob3JlZCBieTogbGV0aW1vbWUgaW4gY29tbWl0OjVhMGU2ZGZiNDQ0ZmIxYzc2YmFkOGZjZDA5MDMxYmE1ZDJiNDQ5M2YsIHdpdGggbWVzc2FnZTphZGRlZCBjIGZpbGVzIGluIGFsZ29yaXRobQorICAgICAgICBRdWVyeUR3b3JkKGhLZXksIF9UKCJpUG9pbnRTaXplIiksICZkd1BvaW50U2l6ZSk7Ly9BdXRob3JlZCBieTogbGV0aW1vbWUgaW4gY29tbWl0OjVhMGU2ZGZiNDQ0ZmIxYzc2YmFkOGZjZDA5MDMxYmE1ZDJiNDQ5M2YsIHdpdGggbWVzc2FnZTphZGRlZCBjIGZpbGVzIGluIGFsZ29yaXRobQorICAgICAgICBRdWVyeUJvb2woaEtleSwgX1QoImZXcmFwIiksICZHbG9iYWxzLmJXcmFwTG9uZ0xpbmVzKTsvL0F1dGhvcmVkIGJ5OiBsZXRpbW9tZSBpbiBjb21taXQ6NWEwZTZkZmI0NDRmYjFjNzZiYWQ4ZmNkMDkwMzFiYTVkMmI0NDkzZiwgd2l0aCBtZXNzYWdlOmFkZGVkIGMgZmlsZXMgaW4gYWxnb3JpdGhtCisgICAgICAgIFF1ZXJ5Qm9vbChoS2V5LCBfVCgiZlN0YXR1c0JhciIpLCAmR2xvYmFscy5iU2hvd1N0YXR1c0Jhcik7Ly9BdXRob3JlZCBieTogbGV0aW1vbWUgaW4gY29tbWl0OjVhMGU2ZGZiNDQ0ZmIxYzc2YmFkOGZjZDA5MDMxYmE1ZDJiNDQ5M2YsIHdpdGggbWVzc2FnZTphZGRlZCBjIGZpbGVzIGluIGFsZ29yaXRobQorICAgICAgICBRdWVyeVN0cmluZyhoS2V5LCBfVCgic3pIZWFkZXIiKSwgR2xvYmFscy5zekhlYWRlciwgQVJSQVlfU0laRShHbG9iYWxzLnN6SGVhZGVyKSk7Ly9BdXRob3JlZCBieTogbGV0aW1vbWUgaW4gY29tbWl0OjVhMGU2ZGZiNDQ0ZmIxYzc2YmFkOGZjZDA5MDMxYmE1ZDJiNDQ5M2YsIHdpdGggbWVzc2FnZTphZGRlZCBjIGZpbGVzIGluIGFsZ29yaXRobQorICAgICAgICBRdWVyeVN0cmluZyhoS2V5LCBfVCgic3pUcmFpbGVyIiksIEdsb2JhbHMuc3pGb290ZXIsIEFSUkFZX1NJWkUoR2xvYmFscy5zekZvb3RlcikpOy8vQXV0aG9yZWQgYnk6IGxldGltb21lIGluIGNvbW1pdDo1YTBlNmRmYjQ0NGZiMWM3NmJhZDhmY2QwOTAzMWJhNWQyYjQ0OTNmLCB3aXRoIG1lc3NhZ2U6YWRkZWQgYyBmaWxlcyBpbiBhbGdvcml0aG0KKyAgICAgICAgUXVlcnlEd29yZChoS2V5LCBfVCgiaU1hcmdpbkxlZnQiKSwgKERXT1JEKikmR2xvYmFscy5sTWFyZ2lucy5sZWZ0KTsvL0F1dGhvcmVkIGJ5OiBsZXRpbW9tZSBpbiBjb21taXQ6NWEwZTZkZmI0NDRmYjFjNzZiYWQ4ZmNkMDkwMzFiYTVkMmI0NDkzZiwgd2l0aCBtZXNzYWdlOmFkZGVkIGMgZmlsZXMgaW4gYWxnb3JpdGhtCisgICAgICAgIFF1ZXJ5RHdvcmQoaEtleSwgX1QoImlNYXJnaW5Ub3AiKSwgKERXT1JEKikmR2xvYmFscy5sTWFyZ2lucy50b3ApOy8vQXV0aG9yZWQgYnk6IGxldGltb21lIGluIGNvbW1pdDo1YTBlNmRmYjQ0NGZiMWM3NmJhZDhmY2QwOTAzMWJhNWQyYjQ0OTNmLCB3aXRoIG1lc3NhZ2U6YWRkZWQgYyBmaWxlcyBpbiBhbGdvcml0aG0KKyAgICAgICAgUXVlcnlEd29yZChoS2V5LCBfVCgiaU1hcmdpblJpZ2h0IiksIChEV09SRCopJkdsb2JhbHMubE1hcmdpbnMucmlnaHQpOy8vQXV0aG9yZWQgYnk6IGxldGltb21lIGluIGNvbW1pdDo1YTBlNmRmYjQ0NGZiMWM3NmJhZDhmY2QwOTAzMWJhNWQyYjQ0OTNmLCB3aXRoIG1lc3NhZ2U6YWRkZWQgYyBmaWxlcyBpbiBhbGdvcml0aG0KKyAgICAgICAgUXVlcnlEd29yZChoS2V5LCBfVCgiaU1hcmdpbkJvdHRvbSIpLCAoRFdPUkQqKSZHbG9iYWxzLmxNYXJnaW5zLmJvdHRvbSk7Ly9BdXRob3JlZCBieTogbGV0aW1vbWUgaW4gY29tbWl0OjVhMGU2ZGZiNDQ0ZmIxYzc2YmFkOGZjZDA5MDMxYmE1ZDJiNDQ5M2YsIHdpdGggbWVzc2FnZTphZGRlZCBjIGZpbGVzIGluIGFsZ29yaXRobQorLy9BdXRob3JlZCBieTogbGV0aW1vbWUgaW4gY29tbWl0OjVhMGU2ZGZiNDQ0ZmIxYzc2YmFkOGZjZDA5MDMxYmE1ZDJiNDQ5M2YsIHdpdGggbWVzc2FnZTphZGRlZCBjIGZpbGVzIGluIGFsZ29yaXRobQorICAgICAgICBRdWVyeUR3b3JkKGhLZXksIF9UKCJpV2luZG93UG9zWCIpLCAoRFdPUkQqKSZHbG9iYWxzLm1haW5fcmVjdC5sZWZ0KTsvL0F1dGhvcmVkIGJ5OiBsZXRpbW9tZSBpbiBjb21taXQ6NWEwZTZkZmI0NDRmYjFjNzZiYWQ4ZmNkMDkwMzFiYTVkMmI0NDkzZiwgd2l0aCBtZXNzYWdlOmFkZGVkIGMgZmlsZXMgaW4gYWxnb3JpdGhtCisgICAgICAgIFF1ZXJ5RHdvcmQoaEtleSwgX1QoImlXaW5kb3dQb3NZIiksIChEV09SRCopJkdsb2JhbHMubWFpbl9yZWN0LnRvcCk7Ly9BdXRob3JlZCBieTogbGV0aW1vbWUgaW4gY29tbWl0OjVhMGU2ZGZiNDQ0ZmIxYzc2YmFkOGZjZDA5MDMxYmE1ZDJiNDQ5M2YsIHdpdGggbWVzc2FnZTphZGRlZCBjIGZpbGVzIGluIGFsZ29yaXRobQorICAgICAgICBRdWVyeUR3b3JkKGhLZXksIF9UKCJpV2luZG93UG9zRFgiKSwgKERXT1JEKikmZHgpOy8vQXV0aG9yZWQgYnk6IGxldGltb21lIGluIGNvbW1pdDo1YTBlNmRmYjQ0NGZiMWM3NmJhZDhmY2QwOTAzMWJhNWQyYjQ0OTNmLCB3aXRoIG1lc3NhZ2U6YWRkZWQgYyBmaWxlcyBpbiBhbGdvcml0aG0KKyAgICAgICAgUXVlcnlEd29yZChoS2V5LCBfVCgiaVdpbmRvd1Bvc0RZIiksIChEV09SRCopJmR5KTsvL0F1dGhvcmVkIGJ5OiBsZXRpbW9tZSBpbiBjb21taXQ6NWEwZTZkZmI0NDRmYjFjNzZiYWQ4ZmNkMDkwMzFiYTVkMmI0NDkzZiwgd2l0aCBtZXNzYWdlOmFkZGVkIGMgZmlsZXMgaW4gYWxnb3JpdGhtCisvL0F1dGhvcmVkIGJ5OiBsZXRpbW9tZSBpbiBjb21taXQ6NWEwZTZkZmI0NDRmYjFjNzZiYWQ4ZmNkMDkwMzFiYTVkMmI0NDkzZiwgd2l0aCBtZXNzYWdlOmFkZGVkIGMgZmlsZXMgaW4gYWxnb3JpdGhtCisgICAgICAgIEdsb2JhbHMubWFpbl9yZWN0LnJpZ2h0ID0gR2xvYmFscy5tYWluX3JlY3QubGVmdCArIGR4Oy8vQXV0aG9yZWQgYnk6IGxldGltb21lIGluIGNvbW1pdDo1YTBlNmRmYjQ0NGZiMWM3NmJhZDhmY2QwOTAzMWJhNWQyYjQ0OTNmLCB3aXRoIG1lc3NhZ2U6YWRkZWQgYyBmaWxlcyBpbiBhbGdvcml0aG0KKyAgICAgICAgR2xvYmFscy5tYWluX3JlY3QuYm90dG9tID0gR2xvYmFscy5tYWluX3JlY3QudG9wICsgZHk7Ly9BdXRob3JlZCBieTogbGV0aW1vbWUgaW4gY29tbWl0OjVhMGU2ZGZiNDQ0ZmIxYzc2YmFkOGZjZDA5MDMxYmE1ZDJiNDQ5M2YsIHdpdGggbWVzc2FnZTphZGRlZCBjIGZpbGVzIGluIGFsZ29yaXRobQorLy9BdXRob3JlZCBieTogbGV0aW1vbWUgaW4gY29tbWl0OjVhMGU2ZGZiNDQ0ZmIxYzc2YmFkOGZjZDA5MDMxYmE1ZDJiNDQ5M2YsIHdpdGggbWVzc2FnZTphZGRlZCBjIGZpbGVzIGluIGFsZ29yaXRobQorICAgICAgICAvKiBpbnZlcnQgdmFsdWUgYmVjYXVzZSBESUFMT0dfVmlld1N0YXR1c0JhciB3aWxsIGJlIGNhbGxlZCB0byBzaG93IGl0ICovLy9BdXRob3JlZCBieTogbGV0aW1vbWUgaW4gY29tbWl0OjVhMGU2ZGZiNDQ0ZmIxYzc2YmFkOGZjZDA5MDMxYmE1ZDJiNDQ5M2YsIHdpdGggbWVzc2FnZTphZGRlZCBjIGZpbGVzIGluIGFsZ29yaXRobQorICAgICAgICBHbG9iYWxzLmJTaG93U3RhdHVzQmFyID0gIUdsb2JhbHMuYlNob3dTdGF0dXNCYXI7Ly9BdXRob3JlZCBieTogbGV0aW1vbWUgaW4gY29tbWl0OjVhMGU2ZGZiNDQ0ZmIxYzc2YmFkOGZjZDA5MDMxYmE1ZDJiNDQ5M2YsIHdpdGggbWVzc2FnZTphZGRlZCBjIGZpbGVzIGluIGFsZ29yaXRobQorLy9BdXRob3JlZCBieTogbGV0aW1vbWUgaW4gY29tbWl0OjVhMGU2ZGZiNDQ0ZmIxYzc2YmFkOGZjZDA5MDMxYmE1ZDJiNDQ5M2YsIHdpdGggbWVzc2FnZTphZGRlZCBjIGZpbGVzIGluIGFsZ29yaXRobQorICAgICAgICBpZiAoZHdQb2ludFNpemUgIT0gMCkvL0F1dGhvcmVkIGJ5OiBsZXRpbW9tZSBpbiBjb21taXQ6NWEwZTZkZmI0NDRmYjFjNzZiYWQ4ZmNkMDkwMzFiYTVkMmI0NDkzZiwgd2l0aCBtZXNzYWdlOmFkZGVkIGMgZmlsZXMgaW4gYWxnb3JpdGhtCisgICAgICAgICAgICBHbG9iYWxzLmxmRm9udC5sZkhlaWdodCA9IEhlaWdodEZyb21Qb2ludFNpemUoZHdQb2ludFNpemUpOy8vQXV0aG9yZWQgYnk6IGxldGltb21lIGluIGNvbW1pdDo1YTBlNmRmYjQ0NGZiMWM3NmJhZDhmY2QwOTAzMWJhNWQyYjQ0OTNmLCB3aXRoIG1lc3NhZ2U6YWRkZWQgYyBmaWxlcyBpbiBhbGdvcml0aG0KKyAgICAgICAgZWxzZS8vQXV0aG9yZWQgYnk6IGxldGltb21lIGluIGNvbW1pdDo1YTBlNmRmYjQ0NGZiMWM3NmJhZDhmY2QwOTAzMWJhNWQyYjQ0OTNmLCB3aXRoIG1lc3NhZ2U6YWRkZWQgYyBmaWxlcyBpbiBhbGdvcml0aG0KKyAgICAgICAgICAgIEdsb2JhbHMubGZGb250LmxmSGVpZ2h0ID0gSGVpZ2h0RnJvbVBvaW50U2l6ZSgxMDApOy8vQXV0aG9yZWQgYnk6IGxldGltb21lIGluIGNvbW1pdDo1YTBlNmRmYjQ0NGZiMWM3NmJhZDhmY2QwOTAzMWJhNWQyYjQ0OTNmLCB3aXRoIG1lc3NhZ2U6YWRkZWQgYyBmaWxlcyBpbiBhbGdvcml0aG0KKy8vQXV0aG9yZWQgYnk6IGxldGltb21lIGluIGNvbW1pdDo1YTBlNmRmYjQ0NGZiMWM3NmJhZDhmY2QwOTAzMWJhNWQyYjQ0OTNmLCB3aXRoIG1lc3NhZ2U6YWRkZWQgYyBmaWxlcyBpbiBhbGdvcml0aG0KKyAgICAgICAgUmVnQ2xvc2VLZXkoaEtleSk7Ly9BdXRob3JlZCBieTogbGV0aW1vbWUgaW4gY29tbWl0OjVhMGU2ZGZiNDQ0ZmIxYzc2YmFkOGZjZDA5MDMxYmE1ZDJiNDQ5M2YsIHdpdGggbWVzc2FnZTphZGRlZCBjIGZpbGVzIGluIGFsZ29yaXRobQorICAgIH0vL0F1dGhvcmVkIGJ5OiBsZXRpbW9tZSBpbiBjb21taXQ6NWEwZTZkZmI0NDRmYjFjNzZiYWQ4ZmNkMDkwMzFiYTVkMmI0NDkzZiwgd2l0aCBtZXNzYWdlOmFkZGVkIGMgZmlsZXMgaW4gYWxnb3JpdGhtCisgICAgZWxzZS8vQXV0aG9yZWQgYnk6IGxldGltb21lIGluIGNvbW1pdDo1YTBlNmRmYjQ0NGZiMWM3NmJhZDhmY2QwOTAzMWJhNWQyYjQ0OTNmLCB3aXRoIG1lc3NhZ2U6YWRkZWQgYyBmaWxlcyBpbiBhbGdvcml0aG0KKyAgICB7Ly9BdXRob3JlZCBieTogbGV0aW1vbWUgaW4gY29tbWl0OjVhMGU2ZGZiNDQ0ZmIxYzc2YmFkOGZjZDA5MDMxYmE1ZDJiNDQ5M2YsIHdpdGggbWVzc2FnZTphZGRlZCBjIGZpbGVzIGluIGFsZ29yaXRobQorICAgICAgICAvKiBJZiBubyBzZXR0aW5ncyBhcmUgZm91bmQgaW4gdGhlIHJlZ2lzdHJ5LCB0aGVuIHVzZSBkZWZhdWx0IHZhbHVlcyAqLy8vQXV0aG9yZWQgYnk6IGxldGltb21lIGluIGNvbW1pdDo1YTBlNmRmYjQ0NGZiMWM3NmJhZDhmY2QwOTAzMWJhNWQyYjQ0OTNmLCB3aXRoIG1lc3NhZ2U6YWRkZWQgYyBmaWxlcyBpbiBhbGdvcml0aG0KKyAgICAgICAgR2xvYmFscy5iU2hvd1N0YXR1c0JhciA9IEZBTFNFOy8vQXV0aG9yZWQgYnk6IGxldGltb21lIGluIGNvbW1pdDo1YTBlNmRmYjQ0NGZiMWM3NmJhZDhmY2QwOTAzMWJhNWQyYjQ0OTNmLCB3aXRoIG1lc3NhZ2U6YWRkZWQgYyBmaWxlcyBpbiBhbGdvcml0aG0KKyAgICAgICAgR2xvYmFscy5iV3JhcExvbmdMaW5lcyA9IEZBTFNFOy8vQXV0aG9yZWQgYnk6IGxldGltb21lIGluIGNvbW1pdDo1YTBlNmRmYjQ0NGZiMWM3NmJhZDhmY2QwOTAzMWJhNWQyYjQ0OTNmLCB3aXRoIG1lc3NhZ2U6YWRkZWQgYyBmaWxlcyBpbiBhbGdvcml0aG0KKyAgICAgICAgU2V0UmVjdCgmR2xvYmFscy5sTWFyZ2lucywgNzUwLCAxMDAwLCA3NTAsIDEwMDApOy8vQXV0aG9yZWQgYnk6IGxldGltb21lIGluIGNvbW1pdDo1YTBlNmRmYjQ0NGZiMWM3NmJhZDhmY2QwOTAzMWJhNWQyYjQ0OTNmLCB3aXRoIG1lc3NhZ2U6YWRkZWQgYyBmaWxlcyBpbiBhbGdvcml0aG0KKy8vQXV0aG9yZWQgYnk6IGxldGltb21lIGluIGNvbW1pdDo1YTBlNmRmYjQ0NGZiMWM3NmJhZDhmY2QwOTAzMWJhNWQyYjQ0OTNmLCB3aXRoIG1lc3NhZ2U6YWRkZWQgYyBmaWxlcyBpbiBhbGdvcml0aG0KKyAgICAgICAgLyogRklYTUU6IEdsb2JhbHMuZlNhdmVXaW5kb3dQb3NpdGlvbnMgPSBGQUxTRTsgKi8vL0F1dGhvcmVkIGJ5OiBsZXRpbW9tZSBpbiBjb21taXQ6NWEwZTZkZmI0NDRmYjFjNzZiYWQ4ZmNkMDkwMzFiYTVkMmI0NDkzZiwgd2l0aCBtZXNzYWdlOmFkZGVkIGMgZmlsZXMgaW4gYWxnb3JpdGhtCisgICAgICAgIC8qIEZJWE1FOiBHbG9iYWxzLmZNTEVfaXNfYnJva2VuID0gRkFMU0U7ICovLy9BdXRob3JlZCBieTogbGV0aW1vbWUgaW4gY29tbWl0OjVhMGU2ZGZiNDQ0ZmIxYzc2YmFkOGZjZDA5MDMxYmE1ZDJiNDQ5M2YsIHdpdGggbWVzc2FnZTphZGRlZCBjIGZpbGVzIGluIGFsZ29yaXRobQorLy9BdXRob3JlZCBieTogbGV0aW1vbWUgaW4gY29tbWl0OjVhMGU2ZGZiNDQ0ZmIxYzc2YmFkOGZjZDA5MDMxYmE1ZDJiNDQ5M2YsIHdpdGggbWVzc2FnZTphZGRlZCBjIGZpbGVzIGluIGFsZ29yaXRobQorICAgICAgICBMb2FkU3RyaW5nKEdsb2JhbHMuaEluc3RhbmNlLCBTVFJJTkdfUEFHRVNFVFVQX0hFQURFUlZBTFVFLCBHbG9iYWxzLnN6SGVhZGVyLC8vQXV0aG9yZWQgYnk6IGxldGltb21lIGluIGNvbW1pdDo1YTBlNmRmYjQ0NGZiMWM3NmJhZDhmY2QwOTAzMWJhNWQyYjQ0OTNmLCB3aXRoIG1lc3NhZ2U6YWRkZWQgYyBmaWxlcyBpbiBhbGdvcml0aG0KKyAgICAgICAgICAgICAgICAgICBBUlJBWV9TSVpFKEdsb2JhbHMuc3pIZWFkZXIpKTsvL0F1dGhvcmVkIGJ5OiBsZXRpbW9tZSBpbiBjb21taXQ6NWEwZTZkZmI0NDRmYjFjNzZiYWQ4ZmNkMDkwMzFiYTVkMmI0NDkzZiwgd2l0aCBtZXNzYWdlOmFkZGVkIGMgZmlsZXMgaW4gYWxnb3JpdGhtCisgICAgICAgIExvYWRTdHJpbmcoR2xvYmFscy5oSW5zdGFuY2UsIFNUUklOR19QQUdFU0VUVVBfRk9PVEVSVkFMVUUsIEdsb2JhbHMuc3pGb290ZXIsLy9BdXRob3JlZCBieTogbGV0aW1vbWUgaW4gY29tbWl0OjVhMGU2ZGZiNDQ0ZmIxYzc2YmFkOGZjZDA5MDMxYmE1ZDJiNDQ5M2YsIHdpdGggbWVzc2FnZTphZGRlZCBjIGZpbGVzIGluIGFsZ29yaXRobQorICAgICAgICAgICAgICAgICAgIEFSUkFZX1NJWkUoR2xvYmFscy5zekZvb3RlcikpOy8vQXV0aG9yZWQgYnk6IGxldGltb21lIGluIGNvbW1pdDo1YTBlNmRmYjQ0NGZiMWM3NmJhZDhmY2QwOTAzMWJhNWQyYjQ0OTNmLCB3aXRoIG1lc3NhZ2U6YWRkZWQgYyBmaWxlcyBpbiBhbGdvcml0aG0KKy8vQXV0aG9yZWQgYnk6IGxldGltb21lIGluIGNvbW1pdDo1YTBlNmRmYjQ0NGZiMWM3NmJhZDhmY2QwOTAzMWJhNWQyYjQ0OTNmLCB3aXRoIG1lc3NhZ2U6YWRkZWQgYyBmaWxlcyBpbiBhbGdvcml0aG0KKyAgICAgICAgWmVyb01lbW9yeSgmR2xvYmFscy5sZkZvbnQsIHNpemVvZihHbG9iYWxzLmxmRm9udCkpOy8vQXV0aG9yZWQgYnk6IGxldGltb21lIGluIGNvbW1pdDo1YTBlNmRmYjQ0NGZiMWM3NmJhZDhmY2QwOTAzMWJhNWQyYjQ0OTNmLCB3aXRoIG1lc3NhZ2U6YWRkZWQgYyBmaWxlcyBpbiBhbGdvcml0aG0KKyAgICAgICAgR2xvYmFscy5sZkZvbnQubGZDaGFyU2V0ID0gQU5TSV9DSEFSU0VUOy8vQXV0aG9yZWQgYnk6IGxldGltb21lIGluIGNvbW1pdDo1YTBlNmRmYjQ0NGZiMWM3NmJhZDhmY2QwOTAzMWJhNWQyYjQ0OTNmLCB3aXRoIG1lc3NhZ2U6YWRkZWQgYyBmaWxlcyBpbiBhbGdvcml0aG0KKyAgICAgICAgR2xvYmFscy5sZkZvbnQubGZDbGlwUHJlY2lzaW9uID0gQ0xJUF9TVFJPS0VfUFJFQ0lTOy8vQXV0aG9yZWQgYnk6IGxldGltb21lIGluIGNvbW1pdDo1YTBlNmRmYjQ0NGZiMWM3NmJhZDhmY2QwOTAzMWJhNWQyYjQ0OTNmLCB3aXRoIG1lc3NhZ2U6YWRkZWQgYyBmaWxlcyBpbiBhbGdvcml0aG0KKyAgICAgICAgR2xvYmFscy5sZkZvbnQubGZFc2NhcGVtZW50ID0gMDsvL0F1dGhvcmVkIGJ5OiBsZXRpbW9tZSBpbiBjb21taXQ6NWEwZTZkZmI0NDRmYjFjNzZiYWQ4ZmNkMDkwMzFiYTVkMmI0NDkzZiwgd2l0aCBtZXNzYWdlOmFkZGVkIGMgZmlsZXMgaW4gYWxnb3JpdGhtCisgICAgICAgIF90Y3NjcHkoR2xvYmFscy5sZkZvbnQubGZGYWNlTmFtZSwgX1QoIkx1Y2lkYSBDb25zb2xlIikpOy8vQXV0aG9yZWQgYnk6IGxldGltb21lIGluIGNvbW1pdDo1YTBlNmRmYjQ0NGZiMWM3NmJhZDhmY2QwOTAzMWJhNWQyYjQ0OTNmLCB3aXRoIG1lc3NhZ2U6YWRkZWQgYyBmaWxlcyBpbiBhbGdvcml0aG0KKyAgICAgICAgR2xvYmFscy5sZkZvbnQubGZJdGFsaWMgPSBGQUxTRTsvL0F1dGhvcmVkIGJ5OiBsZXRpbW9tZSBpbiBjb21taXQ6NWEwZTZkZmI0NDRmYjFjNzZiYWQ4ZmNkMDkwMzFiYTVkMmI0NDkzZiwgd2l0aCBtZXNzYWdlOmFkZGVkIGMgZmlsZXMgaW4gYWxnb3JpdGhtCisgICAgICAgIEdsb2JhbHMubGZGb250LmxmT3JpZW50YXRpb24gPSAwOy8vQXV0aG9yZWQgYnk6IGxldGltb21lIGluIGNvbW1pdDo1YTBlNmRmYjQ0NGZiMWM3NmJhZDhmY2QwOTAzMWJhNWQyYjQ0OTNmLCB3aXRoIG1lc3NhZ2U6YWRkZWQgYyBmaWxlcyBpbiBhbGdvcml0aG0KKyAgICAgICAgR2xvYmFscy5sZkZvbnQubGZPdXRQcmVjaXNpb24gPSBPVVRfU1RSSU5HX1BSRUNJUzsvL0F1dGhvcmVkIGJ5OiBsZXRpbW9tZSBpbiBjb21taXQ6NWEwZTZkZmI0NDRmYjFjNzZiYWQ4ZmNkMDkwMzFiYTVkMmI0NDkzZiwgd2l0aCBtZXNzYWdlOmFkZGVkIGMgZmlsZXMgaW4gYWxnb3JpdGhtCisgICAgICAgIEdsb2JhbHMubGZGb250LmxmUGl0Y2hBbmRGYW1pbHkgPSBGSVhFRF9QSVRDSCB8IEZGX01PREVSTjsvL0F1dGhvcmVkIGJ5OiBsZXRpbW9tZSBpbiBjb21taXQ6NWEwZTZkZmI0NDRmYjFjNzZiYWQ4ZmNkMDkwMzFiYTVkMmI0NDkzZiwgd2l0aCBtZXNzYWdlOmFkZGVkIGMgZmlsZXMgaW4gYWxnb3JpdGhtCisgICAgICAgIEdsb2JhbHMubGZGb250LmxmUXVhbGl0eSA9IFBST09GX1FVQUxJVFk7Ly9BdXRob3JlZCBieTogbGV0aW1vbWUgaW4gY29tbWl0OjVhMGU2ZGZiNDQ0ZmIxYzc2YmFkOGZjZDA5MDMxYmE1ZDJiNDQ5M2YsIHdpdGggbWVzc2FnZTphZGRlZCBjIGZpbGVzIGluIGFsZ29yaXRobQorICAgICAgICBHbG9iYWxzLmxmRm9udC5sZlN0cmlrZU91dCA9IEZBTFNFOy8vQXV0aG9yZWQgYnk6IGxldGltb21lIGluIGNvbW1pdDo1YTBlNmRmYjQ0NGZiMWM3NmJhZDhmY2QwOTAzMWJhNWQyYjQ0OTNmLCB3aXRoIG1lc3NhZ2U6YWRkZWQgYyBmaWxlcyBpbiBhbGdvcml0aG0KKyAgICAgICAgR2xvYmFscy5sZkZvbnQubGZVbmRlcmxpbmUgPSBGQUxTRTsvL0F1dGhvcmVkIGJ5OiBsZXRpbW9tZSBpbiBjb21taXQ6NWEwZTZkZmI0NDRmYjFjNzZiYWQ4ZmNkMDkwMzFiYTVkMmI0NDkzZiwgd2l0aCBtZXNzYWdlOmFkZGVkIGMgZmlsZXMgaW4gYWxnb3JpdGhtCisgICAgICAgIEdsb2JhbHMubGZGb250LmxmV2VpZ2h0ID0gRldfTk9STUFMOy8vQXV0aG9yZWQgYnk6IGxldGltb21lIGluIGNvbW1pdDo1YTBlNmRmYjQ0NGZiMWM3NmJhZDhmY2QwOTAzMWJhNWQyYjQ0OTNmLCB3aXRoIG1lc3NhZ2U6YWRkZWQgYyBmaWxlcyBpbiBhbGdvcml0aG0KKyAgICAgICAgR2xvYmFscy5sZkZvbnQubGZIZWlnaHQgPSBIZWlnaHRGcm9tUG9pbnRTaXplKDEwMCk7Ly9BdXRob3JlZCBieTogbGV0aW1vbWUgaW4gY29tbWl0OjVhMGU2ZGZiNDQ0ZmIxYzc2YmFkOGZjZDA5MDMxYmE1ZDJiNDQ5M2YsIHdpdGggbWVzc2FnZTphZGRlZCBjIGZpbGVzIGluIGFsZ29yaXRobQorICAgIH0vL0F1dGhvcmVkIGJ5OiBsZXRpbW9tZSBpbiBjb21taXQ6NWEwZTZkZmI0NDRmYjFjNzZiYWQ4ZmNkMDkwMzFiYTVkMmI0NDkzZiwgd2l0aCBtZXNzYWdlOmFkZGVkIGMgZmlsZXMgaW4gYWxnb3JpdGhtCisvL0F1dGhvcmVkIGJ5OiBsZXRpbW9tZSBpbiBjb21taXQ6NWEwZTZkZmI0NDRmYjFjNzZiYWQ4ZmNkMDkwMzFiYTVkMmI0NDkzZiwgd2l0aCBtZXNzYWdlOmFkZGVkIGMgZmlsZXMgaW4gYWxnb3JpdGhtCisgICAgaEZvbnQgPSBDcmVhdGVGb250SW5kaXJlY3QoJkdsb2JhbHMubGZGb250KTsvL0F1dGhvcmVkIGJ5OiBsZXRpbW9tZSBpbiBjb21taXQ6NWEwZTZkZmI0NDRmYjFjNzZiYWQ4ZmNkMDkwMzFiYTVkMmI0NDkzZiwgd2l0aCBtZXNzYWdlOmFkZGVkIGMgZmlsZXMgaW4gYWxnb3JpdGhtCisgICAgU2VuZE1lc3NhZ2UoR2xvYmFscy5oRWRpdCwgV01fU0VURk9OVCwgKFdQQVJBTSloRm9udCwgKExQQVJBTSlUUlVFKTsvL0F1dGhvcmVkIGJ5OiBsZXRpbW9tZSBpbiBjb21taXQ6NWEwZTZkZmI0NDRmYjFjNzZiYWQ4ZmNkMDkwMzFiYTVkMmI0NDkzZiwgd2l0aCBtZXNzYWdlOmFkZGVkIGMgZmlsZXMgaW4gYWxnb3JpdGhtCisgICAgaWYgKGhGb250KS8vQXV0aG9yZWQgYnk6IGxldGltb21lIGluIGNvbW1pdDo1YTBlNmRmYjQ0NGZiMWM3NmJhZDhmY2QwOTAzMWJhNWQyYjQ0OTNmLCB3aXRoIG1lc3NhZ2U6YWRkZWQgYyBmaWxlcyBpbiBhbGdvcml0aG0KKyAgICB7Ly9BdXRob3JlZCBieTogbGV0aW1vbWUgaW4gY29tbWl0OjVhMGU2ZGZiNDQ0ZmIxYzc2YmFkOGZjZDA5MDMxYmE1ZDJiNDQ5M2YsIHdpdGggbWVzc2FnZTphZGRlZCBjIGZpbGVzIGluIGFsZ29yaXRobQorICAgICAgICBpZiAoR2xvYmFscy5oRm9udCkvL0F1dGhvcmVkIGJ5OiBsZXRpbW9tZSBpbiBjb21taXQ6NWEwZTZkZmI0NDRmYjFjNzZiYWQ4ZmNkMDkwMzFiYTVkMmI0NDkzZiwgd2l0aCBtZXNzYWdlOmFkZGVkIGMgZmlsZXMgaW4gYWxnb3JpdGhtCisgICAgICAgICAgICBEZWxldGVPYmplY3QoR2xvYmFscy5oRm9udCk7Ly9BdXRob3JlZCBieTogbGV0aW1vbWUgaW4gY29tbWl0OjVhMGU2ZGZiNDQ0ZmIxYzc2YmFkOGZjZDA5MDMxYmE1ZDJiNDQ5M2YsIHdpdGggbWVzc2FnZTphZGRlZCBjIGZpbGVzIGluIGFsZ29yaXRobQorICAgICAgICBHbG9iYWxzLmhGb250ID0gaEZvbnQ7Ly9BdXRob3JlZCBieTogbGV0aW1vbWUgaW4gY29tbWl0OjVhMGU2ZGZiNDQ0ZmIxYzc2YmFkOGZjZDA5MDMxYmE1ZDJiNDQ5M2YsIHdpdGggbWVzc2FnZTphZGRlZCBjIGZpbGVzIGluIGFsZ29yaXRobQorICAgIH0vL0F1dGhvcmVkIGJ5OiBsZXRpbW9tZSBpbiBjb21taXQ6NWEwZTZkZmI0NDRmYjFjNzZiYWQ4ZmNkMDkwMzFiYTVkMmI0NDkzZiwgd2l0aCBtZXNzYWdlOmFkZGVkIGMgZmlsZXMgaW4gYWxnb3JpdGhtCit9Ly9BdXRob3JlZCBieTogbGV0aW1vbWUgaW4gY29tbWl0OjVhMGU2ZGZiNDQ0ZmIxYzc2YmFkOGZjZDA5MDMxYmE1ZDJiNDQ5M2YsIHdpdGggbWVzc2FnZTphZGRlZCBjIGZpbGVzIGluIGFsZ29yaXRobQorLy9BdXRob3JlZCBieTogbGV0aW1vbWUgaW4gY29tbWl0OjVhMGU2ZGZiNDQ0ZmIxYzc2YmFkOGZjZDA5MDMxYmE1ZDJiNDQ5M2YsIHdpdGggbWVzc2FnZTphZGRlZCBjIGZpbGVzIGluIGFsZ29yaXRobQorc3RhdGljIEJPT0wgU2F2ZUR3b3JkKEhLRVkgaEtleSwgTFBDVFNUUiBwc3pWYWx1ZU5hbWVULCBEV09SRCBkd1ZhbHVlKS8vQXV0aG9yZWQgYnk6IGxldGltb21lIGluIGNvbW1pdDo1YTBlNmRmYjQ0NGZiMWM3NmJhZDhmY2QwOTAzMWJhNWQyYjQ0OTNmLCB3aXRoIG1lc3NhZ2U6YWRkZWQgYyBmaWxlcyBpbiBhbGdvcml0aG0KK3svL0F1dGhvcmVkIGJ5OiBsZXRpbW9tZSBpbiBjb21taXQ6NWEwZTZkZmI0NDRmYjFjNzZiYWQ4ZmNkMDkwMzFiYTVkMmI0NDkzZiwgd2l0aCBtZXNzYWdlOmFkZGVkIGMgZmlsZXMgaW4gYWxnb3JpdGhtCisgICAgcmV0dXJuIFJlZ1NldFZhbHVlRXgoaEtleSwgcHN6VmFsdWVOYW1lVCwgMCwgUkVHX0RXT1JELCAoTFBCWVRFKSAmZHdWYWx1ZSwgc2l6ZW9mKGR3VmFsdWUpKSA9PSBFUlJPUl9TVUNDRVNTOy8vQXV0aG9yZWQgYnk6IGxldGltb21lIGluIGNvbW1pdDo1YTBlNmRmYjQ0NGZiMWM3NmJhZDhmY2QwOTAzMWJhNWQyYjQ0OTNmLCB3aXRoIG1lc3NhZ2U6YWRkZWQgYyBmaWxlcyBpbiBhbGdvcml0aG0KK30vL0F1dGhvcmVkIGJ5OiBsZXRpbW9tZSBpbiBjb21taXQ6NWEwZTZkZmI0NDRmYjFjNzZiYWQ4ZmNkMDkwMzFiYTVkMmI0NDkzZiwgd2l0aCBtZXNzYWdlOmFkZGVkIGMgZmlsZXMgaW4gYWxnb3JpdGhtCisvL0F1dGhvcmVkIGJ5OiBsZXRpbW9tZSBpbiBjb21taXQ6NWEwZTZkZmI0NDRmYjFjNzZiYWQ4ZmNkMDkwMzFiYTVkMmI0NDkzZiwgd2l0aCBtZXNzYWdlOmFkZGVkIGMgZmlsZXMgaW4gYWxnb3JpdGhtCitzdGF0aWMgQk9PTCBTYXZlU3RyaW5nKEhLRVkgaEtleSwgTFBDVFNUUiBwc3pWYWx1ZU5hbWVULCBMUENUU1RSIHBzelZhbHVlKS8vQXV0aG9yZWQgYnk6IGxldGltb21lIGluIGNvbW1pdDo1YTBlNmRmYjQ0NGZiMWM3NmJhZDhmY2QwOTAzMWJhNWQyYjQ0OTNmLCB3aXRoIG1lc3NhZ2U6YWRkZWQgYyBmaWxlcyBpbiBhbGdvcml0aG0KK3svL0F1dGhvcmVkIGJ5OiBsZXRpbW9tZSBpbiBjb21taXQ6NWEwZTZkZmI0NDRmYjFjNzZiYWQ4ZmNkMDkwMzFiYTVkMmI0NDkzZiwgd2l0aCBtZXNzYWdlOmFkZGVkIGMgZmlsZXMgaW4gYWxnb3JpdGhtCisgICAgcmV0dXJuIFJlZ1NldFZhbHVlRXgoaEtleSwgcHN6VmFsdWVOYW1lVCwgMCwgUkVHX1NaLCAoTFBCWVRFKSBwc3pWYWx1ZSwgKERXT1JEKSBfdGNzbGVuKHBzelZhbHVlKSAqIHNpemVvZigqcHN6VmFsdWUpKSA9PSBFUlJPUl9TVUNDRVNTOy8vQXV0aG9yZWQgYnk6IGxldGltb21lIGluIGNvbW1pdDo1YTBlNmRmYjQ0NGZiMWM3NmJhZDhmY2QwOTAzMWJhNWQyYjQ0OTNmLCB3aXRoIG1lc3NhZ2U6YWRkZWQgYyBmaWxlcyBpbiBhbGdvcml0aG0KK30vL0F1dGhvcmVkIGJ5OiBsZXRpbW9tZSBpbiBjb21taXQ6NWEwZTZkZmI0NDRmYjFjNzZiYWQ4ZmNkMDkwMzFiYTVkMmI0NDkzZiwgd2l0aCBtZXNzYWdlOmFkZGVkIGMgZmlsZXMgaW4gYWxnb3JpdGhtCisvL0F1dGhvcmVkIGJ5OiBsZXRpbW9tZSBpbiBjb21taXQ6NWEwZTZkZmI0NDRmYjFjNzZiYWQ4ZmNkMDkwMzFiYTVkMmI0NDkzZiwgd2l0aCBtZXNzYWdlOmFkZGVkIGMgZmlsZXMgaW4gYWxnb3JpdGhtCisvKioqKioqKioqKioqKioqKioqKioqKioqKioqKioqKioqKioqKioqKioqKioqKioqKioqKioqKioqKioqKioqKioqKioqKiovL0F1dGhvcmVkIGJ5OiBsZXRpbW9tZSBpbiBjb21taXQ6NWEwZTZkZmI0NDRmYjFjNzZiYWQ4ZmNkMDkwMzFiYTVkMmI0NDkzZiwgd2l0aCBtZXNzYWdlOmFkZGVkIGMgZmlsZXMgaW4gYWxnb3JpdGhtCisgKi8vQXV0aG9yZWQgYnk6IGxldGltb21lIGluIGNvbW1pdDo1YTBlNmRmYjQ0NGZiMWM3NmJhZDhmY2QwOTAzMWJhNWQyYjQ0OTNmLCB3aXRoIG1lc3NhZ2U6YWRkZWQgYyBmaWxlcyBpbiBhbGdvcml0aG0KKyAqICAgICAgICAgICBOT1RFUEFEX1NhdmVTZXR0aW5nc1RvUmVnaXN0cnkvL0F1dGhvcmVkIGJ5OiBsZXRpbW9tZSBpbiBjb21taXQ6NWEwZTZkZmI0NDRmYjFjNzZiYWQ4ZmNkMDkwMzFiYTVkMmI0NDkzZiwgd2l0aCBtZXNzYWdlOmFkZGVkIGMgZmlsZXMgaW4gYWxnb3JpdGhtCisgKi8vQXV0aG9yZWQgYnk6IGxldGltb21lIGluIGNvbW1pdDo1YTBlNmRmYjQ0NGZiMWM3NmJhZDhmY2QwOTAzMWJhNWQyYjQ0OTNmLCB3aXRoIG1lc3NhZ2U6YWRkZWQgYyBmaWxlcyBpbiBhbGdvcml0aG0KKyAqICBTYXZlIHNldHRpbmdzIHRvIHJlZ2lzdHJ5IEhLQ1VcU29mdHdhcmVcTWljcm9zb2Z0XE5vdGVwYWQuLy9BdXRob3JlZCBieTogbGV0aW1vbWUgaW4gY29tbWl0OjVhMGU2ZGZiNDQ0ZmIxYzc2YmFkOGZjZDA5MDMxYmE1ZDJiNDQ5M2YsIHdpdGggbWVzc2FnZTphZGRlZCBjIGZpbGVzIGluIGFsZ29yaXRobQorICovLy9BdXRob3JlZCBieTogbGV0aW1vbWUgaW4gY29tbWl0OjVhMGU2ZGZiNDQ0ZmIxYzc2YmFkOGZjZDA5MDMxYmE1ZDJiNDQ5M2YsIHdpdGggbWVzc2FnZTphZGRlZCBjIGZpbGVzIGluIGFsZ29yaXRobQordm9pZCBOT1RFUEFEX1NhdmVTZXR0aW5nc1RvUmVnaXN0cnkodm9pZCkvL0F1dGhvcmVkIGJ5OiBsZXRpbW9tZSBpbiBjb21taXQ6NWEwZTZkZmI0NDRmYjFjNzZiYWQ4ZmNkMDkwMzFiYTVkMmI0NDkzZiwgd2l0aCBtZXNzYWdlOmFkZGVkIGMgZmlsZXMgaW4gYWxnb3JpdGhtCit7Ly9BdXRob3JlZCBieTogbGV0aW1vbWUgaW4gY29tbWl0OjVhMGU2ZGZiNDQ0ZmIxYzc2YmFkOGZjZDA5MDMxYmE1ZDJiNDQ5M2YsIHdpdGggbWVzc2FnZTphZGRlZCBjIGZpbGVzIGluIGFsZ29yaXRobQorICAgIEhLRVkgaEtleTsvL0F1dGhvcmVkIGJ5OiBsZXRpbW9tZSBpbiBjb21taXQ6NWEwZTZkZmI0NDRmYjFjNzZiYWQ4ZmNkMDkwMzFiYTVkMmI0NDkzZiwgd2l0aCBtZXNzYWdlOmFkZGVkIGMgZmlsZXMgaW4gYWxnb3JpdGhtCisgICAgRFdPUkQgZHdEaXNwb3NpdGlvbjsvL0F1dGhvcmVkIGJ5OiBsZXRpbW9tZSBpbiBjb21taXQ6NWEwZTZkZmI0NDRmYjFjNzZiYWQ4ZmNkMDkwMzFiYTVkMmI0NDkzZiwgd2l0aCBtZXNzYWdlOmFkZGVkIGMgZmlsZXMgaW4gYWxnb3JpdGhtCisvL0F1dGhvcmVkIGJ5OiBsZXRpbW9tZSBpbiBjb21taXQ6NWEwZTZkZmI0NDRmYjFjNzZiYWQ4ZmNkMDkwMzFiYTVkMmI0NDkzZiwgd2l0aCBtZXNzYWdlOmFkZGVkIGMgZmlsZXMgaW4gYWxnb3JpdGhtCisgICAgR2V0V2luZG93UmVjdChHbG9iYWxzLmhNYWluV25kLCAmR2xvYmFscy5tYWluX3JlY3QpOy8vQXV0aG9yZWQgYnk6IGxldGltb21lIGluIGNvbW1pdDo1YTBlNmRmYjQ0NGZiMWM3NmJhZDhmY2QwOTAzMWJhNWQyYjQ0OTNmLCB3aXRoIG1lc3NhZ2U6YWRkZWQgYyBmaWxlcyBpbiBhbGdvcml0aG0KKy8vQXV0aG9yZWQgYnk6IGxldGltb21lIGluIGNvbW1pdDo1YTBlNmRmYjQ0NGZiMWM3NmJhZDhmY2QwOTAzMWJhNWQyYjQ0OTNmLCB3aXRoIG1lc3NhZ2U6YWRkZWQgYyBmaWxlcyBpbiBhbGdvcml0aG0KKyAgICBpZiAoUmVnQ3JlYXRlS2V5RXgoSEtFWV9DVVJSRU5UX1VTRVIsIHNfc3pSZWdpc3RyeUtleSwvL0F1dGhvcmVkIGJ5OiBsZXRpbW9tZSBpbiBjb21taXQ6NWEwZTZkZmI0NDRmYjFjNzZiYWQ4ZmNkMDkwMzFiYTVkMmI0NDkzZiwgd2l0aCBtZXNzYWdlOmFkZGVkIGMgZmlsZXMgaW4gYWxnb3JpdGhtCisgICAgICAgICAgICAgICAgICAgICAgIDAsIE5VTEwsIDAsIEtFWV9TRVRfVkFMVUUsIE5VTEwsLy9BdXRob3JlZCBieTogbGV0aW1vbWUgaW4gY29tbWl0OjVhMGU2ZGZiNDQ0ZmIxYzc2YmFkOGZjZDA5MDMxYmE1ZDJiNDQ5M2YsIHdpdGggbWVzc2FnZTphZGRlZCBjIGZpbGVzIGluIGFsZ29yaXRobQorICAgICAgICAgICAgICAgICAgICAgICAmaEtleSwgJmR3RGlzcG9zaXRpb24pID09IEVSUk9SX1NVQ0NFU1MpLy9BdXRob3JlZCBieTogbGV0aW1vbWUgaW4gY29tbWl0OjVhMGU2ZGZiNDQ0ZmIxYzc2YmFkOGZjZDA5MDMxYmE1ZDJiNDQ5M2YsIHdpdGggbWVzc2FnZTphZGRlZCBjIGZpbGVzIGluIGFsZ29yaXRobQorICAgIHsvL0F1dGhvcmVkIGJ5OiBsZXRpbW9tZSBpbiBjb21taXQ6NWEwZTZkZmI0NDRmYjFjNzZiYWQ4ZmNkMDkwMzFiYTVkMmI0NDkzZiwgd2l0aCBtZXNzYWdlOmFkZGVkIGMgZmlsZXMgaW4gYWxnb3JpdGhtCisgICAgICAgIFNhdmVEd29yZChoS2V5LCBfVCgibGZDaGFyU2V0IiksIEdsb2JhbHMubGZGb250LmxmQ2hhclNldCk7Ly9BdXRob3JlZCBieTogbGV0aW1vbWUgaW4gY29tbWl0OjVhMGU2ZGZiNDQ0ZmIxYzc2YmFkOGZjZDA5MDMxYmE1ZDJiNDQ5M2YsIHdpdGggbWVzc2FnZTphZGRlZCBjIGZpbGVzIGluIGFsZ29yaXRobQorICAgICAgICBTYXZlRHdvcmQoaEtleSwgX1QoImxmQ2xpcFByZWNpc2lvbiIpLCBHbG9iYWxzLmxmRm9udC5sZkNsaXBQcmVjaXNpb24pOy8vQXV0aG9yZWQgYnk6IGxldGltb21lIGluIGNvbW1pdDo1YTBlNmRmYjQ0NGZiMWM3NmJhZDhmY2QwOTAzMWJhNWQyYjQ0OTNmLCB3aXRoIG1lc3NhZ2U6YWRkZWQgYyBmaWxlcyBpbiBhbGdvcml0aG0KKyAgICAgICAgU2F2ZUR3b3JkKGhLZXksIF9UKCJsZkVzY2FwZW1lbnQiKSwgR2xvYmFscy5sZkZvbnQubGZFc2NhcGVtZW50KTsvL0F1dGhvcmVkIGJ5OiBsZXRpbW9tZSBpbiBjb21taXQ6NWEwZTZkZmI0NDRmYjFjNzZiYWQ4ZmNkMDkwMzFiYTVkMmI0NDkzZiwgd2l0aCBtZXNzYWdlOmFkZGVkIGMgZmlsZXMgaW4gYWxnb3JpdGhtCisgICAgICAgIFNhdmVTdHJpbmcoaEtleSwgX1QoImxmRmFjZU5hbWUiKSwgR2xvYmFscy5sZkZvbnQubGZGYWNlTmFtZSk7Ly9BdXRob3JlZCBieTogbGV0aW1vbWUgaW4gY29tbWl0OjVhMGU2ZGZiNDQ0ZmIxYzc2YmFkOGZjZDA5MDMxYmE1ZDJiNDQ5M2YsIHdpdGggbWVzc2FnZTphZGRlZCBjIGZpbGVzIGluIGFsZ29yaXRobQorICAgICAgICBTYXZlRHdvcmQoaEtleSwgX1QoImxmSXRhbGljIiksIEdsb2JhbHMubGZGb250LmxmSXRhbGljKTsvL0F1dGhvcmVkIGJ5OiBsZXRpbW9tZSBpbiBjb21taXQ6NWEwZTZkZmI0NDRmYjFjNzZiYWQ4ZmNkMDkwMzFiYTVkMmI0NDkzZiwgd2l0aCBtZXNzYWdlOmFkZGVkIGMgZmlsZXMgaW4gYWxnb3JpdGhtCisgICAgICAgIFNhdmVEd29yZChoS2V5LCBfVCgibGZPcmllbnRhdGlvbiIpLCBHbG9iYWxzLmxmRm9udC5sZk9yaWVudGF0aW9uKTsvL0F1dGhvcmVkIGJ5OiBsZXRpbW9tZSBpbiBjb21taXQ6NWEwZTZkZmI0NDRmYjFjNzZiYWQ4ZmNkMDkwMzFiYTVkMmI0NDkzZiwgd2l0aCBtZXNzYWdlOmFkZGVkIGMgZmlsZXMgaW4gYWxnb3JpdGhtCisgICAgICAgIFNhdmVEd29yZChoS2V5LCBfVCgibGZPdXRQcmVjaXNpb24iKSwgR2xvYmFscy5sZkZvbnQubGZPdXRQcmVjaXNpb24pOy8vQXV0aG9yZWQgYnk6IGxldGltb21lIGluIGNvbW1pdDo1YTBlNmRmYjQ0NGZiMWM3NmJhZDhmY2QwOTAzMWJhNWQyYjQ0OTNmLCB3aXRoIG1lc3NhZ2U6YWRkZWQgYyBmaWxlcyBpbiBhbGdvcml0aG0KKyAgICAgICAgU2F2ZUR3b3JkKGhLZXksIF9UKCJsZlBpdGNoQW5kRmFtaWx5IiksIEdsb2JhbHMubGZGb250LmxmUGl0Y2hBbmRGYW1pbHkpOy8vQXV0aG9yZWQgYnk6IGxldGltb21lIGluIGNvbW1pdDo1YTBlNmRmYjQ0NGZiMWM3NmJhZDhmY2QwOTAzMWJhNWQyYjQ0OTNmLCB3aXRoIG1lc3NhZ2U6YWRkZWQgYyBmaWxlcyBpbiBhbGdvcml0aG0KKyAgICAgICAgU2F2ZUR3b3JkKGhLZXksIF9UKCJsZlF1YWxpdHkiKSwgR2xvYmFscy5sZkZvbnQubGZRdWFsaXR5KTsvL0F1dGhvcmVkIGJ5OiBsZXRpbW9tZSBpbiBjb21taXQ6NWEwZTZkZmI0NDRmYjFjNzZiYWQ4ZmNkMDkwMzFiYTVkMmI0NDkzZiwgd2l0aCBtZXNzYWdlOmFkZGVkIGMgZmlsZXMgaW4gYWxnb3JpdGhtCisgICAgICAgIFNhdmVEd29yZChoS2V5LCBfVCgibGZTdHJpa2VPdXQiKSwgR2xvYmFscy5sZkZvbnQubGZTdHJpa2VPdXQpOy8vQXV0aG9yZWQgYnk6IGxldGltb21lIGluIGNvbW1pdDo1YTBlNmRmYjQ0NGZiMWM3NmJhZDhmY2QwOTAzMWJhNWQyYjQ0OTNmLCB3aXRoIG1lc3NhZ2U6YWRkZWQgYyBmaWxlcyBpbiBhbGdvcml0aG0KKyAgICAgICAgU2F2ZUR3b3JkKGhLZXksIF9UKCJsZlVuZGVybGluZSIpLCBHbG9iYWxzLmxmRm9udC5sZlVuZGVybGluZSk7Ly9BdXRob3JlZCBieTogbGV0aW1vbWUgaW4gY29tbWl0OjVhMGU2ZGZiNDQ0ZmIxYzc2YmFkOGZjZDA5MDMxYmE1ZDJiNDQ5M2YsIHdpdGggbWVzc2FnZTphZGRlZCBjIGZpbGVzIGluIGFsZ29yaXRobQorICAgICAgICBTYXZlRHdvcmQoaEtleSwgX1QoImxmV2VpZ2h0IiksIEdsb2JhbHMubGZGb250LmxmV2VpZ2h0KTsvL0F1dGhvcmVkIGJ5OiBsZXRpbW9tZSBpbiBjb21taXQ6NWEwZTZkZmI0NDRmYjFjNzZiYWQ4ZmNkMDkwMzFiYTVkMmI0NDkzZiwgd2l0aCBtZXNzYWdlOmFkZGVkIGMgZmlsZXMgaW4gYWxnb3JpdGhtCisgICAgICAgIFNhdmVEd29yZChoS2V5LCBfVCgiaVBvaW50U2l6ZSIpLCBQb2ludFNpemVGcm9tSGVpZ2h0KEdsb2JhbHMubGZGb250LmxmSGVpZ2h0KSk7Ly9BdXRob3JlZCBieTogbGV0aW1vbWUgaW4gY29tbWl0OjVhMGU2ZGZiNDQ0ZmIxYzc2YmFkOGZjZDA5MDMxYmE1ZDJiNDQ5M2YsIHdpdGggbWVzc2FnZTphZGRlZCBjIGZpbGVzIGluIGFsZ29yaXRobQorICAgICAgICBTYXZlRHdvcmQoaEtleSwgX1QoImZXcmFwIiksIEdsb2JhbHMuYldyYXBMb25nTGluZXMgPyAxIDogMCk7Ly9BdXRob3JlZCBieTogbGV0aW1vbWUgaW4gY29tbWl0OjVhMGU2ZGZiNDQ0ZmIxYzc2YmFkOGZjZDA5MDMxYmE1ZDJiNDQ5M2YsIHdpdGggbWVzc2FnZTphZGRlZCBjIGZpbGVzIGluIGFsZ29yaXRobQorICAgICAgICBTYXZlRHdvcmQoaEtleSwgX1QoImZTdGF0dXNCYXIiKSwgR2xvYmFscy5iU2hvd1N0YXR1c0JhciA/IDEgOiAwKTsvL0F1dGhvcmVkIGJ5OiBsZXRpbW9tZSBpbiBjb21taXQ6NWEwZTZkZmI0NDRmYjFjNzZiYWQ4ZmNkMDkwMzFiYTVkMmI0NDkzZiwgd2l0aCBtZXNzYWdlOmFkZGVkIGMgZmlsZXMgaW4gYWxnb3JpdGhtCisgICAgICAgIFNhdmVTdHJpbmcoaEtleSwgX1QoInN6SGVhZGVyIiksIEdsb2JhbHMuc3pIZWFkZXIpOy8vQXV0aG9yZWQgYnk6IGxldGltb21lIGluIGNvbW1pdDo1YTBlNmRmYjQ0NGZiMWM3NmJhZDhmY2QwOTAzMWJhNWQyYjQ0OTNmLCB3aXRoIG1lc3NhZ2U6YWRkZWQgYyBmaWxlcyBpbiBhbGdvcml0aG0KKyAgICAgICAgU2F2ZVN0cmluZyhoS2V5LCBfVCgic3pUcmFpbGVyIiksIEdsb2JhbHMuc3pGb290ZXIpOy8vQXV0aG9yZWQgYnk6IGxldGltb21lIGluIGNvbW1pdDo1YTBlNmRmYjQ0NGZiMWM3NmJhZDhmY2QwOTAzMWJhNWQyYjQ0OTNmLCB3aXRoIG1lc3NhZ2U6YWRkZWQgYyBmaWxlcyBpbiBhbGdvcml0aG0KKyAgICAgICAgU2F2ZUR3b3JkKGhLZXksIF9UKCJpTWFyZ2luTGVmdCIpLCBHbG9iYWxzLmxNYXJnaW5zLmxlZnQpOy8vQXV0aG9yZWQgYnk6IGxldGltb21lIGluIGNvbW1pdDo1YTBlNmRmYjQ0NGZiMWM3NmJhZDhmY2QwOTAzMWJhNWQyYjQ0OTNmLCB3aXRoIG1lc3NhZ2U6YWRkZWQgYyBmaWxlcyBpbiBhbGdvcml0aG0KKyAgICAgICAgU2F2ZUR3b3JkKGhLZXksIF9UKCJpTWFyZ2luVG9wIiksIEdsb2JhbHMubE1hcmdpbnMudG9wKTsvL0F1dGhvcmVkIGJ5OiBsZXRpbW9tZSBpbiBjb21taXQ6NWEwZTZkZmI0NDRmYjFjNzZiYWQ4ZmNkMDkwMzFiYTVkMmI0NDkzZiwgd2l0aCBtZXNzYWdlOmFkZGVkIGMgZmlsZXMgaW4gYWxnb3JpdGhtCisgICAgICAgIFNhdmVEd29yZChoS2V5LCBfVCgiaU1hcmdpblJpZ2h0IiksIEdsb2JhbHMubE1hcmdpbnMucmlnaHQpOy8vQXV0aG9yZWQgYnk6IGxldGltb21lIGluIGNvbW1pdDo1YTBlNmRmYjQ0NGZiMWM3NmJhZDhmY2QwOTAzMWJhNWQyYjQ0OTNmLCB3aXRoIG1lc3NhZ2U6YWRkZWQgYyBmaWxlcyBpbiBhbGdvcml0aG0KKyAgICAgICAgU2F2ZUR3b3JkKGhLZXksIF9UKCJpTWFyZ2luQm90dG9tIiksIEdsb2JhbHMubE1hcmdpbnMuYm90dG9tKTsvL0F1dGhvcmVkIGJ5OiBsZXRpbW9tZSBpbiBjb21taXQ6NWEwZTZkZmI0NDRmYjFjNzZiYWQ4ZmNkMDkwMzFiYTVkMmI0NDkzZiwgd2l0aCBtZXNzYWdlOmFkZGVkIGMgZmlsZXMgaW4gYWxnb3JpdGhtCisgICAgICAgIFNhdmVEd29yZChoS2V5LCBfVCgiaVdpbmRvd1Bvc1giKSwgR2xvYmFscy5tYWluX3JlY3QubGVmdCk7Ly9BdXRob3JlZCBieTogbGV0aW1vbWUgaW4gY29tbWl0OjVhMGU2ZGZiNDQ0ZmIxYzc2YmFkOGZjZDA5MDMxYmE1ZDJiNDQ5M2YsIHdpdGggbWVzc2FnZTphZGRlZCBjIGZpbGVzIGluIGFsZ29yaXRobQorICAgICAgICBTYXZlRHdvcmQoaEtleSwgX1QoImlXaW5kb3dQb3NZIiksIEdsb2JhbHMubWFpbl9yZWN0LnRvcCk7Ly9BdXRob3JlZCBieTogbGV0aW1vbWUgaW4gY29tbWl0OjVhMGU2ZGZiNDQ0ZmIxYzc2YmFkOGZjZDA5MDMxYmE1ZDJiNDQ5M2YsIHdpdGggbWVzc2FnZTphZGRlZCBjIGZpbGVzIGluIGFsZ29yaXRobQorICAgICAgICBTYXZlRHdvcmQoaEtleSwgX1QoImlXaW5kb3dQb3NEWCIpLCBHbG9iYWxzLm1haW5fcmVjdC5yaWdodCAtIEdsb2JhbHMubWFpbl9yZWN0LmxlZnQpOy8vQXV0aG9yZWQgYnk6IGxldGltb21lIGluIGNvbW1pdDo1YTBlNmRmYjQ0NGZiMWM3NmJhZDhmY2QwOTAzMWJhNWQyYjQ0OTNmLCB3aXRoIG1lc3NhZ2U6YWRkZWQgYyBmaWxlcyBpbiBhbGdvcml0aG0KKyAgICAgICAgU2F2ZUR3b3JkKGhLZXksIF9UKCJpV2luZG93UG9zRFkiKSwgR2xvYmFscy5tYWluX3JlY3QuYm90dG9tIC0gR2xvYmFscy5tYWluX3JlY3QudG9wKTsvL0F1dGhvcmVkIGJ5OiBsZXRpbW9tZSBpbiBjb21taXQ6NWEwZTZkZmI0NDRmYjFjNzZiYWQ4ZmNkMDkwMzFiYTVkMmI0NDkzZiwgd2l0aCBtZXNzYWdlOmFkZGVkIGMgZmlsZXMgaW4gYWxnb3JpdGhtCisvL0F1dGhvcmVkIGJ5OiBsZXRpbW9tZSBpbiBjb21taXQ6NWEwZTZkZmI0NDRmYjFjNzZiYWQ4ZmNkMDkwMzFiYTVkMmI0NDkzZiwgd2l0aCBtZXNzYWdlOmFkZGVkIGMgZmlsZXMgaW4gYWxnb3JpdGhtCisgICAgICAgIFJlZ0Nsb3NlS2V5KGhLZXkpOy8vQXV0aG9yZWQgYnk6IGxldGltb21lIGluIGNvbW1pdDo1YTBlNmRmYjQ0NGZiMWM3NmJhZDhmY2QwOTAzMWJhNWQyYjQ0OTNmLCB3aXRoIG1lc3NhZ2U6YWRkZWQgYyBmaWxlcyBpbiBhbGdvcml0aG0KKyAgICB9Ly9BdXRob3JlZCBieTogbGV0aW1vbWUgaW4gY29tbWl0OjVhMGU2ZGZiNDQ0ZmIxYzc2YmFkOGZjZDA5MDMxYmE1ZDJiNDQ5M2YsIHdpdGggbWVzc2FnZTphZGRlZCBjIGZpbGVzIGluIGFsZ29yaXRobQorfS8vQXV0aG9yZWQgYnk6IGxldGltb21lIGluIGNvbW1pdDo1YTBlNmRmYjQ0NGZiMWM3NmJhZDhmY2QwOTAzMWJhNWQyYjQ0OTNmLCB3aXRoIG1lc3NhZ2U6YWRkZWQgYyBmaWxlcyBpbiBhbGdvcml0aG0K','5a0e6dfb444fb1c76bad8fcd09031ba5d2b4493f; 5a0e6dfb444fb1c76bad8fcd09031ba5d2b4493f; 5a0e6dfb444fb1c76bad8fcd09031ba5d2b4493f; 5a0e6dfb444fb1c76bad8fcd09031ba5d2b4493f; 5a0e6dfb444fb1c76bad8fcd09031ba5d2b4493f; 5a0e6dfb444fb1c76bad8fcd09031ba5d2b4493f; 5a0e6dfb444fb1c76bad8fcd09031ba5d2b4493f; 5a0e6dfb444fb1c76bad8fcd09031ba5d2b4493f; 5a0e6dfb444fb1c76bad8fcd09031ba5d2b4493f; 5a0e6dfb444fb1c76bad8fcd09031ba5d2b4493f; 5a0e6dfb444fb1c76bad8fcd09031ba5d2b4493f; 5a0e6dfb444fb1c76bad8fcd09031ba5d2b4493f; 5a0e6dfb444fb1c76bad8fcd09031ba5d2b4493f; 5a0e6dfb444fb1c76bad8fcd09031ba5d2b4493f; 5a0e6dfb444fb1c76bad8fcd09031ba5d2b4493f; 5a0e6dfb444fb1c76bad8fcd09031ba5d2b4493f; 5a0e6dfb444fb1c76bad8fcd09031ba5d2b4493f; 5a0e6dfb444fb1c76bad8fcd09031ba5d2b4493f; 5a0e6dfb444fb1c76bad8fcd09031ba5d2b4493f; 5a0e6dfb444fb1c76bad8fcd09031ba5d2b4493f; 5a0e6dfb444fb1c76bad8fcd09031ba5d2b4493f; 5a0e6dfb444fb1c76bad8fcd09031ba5d2b4493f; 5a0e6dfb444fb1c76bad8fcd09031ba5d2b4493f; 5a0e6dfb444fb1c76bad8fcd09031ba5d2b4493f; 5a0e6dfb444fb1c76bad8fcd09031ba5d2b4493f; 5a0e6dfb444fb1c76bad8fcd09031ba5d2b4493f; 5a0e6dfb444fb1c76bad8fcd09031ba5d2b4493f; 5a0e6dfb444fb1c76bad8fcd09031ba5d2b4493f; 5a0e6dfb444fb1c76bad8fcd09031ba5d2b4493f; 5a0e6dfb444fb1c76bad8fcd09031ba5d2b4493f; 5a0e6dfb444fb1c76bad8fcd09031ba5d2b4493f; 5a0e6dfb444fb1c76bad8fcd09031ba5d2b4493f; 5a0e6dfb444fb1c76bad8fcd09031ba5d2b4493f; 5a0e6dfb444fb1c76bad8fcd09031ba5d2b4493f; 5a0e6dfb444fb1c76bad8fcd09031ba5d2b4493f; 5a0e6dfb444fb1c76bad8fcd09031ba5d2b4493f; 5a0e6dfb444fb1c76bad8fcd09031ba5d2b4493f; 5a0e6dfb444fb1c76bad8fcd09031ba5d2b4493f; 5a0e6dfb444fb1c76bad8fcd09031ba5d2b4493f; 5a0e6dfb444fb1c76bad8fcd09031ba5d2b4493f; 5a0e6dfb444fb1c76bad8fcd09031ba5d2b4493f; 5a0e6dfb444fb1c76bad8fcd09031ba5d2b4493f; 5a0e6dfb444fb1c76bad8fcd09031ba5d2b4493f; 5a0e6dfb444fb1c76bad8fcd09031ba5d2b4493f; 5a0e6dfb444fb1c76bad8fcd09031ba5d2b4493f; 5a0e6dfb444fb1c76bad8fcd09031ba5d2b4493f; 5a0e6dfb444fb1c76bad8fcd09031ba5d2b4493f; 5a0e6dfb444fb1c76bad8fcd09031ba5d2b4493f; 5a0e6dfb444fb1c76bad8fcd09031ba5d2b4493f; 5a0e6dfb444fb1c76bad8fcd09031ba5d2b4493f; 5a0e6dfb444fb1c76bad8fcd09031ba5d2b4493f; 5a0e6dfb444fb1c76bad8fcd09031ba5d2b4493f; 5a0e6dfb444fb1c76bad8fcd09031ba5d2b4493f; 5a0e6dfb444fb1c76bad8fcd09031ba5d2b4493f; 5a0e6dfb444fb1c76bad8fcd09031ba5d2b4493f; 5a0e6dfb444fb1c76bad8fcd09031ba5d2b4493f; 5a0e6dfb444fb1c76bad8fcd09031ba5d2b4493f; 5a0e6dfb444fb1c76bad8fcd09031ba5d2b4493f; 5a0e6dfb444fb1c76bad8fcd09031ba5d2b4493f; 5a0e6dfb444fb1c76bad8fcd09031ba5d2b4493f; 5a0e6dfb444fb1c76bad8fcd09031ba5d2b4493f; 5a0e6dfb444fb1c76bad8fcd09031ba5d2b4493f; 5a0e6dfb444fb1c76bad8fcd09031ba5d2b4493f; 5a0e6dfb444fb1c76bad8fcd09031ba5d2b4493f; 5a0e6dfb444fb1c76bad8fcd09031ba5d2b4493f; 5a0e6dfb444fb1c76bad8fcd09031ba5d2b4493f; 5a0e6dfb444fb1c76bad8fcd09031ba5d2b4493f; 5a0e6dfb444fb1c76bad8fcd09031ba5d2b4493f; 5a0e6dfb444fb1c76bad8fcd09031ba5d2b4493f; 5a0e6dfb444fb1c76bad8fcd09031ba5d2b4493f; 5a0e6dfb444fb1c76bad8fcd09031ba5d2b4493f; 5a0e6dfb444fb1c76bad8fcd09031ba5d2b4493f; 5a0e6dfb444fb1c76bad8fcd09031ba5d2b4493f; 5a0e6dfb444fb1c76bad8fcd09031ba5d2b4493f; 5a0e6dfb444fb1c76bad8fcd09031ba5d2b4493f; 5a0e6dfb444fb1c76bad8fcd09031ba5d2b4493f; 5a0e6dfb444fb1c76bad8fcd09031ba5d2b4493f; 5a0e6dfb444fb1c76bad8fcd09031ba5d2b4493f; 5a0e6dfb444fb1c76bad8fcd09031ba5d2b4493f; 5a0e6dfb444fb1c76bad8fcd09031ba5d2b4493f; 5a0e6dfb444fb1c76bad8fcd09031ba5d2b4493f; 5a0e6dfb444fb1c76bad8fcd09031ba5d2b4493f; 5a0e6dfb444fb1c76bad8fcd09031ba5d2b4493f; 5a0e6dfb444fb1c76bad8fcd09031ba5d2b4493f; 5a0e6dfb444fb1c76bad8fcd09031ba5d2b4493f; 5a0e6dfb444fb1c76bad8fcd09031ba5d2b4493f; 5a0e6dfb444fb1c76bad8fcd09031ba5d2b4493f; 5a0e6dfb444fb1c76bad8fcd09031ba5d2b4493f; 5a0e6dfb444fb1c76bad8fcd09031ba5d2b4493f; 5a0e6dfb444fb1c76bad8fcd09031ba5d2b4493f; 5a0e6dfb444fb1c76bad8fcd09031ba5d2b4493f; 5a0e6dfb444fb1c76bad8fcd09031ba5d2b4493f; 5a0e6dfb444fb1c76bad8fcd09031ba5d2b4493f; 5a0e6dfb444fb1c76bad8fcd09031ba5d2b4493f; 5a0e6dfb444fb1c76bad8fcd09031ba5d2b4493f; 5a0e6dfb444fb1c76bad8fcd09031ba5d2b4493f; 5a0e6dfb444fb1c76bad8fcd09031ba5d2b4493f; 5a0e6dfb444fb1c76bad8fcd09031ba5d2b4493f; 5a0e6dfb444fb1c76bad8fcd09031ba5d2b4493f; 5a0e6dfb444fb1c76bad8fcd09031ba5d2b4493f; 5a0e6dfb444fb1c76bad8fcd09031ba5d2b4493f; 5a0e6dfb444fb1c76bad8fcd09031ba5d2b4493f; 5a0e6dfb444fb1c76bad8fcd09031ba5d2b4493f; 5a0e6dfb444fb1c76bad8fcd09031ba5d2b4493f; 5a0e6dfb444fb1c76bad8fcd09031ba5d2b4493f; 5a0e6dfb444fb1c76bad8fcd09031ba5d2b4493f; 5a0e6dfb444fb1c76bad8fcd09031ba5d2b4493f; 5a0e6dfb444fb1c76bad8fcd09031ba5d2b4493f; 5a0e6dfb444fb1c76bad8fcd09031ba5d2b4493f; 5a0e6dfb444fb1c76bad8fcd09031ba5d2b4493f; 5a0e6dfb444fb1c76bad8fcd09031ba5d2b4493f; 5a0e6dfb444fb1c76bad8fcd09031ba5d2b4493f; 5a0e6dfb444fb1c76bad8fcd09031ba5d2b4493f; 5a0e6dfb444fb1c76bad8fcd09031ba5d2b4493f; 5a0e6dfb444fb1c76bad8fcd09031ba5d2b4493f; 5a0e6dfb444fb1c76bad8fcd09031ba5d2b4493f; 5a0e6dfb444fb1c76bad8fcd09031ba5d2b4493f; 5a0e6dfb444fb1c76bad8fcd09031ba5d2b4493f; 5a0e6dfb444fb1c76bad8fcd09031ba5d2b4493f; 5a0e6dfb444fb1c76bad8fcd09031ba5d2b4493f; 5a0e6dfb444fb1c76bad8fcd09031ba5d2b4493f; 5a0e6dfb444fb1c76bad8fcd09031ba5d2b4493f; 5a0e6dfb444fb1c76bad8fcd09031ba5d2b4493f; 5a0e6dfb444fb1c76bad8fcd09031ba5d2b4493f; 5a0e6dfb444fb1c76bad8fcd09031ba5d2b4493f; 5a0e6dfb444fb1c76bad8fcd09031ba5d2b4493f; 5a0e6dfb444fb1c76bad8fcd09031ba5d2b4493f; 5a0e6dfb444fb1c76bad8fcd09031ba5d2b4493f; 5a0e6dfb444fb1c76bad8fcd09031ba5d2b4493f; 5a0e6dfb444fb1c76bad8fcd09031ba5d2b4493f; 5a0e6dfb444fb1c76bad8fcd09031ba5d2b4493f; 5a0e6dfb444fb1c76bad8fcd09031ba5d2b4493f; 5a0e6dfb444fb1c76bad8fcd09031ba5d2b4493f; 5a0e6dfb444fb1c76bad8fcd09031ba5d2b4493f; 5a0e6dfb444fb1c76bad8fcd09031ba5d2b4493f; 5a0e6dfb444fb1c76bad8fcd09031ba5d2b4493f; 5a0e6dfb444fb1c76bad8fcd09031ba5d2b4493f; 5a0e6dfb444fb1c76bad8fcd09031ba5d2b4493f; 5a0e6dfb444fb1c76bad8fcd09031ba5d2b4493f; 5a0e6dfb444fb1c76bad8fcd09031ba5d2b4493f; 5a0e6dfb444fb1c76bad8fcd09031ba5d2b4493f; 5a0e6dfb444fb1c76bad8fcd09031ba5d2b4493f; 5a0e6dfb444fb1c76bad8fcd09031ba5d2b4493f; 5a0e6dfb444fb1c76bad8fcd09031ba5d2b4493f; 5a0e6dfb444fb1c76bad8fcd09031ba5d2b4493f; 5a0e6dfb444fb1c76bad8fcd09031ba5d2b4493f; 5a0e6dfb444fb1c76bad8fcd09031ba5d2b4493f; 5a0e6dfb444fb1c76bad8fcd09031ba5d2b4493f; 5a0e6dfb444fb1c76bad8fcd09031ba5d2b4493f; 5a0e6dfb444fb1c76bad8fcd09031ba5d2b4493f; 5a0e6dfb444fb1c76bad8fcd09031ba5d2b4493f; 5a0e6dfb444fb1c76bad8fcd09031ba5d2b4493f; 5a0e6dfb444fb1c76bad8fcd09031ba5d2b4493f; 5a0e6dfb444fb1c76bad8fcd09031ba5d2b4493f; 5a0e6dfb444fb1c76bad8fcd09031ba5d2b4493f; 5a0e6dfb444fb1c76bad8fcd09031ba5d2b4493f; 5a0e6dfb444fb1c76bad8fcd09031ba5d2b4493f; 5a0e6dfb444fb1c76bad8fcd09031ba5d2b4493f; 5a0e6dfb444fb1c76bad8fcd09031ba5d2b4493f; 5a0e6dfb444fb1c76bad8fcd09031ba5d2b4493f; 5a0e6dfb444fb1c76bad8fcd09031ba5d2b4493f; 5a0e6dfb444fb1c76bad8fcd09031ba5d2b4493f; 5a0e6dfb444fb1c76bad8fcd09031ba5d2b4493f; 5a0e6dfb444fb1c76bad8fcd09031ba5d2b4493f; 5a0e6dfb444fb1c76bad8fcd09031ba5d2b4493f; 5a0e6dfb444fb1c76bad8fcd09031ba5d2b4493f; 5a0e6dfb444fb1c76bad8fcd09031ba5d2b4493f; 5a0e6dfb444fb1c76bad8fcd09031ba5d2b4493f; 5a0e6dfb444fb1c76bad8fcd09031ba5d2b4493f; 5a0e6dfb444fb1c76bad8fcd09031ba5d2b4493f; 5a0e6dfb444fb1c76bad8fcd09031ba5d2b4493f; 5a0e6dfb444fb1c76bad8fcd09031ba5d2b4493f; 5a0e6dfb444fb1c76bad8fcd09031ba5d2b4493f; 5a0e6dfb444fb1c76bad8fcd09031ba5d2b4493f; 5a0e6dfb444fb1c76bad8fcd09031ba5d2b4493f; 5a0e6dfb444fb1c76bad8fcd09031ba5d2b4493f; 5a0e6dfb444fb1c76bad8fcd09031ba5d2b4493f; 5a0e6dfb444fb1c76bad8fcd09031ba5d2b4493f; 5a0e6dfb444fb1c76bad8fcd09031ba5d2b4493f; 5a0e6dfb444fb1c76bad8fcd09031ba5d2b4493f; 5a0e6dfb444fb1c76bad8fcd09031ba5d2b4493f; 5a0e6dfb444fb1c76bad8fcd09031ba5d2b4493f; 5a0e6dfb444fb1c76bad8fcd09031ba5d2b4493f; 5a0e6dfb444fb1c76bad8fcd09031ba5d2b4493f; 5a0e6dfb444fb1c76bad8fcd09031ba5d2b4493f; 5a0e6dfb444fb1c76bad8fcd09031ba5d2b4493f; 5a0e6dfb444fb1c76bad8fcd09031ba5d2b4493f; 5a0e6dfb444fb1c76bad8fcd09031ba5d2b4493f; 5a0e6dfb444fb1c76bad8fcd09031ba5d2b4493f; 5a0e6dfb444fb1c76bad8fcd09031ba5d2b4493f; 5a0e6dfb444fb1c76bad8fcd09031ba5d2b4493f; 5a0e6dfb444fb1c76bad8fcd09031ba5d2b4493f; 5a0e6dfb444fb1c76bad8fcd09031ba5d2b4493f; 5a0e6dfb444fb1c76bad8fcd09031ba5d2b4493f; 5a0e6dfb444fb1c76bad8fcd09031ba5d2b4493f; 5a0e6dfb444fb1c76bad8fcd09031ba5d2b4493f; 5a0e6dfb444fb1c76bad8fcd09031ba5d2b4493f; 5a0e6dfb444fb1c76bad8fcd09031ba5d2b4493f; 5a0e6dfb444fb1c76bad8fcd09031ba5d2b4493f; 5a0e6dfb444fb1c76bad8fcd09031ba5d2b4493f; 5a0e6dfb444fb1c76bad8fcd09031ba5d2b4493f; 5a0e6dfb444fb1c76bad8fcd09031ba5d2b4493f; 5a0e6dfb444fb1c76bad8fcd09031ba5d2b4493f; 5a0e6dfb444fb1c76bad8fcd09031ba5d2b4493f; 5a0e6dfb444fb1c76bad8fcd09031ba5d2b4493f; 5a0e6dfb444fb1c76bad8fcd09031ba5d2b4493f; 5a0e6dfb444fb1c76bad8fcd09031ba5d2b4493f; 5a0e6dfb444fb1c76bad8fcd09031ba5d2b4493f; 5a0e6dfb444fb1c76bad8fcd09031ba5d2b4493f; 5a0e6dfb444fb1c76bad8fcd09031ba5d2b4493f; 5a0e6dfb444fb1c76bad8fcd09031ba5d2b4493f; 5a0e6dfb444fb1c76bad8fcd09031ba5d2b4493f; 5a0e6dfb444fb1c76bad8fcd09031ba5d2b4493f; 5a0e6dfb444fb1c76bad8fcd09031ba5d2b4493f; 5a0e6dfb444fb1c76bad8fcd09031ba5d2b4493f; 5a0e6dfb444fb1c76bad8fcd09031ba5d2b4493f; 5a0e6dfb444fb1c76bad8fcd09031ba5d2b4493f; 5a0e6dfb444fb1c76bad8fcd09031ba5d2b4493f; 5a0e6dfb444fb1c76bad8fcd09031ba5d2b4493f; 5a0e6dfb444fb1c76bad8fcd09031ba5d2b4493f; 5a0e6dfb444fb1c76bad8fcd09031ba5d2b4493f; 5a0e6dfb444fb1c76bad8fcd09031ba5d2b4493f; 5a0e6dfb444fb1c76bad8fcd09031ba5d2b4493f; 5a0e6dfb444fb1c76bad8fcd09031ba5d2b4493f; 5a0e6dfb444fb1c76bad8fcd09031ba5d2b4493f; 5a0e6dfb444fb1c76bad8fcd09031ba5d2b4493f; 5a0e6dfb444fb1c76bad8fcd09031ba5d2b4493f; 5a0e6dfb444fb1c76bad8fcd09031ba5d2b4493f; 5a0e6dfb444fb1c76bad8fcd09031ba5d2b4493f; 5a0e6dfb444fb1c76bad8fcd09031ba5d2b4493f; 5a0e6dfb444fb1c76bad8fcd09031ba5d2b4493f; 5a0e6dfb444fb1c76bad8fcd09031ba5d2b4493f; 5a0e6dfb444fb1c76bad8fcd09031ba5d2b4493f; 5a0e6dfb444fb1c76bad8fcd09031ba5d2b4493f; 5a0e6dfb444fb1c76bad8fcd09031ba5d2b4493f; 5a0e6dfb444fb1c76bad8fcd09031ba5d2b4493f; 5a0e6dfb444fb1c76bad8fcd09031ba5d2b4493f; 5a0e6dfb444fb1c76bad8fcd09031ba5d2b4493f; 5a0e6dfb444fb1c76bad8fcd09031ba5d2b4493f; 5a0e6dfb444fb1c76bad8fcd09031ba5d2b4493f; 5a0e6dfb444fb1c76bad8fcd09031ba5d2b4493f; 5a0e6dfb444fb1c76bad8fcd09031ba5d2b4493f; 5a0e6dfb444fb1c76bad8fcd09031ba5d2b4493f; 5a0e6dfb444fb1c76bad8fcd09031ba5d2b4493f; 5a0e6dfb444fb1c76bad8fcd09031ba5d2b4493f; 5a0e6dfb444fb1c76bad8fcd09031ba5d2b4493f; 5a0e6dfb444fb1c76bad8fcd09031ba5d2b4493f; 5a0e6dfb444fb1c76bad8fcd09031ba5d2b4493f; 5a0e6dfb444fb1c76bad8fcd09031ba5d2b4493f; 5a0e6dfb444fb1c76bad8fcd09031ba5d2b4493f; 5a0e6dfb444fb1c76bad8fcd09031ba5d2b4493f; 5a0e6dfb444fb1c76bad8fcd09031ba5d2b4493f; 5a0e6dfb444fb1c76bad8fcd09031ba5d2b4493f; 5a0e6dfb444fb1c76bad8fcd09031ba5d2b4493f; 5a0e6dfb444fb1c76bad8fcd09031ba5d2b4493f; 5a0e6dfb444fb1c76bad8fcd09031ba5d2b4493f; 5a0e6dfb444fb1c76bad8fcd09031ba5d2b4493f; 5a0e6dfb444fb1c76bad8fcd09031ba5d2b4493f; 5a0e6dfb444fb1c76bad8fcd09031ba5d2b4493f; 5a0e6dfb444fb1c76bad8fcd09031ba5d2b4493f; 5a0e6dfb444fb1c76bad8fcd09031ba5d2b4493f; 5a0e6dfb444fb1c76bad8fcd09031ba5d2b4493f; 5a0e6dfb444fb1c76bad8fcd09031ba5d2b4493f; 5a0e6dfb444fb1c76bad8fcd09031ba5d2b4493f; 5a0e6dfb444fb1c76bad8fcd09031ba5d2b4493f; 5a0e6dfb444fb1c76bad8fcd09031ba5d2b4493f; ','added c files in algorithm; ','ZGlmZiAtLWdpdCBhL2lucHV0L2FsZ29yaXRobXMvc2V0dGluZ3MuYyBiL2lucHV0L2FsZ29yaXRobXMvc2V0dGluZ3MuYwpuZXcgZmlsZSBtb2RlIDEwMDY0NAppbmRleCAwMDAwMDAwLi40MGQ4YTllCi0tLSAvZGV2L251bGwKKysrIGIvaW5wdXQvYWxnb3JpdGhtcy9zZXR0aW5ncy5jCkBAIC0wLDAgKzEsMjY2IEBACisvKgorICogIE5vdGVwYWQgKHNldHRpbmdzLmMpCisgKgorICogIENvcHlyaWdodCAxOTk4LDk5IE1hcmNlbCBCYXVyIDxtYmF1ckBnMjYuZXRoei5jaD4KKyAqICBDb3B5cmlnaHQgMjAwMiBTeWx2YWluIFBldHJlb2xsZSA8c3BldHJlb2xsZUB5YWhvby5mcj4KKyAqICBDb3B5cmlnaHQgMjAwMiBBbmRyaXkgUGFsYW1hcmNodWsKKyAqCisgKiBUaGlzIGxpYnJhcnkgaXMgZnJlZSBzb2Z0d2FyZTsgeW91IGNhbiByZWRpc3RyaWJ1dGUgaXQgYW5kL29yCisgKiBtb2RpZnkgaXQgdW5kZXIgdGhlIHRlcm1zIG9mIHRoZSBHTlUgTGVzc2VyIEdlbmVyYWwgUHVibGljCisgKiBMaWNlbnNlIGFzIHB1Ymxpc2hlZCBieSB0aGUgRnJlZSBTb2Z0d2FyZSBGb3VuZGF0aW9uOyBlaXRoZXIKKyAqIHZlcnNpb24gMi4xIG9mIHRoZSBMaWNlbnNlLCBvciAoYXQgeW91ciBvcHRpb24pIGFueSBsYXRlciB2ZXJzaW9uLgorICoKKyAqIFRoaXMgbGlicmFyeSBpcyBkaXN0cmlidXRlZCBpbiB0aGUgaG9wZSB0aGF0IGl0IHdpbGwgYmUgdXNlZnVsLAorICogYnV0IFdJVEhPVVQgQU5ZIFdBUlJBTlRZOyB3aXRob3V0IGV2ZW4gdGhlIGltcGxpZWQgd2FycmFudHkgb2YKKyAqIE1FUkNIQU5UQUJJTElUWSBvciBGSVRORVNTIEZPUiBBIFBBUlRJQ1VMQVIgUFVSUE9TRS4gIFNlZSB0aGUgR05VCisgKiBMZXNzZXIgR2VuZXJhbCBQdWJsaWMgTGljZW5zZSBmb3IgbW9yZSBkZXRhaWxzLgorICoKKyAqIFlvdSBzaG91bGQgaGF2ZSByZWNlaXZlZCBhIGNvcHkgb2YgdGhlIEdOVSBMZXNzZXIgR2VuZXJhbCBQdWJsaWMKKyAqIExpY2Vuc2UgYWxvbmcgd2l0aCB0aGlzIGxpYnJhcnk7IGlmIG5vdCwgd3JpdGUgdG8gdGhlIEZyZWUgU29mdHdhcmUKKyAqIEZvdW5kYXRpb24sIEluYy4sIDUxIEZyYW5rbGluIFN0cmVldCwgRmlmdGggRmxvb3IsIEJvc3RvbiwgTUEgIDAyMTEwLTEzMDEgIFVTQQorICovCisKKyNpbmNsdWRlICJub3RlcGFkLmgiCisKKyNpbmNsdWRlIDx3aW5yZWcuaD4KKworc3RhdGljIExQQ1RTVFIgc19zelJlZ2lzdHJ5S2V5ID0gX1QoIlNvZnR3YXJlXFxNaWNyb3NvZnRcXE5vdGVwYWQiKTsKKworCitzdGF0aWMgTE9ORyBIZWlnaHRGcm9tUG9pbnRTaXplKERXT1JEIGR3UG9pbnRTaXplKQoreworICAgIExPTkcgbEhlaWdodDsKKyAgICBIREMgaERDOworCisgICAgaERDID0gR2V0REMoTlVMTCk7CisgICAgbEhlaWdodCA9IC1NdWxEaXYoZHdQb2ludFNpemUsIEdldERldmljZUNhcHMoaERDLCBMT0dQSVhFTFNZKSwgNzIwKTsKKyAgICBSZWxlYXNlREMoTlVMTCwgaERDKTsKKworICAgIHJldHVybiBsSGVpZ2h0OworfQorCitzdGF0aWMgRFdPUkQgUG9pbnRTaXplRnJvbUhlaWdodChMT05HIGxIZWlnaHQpCit7CisgICAgRFdPUkQgZHdQb2ludFNpemU7CisgICAgSERDIGhEQzsKKworICAgIGhEQyA9IEdldERDKE5VTEwpOworICAgIGR3UG9pbnRTaXplID0gLU11bERpdihsSGVpZ2h0LCA3MjAsIEdldERldmljZUNhcHMoaERDLCBMT0dQSVhFTFNZKSk7CisgICAgUmVsZWFzZURDKE5VTEwsIGhEQyk7CisKKyAgICAvKiByb3VuZCB0byBuZWFyZXN0IG11bHRpcGxlIG9mIDEwICovCisgICAgZHdQb2ludFNpemUgKz0gNTsKKyAgICBkd1BvaW50U2l6ZSAtPSBkd1BvaW50U2l6ZSAlIDEwOworCisgICAgcmV0dXJuIGR3UG9pbnRTaXplOworfQorCitzdGF0aWMgQk9PTAorUXVlcnlHZW5lcmljKEhLRVkgaEtleSwgTFBDVFNUUiBwc3pWYWx1ZU5hbWVULCBEV09SRCBkd0V4cGVjdGVkVHlwZSwKKyAgICAgICAgICAgICBMUFZPSUQgcHZSZXN1bHQsIERXT1JEIGR3UmVzdWx0U2l6ZSkKK3sKKyAgICBEV09SRCBkd1R5cGUsIGNiRGF0YTsKKyAgICBMUFZPSUQgKnBUZW1wID0gX2FsbG9jYShkd1Jlc3VsdFNpemUpOworCisgICAgWmVyb01lbW9yeShwVGVtcCwgZHdSZXN1bHRTaXplKTsKKworICAgIGNiRGF0YSA9IGR3UmVzdWx0U2l6ZTsKKyAgICBpZiAoUmVnUXVlcnlWYWx1ZUV4KGhLZXksIHBzelZhbHVlTmFtZVQsIE5VTEwsICZkd1R5cGUsIChMUEJZVEUpIHBUZW1wLCAmY2JEYXRhKSAhPSBFUlJPUl9TVUNDRVNTKQorICAgICAgICByZXR1cm4gRkFMU0U7CisKKyAgICBpZiAoZHdUeXBlICE9IGR3RXhwZWN0ZWRUeXBlKQorICAgICAgICByZXR1cm4gRkFMU0U7CisKKyAgICBtZW1jcHkocHZSZXN1bHQsIHBUZW1wLCBjYkRhdGEpOworICAgIHJldHVybiBUUlVFOworfQorCitzdGF0aWMgQk9PTCBRdWVyeUR3b3JkKEhLRVkgaEtleSwgTFBDVFNUUiBwc3pWYWx1ZU5hbWUsIERXT1JEICpwZHdSZXN1bHQpCit7CisgICAgcmV0dXJuIFF1ZXJ5R2VuZXJpYyhoS2V5LCBwc3pWYWx1ZU5hbWUsIFJFR19EV09SRCwgcGR3UmVzdWx0LCBzaXplb2YoKnBkd1Jlc3VsdCkpOworfQorCitzdGF0aWMgQk9PTCBRdWVyeUJ5dGUoSEtFWSBoS2V5LCBMUENUU1RSIHBzelZhbHVlTmFtZSwgQllURSAqcGJSZXN1bHQpCit7CisgICAgRFdPUkQgZHdSZXN1bHQ7CisgICAgaWYgKCFRdWVyeUdlbmVyaWMoaEtleSwgcHN6VmFsdWVOYW1lLCBSRUdfRFdPUkQsICZkd1Jlc3VsdCwgc2l6ZW9mKGR3UmVzdWx0KSkpCisgICAgICAgIHJldHVybiBGQUxTRTsKKyAgICBpZiAoZHdSZXN1bHQgPj0gMHgxMDApCisgICAgICAgIHJldHVybiBGQUxTRTsKKyAgICAqcGJSZXN1bHQgPSAoQllURSkgZHdSZXN1bHQ7CisgICAgcmV0dXJuIFRSVUU7Cit9CisKK3N0YXRpYyBCT09MIFF1ZXJ5Qm9vbChIS0VZIGhLZXksIExQQ1RTVFIgcHN6VmFsdWVOYW1lLCBCT09MICpwYlJlc3VsdCkKK3sKKyAgICBEV09SRCBkd1Jlc3VsdDsKKyAgICBpZiAoIVF1ZXJ5RHdvcmQoaEtleSwgcHN6VmFsdWVOYW1lLCAmZHdSZXN1bHQpKQorICAgICAgICByZXR1cm4gRkFMU0U7CisgICAgKnBiUmVzdWx0ID0gZHdSZXN1bHQgPyBUUlVFIDogRkFMU0U7CisgICAgcmV0dXJuIFRSVUU7Cit9CisKK3N0YXRpYyBCT09MIFF1ZXJ5U3RyaW5nKEhLRVkgaEtleSwgTFBDVFNUUiBwc3pWYWx1ZU5hbWUsIExQVFNUUiBwc3pSZXN1bHQsIERXT1JEIGR3UmVzdWx0U2l6ZSkKK3sKKyAgICByZXR1cm4gUXVlcnlHZW5lcmljKGhLZXksIHBzelZhbHVlTmFtZSwgUkVHX1NaLCBwc3pSZXN1bHQsIGR3UmVzdWx0U2l6ZSAqIHNpemVvZihUQ0hBUikpOworfQorCisvKioqKioqKioqKioqKioqKioqKioqKioqKioqKioqKioqKioqKioqKioqKioqKioqKioqKioqKioqKioqKioqKioqKioqKioKKyAqCisgKiAgICAgICAgICAgTk9URVBBRF9Mb2FkU2V0dGluZ3NGcm9tUmVnaXN0cnkKKyAqCisgKiAgTG9hZCBzZXR0aW5ncyBmcm9tIHJlZ2lzdHJ5IEhLQ1VcU29mdHdhcmVcTWljcm9zb2Z0XE5vdGVwYWQuCisgKi8KK3ZvaWQgTk9URVBBRF9Mb2FkU2V0dGluZ3NGcm9tUmVnaXN0cnkodm9pZCkKK3sKKyAgICBIS0VZIGhLZXkgPSBOVUxMOworICAgIEhGT05UIGhGb250OworICAgIERXT1JEIGR3UG9pbnRTaXplID0gMDsKKyAgICBJTlQgYmFzZV9sZW5ndGgsIGR4LCBkeTsKKworICAgIGJhc2VfbGVuZ3RoID0gKEdldFN5c3RlbU1ldHJpY3MoU01fQ1hTQ1JFRU4pID4gR2V0U3lzdGVtTWV0cmljcyhTTV9DWVNDUkVFTikpID8KKyAgICAgICAgICAgICAgICAgIEdldFN5c3RlbU1ldHJpY3MoU01fQ1lTQ1JFRU4pIDogR2V0U3lzdGVtTWV0cmljcyhTTV9DWFNDUkVFTik7CisKKyAgICBkeCA9IChJTlQpKGJhc2VfbGVuZ3RoICogLjk1KTsKKyAgICBkeSA9IGR4ICogMyAvIDQ7CisgICAgU2V0UmVjdCgmR2xvYmFscy5tYWluX3JlY3QsIDAsIDAsIGR4LCBkeSk7CisKKyAgICBpZiAoUmVnT3BlbktleShIS0VZX0NVUlJFTlRfVVNFUiwgc19zelJlZ2lzdHJ5S2V5LCAmaEtleSkgPT0gRVJST1JfU1VDQ0VTUykKKyAgICB7CisgICAgICAgIFF1ZXJ5Qnl0ZShoS2V5LCBfVCgibGZDaGFyU2V0IiksICZHbG9iYWxzLmxmRm9udC5sZkNoYXJTZXQpOworICAgICAgICBRdWVyeUJ5dGUoaEtleSwgX1QoImxmQ2xpcFByZWNpc2lvbiIpLCAmR2xvYmFscy5sZkZvbnQubGZDbGlwUHJlY2lzaW9uKTsKKyAgICAgICAgUXVlcnlEd29yZChoS2V5LCBfVCgibGZFc2NhcGVtZW50IiksIChEV09SRCopJkdsb2JhbHMubGZGb250LmxmRXNjYXBlbWVudCk7CisgICAgICAgIFF1ZXJ5U3RyaW5nKGhLZXksIF9UKCJsZkZhY2VOYW1lIiksIEdsb2JhbHMubGZGb250LmxmRmFjZU5hbWUsIEFSUkFZX1NJWkUoR2xvYmFscy5sZkZvbnQubGZGYWNlTmFtZSkpOworICAgICAgICBRdWVyeUJ5dGUoaEtleSwgX1QoImxmSXRhbGljIiksICZHbG9iYWxzLmxmRm9udC5sZkl0YWxpYyk7CisgICAgICAgIFF1ZXJ5RHdvcmQoaEtleSwgX1QoImxmT3JpZW50YXRpb24iKSwgKERXT1JEKikmR2xvYmFscy5sZkZvbnQubGZPcmllbnRhdGlvbik7CisgICAgICAgIFF1ZXJ5Qnl0ZShoS2V5LCBfVCgibGZPdXRQcmVjaXNpb24iKSwgJkdsb2JhbHMubGZGb250LmxmT3V0UHJlY2lzaW9uKTsKKyAgICAgICAgUXVlcnlCeXRlKGhLZXksIF9UKCJsZlBpdGNoQW5kRmFtaWx5IiksICZHbG9iYWxzLmxmRm9udC5sZlBpdGNoQW5kRmFtaWx5KTsKKyAgICAgICAgUXVlcnlCeXRlKGhLZXksIF9UKCJsZlF1YWxpdHkiKSwgJkdsb2JhbHMubGZGb250LmxmUXVhbGl0eSk7CisgICAgICAgIFF1ZXJ5Qnl0ZShoS2V5LCBfVCgibGZTdHJpa2VPdXQiKSwgJkdsb2JhbHMubGZGb250LmxmU3RyaWtlT3V0KTsKKyAgICAgICAgUXVlcnlCeXRlKGhLZXksIF9UKCJsZlVuZGVybGluZSIpLCAmR2xvYmFscy5sZkZvbnQubGZVbmRlcmxpbmUpOworICAgICAgICBRdWVyeUR3b3JkKGhLZXksIF9UKCJsZldlaWdodCIpLCAoRFdPUkQqKSZHbG9iYWxzLmxmRm9udC5sZldlaWdodCk7CisgICAgICAgIFF1ZXJ5RHdvcmQoaEtleSwgX1QoImlQb2ludFNpemUiKSwgJmR3UG9pbnRTaXplKTsKKyAgICAgICAgUXVlcnlCb29sKGhLZXksIF9UKCJmV3JhcCIpLCAmR2xvYmFscy5iV3JhcExvbmdMaW5lcyk7CisgICAgICAgIFF1ZXJ5Qm9vbChoS2V5LCBfVCgiZlN0YXR1c0JhciIpLCAmR2xvYmFscy5iU2hvd1N0YXR1c0Jhcik7CisgICAgICAgIFF1ZXJ5U3RyaW5nKGhLZXksIF9UKCJzekhlYWRlciIpLCBHbG9iYWxzLnN6SGVhZGVyLCBBUlJBWV9TSVpFKEdsb2JhbHMuc3pIZWFkZXIpKTsKKyAgICAgICAgUXVlcnlTdHJpbmcoaEtleSwgX1QoInN6VHJhaWxlciIpLCBHbG9iYWxzLnN6Rm9vdGVyLCBBUlJBWV9TSVpFKEdsb2JhbHMuc3pGb290ZXIpKTsKKyAgICAgICAgUXVlcnlEd29yZChoS2V5LCBfVCgiaU1hcmdpbkxlZnQiKSwgKERXT1JEKikmR2xvYmFscy5sTWFyZ2lucy5sZWZ0KTsKKyAgICAgICAgUXVlcnlEd29yZChoS2V5LCBfVCgiaU1hcmdpblRvcCIpLCAoRFdPUkQqKSZHbG9iYWxzLmxNYXJnaW5zLnRvcCk7CisgICAgICAgIFF1ZXJ5RHdvcmQoaEtleSwgX1QoImlNYXJnaW5SaWdodCIpLCAoRFdPUkQqKSZHbG9iYWxzLmxNYXJnaW5zLnJpZ2h0KTsKKyAgICAgICAgUXVlcnlEd29yZChoS2V5LCBfVCgiaU1hcmdpbkJvdHRvbSIpLCAoRFdPUkQqKSZHbG9iYWxzLmxNYXJnaW5zLmJvdHRvbSk7CisKKyAgICAgICAgUXVlcnlEd29yZChoS2V5LCBfVCgiaVdpbmRvd1Bvc1giKSwgKERXT1JEKikmR2xvYmFscy5tYWluX3JlY3QubGVmdCk7CisgICAgICAgIFF1ZXJ5RHdvcmQoaEtleSwgX1QoImlXaW5kb3dQb3NZIiksIChEV09SRCopJkdsb2JhbHMubWFpbl9yZWN0LnRvcCk7CisgICAgICAgIFF1ZXJ5RHdvcmQoaEtleSwgX1QoImlXaW5kb3dQb3NEWCIpLCAoRFdPUkQqKSZkeCk7CisgICAgICAgIFF1ZXJ5RHdvcmQoaEtleSwgX1QoImlXaW5kb3dQb3NEWSIpLCAoRFdPUkQqKSZkeSk7CisKKyAgICAgICAgR2xvYmFscy5tYWluX3JlY3QucmlnaHQgPSBHbG9iYWxzLm1haW5fcmVjdC5sZWZ0ICsgZHg7CisgICAgICAgIEdsb2JhbHMubWFpbl9yZWN0LmJvdHRvbSA9IEdsb2JhbHMubWFpbl9yZWN0LnRvcCArIGR5OworCisgICAgICAgIC8qIGludmVydCB2YWx1ZSBiZWNhdXNlIERJQUxPR19WaWV3U3RhdHVzQmFyIHdpbGwgYmUgY2FsbGVkIHRvIHNob3cgaXQgKi8KKyAgICAgICAgR2xvYmFscy5iU2hvd1N0YXR1c0JhciA9ICFHbG9iYWxzLmJTaG93U3RhdHVzQmFyOworCisgICAgICAgIGlmIChkd1BvaW50U2l6ZSAhPSAwKQorICAgICAgICAgICAgR2xvYmFscy5sZkZvbnQubGZIZWlnaHQgPSBIZWlnaHRGcm9tUG9pbnRTaXplKGR3UG9pbnRTaXplKTsKKyAgICAgICAgZWxzZQorICAgICAgICAgICAgR2xvYmFscy5sZkZvbnQubGZIZWlnaHQgPSBIZWlnaHRGcm9tUG9pbnRTaXplKDEwMCk7CisKKyAgICAgICAgUmVnQ2xvc2VLZXkoaEtleSk7CisgICAgfQorICAgIGVsc2UKKyAgICB7CisgICAgICAgIC8qIElmIG5vIHNldHRpbmdzIGFyZSBmb3VuZCBpbiB0aGUgcmVnaXN0cnksIHRoZW4gdXNlIGRlZmF1bHQgdmFsdWVzICovCisgICAgICAgIEdsb2JhbHMuYlNob3dTdGF0dXNCYXIgPSBGQUxTRTsKKyAgICAgICAgR2xvYmFscy5iV3JhcExvbmdMaW5lcyA9IEZBTFNFOworICAgICAgICBTZXRSZWN0KCZHbG9iYWxzLmxNYXJnaW5zLCA3NTAsIDEwMDAsIDc1MCwgMTAwMCk7CisKKyAgICAgICAgLyogRklYTUU6IEdsb2JhbHMuZlNhdmVXaW5kb3dQb3NpdGlvbnMgPSBGQUxTRTsgKi8KKyAgICAgICAgLyogRklYTUU6IEdsb2JhbHMuZk1MRV9pc19icm9rZW4gPSBGQUxTRTsgKi8KKworICAgICAgICBMb2FkU3RyaW5nKEdsb2JhbHMuaEluc3RhbmNlLCBTVFJJTkdfUEFHRVNFVFVQX0hFQURFUlZBTFVFLCBHbG9iYWxzLnN6SGVhZGVyLAorICAgICAgICAgICAgICAgICAgIEFSUkFZX1NJWkUoR2xvYmFscy5zekhlYWRlcikpOworICAgICAgICBMb2FkU3RyaW5nKEdsb2JhbHMuaEluc3RhbmNlLCBTVFJJTkdfUEFHRVNFVFVQX0ZPT1RFUlZBTFVFLCBHbG9iYWxzLnN6Rm9vdGVyLAorICAgICAgICAgICAgICAgICAgIEFSUkFZX1NJWkUoR2xvYmFscy5zekZvb3RlcikpOworCisgICAgICAgIFplcm9NZW1vcnkoJkdsb2JhbHMubGZGb250LCBzaXplb2YoR2xvYmFscy5sZkZvbnQpKTsKKyAgICAgICAgR2xvYmFscy5sZkZvbnQubGZDaGFyU2V0ID0gQU5TSV9DSEFSU0VUOworICAgICAgICBHbG9iYWxzLmxmRm9udC5sZkNsaXBQcmVjaXNpb24gPSBDTElQX1NUUk9LRV9QUkVDSVM7CisgICAgICAgIEdsb2JhbHMubGZGb250LmxmRXNjYXBlbWVudCA9IDA7CisgICAgICAgIF90Y3NjcHkoR2xvYmFscy5sZkZvbnQubGZGYWNlTmFtZSwgX1QoIkx1Y2lkYSBDb25zb2xlIikpOworICAgICAgICBHbG9iYWxzLmxmRm9udC5sZkl0YWxpYyA9IEZBTFNFOworICAgICAgICBHbG9iYWxzLmxmRm9udC5sZk9yaWVudGF0aW9uID0gMDsKKyAgICAgICAgR2xvYmFscy5sZkZvbnQubGZPdXRQcmVjaXNpb24gPSBPVVRfU1RSSU5HX1BSRUNJUzsKKyAgICAgICAgR2xvYmFscy5sZkZvbnQubGZQaXRjaEFuZEZhbWlseSA9IEZJWEVEX1BJVENIIHwgRkZfTU9ERVJOOworICAgICAgICBHbG9iYWxzLmxmRm9udC5sZlF1YWxpdHkgPSBQUk9PRl9RVUFMSVRZOworICAgICAgICBHbG9iYWxzLmxmRm9udC5sZlN0cmlrZU91dCA9IEZBTFNFOworICAgICAgICBHbG9iYWxzLmxmRm9udC5sZlVuZGVybGluZSA9IEZBTFNFOworICAgICAgICBHbG9iYWxzLmxmRm9udC5sZldlaWdodCA9IEZXX05PUk1BTDsKKyAgICAgICAgR2xvYmFscy5sZkZvbnQubGZIZWlnaHQgPSBIZWlnaHRGcm9tUG9pbnRTaXplKDEwMCk7CisgICAgfQorCisgICAgaEZvbnQgPSBDcmVhdGVGb250SW5kaXJlY3QoJkdsb2JhbHMubGZGb250KTsKKyAgICBTZW5kTWVzc2FnZShHbG9iYWxzLmhFZGl0LCBXTV9TRVRGT05ULCAoV1BBUkFNKWhGb250LCAoTFBBUkFNKVRSVUUpOworICAgIGlmIChoRm9udCkKKyAgICB7CisgICAgICAgIGlmIChHbG9iYWxzLmhGb250KQorICAgICAgICAgICAgRGVsZXRlT2JqZWN0KEdsb2JhbHMuaEZvbnQpOworICAgICAgICBHbG9iYWxzLmhGb250ID0gaEZvbnQ7CisgICAgfQorfQorCitzdGF0aWMgQk9PTCBTYXZlRHdvcmQoSEtFWSBoS2V5LCBMUENUU1RSIHBzelZhbHVlTmFtZVQsIERXT1JEIGR3VmFsdWUpCit7CisgICAgcmV0dXJuIFJlZ1NldFZhbHVlRXgoaEtleSwgcHN6VmFsdWVOYW1lVCwgMCwgUkVHX0RXT1JELCAoTFBCWVRFKSAmZHdWYWx1ZSwgc2l6ZW9mKGR3VmFsdWUpKSA9PSBFUlJPUl9TVUNDRVNTOworfQorCitzdGF0aWMgQk9PTCBTYXZlU3RyaW5nKEhLRVkgaEtleSwgTFBDVFNUUiBwc3pWYWx1ZU5hbWVULCBMUENUU1RSIHBzelZhbHVlKQoreworICAgIHJldHVybiBSZWdTZXRWYWx1ZUV4KGhLZXksIHBzelZhbHVlTmFtZVQsIDAsIFJFR19TWiwgKExQQllURSkgcHN6VmFsdWUsIChEV09SRCkgX3Rjc2xlbihwc3pWYWx1ZSkgKiBzaXplb2YoKnBzelZhbHVlKSkgPT0gRVJST1JfU1VDQ0VTUzsKK30KKworLyoqKioqKioqKioqKioqKioqKioqKioqKioqKioqKioqKioqKioqKioqKioqKioqKioqKioqKioqKioqKioqKioqKioqKioqCisgKgorICogICAgICAgICAgIE5PVEVQQURfU2F2ZVNldHRpbmdzVG9SZWdpc3RyeQorICoKKyAqICBTYXZlIHNldHRpbmdzIHRvIHJlZ2lzdHJ5IEhLQ1VcU29mdHdhcmVcTWljcm9zb2Z0XE5vdGVwYWQuCisgKi8KK3ZvaWQgTk9URVBBRF9TYXZlU2V0dGluZ3NUb1JlZ2lzdHJ5KHZvaWQpCit7CisgICAgSEtFWSBoS2V5OworICAgIERXT1JEIGR3RGlzcG9zaXRpb247CisKKyAgICBHZXRXaW5kb3dSZWN0KEdsb2JhbHMuaE1haW5XbmQsICZHbG9iYWxzLm1haW5fcmVjdCk7CisKKyAgICBpZiAoUmVnQ3JlYXRlS2V5RXgoSEtFWV9DVVJSRU5UX1VTRVIsIHNfc3pSZWdpc3RyeUtleSwKKyAgICAgICAgICAgICAgICAgICAgICAgMCwgTlVMTCwgMCwgS0VZX1NFVF9WQUxVRSwgTlVMTCwKKyAgICAgICAgICAgICAgICAgICAgICAgJmhLZXksICZkd0Rpc3Bvc2l0aW9uKSA9PSBFUlJPUl9TVUNDRVNTKQorICAgIHsKKyAgICAgICAgU2F2ZUR3b3JkKGhLZXksIF9UKCJsZkNoYXJTZXQiKSwgR2xvYmFscy5sZkZvbnQubGZDaGFyU2V0KTsKKyAgICAgICAgU2F2ZUR3b3JkKGhLZXksIF9UKCJsZkNsaXBQcmVjaXNpb24iKSwgR2xvYmFscy5sZkZvbnQubGZDbGlwUHJlY2lzaW9uKTsKKyAgICAgICAgU2F2ZUR3b3JkKGhLZXksIF9UKCJsZkVzY2FwZW1lbnQiKSwgR2xvYmFscy5sZkZvbnQubGZFc2NhcGVtZW50KTsKKyAgICAgICAgU2F2ZVN0cmluZyhoS2V5LCBfVCgibGZGYWNlTmFtZSIpLCBHbG9iYWxzLmxmRm9udC5sZkZhY2VOYW1lKTsKKyAgICAgICAgU2F2ZUR3b3JkKGhLZXksIF9UKCJsZkl0YWxpYyIpLCBHbG9iYWxzLmxmRm9udC5sZkl0YWxpYyk7CisgICAgICAgIFNhdmVEd29yZChoS2V5LCBfVCgibGZPcmllbnRhdGlvbiIpLCBHbG9iYWxzLmxmRm9udC5sZk9yaWVudGF0aW9uKTsKKyAgICAgICAgU2F2ZUR3b3JkKGhLZXksIF9UKCJsZk91dFByZWNpc2lvbiIpLCBHbG9iYWxzLmxmRm9udC5sZk91dFByZWNpc2lvbik7CisgICAgICAgIFNhdmVEd29yZChoS2V5LCBfVCgibGZQaXRjaEFuZEZhbWlseSIpLCBHbG9iYWxzLmxmRm9udC5sZlBpdGNoQW5kRmFtaWx5KTsKKyAgICAgICAgU2F2ZUR3b3JkKGhLZXksIF9UKCJsZlF1YWxpdHkiKSwgR2xvYmFscy5sZkZvbnQubGZRdWFsaXR5KTsKKyAgICAgICAgU2F2ZUR3b3JkKGhLZXksIF9UKCJsZlN0cmlrZU91dCIpLCBHbG9iYWxzLmxmRm9udC5sZlN0cmlrZU91dCk7CisgICAgICAgIFNhdmVEd29yZChoS2V5LCBfVCgibGZVbmRlcmxpbmUiKSwgR2xvYmFscy5sZkZvbnQubGZVbmRlcmxpbmUpOworICAgICAgICBTYXZlRHdvcmQoaEtleSwgX1QoImxmV2VpZ2h0IiksIEdsb2JhbHMubGZGb250LmxmV2VpZ2h0KTsKKyAgICAgICAgU2F2ZUR3b3JkKGhLZXksIF9UKCJpUG9pbnRTaXplIiksIFBvaW50U2l6ZUZyb21IZWlnaHQoR2xvYmFscy5sZkZvbnQubGZIZWlnaHQpKTsKKyAgICAgICAgU2F2ZUR3b3JkKGhLZXksIF9UKCJmV3JhcCIpLCBHbG9iYWxzLmJXcmFwTG9uZ0xpbmVzID8gMSA6IDApOworICAgICAgICBTYXZlRHdvcmQoaEtleSwgX1QoImZTdGF0dXNCYXIiKSwgR2xvYmFscy5iU2hvd1N0YXR1c0JhciA/IDEgOiAwKTsKKyAgICAgICAgU2F2ZVN0cmluZyhoS2V5LCBfVCgic3pIZWFkZXIiKSwgR2xvYmFscy5zekhlYWRlcik7CisgICAgICAgIFNhdmVTdHJpbmcoaEtleSwgX1QoInN6VHJhaWxlciIpLCBHbG9iYWxzLnN6Rm9vdGVyKTsKKyAgICAgICAgU2F2ZUR3b3JkKGhLZXksIF9UKCJpTWFyZ2luTGVmdCIpLCBHbG9iYWxzLmxNYXJnaW5zLmxlZnQpOworICAgICAgICBTYXZlRHdvcmQoaEtleSwgX1QoImlNYXJnaW5Ub3AiKSwgR2xvYmFscy5sTWFyZ2lucy50b3ApOworICAgICAgICBTYXZlRHdvcmQoaEtleSwgX1QoImlNYXJnaW5SaWdodCIpLCBHbG9iYWxzLmxNYXJnaW5zLnJpZ2h0KTsKKyAgICAgICAgU2F2ZUR3b3JkKGhLZXksIF9UKCJpTWFyZ2luQm90dG9tIiksIEdsb2JhbHMubE1hcmdpbnMuYm90dG9tKTsKKyAgICAgICAgU2F2ZUR3b3JkKGhLZXksIF9UKCJpV2luZG93UG9zWCIpLCBHbG9iYWxzLm1haW5fcmVjdC5sZWZ0KTsKKyAgICAgICAgU2F2ZUR3b3JkKGhLZXksIF9UKCJpV2luZG93UG9zWSIpLCBHbG9iYWxzLm1haW5fcmVjdC50b3ApOworICAgICAgICBTYXZlRHdvcmQoaEtleSwgX1QoImlXaW5kb3dQb3NEWCIpLCBHbG9iYWxzLm1haW5fcmVjdC5yaWdodCAtIEdsb2JhbHMubWFpbl9yZWN0LmxlZnQpOworICAgICAgICBTYXZlRHdvcmQoaEtleSwgX1QoImlXaW5kb3dQb3NEWSIpLCBHbG9iYWxzLm1haW5fcmVjdC5ib3R0b20gLSBHbG9iYWxzLm1haW5fcmVjdC50b3ApOworCisgICAgICAgIFJlZ0Nsb3NlS2V5KGhLZXkpOworICAgIH0KK30K',264,18,2,'NEW_ASSET_WITH_NO_VARIATIONPOINT');
INSERT IGNORE INTO developer_group (id_developer_group) VALUES 
(19);
INSERT IGNORE INTO developer_bridge (id_developer_group,id_developer) VALUES 
(19,1);
INSERT IGNORE INTO variation_point (idvariationpoint, expression, idcoreasset,id_feature_group) VALUES
(265,'No Expression',72,0);
INSERT IGNORE INTO customization_fact (idcustomization, lines_added,lines_deleted,custom_diff,commit_set,message_set,greater_diff,idvariationpoint,id_developer_group, idproductrelease, type) VALUES
(19,323,0,'ZGlmZiAtLWdpdCBhL2lucHV0L2FsZ29yaXRobXMvdGV4dC5jIGIvaW5wdXQvYWxnb3JpdGhtcy90ZXh0LmMKbmV3IGZpbGUgbW9kZSAxMDA2NDQKaW5kZXggMDAwMDAwMC4uM2VkODc1ZQotLS0gL2Rldi9udWxsCkBAIC0wLDEgKzEsMzI0IEBAIEV4cHJlc3Npb246IE5vIEV4cHJlc3Npb25DaGFuZ2UgVHlwZTogTkVXX0FTU0VUX1dJVEhfTk9fVkFSSUFUSU9OUE9JTlQKKy8qLy9BdXRob3JlZCBieTogbGV0aW1vbWUgaW4gY29tbWl0OjVhMGU2ZGZiNDQ0ZmIxYzc2YmFkOGZjZDA5MDMxYmE1ZDJiNDQ5M2YsIHdpdGggbWVzc2FnZTphZGRlZCBjIGZpbGVzIGluIGFsZ29yaXRobQorICogIE5vdGVwYWQgKHRleHQuYykvL0F1dGhvcmVkIGJ5OiBsZXRpbW9tZSBpbiBjb21taXQ6NWEwZTZkZmI0NDRmYjFjNzZiYWQ4ZmNkMDkwMzFiYTVkMmI0NDkzZiwgd2l0aCBtZXNzYWdlOmFkZGVkIGMgZmlsZXMgaW4gYWxnb3JpdGhtCisgKi8vQXV0aG9yZWQgYnk6IGxldGltb21lIGluIGNvbW1pdDo1YTBlNmRmYjQ0NGZiMWM3NmJhZDhmY2QwOTAzMWJhNWQyYjQ0OTNmLCB3aXRoIG1lc3NhZ2U6YWRkZWQgYyBmaWxlcyBpbiBhbGdvcml0aG0KKyAqICBDb3B5cmlnaHQgMTk5OCw5OSBNYXJjZWwgQmF1ciA8bWJhdXJAZzI2LmV0aHouY2g+Ly9BdXRob3JlZCBieTogbGV0aW1vbWUgaW4gY29tbWl0OjVhMGU2ZGZiNDQ0ZmIxYzc2YmFkOGZjZDA5MDMxYmE1ZDJiNDQ5M2YsIHdpdGggbWVzc2FnZTphZGRlZCBjIGZpbGVzIGluIGFsZ29yaXRobQorICogIENvcHlyaWdodCAyMDAyIFN5bHZhaW4gUGV0cmVvbGxlIDxzcGV0cmVvbGxlQHlhaG9vLmZyPi8vQXV0aG9yZWQgYnk6IGxldGltb21lIGluIGNvbW1pdDo1YTBlNmRmYjQ0NGZiMWM3NmJhZDhmY2QwOTAzMWJhNWQyYjQ0OTNmLCB3aXRoIG1lc3NhZ2U6YWRkZWQgYyBmaWxlcyBpbiBhbGdvcml0aG0KKyAqICBDb3B5cmlnaHQgMjAwMiBBbmRyaXkgUGFsYW1hcmNodWsvL0F1dGhvcmVkIGJ5OiBsZXRpbW9tZSBpbiBjb21taXQ6NWEwZTZkZmI0NDRmYjFjNzZiYWQ4ZmNkMDkwMzFiYTVkMmI0NDkzZiwgd2l0aCBtZXNzYWdlOmFkZGVkIGMgZmlsZXMgaW4gYWxnb3JpdGhtCisgKi8vQXV0aG9yZWQgYnk6IGxldGltb21lIGluIGNvbW1pdDo1YTBlNmRmYjQ0NGZiMWM3NmJhZDhmY2QwOTAzMWJhNWQyYjQ0OTNmLCB3aXRoIG1lc3NhZ2U6YWRkZWQgYyBmaWxlcyBpbiBhbGdvcml0aG0KKyAqIFRoaXMgbGlicmFyeSBpcyBmcmVlIHNvZnR3YXJlOyB5b3UgY2FuIHJlZGlzdHJpYnV0ZSBpdCBhbmQvb3IvL0F1dGhvcmVkIGJ5OiBsZXRpbW9tZSBpbiBjb21taXQ6NWEwZTZkZmI0NDRmYjFjNzZiYWQ4ZmNkMDkwMzFiYTVkMmI0NDkzZiwgd2l0aCBtZXNzYWdlOmFkZGVkIGMgZmlsZXMgaW4gYWxnb3JpdGhtCisgKiBtb2RpZnkgaXQgdW5kZXIgdGhlIHRlcm1zIG9mIHRoZSBHTlUgTGVzc2VyIEdlbmVyYWwgUHVibGljLy9BdXRob3JlZCBieTogbGV0aW1vbWUgaW4gY29tbWl0OjVhMGU2ZGZiNDQ0ZmIxYzc2YmFkOGZjZDA5MDMxYmE1ZDJiNDQ5M2YsIHdpdGggbWVzc2FnZTphZGRlZCBjIGZpbGVzIGluIGFsZ29yaXRobQorICogTGljZW5zZSBhcyBwdWJsaXNoZWQgYnkgdGhlIEZyZWUgU29mdHdhcmUgRm91bmRhdGlvbjsgZWl0aGVyLy9BdXRob3JlZCBieTogbGV0aW1vbWUgaW4gY29tbWl0OjVhMGU2ZGZiNDQ0ZmIxYzc2YmFkOGZjZDA5MDMxYmE1ZDJiNDQ5M2YsIHdpdGggbWVzc2FnZTphZGRlZCBjIGZpbGVzIGluIGFsZ29yaXRobQorICogdmVyc2lvbiAyLjEgb2YgdGhlIExpY2Vuc2UsIG9yIChhdCB5b3VyIG9wdGlvbikgYW55IGxhdGVyIHZlcnNpb24uLy9BdXRob3JlZCBieTogbGV0aW1vbWUgaW4gY29tbWl0OjVhMGU2ZGZiNDQ0ZmIxYzc2YmFkOGZjZDA5MDMxYmE1ZDJiNDQ5M2YsIHdpdGggbWVzc2FnZTphZGRlZCBjIGZpbGVzIGluIGFsZ29yaXRobQorICovL0F1dGhvcmVkIGJ5OiBsZXRpbW9tZSBpbiBjb21taXQ6NWEwZTZkZmI0NDRmYjFjNzZiYWQ4ZmNkMDkwMzFiYTVkMmI0NDkzZiwgd2l0aCBtZXNzYWdlOmFkZGVkIGMgZmlsZXMgaW4gYWxnb3JpdGhtCisgKiBUaGlzIGxpYnJhcnkgaXMgZGlzdHJpYnV0ZWQgaW4gdGhlIGhvcGUgdGhhdCBpdCB3aWxsIGJlIHVzZWZ1bCwvL0F1dGhvcmVkIGJ5OiBsZXRpbW9tZSBpbiBjb21taXQ6NWEwZTZkZmI0NDRmYjFjNzZiYWQ4ZmNkMDkwMzFiYTVkMmI0NDkzZiwgd2l0aCBtZXNzYWdlOmFkZGVkIGMgZmlsZXMgaW4gYWxnb3JpdGhtCisgKiBidXQgV0lUSE9VVCBBTlkgV0FSUkFOVFk7IHdpdGhvdXQgZXZlbiB0aGUgaW1wbGllZCB3YXJyYW50eSBvZi8vQXV0aG9yZWQgYnk6IGxldGltb21lIGluIGNvbW1pdDo1YTBlNmRmYjQ0NGZiMWM3NmJhZDhmY2QwOTAzMWJhNWQyYjQ0OTNmLCB3aXRoIG1lc3NhZ2U6YWRkZWQgYyBmaWxlcyBpbiBhbGdvcml0aG0KKyAqIE1FUkNIQU5UQUJJTElUWSBvciBGSVRORVNTIEZPUiBBIFBBUlRJQ1VMQVIgUFVSUE9TRS4gIFNlZSB0aGUgR05VLy9BdXRob3JlZCBieTogbGV0aW1vbWUgaW4gY29tbWl0OjVhMGU2ZGZiNDQ0ZmIxYzc2YmFkOGZjZDA5MDMxYmE1ZDJiNDQ5M2YsIHdpdGggbWVzc2FnZTphZGRlZCBjIGZpbGVzIGluIGFsZ29yaXRobQorICogTGVzc2VyIEdlbmVyYWwgUHVibGljIExpY2Vuc2UgZm9yIG1vcmUgZGV0YWlscy4vL0F1dGhvcmVkIGJ5OiBsZXRpbW9tZSBpbiBjb21taXQ6NWEwZTZkZmI0NDRmYjFjNzZiYWQ4ZmNkMDkwMzFiYTVkMmI0NDkzZiwgd2l0aCBtZXNzYWdlOmFkZGVkIGMgZmlsZXMgaW4gYWxnb3JpdGhtCisgKi8vQXV0aG9yZWQgYnk6IGxldGltb21lIGluIGNvbW1pdDo1YTBlNmRmYjQ0NGZiMWM3NmJhZDhmY2QwOTAzMWJhNWQyYjQ0OTNmLCB3aXRoIG1lc3NhZ2U6YWRkZWQgYyBmaWxlcyBpbiBhbGdvcml0aG0KKyAqIFlvdSBzaG91bGQgaGF2ZSByZWNlaXZlZCBhIGNvcHkgb2YgdGhlIEdOVSBMZXNzZXIgR2VuZXJhbCBQdWJsaWMvL0F1dGhvcmVkIGJ5OiBsZXRpbW9tZSBpbiBjb21taXQ6NWEwZTZkZmI0NDRmYjFjNzZiYWQ4ZmNkMDkwMzFiYTVkMmI0NDkzZiwgd2l0aCBtZXNzYWdlOmFkZGVkIGMgZmlsZXMgaW4gYWxnb3JpdGhtCisgKiBMaWNlbnNlIGFsb25nIHdpdGggdGhpcyBsaWJyYXJ5OyBpZiBub3QsIHdyaXRlIHRvIHRoZSBGcmVlIFNvZnR3YXJlLy9BdXRob3JlZCBieTogbGV0aW1vbWUgaW4gY29tbWl0OjVhMGU2ZGZiNDQ0ZmIxYzc2YmFkOGZjZDA5MDMxYmE1ZDJiNDQ5M2YsIHdpdGggbWVzc2FnZTphZGRlZCBjIGZpbGVzIGluIGFsZ29yaXRobQorICogRm91bmRhdGlvbiwgSW5jLiwgNTEgRnJhbmtsaW4gU3RyZWV0LCBGaWZ0aCBGbG9vciwgQm9zdG9uLCBNQSAgMDIxMTAtMTMwMSAgVVNBLy9BdXRob3JlZCBieTogbGV0aW1vbWUgaW4gY29tbWl0OjVhMGU2ZGZiNDQ0ZmIxYzc2YmFkOGZjZDA5MDMxYmE1ZDJiNDQ5M2YsIHdpdGggbWVzc2FnZTphZGRlZCBjIGZpbGVzIGluIGFsZ29yaXRobQorICovLy9BdXRob3JlZCBieTogbGV0aW1vbWUgaW4gY29tbWl0OjVhMGU2ZGZiNDQ0ZmIxYzc2YmFkOGZjZDA5MDMxYmE1ZDJiNDQ5M2YsIHdpdGggbWVzc2FnZTphZGRlZCBjIGZpbGVzIGluIGFsZ29yaXRobQorLy9BdXRob3JlZCBieTogbGV0aW1vbWUgaW4gY29tbWl0OjVhMGU2ZGZiNDQ0ZmIxYzc2YmFkOGZjZDA5MDMxYmE1ZDJiNDQ5M2YsIHdpdGggbWVzc2FnZTphZGRlZCBjIGZpbGVzIGluIGFsZ29yaXRobQorI2luY2x1ZGUgIm5vdGVwYWQuaCIvL0F1dGhvcmVkIGJ5OiBsZXRpbW9tZSBpbiBjb21taXQ6NWEwZTZkZmI0NDRmYjFjNzZiYWQ4ZmNkMDkwMzFiYTVkMmI0NDkzZiwgd2l0aCBtZXNzYWdlOmFkZGVkIGMgZmlsZXMgaW4gYWxnb3JpdGhtCisvL0F1dGhvcmVkIGJ5OiBsZXRpbW9tZSBpbiBjb21taXQ6NWEwZTZkZmI0NDRmYjFjNzZiYWQ4ZmNkMDkwMzFiYTVkMmI0NDkzZiwgd2l0aCBtZXNzYWdlOmFkZGVkIGMgZmlsZXMgaW4gYWxnb3JpdGhtCitzdGF0aWMgQk9PTCBBcHBlbmQoTFBXU1RSICpwcHN6VGV4dCwgRFdPUkQgKnBkd1RleHRMZW4sIExQQ1dTVFIgcHN6QXBwZW5kVGV4dCwgRFdPUkQgZHdBcHBlbmRMZW4pLy9BdXRob3JlZCBieTogbGV0aW1vbWUgaW4gY29tbWl0OjVhMGU2ZGZiNDQ0ZmIxYzc2YmFkOGZjZDA5MDMxYmE1ZDJiNDQ5M2YsIHdpdGggbWVzc2FnZTphZGRlZCBjIGZpbGVzIGluIGFsZ29yaXRobQorey8vQXV0aG9yZWQgYnk6IGxldGltb21lIGluIGNvbW1pdDo1YTBlNmRmYjQ0NGZiMWM3NmJhZDhmY2QwOTAzMWJhNWQyYjQ0OTNmLCB3aXRoIG1lc3NhZ2U6YWRkZWQgYyBmaWxlcyBpbiBhbGdvcml0aG0KKyAgICBMUFdTVFIgcHN6TmV3VGV4dDsvL0F1dGhvcmVkIGJ5OiBsZXRpbW9tZSBpbiBjb21taXQ6NWEwZTZkZmI0NDRmYjFjNzZiYWQ4ZmNkMDkwMzFiYTVkMmI0NDkzZiwgd2l0aCBtZXNzYWdlOmFkZGVkIGMgZmlsZXMgaW4gYWxnb3JpdGhtCisvL0F1dGhvcmVkIGJ5OiBsZXRpbW9tZSBpbiBjb21taXQ6NWEwZTZkZmI0NDRmYjFjNzZiYWQ4ZmNkMDkwMzFiYTVkMmI0NDkzZiwgd2l0aCBtZXNzYWdlOmFkZGVkIGMgZmlsZXMgaW4gYWxnb3JpdGhtCisgICAgaWYgKGR3QXBwZW5kTGVuID4gMCkvL0F1dGhvcmVkIGJ5OiBsZXRpbW9tZSBpbiBjb21taXQ6NWEwZTZkZmI0NDRmYjFjNzZiYWQ4ZmNkMDkwMzFiYTVkMmI0NDkzZiwgd2l0aCBtZXNzYWdlOmFkZGVkIGMgZmlsZXMgaW4gYWxnb3JpdGhtCisgICAgey8vQXV0aG9yZWQgYnk6IGxldGltb21lIGluIGNvbW1pdDo1YTBlNmRmYjQ0NGZiMWM3NmJhZDhmY2QwOTAzMWJhNWQyYjQ0OTNmLCB3aXRoIG1lc3NhZ2U6YWRkZWQgYyBmaWxlcyBpbiBhbGdvcml0aG0KKyAgICAgICAgaWYgKCpwcHN6VGV4dCkvL0F1dGhvcmVkIGJ5OiBsZXRpbW9tZSBpbiBjb21taXQ6NWEwZTZkZmI0NDRmYjFjNzZiYWQ4ZmNkMDkwMzFiYTVkMmI0NDkzZiwgd2l0aCBtZXNzYWdlOmFkZGVkIGMgZmlsZXMgaW4gYWxnb3JpdGhtCisgICAgICAgIHsvL0F1dGhvcmVkIGJ5OiBsZXRpbW9tZSBpbiBjb21taXQ6NWEwZTZkZmI0NDRmYjFjNzZiYWQ4ZmNkMDkwMzFiYTVkMmI0NDkzZiwgd2l0aCBtZXNzYWdlOmFkZGVkIGMgZmlsZXMgaW4gYWxnb3JpdGhtCisgICAgICAgICAgICBwc3pOZXdUZXh0ID0gKExQV1NUUikgSGVhcFJlQWxsb2MoR2V0UHJvY2Vzc0hlYXAoKSwgMCwgKnBwc3pUZXh0LCAoKnBkd1RleHRMZW4gKyBkd0FwcGVuZExlbikgKiBzaXplb2YoV0NIQVIpKTsvL0F1dGhvcmVkIGJ5OiBsZXRpbW9tZSBpbiBjb21taXQ6NWEwZTZkZmI0NDRmYjFjNzZiYWQ4ZmNkMDkwMzFiYTVkMmI0NDkzZiwgd2l0aCBtZXNzYWdlOmFkZGVkIGMgZmlsZXMgaW4gYWxnb3JpdGhtCisgICAgICAgIH0vL0F1dGhvcmVkIGJ5OiBsZXRpbW9tZSBpbiBjb21taXQ6NWEwZTZkZmI0NDRmYjFjNzZiYWQ4ZmNkMDkwMzFiYTVkMmI0NDkzZiwgd2l0aCBtZXNzYWdlOmFkZGVkIGMgZmlsZXMgaW4gYWxnb3JpdGhtCisgICAgICAgIGVsc2UvL0F1dGhvcmVkIGJ5OiBsZXRpbW9tZSBpbiBjb21taXQ6NWEwZTZkZmI0NDRmYjFjNzZiYWQ4ZmNkMDkwMzFiYTVkMmI0NDkzZiwgd2l0aCBtZXNzYWdlOmFkZGVkIGMgZmlsZXMgaW4gYWxnb3JpdGhtCisgICAgICAgIHsvL0F1dGhvcmVkIGJ5OiBsZXRpbW9tZSBpbiBjb21taXQ6NWEwZTZkZmI0NDRmYjFjNzZiYWQ4ZmNkMDkwMzFiYTVkMmI0NDkzZiwgd2l0aCBtZXNzYWdlOmFkZGVkIGMgZmlsZXMgaW4gYWxnb3JpdGhtCisgICAgICAgICAgICBwc3pOZXdUZXh0ID0gKExQV1NUUikgSGVhcEFsbG9jKEdldFByb2Nlc3NIZWFwKCksIDAsIGR3QXBwZW5kTGVuICogc2l6ZW9mKFdDSEFSKSk7Ly9BdXRob3JlZCBieTogbGV0aW1vbWUgaW4gY29tbWl0OjVhMGU2ZGZiNDQ0ZmIxYzc2YmFkOGZjZDA5MDMxYmE1ZDJiNDQ5M2YsIHdpdGggbWVzc2FnZTphZGRlZCBjIGZpbGVzIGluIGFsZ29yaXRobQorICAgICAgICB9Ly9BdXRob3JlZCBieTogbGV0aW1vbWUgaW4gY29tbWl0OjVhMGU2ZGZiNDQ0ZmIxYzc2YmFkOGZjZDA5MDMxYmE1ZDJiNDQ5M2YsIHdpdGggbWVzc2FnZTphZGRlZCBjIGZpbGVzIGluIGFsZ29yaXRobQorLy9BdXRob3JlZCBieTogbGV0aW1vbWUgaW4gY29tbWl0OjVhMGU2ZGZiNDQ0ZmIxYzc2YmFkOGZjZDA5MDMxYmE1ZDJiNDQ5M2YsIHdpdGggbWVzc2FnZTphZGRlZCBjIGZpbGVzIGluIGFsZ29yaXRobQorICAgICAgICBpZiAoIXBzek5ld1RleHQpLy9BdXRob3JlZCBieTogbGV0aW1vbWUgaW4gY29tbWl0OjVhMGU2ZGZiNDQ0ZmIxYzc2YmFkOGZjZDA5MDMxYmE1ZDJiNDQ5M2YsIHdpdGggbWVzc2FnZTphZGRlZCBjIGZpbGVzIGluIGFsZ29yaXRobQorICAgICAgICAgICAgcmV0dXJuIEZBTFNFOy8vQXV0aG9yZWQgYnk6IGxldGltb21lIGluIGNvbW1pdDo1YTBlNmRmYjQ0NGZiMWM3NmJhZDhmY2QwOTAzMWJhNWQyYjQ0OTNmLCB3aXRoIG1lc3NhZ2U6YWRkZWQgYyBmaWxlcyBpbiBhbGdvcml0aG0KKy8vQXV0aG9yZWQgYnk6IGxldGltb21lIGluIGNvbW1pdDo1YTBlNmRmYjQ0NGZiMWM3NmJhZDhmY2QwOTAzMWJhNWQyYjQ0OTNmLCB3aXRoIG1lc3NhZ2U6YWRkZWQgYyBmaWxlcyBpbiBhbGdvcml0aG0KKyAgICAgICAgbWVtY3B5KHBzek5ld1RleHQgKyAqcGR3VGV4dExlbiwgcHN6QXBwZW5kVGV4dCwgZHdBcHBlbmRMZW4gKiBzaXplb2YoV0NIQVIpKTsvL0F1dGhvcmVkIGJ5OiBsZXRpbW9tZSBpbiBjb21taXQ6NWEwZTZkZmI0NDRmYjFjNzZiYWQ4ZmNkMDkwMzFiYTVkMmI0NDkzZiwgd2l0aCBtZXNzYWdlOmFkZGVkIGMgZmlsZXMgaW4gYWxnb3JpdGhtCisgICAgICAgICpwcHN6VGV4dCA9IHBzek5ld1RleHQ7Ly9BdXRob3JlZCBieTogbGV0aW1vbWUgaW4gY29tbWl0OjVhMGU2ZGZiNDQ0ZmIxYzc2YmFkOGZjZDA5MDMxYmE1ZDJiNDQ5M2YsIHdpdGggbWVzc2FnZTphZGRlZCBjIGZpbGVzIGluIGFsZ29yaXRobQorICAgICAgICAqcGR3VGV4dExlbiArPSBkd0FwcGVuZExlbjsvL0F1dGhvcmVkIGJ5OiBsZXRpbW9tZSBpbiBjb21taXQ6NWEwZTZkZmI0NDRmYjFjNzZiYWQ4ZmNkMDkwMzFiYTVkMmI0NDkzZiwgd2l0aCBtZXNzYWdlOmFkZGVkIGMgZmlsZXMgaW4gYWxnb3JpdGhtCisgICAgfS8vQXV0aG9yZWQgYnk6IGxldGltb21lIGluIGNvbW1pdDo1YTBlNmRmYjQ0NGZiMWM3NmJhZDhmY2QwOTAzMWJhNWQyYjQ0OTNmLCB3aXRoIG1lc3NhZ2U6YWRkZWQgYyBmaWxlcyBpbiBhbGdvcml0aG0KKyAgICByZXR1cm4gVFJVRTsvL0F1dGhvcmVkIGJ5OiBsZXRpbW9tZSBpbiBjb21taXQ6NWEwZTZkZmI0NDRmYjFjNzZiYWQ4ZmNkMDkwMzFiYTVkMmI0NDkzZiwgd2l0aCBtZXNzYWdlOmFkZGVkIGMgZmlsZXMgaW4gYWxnb3JpdGhtCit9Ly9BdXRob3JlZCBieTogbGV0aW1vbWUgaW4gY29tbWl0OjVhMGU2ZGZiNDQ0ZmIxYzc2YmFkOGZjZDA5MDMxYmE1ZDJiNDQ5M2YsIHdpdGggbWVzc2FnZTphZGRlZCBjIGZpbGVzIGluIGFsZ29yaXRobQorLy9BdXRob3JlZCBieTogbGV0aW1vbWUgaW4gY29tbWl0OjVhMGU2ZGZiNDQ0ZmIxYzc2YmFkOGZjZDA5MDMxYmE1ZDJiNDQ5M2YsIHdpdGggbWVzc2FnZTphZGRlZCBjIGZpbGVzIGluIGFsZ29yaXRobQorQk9PTC8vQXV0aG9yZWQgYnk6IGxldGltb21lIGluIGNvbW1pdDo1YTBlNmRmYjQ0NGZiMWM3NmJhZDhmY2QwOTAzMWJhNWQyYjQ0OTNmLCB3aXRoIG1lc3NhZ2U6YWRkZWQgYyBmaWxlcyBpbiBhbGdvcml0aG0KK1JlYWRUZXh0KEhBTkRMRSBoRmlsZSwgTFBXU1RSICpwcHN6VGV4dCwgRFdPUkQgKnBkd1RleHRMZW4sIGludCAqcGVuY0ZpbGUsIGludCAqcGlFb2xuKS8vQXV0aG9yZWQgYnk6IGxldGltb21lIGluIGNvbW1pdDo1YTBlNmRmYjQ0NGZiMWM3NmJhZDhmY2QwOTAzMWJhNWQyYjQ0OTNmLCB3aXRoIG1lc3NhZ2U6YWRkZWQgYyBmaWxlcyBpbiBhbGdvcml0aG0KK3svL0F1dGhvcmVkIGJ5OiBsZXRpbW9tZSBpbiBjb21taXQ6NWEwZTZkZmI0NDRmYjFjNzZiYWQ4ZmNkMDkwMzFiYTVkMmI0NDkzZiwgd2l0aCBtZXNzYWdlOmFkZGVkIGMgZmlsZXMgaW4gYWxnb3JpdGhtCisgICAgRFdPUkQgZHdTaXplOy8vQXV0aG9yZWQgYnk6IGxldGltb21lIGluIGNvbW1pdDo1YTBlNmRmYjQ0NGZiMWM3NmJhZDhmY2QwOTAzMWJhNWQyYjQ0OTNmLCB3aXRoIG1lc3NhZ2U6YWRkZWQgYyBmaWxlcyBpbiBhbGdvcml0aG0KKyAgICBMUEJZVEUgcEJ5dGVzID0gTlVMTDsvL0F1dGhvcmVkIGJ5OiBsZXRpbW9tZSBpbiBjb21taXQ6NWEwZTZkZmI0NDRmYjFjNzZiYWQ4ZmNkMDkwMzFiYTVkMmI0NDkzZiwgd2l0aCBtZXNzYWdlOmFkZGVkIGMgZmlsZXMgaW4gYWxnb3JpdGhtCisgICAgTFBXU1RSIHBzelRleHQ7Ly9BdXRob3JlZCBieTogbGV0aW1vbWUgaW4gY29tbWl0OjVhMGU2ZGZiNDQ0ZmIxYzc2YmFkOGZjZDA5MDMxYmE1ZDJiNDQ5M2YsIHdpdGggbWVzc2FnZTphZGRlZCBjIGZpbGVzIGluIGFsZ29yaXRobQorICAgIExQV1NUUiBwc3pBbGxvY1RleHQgPSBOVUxMOy8vQXV0aG9yZWQgYnk6IGxldGltb21lIGluIGNvbW1pdDo1YTBlNmRmYjQ0NGZiMWM3NmJhZDhmY2QwOTAzMWJhNWQyYjQ0OTNmLCB3aXRoIG1lc3NhZ2U6YWRkZWQgYyBmaWxlcyBpbiBhbGdvcml0aG0KKyAgICBEV09SRCBkd1BvcywgaTsvL0F1dGhvcmVkIGJ5OiBsZXRpbW9tZSBpbiBjb21taXQ6NWEwZTZkZmI0NDRmYjFjNzZiYWQ4ZmNkMDkwMzFiYTVkMmI0NDkzZiwgd2l0aCBtZXNzYWdlOmFkZGVkIGMgZmlsZXMgaW4gYWxnb3JpdGhtCisgICAgRFdPUkQgZHdDaGFyQ291bnQ7Ly9BdXRob3JlZCBieTogbGV0aW1vbWUgaW4gY29tbWl0OjVhMGU2ZGZiNDQ0ZmIxYzc2YmFkOGZjZDA5MDMxYmE1ZDJiNDQ5M2YsIHdpdGggbWVzc2FnZTphZGRlZCBjIGZpbGVzIGluIGFsZ29yaXRobQorICAgIEJPT0wgYlN1Y2Nlc3MgPSBGQUxTRTsvL0F1dGhvcmVkIGJ5OiBsZXRpbW9tZSBpbiBjb21taXQ6NWEwZTZkZmI0NDRmYjFjNzZiYWQ4ZmNkMDkwMzFiYTVkMmI0NDkzZiwgd2l0aCBtZXNzYWdlOmFkZGVkIGMgZmlsZXMgaW4gYWxnb3JpdGhtCisgICAgQllURSBiID0gMDsvL0F1dGhvcmVkIGJ5OiBsZXRpbW9tZSBpbiBjb21taXQ6NWEwZTZkZmI0NDRmYjFjNzZiYWQ4ZmNkMDkwMzFiYTVkMmI0NDkzZiwgd2l0aCBtZXNzYWdlOmFkZGVkIGMgZmlsZXMgaW4gYWxnb3JpdGhtCisgICAgaW50IGVuY0ZpbGUgPSBFTkNPRElOR19BTlNJOy8vQXV0aG9yZWQgYnk6IGxldGltb21lIGluIGNvbW1pdDo1YTBlNmRmYjQ0NGZiMWM3NmJhZDhmY2QwOTAzMWJhNWQyYjQ0OTNmLCB3aXRoIG1lc3NhZ2U6YWRkZWQgYyBmaWxlcyBpbiBhbGdvcml0aG0KKyAgICBpbnQgaUNvZGVQYWdlID0gMDsvL0F1dGhvcmVkIGJ5OiBsZXRpbW9tZSBpbiBjb21taXQ6NWEwZTZkZmI0NDRmYjFjNzZiYWQ4ZmNkMDkwMzFiYTVkMmI0NDkzZiwgd2l0aCBtZXNzYWdlOmFkZGVkIGMgZmlsZXMgaW4gYWxnb3JpdGhtCisgICAgV0NIQVIgc3pDcmxmWzJdID0geydccicsICdcbid9Oy8vQXV0aG9yZWQgYnk6IGxldGltb21lIGluIGNvbW1pdDo1YTBlNmRmYjQ0NGZiMWM3NmJhZDhmY2QwOTAzMWJhNWQyYjQ0OTNmLCB3aXRoIG1lc3NhZ2U6YWRkZWQgYyBmaWxlcyBpbiBhbGdvcml0aG0KKyAgICBEV09SRCBhZHdFb2xuQ291bnRbM10gPSB7MCwgMCwgMH07Ly9BdXRob3JlZCBieTogbGV0aW1vbWUgaW4gY29tbWl0OjVhMGU2ZGZiNDQ0ZmIxYzc2YmFkOGZjZDA5MDMxYmE1ZDJiNDQ5M2YsIHdpdGggbWVzc2FnZTphZGRlZCBjIGZpbGVzIGluIGFsZ29yaXRobQorLy9BdXRob3JlZCBieTogbGV0aW1vbWUgaW4gY29tbWl0OjVhMGU2ZGZiNDQ0ZmIxYzc2YmFkOGZjZDA5MDMxYmE1ZDJiNDQ5M2YsIHdpdGggbWVzc2FnZTphZGRlZCBjIGZpbGVzIGluIGFsZ29yaXRobQorICAgICpwcHN6VGV4dCA9IE5VTEw7Ly9BdXRob3JlZCBieTogbGV0aW1vbWUgaW4gY29tbWl0OjVhMGU2ZGZiNDQ0ZmIxYzc2YmFkOGZjZDA5MDMxYmE1ZDJiNDQ5M2YsIHdpdGggbWVzc2FnZTphZGRlZCBjIGZpbGVzIGluIGFsZ29yaXRobQorICAgICpwZHdUZXh0TGVuID0gMDsvL0F1dGhvcmVkIGJ5OiBsZXRpbW9tZSBpbiBjb21taXQ6NWEwZTZkZmI0NDRmYjFjNzZiYWQ4ZmNkMDkwMzFiYTVkMmI0NDkzZiwgd2l0aCBtZXNzYWdlOmFkZGVkIGMgZmlsZXMgaW4gYWxnb3JpdGhtCisvL0F1dGhvcmVkIGJ5OiBsZXRpbW9tZSBpbiBjb21taXQ6NWEwZTZkZmI0NDRmYjFjNzZiYWQ4ZmNkMDkwMzFiYTVkMmI0NDkzZiwgd2l0aCBtZXNzYWdlOmFkZGVkIGMgZmlsZXMgaW4gYWxnb3JpdGhtCisgICAgZHdTaXplID0gR2V0RmlsZVNpemUoaEZpbGUsIE5VTEwpOy8vQXV0aG9yZWQgYnk6IGxldGltb21lIGluIGNvbW1pdDo1YTBlNmRmYjQ0NGZiMWM3NmJhZDhmY2QwOTAzMWJhNWQyYjQ0OTNmLCB3aXRoIG1lc3NhZ2U6YWRkZWQgYyBmaWxlcyBpbiBhbGdvcml0aG0KKyAgICBpZiAoZHdTaXplID09IElOVkFMSURfRklMRV9TSVpFKS8vQXV0aG9yZWQgYnk6IGxldGltb21lIGluIGNvbW1pdDo1YTBlNmRmYjQ0NGZiMWM3NmJhZDhmY2QwOTAzMWJhNWQyYjQ0OTNmLCB3aXRoIG1lc3NhZ2U6YWRkZWQgYyBmaWxlcyBpbiBhbGdvcml0aG0KKyAgICAgICAgZ290byBkb25lOy8vQXV0aG9yZWQgYnk6IGxldGltb21lIGluIGNvbW1pdDo1YTBlNmRmYjQ0NGZiMWM3NmJhZDhmY2QwOTAzMWJhNWQyYjQ0OTNmLCB3aXRoIG1lc3NhZ2U6YWRkZWQgYyBmaWxlcyBpbiBhbGdvcml0aG0KKy8vQXV0aG9yZWQgYnk6IGxldGltb21lIGluIGNvbW1pdDo1YTBlNmRmYjQ0NGZiMWM3NmJhZDhmY2QwOTAzMWJhNWQyYjQ0OTNmLCB3aXRoIG1lc3NhZ2U6YWRkZWQgYyBmaWxlcyBpbiBhbGdvcml0aG0KKyAgICBwQnl0ZXMgPSBIZWFwQWxsb2MoR2V0UHJvY2Vzc0hlYXAoKSwgMCwgZHdTaXplICsgMik7Ly9BdXRob3JlZCBieTogbGV0aW1vbWUgaW4gY29tbWl0OjVhMGU2ZGZiNDQ0ZmIxYzc2YmFkOGZjZDA5MDMxYmE1ZDJiNDQ5M2YsIHdpdGggbWVzc2FnZTphZGRlZCBjIGZpbGVzIGluIGFsZ29yaXRobQorICAgIGlmICghcEJ5dGVzKS8vQXV0aG9yZWQgYnk6IGxldGltb21lIGluIGNvbW1pdDo1YTBlNmRmYjQ0NGZiMWM3NmJhZDhmY2QwOTAzMWJhNWQyYjQ0OTNmLCB3aXRoIG1lc3NhZ2U6YWRkZWQgYyBmaWxlcyBpbiBhbGdvcml0aG0KKyAgICAgICAgZ290byBkb25lOy8vQXV0aG9yZWQgYnk6IGxldGltb21lIGluIGNvbW1pdDo1YTBlNmRmYjQ0NGZiMWM3NmJhZDhmY2QwOTAzMWJhNWQyYjQ0OTNmLCB3aXRoIG1lc3NhZ2U6YWRkZWQgYyBmaWxlcyBpbiBhbGdvcml0aG0KKy8vQXV0aG9yZWQgYnk6IGxldGltb21lIGluIGNvbW1pdDo1YTBlNmRmYjQ0NGZiMWM3NmJhZDhmY2QwOTAzMWJhNWQyYjQ0OTNmLCB3aXRoIG1lc3NhZ2U6YWRkZWQgYyBmaWxlcyBpbiBhbGdvcml0aG0KKyAgICBpZiAoIVJlYWRGaWxlKGhGaWxlLCBwQnl0ZXMsIGR3U2l6ZSwgJmR3U2l6ZSwgTlVMTCkpLy9BdXRob3JlZCBieTogbGV0aW1vbWUgaW4gY29tbWl0OjVhMGU2ZGZiNDQ0ZmIxYzc2YmFkOGZjZDA5MDMxYmE1ZDJiNDQ5M2YsIHdpdGggbWVzc2FnZTphZGRlZCBjIGZpbGVzIGluIGFsZ29yaXRobQorICAgICAgICBnb3RvIGRvbmU7Ly9BdXRob3JlZCBieTogbGV0aW1vbWUgaW4gY29tbWl0OjVhMGU2ZGZiNDQ0ZmIxYzc2YmFkOGZjZDA5MDMxYmE1ZDJiNDQ5M2YsIHdpdGggbWVzc2FnZTphZGRlZCBjIGZpbGVzIGluIGFsZ29yaXRobQorICAgIGR3UG9zID0gMDsvL0F1dGhvcmVkIGJ5OiBsZXRpbW9tZSBpbiBjb21taXQ6NWEwZTZkZmI0NDRmYjFjNzZiYWQ4ZmNkMDkwMzFiYTVkMmI0NDkzZiwgd2l0aCBtZXNzYWdlOmFkZGVkIGMgZmlsZXMgaW4gYWxnb3JpdGhtCisvL0F1dGhvcmVkIGJ5OiBsZXRpbW9tZSBpbiBjb21taXQ6NWEwZTZkZmI0NDRmYjFjNzZiYWQ4ZmNkMDkwMzFiYTVkMmI0NDkzZiwgd2l0aCBtZXNzYWdlOmFkZGVkIGMgZmlsZXMgaW4gYWxnb3JpdGhtCisgICAgLyogTWFrZSBzdXJlIHRoYXQgdGhlcmUgaXMgYSBOVUwgY2hhcmFjdGVyIGF0IHRoZSBlbmQsIGluIGFueSBlbmNvZGluZyAqLy8vQXV0aG9yZWQgYnk6IGxldGltb21lIGluIGNvbW1pdDo1YTBlNmRmYjQ0NGZiMWM3NmJhZDhmY2QwOTAzMWJhNWQyYjQ0OTNmLCB3aXRoIG1lc3NhZ2U6YWRkZWQgYyBmaWxlcyBpbiBhbGdvcml0aG0KKyAgICBwQnl0ZXNbZHdTaXplICsgMF0gPSAnXDAnOy8vQXV0aG9yZWQgYnk6IGxldGltb21lIGluIGNvbW1pdDo1YTBlNmRmYjQ0NGZiMWM3NmJhZDhmY2QwOTAzMWJhNWQyYjQ0OTNmLCB3aXRoIG1lc3NhZ2U6YWRkZWQgYyBmaWxlcyBpbiBhbGdvcml0aG0KKyAgICBwQnl0ZXNbZHdTaXplICsgMV0gPSAnXDAnOy8vQXV0aG9yZWQgYnk6IGxldGltb21lIGluIGNvbW1pdDo1YTBlNmRmYjQ0NGZiMWM3NmJhZDhmY2QwOTAzMWJhNWQyYjQ0OTNmLCB3aXRoIG1lc3NhZ2U6YWRkZWQgYyBmaWxlcyBpbiBhbGdvcml0aG0KKy8vQXV0aG9yZWQgYnk6IGxldGltb21lIGluIGNvbW1pdDo1YTBlNmRmYjQ0NGZiMWM3NmJhZDhmY2QwOTAzMWJhNWQyYjQ0OTNmLCB3aXRoIG1lc3NhZ2U6YWRkZWQgYyBmaWxlcyBpbiBhbGdvcml0aG0KKyAgICAvKiBMb29rIGZvciBCeXRlIE9yZGVyIE1hcmtzICovLy9BdXRob3JlZCBieTogbGV0aW1vbWUgaW4gY29tbWl0OjVhMGU2ZGZiNDQ0ZmIxYzc2YmFkOGZjZDA5MDMxYmE1ZDJiNDQ5M2YsIHdpdGggbWVzc2FnZTphZGRlZCBjIGZpbGVzIGluIGFsZ29yaXRobQorICAgIGlmICgoZHdTaXplID49IDIpICYmIChwQnl0ZXNbMF0gPT0gMHhGRikgJiYgKHBCeXRlc1sxXSA9PSAweEZFKSkvL0F1dGhvcmVkIGJ5OiBsZXRpbW9tZSBpbiBjb21taXQ6NWEwZTZkZmI0NDRmYjFjNzZiYWQ4ZmNkMDkwMzFiYTVkMmI0NDkzZiwgd2l0aCBtZXNzYWdlOmFkZGVkIGMgZmlsZXMgaW4gYWxnb3JpdGhtCisgICAgey8vQXV0aG9yZWQgYnk6IGxldGltb21lIGluIGNvbW1pdDo1YTBlNmRmYjQ0NGZiMWM3NmJhZDhmY2QwOTAzMWJhNWQyYjQ0OTNmLCB3aXRoIG1lc3NhZ2U6YWRkZWQgYyBmaWxlcyBpbiBhbGdvcml0aG0KKyAgICAgICAgZW5jRmlsZSA9IEVOQ09ESU5HX1VOSUNPREU7Ly9BdXRob3JlZCBieTogbGV0aW1vbWUgaW4gY29tbWl0OjVhMGU2ZGZiNDQ0ZmIxYzc2YmFkOGZjZDA5MDMxYmE1ZDJiNDQ5M2YsIHdpdGggbWVzc2FnZTphZGRlZCBjIGZpbGVzIGluIGFsZ29yaXRobQorICAgICAgICBkd1BvcyArPSAyOy8vQXV0aG9yZWQgYnk6IGxldGltb21lIGluIGNvbW1pdDo1YTBlNmRmYjQ0NGZiMWM3NmJhZDhmY2QwOTAzMWJhNWQyYjQ0OTNmLCB3aXRoIG1lc3NhZ2U6YWRkZWQgYyBmaWxlcyBpbiBhbGdvcml0aG0KKyAgICB9Ly9BdXRob3JlZCBieTogbGV0aW1vbWUgaW4gY29tbWl0OjVhMGU2ZGZiNDQ0ZmIxYzc2YmFkOGZjZDA5MDMxYmE1ZDJiNDQ5M2YsIHdpdGggbWVzc2FnZTphZGRlZCBjIGZpbGVzIGluIGFsZ29yaXRobQorICAgIGVsc2UgaWYgKChkd1NpemUgPj0gMikgJiYgKHBCeXRlc1swXSA9PSAweEZFKSAmJiAocEJ5dGVzWzFdID09IDB4RkYpKS8vQXV0aG9yZWQgYnk6IGxldGltb21lIGluIGNvbW1pdDo1YTBlNmRmYjQ0NGZiMWM3NmJhZDhmY2QwOTAzMWJhNWQyYjQ0OTNmLCB3aXRoIG1lc3NhZ2U6YWRkZWQgYyBmaWxlcyBpbiBhbGdvcml0aG0KKyAgICB7Ly9BdXRob3JlZCBieTogbGV0aW1vbWUgaW4gY29tbWl0OjVhMGU2ZGZiNDQ0ZmIxYzc2YmFkOGZjZDA5MDMxYmE1ZDJiNDQ5M2YsIHdpdGggbWVzc2FnZTphZGRlZCBjIGZpbGVzIGluIGFsZ29yaXRobQorICAgICAgICBlbmNGaWxlID0gRU5DT0RJTkdfVU5JQ09ERV9CRTsvL0F1dGhvcmVkIGJ5OiBsZXRpbW9tZSBpbiBjb21taXQ6NWEwZTZkZmI0NDRmYjFjNzZiYWQ4ZmNkMDkwMzFiYTVkMmI0NDkzZiwgd2l0aCBtZXNzYWdlOmFkZGVkIGMgZmlsZXMgaW4gYWxnb3JpdGhtCisgICAgICAgIGR3UG9zICs9IDI7Ly9BdXRob3JlZCBieTogbGV0aW1vbWUgaW4gY29tbWl0OjVhMGU2ZGZiNDQ0ZmIxYzc2YmFkOGZjZDA5MDMxYmE1ZDJiNDQ5M2YsIHdpdGggbWVzc2FnZTphZGRlZCBjIGZpbGVzIGluIGFsZ29yaXRobQorICAgIH0vL0F1dGhvcmVkIGJ5OiBsZXRpbW9tZSBpbiBjb21taXQ6NWEwZTZkZmI0NDRmYjFjNzZiYWQ4ZmNkMDkwMzFiYTVkMmI0NDkzZiwgd2l0aCBtZXNzYWdlOmFkZGVkIGMgZmlsZXMgaW4gYWxnb3JpdGhtCisgICAgZWxzZSBpZiAoKGR3U2l6ZSA+PSAzKSAmJiAocEJ5dGVzWzBdID09IDB4RUYpICYmIChwQnl0ZXNbMV0gPT0gMHhCQikgJiYgKHBCeXRlc1syXSA9PSAweEJGKSkvL0F1dGhvcmVkIGJ5OiBsZXRpbW9tZSBpbiBjb21taXQ6NWEwZTZkZmI0NDRmYjFjNzZiYWQ4ZmNkMDkwMzFiYTVkMmI0NDkzZiwgd2l0aCBtZXNzYWdlOmFkZGVkIGMgZmlsZXMgaW4gYWxnb3JpdGhtCisgICAgey8vQXV0aG9yZWQgYnk6IGxldGltb21lIGluIGNvbW1pdDo1YTBlNmRmYjQ0NGZiMWM3NmJhZDhmY2QwOTAzMWJhNWQyYjQ0OTNmLCB3aXRoIG1lc3NhZ2U6YWRkZWQgYyBmaWxlcyBpbiBhbGdvcml0aG0KKyAgICAgICAgZW5jRmlsZSA9IEVOQ09ESU5HX1VURjg7Ly9BdXRob3JlZCBieTogbGV0aW1vbWUgaW4gY29tbWl0OjVhMGU2ZGZiNDQ0ZmIxYzc2YmFkOGZjZDA5MDMxYmE1ZDJiNDQ5M2YsIHdpdGggbWVzc2FnZTphZGRlZCBjIGZpbGVzIGluIGFsZ29yaXRobQorICAgICAgICBkd1BvcyArPSAzOy8vQXV0aG9yZWQgYnk6IGxldGltb21lIGluIGNvbW1pdDo1YTBlNmRmYjQ0NGZiMWM3NmJhZDhmY2QwOTAzMWJhNWQyYjQ0OTNmLCB3aXRoIG1lc3NhZ2U6YWRkZWQgYyBmaWxlcyBpbiBhbGdvcml0aG0KKyAgICB9Ly9BdXRob3JlZCBieTogbGV0aW1vbWUgaW4gY29tbWl0OjVhMGU2ZGZiNDQ0ZmIxYzc2YmFkOGZjZDA5MDMxYmE1ZDJiNDQ5M2YsIHdpdGggbWVzc2FnZTphZGRlZCBjIGZpbGVzIGluIGFsZ29yaXRobQorLy9BdXRob3JlZCBieTogbGV0aW1vbWUgaW4gY29tbWl0OjVhMGU2ZGZiNDQ0ZmIxYzc2YmFkOGZjZDA5MDMxYmE1ZDJiNDQ5M2YsIHdpdGggbWVzc2FnZTphZGRlZCBjIGZpbGVzIGluIGFsZ29yaXRobQorICAgIHN3aXRjaChlbmNGaWxlKS8vQXV0aG9yZWQgYnk6IGxldGltb21lIGluIGNvbW1pdDo1YTBlNmRmYjQ0NGZiMWM3NmJhZDhmY2QwOTAzMWJhNWQyYjQ0OTNmLCB3aXRoIG1lc3NhZ2U6YWRkZWQgYyBmaWxlcyBpbiBhbGdvcml0aG0KKyAgICB7Ly9BdXRob3JlZCBieTogbGV0aW1vbWUgaW4gY29tbWl0OjVhMGU2ZGZiNDQ0ZmIxYzc2YmFkOGZjZDA5MDMxYmE1ZDJiNDQ5M2YsIHdpdGggbWVzc2FnZTphZGRlZCBjIGZpbGVzIGluIGFsZ29yaXRobQorICAgIGNhc2UgRU5DT0RJTkdfVU5JQ09ERV9CRTovL0F1dGhvcmVkIGJ5OiBsZXRpbW9tZSBpbiBjb21taXQ6NWEwZTZkZmI0NDRmYjFjNzZiYWQ4ZmNkMDkwMzFiYTVkMmI0NDkzZiwgd2l0aCBtZXNzYWdlOmFkZGVkIGMgZmlsZXMgaW4gYWxnb3JpdGhtCisgICAgICAgIGZvciAoaSA9IGR3UG9zOyBpIDwgZHdTaXplLTE7IGkgKz0gMikvL0F1dGhvcmVkIGJ5OiBsZXRpbW9tZSBpbiBjb21taXQ6NWEwZTZkZmI0NDRmYjFjNzZiYWQ4ZmNkMDkwMzFiYTVkMmI0NDkzZiwgd2l0aCBtZXNzYWdlOmFkZGVkIGMgZmlsZXMgaW4gYWxnb3JpdGhtCisgICAgICAgIHsvL0F1dGhvcmVkIGJ5OiBsZXRpbW9tZSBpbiBjb21taXQ6NWEwZTZkZmI0NDRmYjFjNzZiYWQ4ZmNkMDkwMzFiYTVkMmI0NDkzZiwgd2l0aCBtZXNzYWdlOmFkZGVkIGMgZmlsZXMgaW4gYWxnb3JpdGhtCisgICAgICAgICAgICBiID0gcEJ5dGVzW2krMF07Ly9BdXRob3JlZCBieTogbGV0aW1vbWUgaW4gY29tbWl0OjVhMGU2ZGZiNDQ0ZmIxYzc2YmFkOGZjZDA5MDMxYmE1ZDJiNDQ5M2YsIHdpdGggbWVzc2FnZTphZGRlZCBjIGZpbGVzIGluIGFsZ29yaXRobQorICAgICAgICAgICAgcEJ5dGVzW2krMF0gPSBwQnl0ZXNbaSsxXTsvL0F1dGhvcmVkIGJ5OiBsZXRpbW9tZSBpbiBjb21taXQ6NWEwZTZkZmI0NDRmYjFjNzZiYWQ4ZmNkMDkwMzFiYTVkMmI0NDkzZiwgd2l0aCBtZXNzYWdlOmFkZGVkIGMgZmlsZXMgaW4gYWxnb3JpdGhtCisgICAgICAgICAgICBwQnl0ZXNbaSsxXSA9IGI7Ly9BdXRob3JlZCBieTogbGV0aW1vbWUgaW4gY29tbWl0OjVhMGU2ZGZiNDQ0ZmIxYzc2YmFkOGZjZDA5MDMxYmE1ZDJiNDQ5M2YsIHdpdGggbWVzc2FnZTphZGRlZCBjIGZpbGVzIGluIGFsZ29yaXRobQorICAgICAgICB9Ly9BdXRob3JlZCBieTogbGV0aW1vbWUgaW4gY29tbWl0OjVhMGU2ZGZiNDQ0ZmIxYzc2YmFkOGZjZDA5MDMxYmE1ZDJiNDQ5M2YsIHdpdGggbWVzc2FnZTphZGRlZCBjIGZpbGVzIGluIGFsZ29yaXRobQorICAgICAgICAvKiBmYWxsIHRocm91Z2ggKi8vL0F1dGhvcmVkIGJ5OiBsZXRpbW9tZSBpbiBjb21taXQ6NWEwZTZkZmI0NDRmYjFjNzZiYWQ4ZmNkMDkwMzFiYTVkMmI0NDkzZiwgd2l0aCBtZXNzYWdlOmFkZGVkIGMgZmlsZXMgaW4gYWxnb3JpdGhtCisvL0F1dGhvcmVkIGJ5OiBsZXRpbW9tZSBpbiBjb21taXQ6NWEwZTZkZmI0NDRmYjFjNzZiYWQ4ZmNkMDkwMzFiYTVkMmI0NDkzZiwgd2l0aCBtZXNzYWdlOmFkZGVkIGMgZmlsZXMgaW4gYWxnb3JpdGhtCisgICAgY2FzZSBFTkNPRElOR19VTklDT0RFOi8vQXV0aG9yZWQgYnk6IGxldGltb21lIGluIGNvbW1pdDo1YTBlNmRmYjQ0NGZiMWM3NmJhZDhmY2QwOTAzMWJhNWQyYjQ0OTNmLCB3aXRoIG1lc3NhZ2U6YWRkZWQgYyBmaWxlcyBpbiBhbGdvcml0aG0KKyAgICAgICAgcHN6VGV4dCA9IChMUFdTVFIpICZwQnl0ZXNbZHdQb3NdOy8vQXV0aG9yZWQgYnk6IGxldGltb21lIGluIGNvbW1pdDo1YTBlNmRmYjQ0NGZiMWM3NmJhZDhmY2QwOTAzMWJhNWQyYjQ0OTNmLCB3aXRoIG1lc3NhZ2U6YWRkZWQgYyBmaWxlcyBpbiBhbGdvcml0aG0KKyAgICAgICAgZHdDaGFyQ291bnQgPSAoZHdTaXplIC0gZHdQb3MpIC8gc2l6ZW9mKFdDSEFSKTsvL0F1dGhvcmVkIGJ5OiBsZXRpbW9tZSBpbiBjb21taXQ6NWEwZTZkZmI0NDRmYjFjNzZiYWQ4ZmNkMDkwMzFiYTVkMmI0NDkzZiwgd2l0aCBtZXNzYWdlOmFkZGVkIGMgZmlsZXMgaW4gYWxnb3JpdGhtCisgICAgICAgIGJyZWFrOy8vQXV0aG9yZWQgYnk6IGxldGltb21lIGluIGNvbW1pdDo1YTBlNmRmYjQ0NGZiMWM3NmJhZDhmY2QwOTAzMWJhNWQyYjQ0OTNmLCB3aXRoIG1lc3NhZ2U6YWRkZWQgYyBmaWxlcyBpbiBhbGdvcml0aG0KKy8vQXV0aG9yZWQgYnk6IGxldGltb21lIGluIGNvbW1pdDo1YTBlNmRmYjQ0NGZiMWM3NmJhZDhmY2QwOTAzMWJhNWQyYjQ0OTNmLCB3aXRoIG1lc3NhZ2U6YWRkZWQgYyBmaWxlcyBpbiBhbGdvcml0aG0KKyAgICBjYXNlIEVOQ09ESU5HX0FOU0k6Ly9BdXRob3JlZCBieTogbGV0aW1vbWUgaW4gY29tbWl0OjVhMGU2ZGZiNDQ0ZmIxYzc2YmFkOGZjZDA5MDMxYmE1ZDJiNDQ5M2YsIHdpdGggbWVzc2FnZTphZGRlZCBjIGZpbGVzIGluIGFsZ29yaXRobQorICAgIGNhc2UgRU5DT0RJTkdfVVRGODovL0F1dGhvcmVkIGJ5OiBsZXRpbW9tZSBpbiBjb21taXQ6NWEwZTZkZmI0NDRmYjFjNzZiYWQ4ZmNkMDkwMzFiYTVkMmI0NDkzZiwgd2l0aCBtZXNzYWdlOmFkZGVkIGMgZmlsZXMgaW4gYWxnb3JpdGhtCisgICAgICAgIGlmIChlbmNGaWxlID09IEVOQ09ESU5HX0FOU0kpLy9BdXRob3JlZCBieTogbGV0aW1vbWUgaW4gY29tbWl0OjVhMGU2ZGZiNDQ0ZmIxYzc2YmFkOGZjZDA5MDMxYmE1ZDJiNDQ5M2YsIHdpdGggbWVzc2FnZTphZGRlZCBjIGZpbGVzIGluIGFsZ29yaXRobQorICAgICAgICAgICAgaUNvZGVQYWdlID0gQ1BfQUNQOy8vQXV0aG9yZWQgYnk6IGxldGltb21lIGluIGNvbW1pdDo1YTBlNmRmYjQ0NGZiMWM3NmJhZDhmY2QwOTAzMWJhNWQyYjQ0OTNmLCB3aXRoIG1lc3NhZ2U6YWRkZWQgYyBmaWxlcyBpbiBhbGdvcml0aG0KKyAgICAgICAgZWxzZSBpZiAoZW5jRmlsZSA9PSBFTkNPRElOR19VVEY4KS8vQXV0aG9yZWQgYnk6IGxldGltb21lIGluIGNvbW1pdDo1YTBlNmRmYjQ0NGZiMWM3NmJhZDhmY2QwOTAzMWJhNWQyYjQ0OTNmLCB3aXRoIG1lc3NhZ2U6YWRkZWQgYyBmaWxlcyBpbiBhbGdvcml0aG0KKyAgICAgICAgICAgIGlDb2RlUGFnZSA9IENQX1VURjg7Ly9BdXRob3JlZCBieTogbGV0aW1vbWUgaW4gY29tbWl0OjVhMGU2ZGZiNDQ0ZmIxYzc2YmFkOGZjZDA5MDMxYmE1ZDJiNDQ5M2YsIHdpdGggbWVzc2FnZTphZGRlZCBjIGZpbGVzIGluIGFsZ29yaXRobQorLy9BdXRob3JlZCBieTogbGV0aW1vbWUgaW4gY29tbWl0OjVhMGU2ZGZiNDQ0ZmIxYzc2YmFkOGZjZDA5MDMxYmE1ZDJiNDQ5M2YsIHdpdGggbWVzc2FnZTphZGRlZCBjIGZpbGVzIGluIGFsZ29yaXRobQorICAgICAgICBpZiAoKGR3U2l6ZSAtIGR3UG9zKSA+IDApLy9BdXRob3JlZCBieTogbGV0aW1vbWUgaW4gY29tbWl0OjVhMGU2ZGZiNDQ0ZmIxYzc2YmFkOGZjZDA5MDMxYmE1ZDJiNDQ5M2YsIHdpdGggbWVzc2FnZTphZGRlZCBjIGZpbGVzIGluIGFsZ29yaXRobQorICAgICAgICB7Ly9BdXRob3JlZCBieTogbGV0aW1vbWUgaW4gY29tbWl0OjVhMGU2ZGZiNDQ0ZmIxYzc2YmFkOGZjZDA5MDMxYmE1ZDJiNDQ5M2YsIHdpdGggbWVzc2FnZTphZGRlZCBjIGZpbGVzIGluIGFsZ29yaXRobQorICAgICAgICAgICAgZHdDaGFyQ291bnQgPSBNdWx0aUJ5dGVUb1dpZGVDaGFyKGlDb2RlUGFnZSwgMCwgKExQQ1NUUikmcEJ5dGVzW2R3UG9zXSwgZHdTaXplIC0gZHdQb3MsIE5VTEwsIDApOy8vQXV0aG9yZWQgYnk6IGxldGltb21lIGluIGNvbW1pdDo1YTBlNmRmYjQ0NGZiMWM3NmJhZDhmY2QwOTAzMWJhNWQyYjQ0OTNmLCB3aXRoIG1lc3NhZ2U6YWRkZWQgYyBmaWxlcyBpbiBhbGdvcml0aG0KKyAgICAgICAgICAgIGlmIChkd0NoYXJDb3VudCA9PSAwKS8vQXV0aG9yZWQgYnk6IGxldGltb21lIGluIGNvbW1pdDo1YTBlNmRmYjQ0NGZiMWM3NmJhZDhmY2QwOTAzMWJhNWQyYjQ0OTNmLCB3aXRoIG1lc3NhZ2U6YWRkZWQgYyBmaWxlcyBpbiBhbGdvcml0aG0KKyAgICAgICAgICAgICAgICBnb3RvIGRvbmU7Ly9BdXRob3JlZCBieTogbGV0aW1vbWUgaW4gY29tbWl0OjVhMGU2ZGZiNDQ0ZmIxYzc2YmFkOGZjZDA5MDMxYmE1ZDJiNDQ5M2YsIHdpdGggbWVzc2FnZTphZGRlZCBjIGZpbGVzIGluIGFsZ29yaXRobQorICAgICAgICB9Ly9BdXRob3JlZCBieTogbGV0aW1vbWUgaW4gY29tbWl0OjVhMGU2ZGZiNDQ0ZmIxYzc2YmFkOGZjZDA5MDMxYmE1ZDJiNDQ5M2YsIHdpdGggbWVzc2FnZTphZGRlZCBjIGZpbGVzIGluIGFsZ29yaXRobQorICAgICAgICBlbHNlLy9BdXRob3JlZCBieTogbGV0aW1vbWUgaW4gY29tbWl0OjVhMGU2ZGZiNDQ0ZmIxYzc2YmFkOGZjZDA5MDMxYmE1ZDJiNDQ5M2YsIHdpdGggbWVzc2FnZTphZGRlZCBjIGZpbGVzIGluIGFsZ29yaXRobQorICAgICAgICB7Ly9BdXRob3JlZCBieTogbGV0aW1vbWUgaW4gY29tbWl0OjVhMGU2ZGZiNDQ0ZmIxYzc2YmFkOGZjZDA5MDMxYmE1ZDJiNDQ5M2YsIHdpdGggbWVzc2FnZTphZGRlZCBjIGZpbGVzIGluIGFsZ29yaXRobQorICAgICAgICAgICAgLyogc3BlY2lhbCBjYXNlIGZvciBmaWxlcyB3aXRoIG5vIGNoYXJhY3RlcnMgKG90aGVyIHRoYW4gQk9NcykgKi8vL0F1dGhvcmVkIGJ5OiBsZXRpbW9tZSBpbiBjb21taXQ6NWEwZTZkZmI0NDRmYjFjNzZiYWQ4ZmNkMDkwMzFiYTVkMmI0NDkzZiwgd2l0aCBtZXNzYWdlOmFkZGVkIGMgZmlsZXMgaW4gYWxnb3JpdGhtCisgICAgICAgICAgICBkd0NoYXJDb3VudCA9IDA7Ly9BdXRob3JlZCBieTogbGV0aW1vbWUgaW4gY29tbWl0OjVhMGU2ZGZiNDQ0ZmIxYzc2YmFkOGZjZDA5MDMxYmE1ZDJiNDQ5M2YsIHdpdGggbWVzc2FnZTphZGRlZCBjIGZpbGVzIGluIGFsZ29yaXRobQorICAgICAgICB9Ly9BdXRob3JlZCBieTogbGV0aW1vbWUgaW4gY29tbWl0OjVhMGU2ZGZiNDQ0ZmIxYzc2YmFkOGZjZDA5MDMxYmE1ZDJiNDQ5M2YsIHdpdGggbWVzc2FnZTphZGRlZCBjIGZpbGVzIGluIGFsZ29yaXRobQorLy9BdXRob3JlZCBieTogbGV0aW1vbWUgaW4gY29tbWl0OjVhMGU2ZGZiNDQ0ZmIxYzc2YmFkOGZjZDA5MDMxYmE1ZDJiNDQ5M2YsIHdpdGggbWVzc2FnZTphZGRlZCBjIGZpbGVzIGluIGFsZ29yaXRobQorICAgICAgICBwc3pBbGxvY1RleHQgPSAoTFBXU1RSKSBIZWFwQWxsb2MoR2V0UHJvY2Vzc0hlYXAoKSwgMCwgKGR3Q2hhckNvdW50ICsgMSkgKiBzaXplb2YoV0NIQVIpKTsvL0F1dGhvcmVkIGJ5OiBsZXRpbW9tZSBpbiBjb21taXQ6NWEwZTZkZmI0NDRmYjFjNzZiYWQ4ZmNkMDkwMzFiYTVkMmI0NDkzZiwgd2l0aCBtZXNzYWdlOmFkZGVkIGMgZmlsZXMgaW4gYWxnb3JpdGhtCisgICAgICAgIGlmICghcHN6QWxsb2NUZXh0KS8vQXV0aG9yZWQgYnk6IGxldGltb21lIGluIGNvbW1pdDo1YTBlNmRmYjQ0NGZiMWM3NmJhZDhmY2QwOTAzMWJhNWQyYjQ0OTNmLCB3aXRoIG1lc3NhZ2U6YWRkZWQgYyBmaWxlcyBpbiBhbGdvcml0aG0KKyAgICAgICAgICAgIGdvdG8gZG9uZTsvL0F1dGhvcmVkIGJ5OiBsZXRpbW9tZSBpbiBjb21taXQ6NWEwZTZkZmI0NDRmYjFjNzZiYWQ4ZmNkMDkwMzFiYTVkMmI0NDkzZiwgd2l0aCBtZXNzYWdlOmFkZGVkIGMgZmlsZXMgaW4gYWxnb3JpdGhtCisvL0F1dGhvcmVkIGJ5OiBsZXRpbW9tZSBpbiBjb21taXQ6NWEwZTZkZmI0NDRmYjFjNzZiYWQ4ZmNkMDkwMzFiYTVkMmI0NDkzZiwgd2l0aCBtZXNzYWdlOmFkZGVkIGMgZmlsZXMgaW4gYWxnb3JpdGhtCisgICAgICAgIGlmICgoZHdTaXplIC0gZHdQb3MpID4gMCkvL0F1dGhvcmVkIGJ5OiBsZXRpbW9tZSBpbiBjb21taXQ6NWEwZTZkZmI0NDRmYjFjNzZiYWQ4ZmNkMDkwMzFiYTVkMmI0NDkzZiwgd2l0aCBtZXNzYWdlOmFkZGVkIGMgZmlsZXMgaW4gYWxnb3JpdGhtCisgICAgICAgIHsvL0F1dGhvcmVkIGJ5OiBsZXRpbW9tZSBpbiBjb21taXQ6NWEwZTZkZmI0NDRmYjFjNzZiYWQ4ZmNkMDkwMzFiYTVkMmI0NDkzZiwgd2l0aCBtZXNzYWdlOmFkZGVkIGMgZmlsZXMgaW4gYWxnb3JpdGhtCisgICAgICAgICAgICBpZiAoIU11bHRpQnl0ZVRvV2lkZUNoYXIoaUNvZGVQYWdlLCAwLCAoTFBDU1RSKSZwQnl0ZXNbZHdQb3NdLCBkd1NpemUgLSBkd1BvcywgcHN6QWxsb2NUZXh0LCBkd0NoYXJDb3VudCkpLy9BdXRob3JlZCBieTogbGV0aW1vbWUgaW4gY29tbWl0OjVhMGU2ZGZiNDQ0ZmIxYzc2YmFkOGZjZDA5MDMxYmE1ZDJiNDQ5M2YsIHdpdGggbWVzc2FnZTphZGRlZCBjIGZpbGVzIGluIGFsZ29yaXRobQorICAgICAgICAgICAgICAgIGdvdG8gZG9uZTsvL0F1dGhvcmVkIGJ5OiBsZXRpbW9tZSBpbiBjb21taXQ6NWEwZTZkZmI0NDRmYjFjNzZiYWQ4ZmNkMDkwMzFiYTVkMmI0NDkzZiwgd2l0aCBtZXNzYWdlOmFkZGVkIGMgZmlsZXMgaW4gYWxnb3JpdGhtCisgICAgICAgIH0vL0F1dGhvcmVkIGJ5OiBsZXRpbW9tZSBpbiBjb21taXQ6NWEwZTZkZmI0NDRmYjFjNzZiYWQ4ZmNkMDkwMzFiYTVkMmI0NDkzZiwgd2l0aCBtZXNzYWdlOmFkZGVkIGMgZmlsZXMgaW4gYWxnb3JpdGhtCisvL0F1dGhvcmVkIGJ5OiBsZXRpbW9tZSBpbiBjb21taXQ6NWEwZTZkZmI0NDRmYjFjNzZiYWQ4ZmNkMDkwMzFiYTVkMmI0NDkzZiwgd2l0aCBtZXNzYWdlOmFkZGVkIGMgZmlsZXMgaW4gYWxnb3JpdGhtCisgICAgICAgIHBzekFsbG9jVGV4dFtkd0NoYXJDb3VudF0gPSAnXDAnOy8vQXV0aG9yZWQgYnk6IGxldGltb21lIGluIGNvbW1pdDo1YTBlNmRmYjQ0NGZiMWM3NmJhZDhmY2QwOTAzMWJhNWQyYjQ0OTNmLCB3aXRoIG1lc3NhZ2U6YWRkZWQgYyBmaWxlcyBpbiBhbGdvcml0aG0KKyAgICAgICAgcHN6VGV4dCA9IHBzekFsbG9jVGV4dDsvL0F1dGhvcmVkIGJ5OiBsZXRpbW9tZSBpbiBjb21taXQ6NWEwZTZkZmI0NDRmYjFjNzZiYWQ4ZmNkMDkwMzFiYTVkMmI0NDkzZiwgd2l0aCBtZXNzYWdlOmFkZGVkIGMgZmlsZXMgaW4gYWxnb3JpdGhtCisgICAgICAgIGJyZWFrOy8vQXV0aG9yZWQgYnk6IGxldGltb21lIGluIGNvbW1pdDo1YTBlNmRmYjQ0NGZiMWM3NmJhZDhmY2QwOTAzMWJhNWQyYjQ0OTNmLCB3aXRoIG1lc3NhZ2U6YWRkZWQgYyBmaWxlcyBpbiBhbGdvcml0aG0KKyAgICB9Ly9BdXRob3JlZCBieTogbGV0aW1vbWUgaW4gY29tbWl0OjVhMGU2ZGZiNDQ0ZmIxYzc2YmFkOGZjZDA5MDMxYmE1ZDJiNDQ5M2YsIHdpdGggbWVzc2FnZTphZGRlZCBjIGZpbGVzIGluIGFsZ29yaXRobQorLy9BdXRob3JlZCBieTogbGV0aW1vbWUgaW4gY29tbWl0OjVhMGU2ZGZiNDQ0ZmIxYzc2YmFkOGZjZDA5MDMxYmE1ZDJiNDQ5M2YsIHdpdGggbWVzc2FnZTphZGRlZCBjIGZpbGVzIGluIGFsZ29yaXRobQorICAgIGR3UG9zID0gMDsvL0F1dGhvcmVkIGJ5OiBsZXRpbW9tZSBpbiBjb21taXQ6NWEwZTZkZmI0NDRmYjFjNzZiYWQ4ZmNkMDkwMzFiYTVkMmI0NDkzZiwgd2l0aCBtZXNzYWdlOmFkZGVkIGMgZmlsZXMgaW4gYWxnb3JpdGhtCisgICAgZm9yIChpID0gMDsgaSA8IGR3Q2hhckNvdW50OyBpKyspLy9BdXRob3JlZCBieTogbGV0aW1vbWUgaW4gY29tbWl0OjVhMGU2ZGZiNDQ0ZmIxYzc2YmFkOGZjZDA5MDMxYmE1ZDJiNDQ5M2YsIHdpdGggbWVzc2FnZTphZGRlZCBjIGZpbGVzIGluIGFsZ29yaXRobQorICAgIHsvL0F1dGhvcmVkIGJ5OiBsZXRpbW9tZSBpbiBjb21taXQ6NWEwZTZkZmI0NDRmYjFjNzZiYWQ4ZmNkMDkwMzFiYTVkMmI0NDkzZiwgd2l0aCBtZXNzYWdlOmFkZGVkIGMgZmlsZXMgaW4gYWxnb3JpdGhtCisgICAgICAgIHN3aXRjaChwc3pUZXh0W2ldKS8vQXV0aG9yZWQgYnk6IGxldGltb21lIGluIGNvbW1pdDo1YTBlNmRmYjQ0NGZiMWM3NmJhZDhmY2QwOTAzMWJhNWQyYjQ0OTNmLCB3aXRoIG1lc3NhZ2U6YWRkZWQgYyBmaWxlcyBpbiBhbGdvcml0aG0KKyAgICAgICAgey8vQXV0aG9yZWQgYnk6IGxldGltb21lIGluIGNvbW1pdDo1YTBlNmRmYjQ0NGZiMWM3NmJhZDhmY2QwOTAzMWJhNWQyYjQ0OTNmLCB3aXRoIG1lc3NhZ2U6YWRkZWQgYyBmaWxlcyBpbiBhbGdvcml0aG0KKyAgICAgICAgY2FzZSAnXHInOi8vQXV0aG9yZWQgYnk6IGxldGltb21lIGluIGNvbW1pdDo1YTBlNmRmYjQ0NGZiMWM3NmJhZDhmY2QwOTAzMWJhNWQyYjQ0OTNmLCB3aXRoIG1lc3NhZ2U6YWRkZWQgYyBmaWxlcyBpbiBhbGdvcml0aG0KKyAgICAgICAgICAgIGlmICgoaSA8IGR3Q2hhckNvdW50LTEpICYmIChwc3pUZXh0W2krMV0gPT0gJ1xuJykpLy9BdXRob3JlZCBieTogbGV0aW1vbWUgaW4gY29tbWl0OjVhMGU2ZGZiNDQ0ZmIxYzc2YmFkOGZjZDA5MDMxYmE1ZDJiNDQ5M2YsIHdpdGggbWVzc2FnZTphZGRlZCBjIGZpbGVzIGluIGFsZ29yaXRobQorICAgICAgICAgICAgey8vQXV0aG9yZWQgYnk6IGxldGltb21lIGluIGNvbW1pdDo1YTBlNmRmYjQ0NGZiMWM3NmJhZDhmY2QwOTAzMWJhNWQyYjQ0OTNmLCB3aXRoIG1lc3NhZ2U6YWRkZWQgYyBmaWxlcyBpbiBhbGdvcml0aG0KKyAgICAgICAgICAgICAgICBpKys7Ly9BdXRob3JlZCBieTogbGV0aW1vbWUgaW4gY29tbWl0OjVhMGU2ZGZiNDQ0ZmIxYzc2YmFkOGZjZDA5MDMxYmE1ZDJiNDQ5M2YsIHdpdGggbWVzc2FnZTphZGRlZCBjIGZpbGVzIGluIGFsZ29yaXRobQorICAgICAgICAgICAgICAgIGFkd0VvbG5Db3VudFtFT0xOX0NSTEZdKys7Ly9BdXRob3JlZCBieTogbGV0aW1vbWUgaW4gY29tbWl0OjVhMGU2ZGZiNDQ0ZmIxYzc2YmFkOGZjZDA5MDMxYmE1ZDJiNDQ5M2YsIHdpdGggbWVzc2FnZTphZGRlZCBjIGZpbGVzIGluIGFsZ29yaXRobQorICAgICAgICAgICAgICAgIGJyZWFrOy8vQXV0aG9yZWQgYnk6IGxldGltb21lIGluIGNvbW1pdDo1YTBlNmRmYjQ0NGZiMWM3NmJhZDhmY2QwOTAzMWJhNWQyYjQ0OTNmLCB3aXRoIG1lc3NhZ2U6YWRkZWQgYyBmaWxlcyBpbiBhbGdvcml0aG0KKyAgICAgICAgICAgIH0vL0F1dGhvcmVkIGJ5OiBsZXRpbW9tZSBpbiBjb21taXQ6NWEwZTZkZmI0NDRmYjFjNzZiYWQ4ZmNkMDkwMzFiYTVkMmI0NDkzZiwgd2l0aCBtZXNzYWdlOmFkZGVkIGMgZmlsZXMgaW4gYWxnb3JpdGhtCisgICAgICAgICAgICAvKiBmYWxsIHRocm91Z2ggKi8vL0F1dGhvcmVkIGJ5OiBsZXRpbW9tZSBpbiBjb21taXQ6NWEwZTZkZmI0NDRmYjFjNzZiYWQ4ZmNkMDkwMzFiYTVkMmI0NDkzZiwgd2l0aCBtZXNzYWdlOmFkZGVkIGMgZmlsZXMgaW4gYWxnb3JpdGhtCisvL0F1dGhvcmVkIGJ5OiBsZXRpbW9tZSBpbiBjb21taXQ6NWEwZTZkZmI0NDRmYjFjNzZiYWQ4ZmNkMDkwMzFiYTVkMmI0NDkzZiwgd2l0aCBtZXNzYWdlOmFkZGVkIGMgZmlsZXMgaW4gYWxnb3JpdGhtCisgICAgICAgIGNhc2UgJ1xuJzovL0F1dGhvcmVkIGJ5OiBsZXRpbW9tZSBpbiBjb21taXQ6NWEwZTZkZmI0NDRmYjFjNzZiYWQ4ZmNkMDkwMzFiYTVkMmI0NDkzZiwgd2l0aCBtZXNzYWdlOmFkZGVkIGMgZmlsZXMgaW4gYWxnb3JpdGhtCisgICAgICAgICAgICBpZiAoIUFwcGVuZChwcHN6VGV4dCwgcGR3VGV4dExlbiwgJnBzelRleHRbZHdQb3NdLCBpIC0gZHdQb3MpKS8vQXV0aG9yZWQgYnk6IGxldGltb21lIGluIGNvbW1pdDo1YTBlNmRmYjQ0NGZiMWM3NmJhZDhmY2QwOTAzMWJhNWQyYjQ0OTNmLCB3aXRoIG1lc3NhZ2U6YWRkZWQgYyBmaWxlcyBpbiBhbGdvcml0aG0KKyAgICAgICAgICAgICAgICByZXR1cm4gRkFMU0U7Ly9BdXRob3JlZCBieTogbGV0aW1vbWUgaW4gY29tbWl0OjVhMGU2ZGZiNDQ0ZmIxYzc2YmFkOGZjZDA5MDMxYmE1ZDJiNDQ5M2YsIHdpdGggbWVzc2FnZTphZGRlZCBjIGZpbGVzIGluIGFsZ29yaXRobQorICAgICAgICAgICAgaWYgKCFBcHBlbmQocHBzelRleHQsIHBkd1RleHRMZW4sIHN6Q3JsZiwgQVJSQVlfU0laRShzekNybGYpKSkvL0F1dGhvcmVkIGJ5OiBsZXRpbW9tZSBpbiBjb21taXQ6NWEwZTZkZmI0NDRmYjFjNzZiYWQ4ZmNkMDkwMzFiYTVkMmI0NDkzZiwgd2l0aCBtZXNzYWdlOmFkZGVkIGMgZmlsZXMgaW4gYWxnb3JpdGhtCisgICAgICAgICAgICAgICAgcmV0dXJuIEZBTFNFOy8vQXV0aG9yZWQgYnk6IGxldGltb21lIGluIGNvbW1pdDo1YTBlNmRmYjQ0NGZiMWM3NmJhZDhmY2QwOTAzMWJhNWQyYjQ0OTNmLCB3aXRoIG1lc3NhZ2U6YWRkZWQgYyBmaWxlcyBpbiBhbGdvcml0aG0KKyAgICAgICAgICAgIGR3UG9zID0gaSArIDE7Ly9BdXRob3JlZCBieTogbGV0aW1vbWUgaW4gY29tbWl0OjVhMGU2ZGZiNDQ0ZmIxYzc2YmFkOGZjZDA5MDMxYmE1ZDJiNDQ5M2YsIHdpdGggbWVzc2FnZTphZGRlZCBjIGZpbGVzIGluIGFsZ29yaXRobQorLy9BdXRob3JlZCBieTogbGV0aW1vbWUgaW4gY29tbWl0OjVhMGU2ZGZiNDQ0ZmIxYzc2YmFkOGZjZDA5MDMxYmE1ZDJiNDQ5M2YsIHdpdGggbWVzc2FnZTphZGRlZCBjIGZpbGVzIGluIGFsZ29yaXRobQorICAgICAgICAgICAgaWYgKHBzelRleHRbaV0gPT0gJ1xyJykvL0F1dGhvcmVkIGJ5OiBsZXRpbW9tZSBpbiBjb21taXQ6NWEwZTZkZmI0NDRmYjFjNzZiYWQ4ZmNkMDkwMzFiYTVkMmI0NDkzZiwgd2l0aCBtZXNzYWdlOmFkZGVkIGMgZmlsZXMgaW4gYWxnb3JpdGhtCisgICAgICAgICAgICAgICAgYWR3RW9sbkNvdW50W0VPTE5fQ1JdKys7Ly9BdXRob3JlZCBieTogbGV0aW1vbWUgaW4gY29tbWl0OjVhMGU2ZGZiNDQ0ZmIxYzc2YmFkOGZjZDA5MDMxYmE1ZDJiNDQ5M2YsIHdpdGggbWVzc2FnZTphZGRlZCBjIGZpbGVzIGluIGFsZ29yaXRobQorICAgICAgICAgICAgZWxzZS8vQXV0aG9yZWQgYnk6IGxldGltb21lIGluIGNvbW1pdDo1YTBlNmRmYjQ0NGZiMWM3NmJhZDhmY2QwOTAzMWJhNWQyYjQ0OTNmLCB3aXRoIG1lc3NhZ2U6YWRkZWQgYyBmaWxlcyBpbiBhbGdvcml0aG0KKyAgICAgICAgICAgICAgICBhZHdFb2xuQ291bnRbRU9MTl9MRl0rKzsvL0F1dGhvcmVkIGJ5OiBsZXRpbW9tZSBpbiBjb21taXQ6NWEwZTZkZmI0NDRmYjFjNzZiYWQ4ZmNkMDkwMzFiYTVkMmI0NDkzZiwgd2l0aCBtZXNzYWdlOmFkZGVkIGMgZmlsZXMgaW4gYWxnb3JpdGhtCisgICAgICAgICAgICBicmVhazsvL0F1dGhvcmVkIGJ5OiBsZXRpbW9tZSBpbiBjb21taXQ6NWEwZTZkZmI0NDRmYjFjNzZiYWQ4ZmNkMDkwMzFiYTVkMmI0NDkzZiwgd2l0aCBtZXNzYWdlOmFkZGVkIGMgZmlsZXMgaW4gYWxnb3JpdGhtCisvL0F1dGhvcmVkIGJ5OiBsZXRpbW9tZSBpbiBjb21taXQ6NWEwZTZkZmI0NDRmYjFjNzZiYWQ4ZmNkMDkwMzFiYTVkMmI0NDkzZiwgd2l0aCBtZXNzYWdlOmFkZGVkIGMgZmlsZXMgaW4gYWxnb3JpdGhtCisgICAgICAgIGNhc2UgJ1wwJzovL0F1dGhvcmVkIGJ5OiBsZXRpbW9tZSBpbiBjb21taXQ6NWEwZTZkZmI0NDRmYjFjNzZiYWQ4ZmNkMDkwMzFiYTVkMmI0NDkzZiwgd2l0aCBtZXNzYWdlOmFkZGVkIGMgZmlsZXMgaW4gYWxnb3JpdGhtCisgICAgICAgICAgICBwc3pUZXh0W2ldID0gJyAnOy8vQXV0aG9yZWQgYnk6IGxldGltb21lIGluIGNvbW1pdDo1YTBlNmRmYjQ0NGZiMWM3NmJhZDhmY2QwOTAzMWJhNWQyYjQ0OTNmLCB3aXRoIG1lc3NhZ2U6YWRkZWQgYyBmaWxlcyBpbiBhbGdvcml0aG0KKyAgICAgICAgICAgIGJyZWFrOy8vQXV0aG9yZWQgYnk6IGxldGltb21lIGluIGNvbW1pdDo1YTBlNmRmYjQ0NGZiMWM3NmJhZDhmY2QwOTAzMWJhNWQyYjQ0OTNmLCB3aXRoIG1lc3NhZ2U6YWRkZWQgYyBmaWxlcyBpbiBhbGdvcml0aG0KKyAgICAgICAgfS8vQXV0aG9yZWQgYnk6IGxldGltb21lIGluIGNvbW1pdDo1YTBlNmRmYjQ0NGZiMWM3NmJhZDhmY2QwOTAzMWJhNWQyYjQ0OTNmLCB3aXRoIG1lc3NhZ2U6YWRkZWQgYyBmaWxlcyBpbiBhbGdvcml0aG0KKyAgICB9Ly9BdXRob3JlZCBieTogbGV0aW1vbWUgaW4gY29tbWl0OjVhMGU2ZGZiNDQ0ZmIxYzc2YmFkOGZjZDA5MDMxYmE1ZDJiNDQ5M2YsIHdpdGggbWVzc2FnZTphZGRlZCBjIGZpbGVzIGluIGFsZ29yaXRobQorLy9BdXRob3JlZCBieTogbGV0aW1vbWUgaW4gY29tbWl0OjVhMGU2ZGZiNDQ0ZmIxYzc2YmFkOGZjZDA5MDMxYmE1ZDJiNDQ5M2YsIHdpdGggbWVzc2FnZTphZGRlZCBjIGZpbGVzIGluIGFsZ29yaXRobQorICAgIGlmICghKnBwc3pUZXh0ICYmIChwc3pUZXh0ID09IHBzekFsbG9jVGV4dCkpLy9BdXRob3JlZCBieTogbGV0aW1vbWUgaW4gY29tbWl0OjVhMGU2ZGZiNDQ0ZmIxYzc2YmFkOGZjZDA5MDMxYmE1ZDJiNDQ5M2YsIHdpdGggbWVzc2FnZTphZGRlZCBjIGZpbGVzIGluIGFsZ29yaXRobQorICAgIHsvL0F1dGhvcmVkIGJ5OiBsZXRpbW9tZSBpbiBjb21taXQ6NWEwZTZkZmI0NDRmYjFjNzZiYWQ4ZmNkMDkwMzFiYTVkMmI0NDkzZiwgd2l0aCBtZXNzYWdlOmFkZGVkIGMgZmlsZXMgaW4gYWxnb3JpdGhtCisgICAgICAgIC8qIHNwZWNpYWwgY2FzZTsgZG9uJ3QgbmVlZCB0byByZWFsbG9jYXRlICovLy9BdXRob3JlZCBieTogbGV0aW1vbWUgaW4gY29tbWl0OjVhMGU2ZGZiNDQ0ZmIxYzc2YmFkOGZjZDA5MDMxYmE1ZDJiNDQ5M2YsIHdpdGggbWVzc2FnZTphZGRlZCBjIGZpbGVzIGluIGFsZ29yaXRobQorICAgICAgICAqcHBzelRleHQgPSBwc3pBbGxvY1RleHQ7Ly9BdXRob3JlZCBieTogbGV0aW1vbWUgaW4gY29tbWl0OjVhMGU2ZGZiNDQ0ZmIxYzc2YmFkOGZjZDA5MDMxYmE1ZDJiNDQ5M2YsIHdpdGggbWVzc2FnZTphZGRlZCBjIGZpbGVzIGluIGFsZ29yaXRobQorICAgICAgICAqcGR3VGV4dExlbiA9IGR3Q2hhckNvdW50Oy8vQXV0aG9yZWQgYnk6IGxldGltb21lIGluIGNvbW1pdDo1YTBlNmRmYjQ0NGZiMWM3NmJhZDhmY2QwOTAzMWJhNWQyYjQ0OTNmLCB3aXRoIG1lc3NhZ2U6YWRkZWQgYyBmaWxlcyBpbiBhbGdvcml0aG0KKyAgICAgICAgcHN6QWxsb2NUZXh0ID0gTlVMTDsvL0F1dGhvcmVkIGJ5OiBsZXRpbW9tZSBpbiBjb21taXQ6NWEwZTZkZmI0NDRmYjFjNzZiYWQ4ZmNkMDkwMzFiYTVkMmI0NDkzZiwgd2l0aCBtZXNzYWdlOmFkZGVkIGMgZmlsZXMgaW4gYWxnb3JpdGhtCisgICAgfS8vQXV0aG9yZWQgYnk6IGxldGltb21lIGluIGNvbW1pdDo1YTBlNmRmYjQ0NGZiMWM3NmJhZDhmY2QwOTAzMWJhNWQyYjQ0OTNmLCB3aXRoIG1lc3NhZ2U6YWRkZWQgYyBmaWxlcyBpbiBhbGdvcml0aG0KKyAgICBlbHNlLy9BdXRob3JlZCBieTogbGV0aW1vbWUgaW4gY29tbWl0OjVhMGU2ZGZiNDQ0ZmIxYzc2YmFkOGZjZDA5MDMxYmE1ZDJiNDQ5M2YsIHdpdGggbWVzc2FnZTphZGRlZCBjIGZpbGVzIGluIGFsZ29yaXRobQorICAgIHsvL0F1dGhvcmVkIGJ5OiBsZXRpbW9tZSBpbiBjb21taXQ6NWEwZTZkZmI0NDRmYjFjNzZiYWQ4ZmNkMDkwMzFiYTVkMmI0NDkzZiwgd2l0aCBtZXNzYWdlOmFkZGVkIGMgZmlsZXMgaW4gYWxnb3JpdGhtCisgICAgICAgIC8qIGFwcGVuZCBsYXN0IHJlbWFpbmluZyB0ZXh0ICovLy9BdXRob3JlZCBieTogbGV0aW1vbWUgaW4gY29tbWl0OjVhMGU2ZGZiNDQ0ZmIxYzc2YmFkOGZjZDA5MDMxYmE1ZDJiNDQ5M2YsIHdpdGggbWVzc2FnZTphZGRlZCBjIGZpbGVzIGluIGFsZ29yaXRobQorICAgICAgICBpZiAoIUFwcGVuZChwcHN6VGV4dCwgcGR3VGV4dExlbiwgJnBzelRleHRbZHdQb3NdLCBpIC0gZHdQb3MgKyAxKSkvL0F1dGhvcmVkIGJ5OiBsZXRpbW9tZSBpbiBjb21taXQ6NWEwZTZkZmI0NDRmYjFjNzZiYWQ4ZmNkMDkwMzFiYTVkMmI0NDkzZiwgd2l0aCBtZXNzYWdlOmFkZGVkIGMgZmlsZXMgaW4gYWxnb3JpdGhtCisgICAgICAgICAgICByZXR1cm4gRkFMU0U7Ly9BdXRob3JlZCBieTogbGV0aW1vbWUgaW4gY29tbWl0OjVhMGU2ZGZiNDQ0ZmIxYzc2YmFkOGZjZDA5MDMxYmE1ZDJiNDQ5M2YsIHdpdGggbWVzc2FnZTphZGRlZCBjIGZpbGVzIGluIGFsZ29yaXRobQorICAgIH0vL0F1dGhvcmVkIGJ5OiBsZXRpbW9tZSBpbiBjb21taXQ6NWEwZTZkZmI0NDRmYjFjNzZiYWQ4ZmNkMDkwMzFiYTVkMmI0NDkzZiwgd2l0aCBtZXNzYWdlOmFkZGVkIGMgZmlsZXMgaW4gYWxnb3JpdGhtCisvL0F1dGhvcmVkIGJ5OiBsZXRpbW9tZSBpbiBjb21taXQ6NWEwZTZkZmI0NDRmYjFjNzZiYWQ4ZmNkMDkwMzFiYTVkMmI0NDkzZiwgd2l0aCBtZXNzYWdlOmFkZGVkIGMgZmlsZXMgaW4gYWxnb3JpdGhtCisgICAgLyogY2hvc2Ugd2hpY2ggZW9sbiB0byB1c2UgKi8vL0F1dGhvcmVkIGJ5OiBsZXRpbW9tZSBpbiBjb21taXQ6NWEwZTZkZmI0NDRmYjFjNzZiYWQ4ZmNkMDkwMzFiYTVkMmI0NDkzZiwgd2l0aCBtZXNzYWdlOmFkZGVkIGMgZmlsZXMgaW4gYWxnb3JpdGhtCisgICAgKnBpRW9sbiA9IEVPTE5fQ1JMRjsvL0F1dGhvcmVkIGJ5OiBsZXRpbW9tZSBpbiBjb21taXQ6NWEwZTZkZmI0NDRmYjFjNzZiYWQ4ZmNkMDkwMzFiYTVkMmI0NDkzZiwgd2l0aCBtZXNzYWdlOmFkZGVkIGMgZmlsZXMgaW4gYWxnb3JpdGhtCisgICAgaWYgKGFkd0VvbG5Db3VudFtFT0xOX0xGXSA+IGFkd0VvbG5Db3VudFsqcGlFb2xuXSkvL0F1dGhvcmVkIGJ5OiBsZXRpbW9tZSBpbiBjb21taXQ6NWEwZTZkZmI0NDRmYjFjNzZiYWQ4ZmNkMDkwMzFiYTVkMmI0NDkzZiwgd2l0aCBtZXNzYWdlOmFkZGVkIGMgZmlsZXMgaW4gYWxnb3JpdGhtCisgICAgICAgICpwaUVvbG4gPSBFT0xOX0xGOy8vQXV0aG9yZWQgYnk6IGxldGltb21lIGluIGNvbW1pdDo1YTBlNmRmYjQ0NGZiMWM3NmJhZDhmY2QwOTAzMWJhNWQyYjQ0OTNmLCB3aXRoIG1lc3NhZ2U6YWRkZWQgYyBmaWxlcyBpbiBhbGdvcml0aG0KKyAgICBpZiAoYWR3RW9sbkNvdW50W0VPTE5fQ1JdID4gYWR3RW9sbkNvdW50WypwaUVvbG5dKS8vQXV0aG9yZWQgYnk6IGxldGltb21lIGluIGNvbW1pdDo1YTBlNmRmYjQ0NGZiMWM3NmJhZDhmY2QwOTAzMWJhNWQyYjQ0OTNmLCB3aXRoIG1lc3NhZ2U6YWRkZWQgYyBmaWxlcyBpbiBhbGdvcml0aG0KKyAgICAgICAgKnBpRW9sbiA9IEVPTE5fQ1I7Ly9BdXRob3JlZCBieTogbGV0aW1vbWUgaW4gY29tbWl0OjVhMGU2ZGZiNDQ0ZmIxYzc2YmFkOGZjZDA5MDMxYmE1ZDJiNDQ5M2YsIHdpdGggbWVzc2FnZTphZGRlZCBjIGZpbGVzIGluIGFsZ29yaXRobQorICAgICpwZW5jRmlsZSA9IGVuY0ZpbGU7Ly9BdXRob3JlZCBieTogbGV0aW1vbWUgaW4gY29tbWl0OjVhMGU2ZGZiNDQ0ZmIxYzc2YmFkOGZjZDA5MDMxYmE1ZDJiNDQ5M2YsIHdpdGggbWVzc2FnZTphZGRlZCBjIGZpbGVzIGluIGFsZ29yaXRobQorLy9BdXRob3JlZCBieTogbGV0aW1vbWUgaW4gY29tbWl0OjVhMGU2ZGZiNDQ0ZmIxYzc2YmFkOGZjZDA5MDMxYmE1ZDJiNDQ5M2YsIHdpdGggbWVzc2FnZTphZGRlZCBjIGZpbGVzIGluIGFsZ29yaXRobQorICAgIGJTdWNjZXNzID0gVFJVRTsvL0F1dGhvcmVkIGJ5OiBsZXRpbW9tZSBpbiBjb21taXQ6NWEwZTZkZmI0NDRmYjFjNzZiYWQ4ZmNkMDkwMzFiYTVkMmI0NDkzZiwgd2l0aCBtZXNzYWdlOmFkZGVkIGMgZmlsZXMgaW4gYWxnb3JpdGhtCisvL0F1dGhvcmVkIGJ5OiBsZXRpbW9tZSBpbiBjb21taXQ6NWEwZTZkZmI0NDRmYjFjNzZiYWQ4ZmNkMDkwMzFiYTVkMmI0NDkzZiwgd2l0aCBtZXNzYWdlOmFkZGVkIGMgZmlsZXMgaW4gYWxnb3JpdGhtCitkb25lOi8vQXV0aG9yZWQgYnk6IGxldGltb21lIGluIGNvbW1pdDo1YTBlNmRmYjQ0NGZiMWM3NmJhZDhmY2QwOTAzMWJhNWQyYjQ0OTNmLCB3aXRoIG1lc3NhZ2U6YWRkZWQgYyBmaWxlcyBpbiBhbGdvcml0aG0KKyAgICBpZiAocEJ5dGVzKS8vQXV0aG9yZWQgYnk6IGxldGltb21lIGluIGNvbW1pdDo1YTBlNmRmYjQ0NGZiMWM3NmJhZDhmY2QwOTAzMWJhNWQyYjQ0OTNmLCB3aXRoIG1lc3NhZ2U6YWRkZWQgYyBmaWxlcyBpbiBhbGdvcml0aG0KKyAgICAgICAgSGVhcEZyZWUoR2V0UHJvY2Vzc0hlYXAoKSwgMCwgcEJ5dGVzKTsvL0F1dGhvcmVkIGJ5OiBsZXRpbW9tZSBpbiBjb21taXQ6NWEwZTZkZmI0NDRmYjFjNzZiYWQ4ZmNkMDkwMzFiYTVkMmI0NDkzZiwgd2l0aCBtZXNzYWdlOmFkZGVkIGMgZmlsZXMgaW4gYWxnb3JpdGhtCisgICAgaWYgKHBzekFsbG9jVGV4dCkvL0F1dGhvcmVkIGJ5OiBsZXRpbW9tZSBpbiBjb21taXQ6NWEwZTZkZmI0NDRmYjFjNzZiYWQ4ZmNkMDkwMzFiYTVkMmI0NDkzZiwgd2l0aCBtZXNzYWdlOmFkZGVkIGMgZmlsZXMgaW4gYWxnb3JpdGhtCisgICAgICAgIEhlYXBGcmVlKEdldFByb2Nlc3NIZWFwKCksIDAsIHBzekFsbG9jVGV4dCk7Ly9BdXRob3JlZCBieTogbGV0aW1vbWUgaW4gY29tbWl0OjVhMGU2ZGZiNDQ0ZmIxYzc2YmFkOGZjZDA5MDMxYmE1ZDJiNDQ5M2YsIHdpdGggbWVzc2FnZTphZGRlZCBjIGZpbGVzIGluIGFsZ29yaXRobQorLy9BdXRob3JlZCBieTogbGV0aW1vbWUgaW4gY29tbWl0OjVhMGU2ZGZiNDQ0ZmIxYzc2YmFkOGZjZDA5MDMxYmE1ZDJiNDQ5M2YsIHdpdGggbWVzc2FnZTphZGRlZCBjIGZpbGVzIGluIGFsZ29yaXRobQorICAgIGlmICghYlN1Y2Nlc3MgJiYgKnBwc3pUZXh0KS8vQXV0aG9yZWQgYnk6IGxldGltb21lIGluIGNvbW1pdDo1YTBlNmRmYjQ0NGZiMWM3NmJhZDhmY2QwOTAzMWJhNWQyYjQ0OTNmLCB3aXRoIG1lc3NhZ2U6YWRkZWQgYyBmaWxlcyBpbiBhbGdvcml0aG0KKyAgICB7Ly9BdXRob3JlZCBieTogbGV0aW1vbWUgaW4gY29tbWl0OjVhMGU2ZGZiNDQ0ZmIxYzc2YmFkOGZjZDA5MDMxYmE1ZDJiNDQ5M2YsIHdpdGggbWVzc2FnZTphZGRlZCBjIGZpbGVzIGluIGFsZ29yaXRobQorICAgICAgICBIZWFwRnJlZShHZXRQcm9jZXNzSGVhcCgpLCAwLCAqcHBzelRleHQpOy8vQXV0aG9yZWQgYnk6IGxldGltb21lIGluIGNvbW1pdDo1YTBlNmRmYjQ0NGZiMWM3NmJhZDhmY2QwOTAzMWJhNWQyYjQ0OTNmLCB3aXRoIG1lc3NhZ2U6YWRkZWQgYyBmaWxlcyBpbiBhbGdvcml0aG0KKyAgICAgICAgKnBwc3pUZXh0ID0gTlVMTDsvL0F1dGhvcmVkIGJ5OiBsZXRpbW9tZSBpbiBjb21taXQ6NWEwZTZkZmI0NDRmYjFjNzZiYWQ4ZmNkMDkwMzFiYTVkMmI0NDkzZiwgd2l0aCBtZXNzYWdlOmFkZGVkIGMgZmlsZXMgaW4gYWxnb3JpdGhtCisgICAgICAgICpwZHdUZXh0TGVuID0gMDsvL0F1dGhvcmVkIGJ5OiBsZXRpbW9tZSBpbiBjb21taXQ6NWEwZTZkZmI0NDRmYjFjNzZiYWQ4ZmNkMDkwMzFiYTVkMmI0NDkzZiwgd2l0aCBtZXNzYWdlOmFkZGVkIGMgZmlsZXMgaW4gYWxnb3JpdGhtCisgICAgfS8vQXV0aG9yZWQgYnk6IGxldGltb21lIGluIGNvbW1pdDo1YTBlNmRmYjQ0NGZiMWM3NmJhZDhmY2QwOTAzMWJhNWQyYjQ0OTNmLCB3aXRoIG1lc3NhZ2U6YWRkZWQgYyBmaWxlcyBpbiBhbGdvcml0aG0KKyAgICByZXR1cm4gYlN1Y2Nlc3M7Ly9BdXRob3JlZCBieTogbGV0aW1vbWUgaW4gY29tbWl0OjVhMGU2ZGZiNDQ0ZmIxYzc2YmFkOGZjZDA5MDMxYmE1ZDJiNDQ5M2YsIHdpdGggbWVzc2FnZTphZGRlZCBjIGZpbGVzIGluIGFsZ29yaXRobQorfS8vQXV0aG9yZWQgYnk6IGxldGltb21lIGluIGNvbW1pdDo1YTBlNmRmYjQ0NGZiMWM3NmJhZDhmY2QwOTAzMWJhNWQyYjQ0OTNmLCB3aXRoIG1lc3NhZ2U6YWRkZWQgYyBmaWxlcyBpbiBhbGdvcml0aG0KKy8vQXV0aG9yZWQgYnk6IGxldGltb21lIGluIGNvbW1pdDo1YTBlNmRmYjQ0NGZiMWM3NmJhZDhmY2QwOTAzMWJhNWQyYjQ0OTNmLCB3aXRoIG1lc3NhZ2U6YWRkZWQgYyBmaWxlcyBpbiBhbGdvcml0aG0KK3N0YXRpYyBCT09MIFdyaXRlRW5jb2RlZFRleHQoSEFORExFIGhGaWxlLCBMUENXU1RSIHBzelRleHQsIERXT1JEIGR3VGV4dExlbiwgaW50IGVuY0ZpbGUpLy9BdXRob3JlZCBieTogbGV0aW1vbWUgaW4gY29tbWl0OjVhMGU2ZGZiNDQ0ZmIxYzc2YmFkOGZjZDA5MDMxYmE1ZDJiNDQ5M2YsIHdpdGggbWVzc2FnZTphZGRlZCBjIGZpbGVzIGluIGFsZ29yaXRobQorey8vQXV0aG9yZWQgYnk6IGxldGltb21lIGluIGNvbW1pdDo1YTBlNmRmYjQ0NGZiMWM3NmJhZDhmY2QwOTAzMWJhNWQyYjQ0OTNmLCB3aXRoIG1lc3NhZ2U6YWRkZWQgYyBmaWxlcyBpbiBhbGdvcml0aG0KKyAgICBMUEJZVEUgcEJ5dGVzID0gTlVMTDsvL0F1dGhvcmVkIGJ5OiBsZXRpbW9tZSBpbiBjb21taXQ6NWEwZTZkZmI0NDRmYjFjNzZiYWQ4ZmNkMDkwMzFiYTVkMmI0NDkzZiwgd2l0aCBtZXNzYWdlOmFkZGVkIGMgZmlsZXMgaW4gYWxnb3JpdGhtCisgICAgTFBCWVRFIHBBbGxvY0J1ZmZlciA9IE5VTEw7Ly9BdXRob3JlZCBieTogbGV0aW1vbWUgaW4gY29tbWl0OjVhMGU2ZGZiNDQ0ZmIxYzc2YmFkOGZjZDA5MDMxYmE1ZDJiNDQ5M2YsIHdpdGggbWVzc2FnZTphZGRlZCBjIGZpbGVzIGluIGFsZ29yaXRobQorICAgIERXT1JEIGR3UG9zID0gMDsvL0F1dGhvcmVkIGJ5OiBsZXRpbW9tZSBpbiBjb21taXQ6NWEwZTZkZmI0NDRmYjFjNzZiYWQ4ZmNkMDkwMzFiYTVkMmI0NDkzZiwgd2l0aCBtZXNzYWdlOmFkZGVkIGMgZmlsZXMgaW4gYWxnb3JpdGhtCisgICAgRFdPUkQgZHdCeXRlQ291bnQ7Ly9BdXRob3JlZCBieTogbGV0aW1vbWUgaW4gY29tbWl0OjVhMGU2ZGZiNDQ0ZmIxYzc2YmFkOGZjZDA5MDMxYmE1ZDJiNDQ5M2YsIHdpdGggbWVzc2FnZTphZGRlZCBjIGZpbGVzIGluIGFsZ29yaXRobQorICAgIEJZVEUgYnVmZmVyWzEwMjRdOy8vQXV0aG9yZWQgYnk6IGxldGltb21lIGluIGNvbW1pdDo1YTBlNmRmYjQ0NGZiMWM3NmJhZDhmY2QwOTAzMWJhNWQyYjQ0OTNmLCB3aXRoIG1lc3NhZ2U6YWRkZWQgYyBmaWxlcyBpbiBhbGdvcml0aG0KKyAgICBVSU5UIGlDb2RlUGFnZSA9IDA7Ly9BdXRob3JlZCBieTogbGV0aW1vbWUgaW4gY29tbWl0OjVhMGU2ZGZiNDQ0ZmIxYzc2YmFkOGZjZDA5MDMxYmE1ZDJiNDQ5M2YsIHdpdGggbWVzc2FnZTphZGRlZCBjIGZpbGVzIGluIGFsZ29yaXRobQorICAgIERXT1JEIGR3RHVtbXksIGk7Ly9BdXRob3JlZCBieTogbGV0aW1vbWUgaW4gY29tbWl0OjVhMGU2ZGZiNDQ0ZmIxYzc2YmFkOGZjZDA5MDMxYmE1ZDJiNDQ5M2YsIHdpdGggbWVzc2FnZTphZGRlZCBjIGZpbGVzIGluIGFsZ29yaXRobQorICAgIEJPT0wgYlN1Y2Nlc3MgPSBGQUxTRTsvL0F1dGhvcmVkIGJ5OiBsZXRpbW9tZSBpbiBjb21taXQ6NWEwZTZkZmI0NDRmYjFjNzZiYWQ4ZmNkMDkwMzFiYTVkMmI0NDkzZiwgd2l0aCBtZXNzYWdlOmFkZGVkIGMgZmlsZXMgaW4gYWxnb3JpdGhtCisgICAgaW50IGlCdWZmZXJTaXplLCBpUmVxdWlyZWRCeXRlczsvL0F1dGhvcmVkIGJ5OiBsZXRpbW9tZSBpbiBjb21taXQ6NWEwZTZkZmI0NDRmYjFjNzZiYWQ4ZmNkMDkwMzFiYTVkMmI0NDkzZiwgd2l0aCBtZXNzYWdlOmFkZGVkIGMgZmlsZXMgaW4gYWxnb3JpdGhtCisgICAgQllURSBiOy8vQXV0aG9yZWQgYnk6IGxldGltb21lIGluIGNvbW1pdDo1YTBlNmRmYjQ0NGZiMWM3NmJhZDhmY2QwOTAzMWJhNWQyYjQ0OTNmLCB3aXRoIG1lc3NhZ2U6YWRkZWQgYyBmaWxlcyBpbiBhbGdvcml0aG0KKy8vQXV0aG9yZWQgYnk6IGxldGltb21lIGluIGNvbW1pdDo1YTBlNmRmYjQ0NGZiMWM3NmJhZDhmY2QwOTAzMWJhNWQyYjQ0OTNmLCB3aXRoIG1lc3NhZ2U6YWRkZWQgYyBmaWxlcyBpbiBhbGdvcml0aG0KKyAgICB3aGlsZShkd1BvcyA8IGR3VGV4dExlbikvL0F1dGhvcmVkIGJ5OiBsZXRpbW9tZSBpbiBjb21taXQ6NWEwZTZkZmI0NDRmYjFjNzZiYWQ4ZmNkMDkwMzFiYTVkMmI0NDkzZiwgd2l0aCBtZXNzYWdlOmFkZGVkIGMgZmlsZXMgaW4gYWxnb3JpdGhtCisgICAgey8vQXV0aG9yZWQgYnk6IGxldGltb21lIGluIGNvbW1pdDo1YTBlNmRmYjQ0NGZiMWM3NmJhZDhmY2QwOTAzMWJhNWQyYjQ0OTNmLCB3aXRoIG1lc3NhZ2U6YWRkZWQgYyBmaWxlcyBpbiBhbGdvcml0aG0KKyAgICAgICAgc3dpdGNoKGVuY0ZpbGUpLy9BdXRob3JlZCBieTogbGV0aW1vbWUgaW4gY29tbWl0OjVhMGU2ZGZiNDQ0ZmIxYzc2YmFkOGZjZDA5MDMxYmE1ZDJiNDQ5M2YsIHdpdGggbWVzc2FnZTphZGRlZCBjIGZpbGVzIGluIGFsZ29yaXRobQorICAgICAgICB7Ly9BdXRob3JlZCBieTogbGV0aW1vbWUgaW4gY29tbWl0OjVhMGU2ZGZiNDQ0ZmIxYzc2YmFkOGZjZDA5MDMxYmE1ZDJiNDQ5M2YsIHdpdGggbWVzc2FnZTphZGRlZCBjIGZpbGVzIGluIGFsZ29yaXRobQorICAgICAgICAgICAgY2FzZSBFTkNPRElOR19VTklDT0RFOi8vQXV0aG9yZWQgYnk6IGxldGltb21lIGluIGNvbW1pdDo1YTBlNmRmYjQ0NGZiMWM3NmJhZDhmY2QwOTAzMWJhNWQyYjQ0OTNmLCB3aXRoIG1lc3NhZ2U6YWRkZWQgYyBmaWxlcyBpbiBhbGdvcml0aG0KKyAgICAgICAgICAgICAgICBwQnl0ZXMgPSAoTFBCWVRFKSAmcHN6VGV4dFtkd1Bvc107Ly9BdXRob3JlZCBieTogbGV0aW1vbWUgaW4gY29tbWl0OjVhMGU2ZGZiNDQ0ZmIxYzc2YmFkOGZjZDA5MDMxYmE1ZDJiNDQ5M2YsIHdpdGggbWVzc2FnZTphZGRlZCBjIGZpbGVzIGluIGFsZ29yaXRobQorICAgICAgICAgICAgICAgIGR3Qnl0ZUNvdW50ID0gKGR3VGV4dExlbiAtIGR3UG9zKSAqIHNpemVvZihXQ0hBUik7Ly9BdXRob3JlZCBieTogbGV0aW1vbWUgaW4gY29tbWl0OjVhMGU2ZGZiNDQ0ZmIxYzc2YmFkOGZjZDA5MDMxYmE1ZDJiNDQ5M2YsIHdpdGggbWVzc2FnZTphZGRlZCBjIGZpbGVzIGluIGFsZ29yaXRobQorICAgICAgICAgICAgICAgIGR3UG9zID0gZHdUZXh0TGVuOy8vQXV0aG9yZWQgYnk6IGxldGltb21lIGluIGNvbW1pdDo1YTBlNmRmYjQ0NGZiMWM3NmJhZDhmY2QwOTAzMWJhNWQyYjQ0OTNmLCB3aXRoIG1lc3NhZ2U6YWRkZWQgYyBmaWxlcyBpbiBhbGdvcml0aG0KKyAgICAgICAgICAgICAgICBicmVhazsvL0F1dGhvcmVkIGJ5OiBsZXRpbW9tZSBpbiBjb21taXQ6NWEwZTZkZmI0NDRmYjFjNzZiYWQ4ZmNkMDkwMzFiYTVkMmI0NDkzZiwgd2l0aCBtZXNzYWdlOmFkZGVkIGMgZmlsZXMgaW4gYWxnb3JpdGhtCisvL0F1dGhvcmVkIGJ5OiBsZXRpbW9tZSBpbiBjb21taXQ6NWEwZTZkZmI0NDRmYjFjNzZiYWQ4ZmNkMDkwMzFiYTVkMmI0NDkzZiwgd2l0aCBtZXNzYWdlOmFkZGVkIGMgZmlsZXMgaW4gYWxnb3JpdGhtCisgICAgICAgICAgICBjYXNlIEVOQ09ESU5HX1VOSUNPREVfQkU6Ly9BdXRob3JlZCBieTogbGV0aW1vbWUgaW4gY29tbWl0OjVhMGU2ZGZiNDQ0ZmIxYzc2YmFkOGZjZDA5MDMxYmE1ZDJiNDQ5M2YsIHdpdGggbWVzc2FnZTphZGRlZCBjIGZpbGVzIGluIGFsZ29yaXRobQorICAgICAgICAgICAgICAgIGR3Qnl0ZUNvdW50ID0gKGR3VGV4dExlbiAtIGR3UG9zKSAqIHNpemVvZihXQ0hBUik7Ly9BdXRob3JlZCBieTogbGV0aW1vbWUgaW4gY29tbWl0OjVhMGU2ZGZiNDQ0ZmIxYzc2YmFkOGZjZDA5MDMxYmE1ZDJiNDQ5M2YsIHdpdGggbWVzc2FnZTphZGRlZCBjIGZpbGVzIGluIGFsZ29yaXRobQorICAgICAgICAgICAgICAgIGlmIChkd0J5dGVDb3VudCA+IHNpemVvZihidWZmZXIpKS8vQXV0aG9yZWQgYnk6IGxldGltb21lIGluIGNvbW1pdDo1YTBlNmRmYjQ0NGZiMWM3NmJhZDhmY2QwOTAzMWJhNWQyYjQ0OTNmLCB3aXRoIG1lc3NhZ2U6YWRkZWQgYyBmaWxlcyBpbiBhbGdvcml0aG0KKyAgICAgICAgICAgICAgICAgICAgZHdCeXRlQ291bnQgPSBzaXplb2YoYnVmZmVyKTsvL0F1dGhvcmVkIGJ5OiBsZXRpbW9tZSBpbiBjb21taXQ6NWEwZTZkZmI0NDRmYjFjNzZiYWQ4ZmNkMDkwMzFiYTVkMmI0NDkzZiwgd2l0aCBtZXNzYWdlOmFkZGVkIGMgZmlsZXMgaW4gYWxnb3JpdGhtCisvL0F1dGhvcmVkIGJ5OiBsZXRpbW9tZSBpbiBjb21taXQ6NWEwZTZkZmI0NDRmYjFjNzZiYWQ4ZmNkMDkwMzFiYTVkMmI0NDkzZiwgd2l0aCBtZXNzYWdlOmFkZGVkIGMgZmlsZXMgaW4gYWxnb3JpdGhtCisgICAgICAgICAgICAgICAgbWVtY3B5KGJ1ZmZlciwgJnBzelRleHRbZHdQb3NdLCBkd0J5dGVDb3VudCk7Ly9BdXRob3JlZCBieTogbGV0aW1vbWUgaW4gY29tbWl0OjVhMGU2ZGZiNDQ0ZmIxYzc2YmFkOGZjZDA5MDMxYmE1ZDJiNDQ5M2YsIHdpdGggbWVzc2FnZTphZGRlZCBjIGZpbGVzIGluIGFsZ29yaXRobQorICAgICAgICAgICAgICAgIC8vQXV0aG9yZWQgYnk6IGxldGltb21lIGluIGNvbW1pdDo1YTBlNmRmYjQ0NGZiMWM3NmJhZDhmY2QwOTAzMWJhNWQyYjQ0OTNmLCB3aXRoIG1lc3NhZ2U6YWRkZWQgYyBmaWxlcyBpbiBhbGdvcml0aG0KKyAgICAgICAgICAgICAgICBmb3IgKGkgPSAwOyBpIDwgZHdCeXRlQ291bnQ7IGkgKz0gMikvL0F1dGhvcmVkIGJ5OiBsZXRpbW9tZSBpbiBjb21taXQ6NWEwZTZkZmI0NDRmYjFjNzZiYWQ4ZmNkMDkwMzFiYTVkMmI0NDkzZiwgd2l0aCBtZXNzYWdlOmFkZGVkIGMgZmlsZXMgaW4gYWxnb3JpdGhtCisgICAgICAgICAgICAgICAgey8vQXV0aG9yZWQgYnk6IGxldGltb21lIGluIGNvbW1pdDo1YTBlNmRmYjQ0NGZiMWM3NmJhZDhmY2QwOTAzMWJhNWQyYjQ0OTNmLCB3aXRoIG1lc3NhZ2U6YWRkZWQgYyBmaWxlcyBpbiBhbGdvcml0aG0KKyAgICAgICAgICAgICAgICAgICAgYiA9IGJ1ZmZlcltpKzBdOy8vQXV0aG9yZWQgYnk6IGxldGltb21lIGluIGNvbW1pdDo1YTBlNmRmYjQ0NGZiMWM3NmJhZDhmY2QwOTAzMWJhNWQyYjQ0OTNmLCB3aXRoIG1lc3NhZ2U6YWRkZWQgYyBmaWxlcyBpbiBhbGdvcml0aG0KKyAgICAgICAgICAgICAgICAgICAgYnVmZmVyW2krMF0gPSBidWZmZXJbaSsxXTsvL0F1dGhvcmVkIGJ5OiBsZXRpbW9tZSBpbiBjb21taXQ6NWEwZTZkZmI0NDRmYjFjNzZiYWQ4ZmNkMDkwMzFiYTVkMmI0NDkzZiwgd2l0aCBtZXNzYWdlOmFkZGVkIGMgZmlsZXMgaW4gYWxnb3JpdGhtCisgICAgICAgICAgICAgICAgICAgIGJ1ZmZlcltpKzFdID0gYjsvL0F1dGhvcmVkIGJ5OiBsZXRpbW9tZSBpbiBjb21taXQ6NWEwZTZkZmI0NDRmYjFjNzZiYWQ4ZmNkMDkwMzFiYTVkMmI0NDkzZiwgd2l0aCBtZXNzYWdlOmFkZGVkIGMgZmlsZXMgaW4gYWxnb3JpdGhtCisgICAgICAgICAgICAgICAgfS8vQXV0aG9yZWQgYnk6IGxldGltb21lIGluIGNvbW1pdDo1YTBlNmRmYjQ0NGZiMWM3NmJhZDhmY2QwOTAzMWJhNWQyYjQ0OTNmLCB3aXRoIG1lc3NhZ2U6YWRkZWQgYyBmaWxlcyBpbiBhbGdvcml0aG0KKyAgICAgICAgICAgICAgICBwQnl0ZXMgPSAoTFBCWVRFKSAmYnVmZmVyW2R3UG9zXTsvL0F1dGhvcmVkIGJ5OiBsZXRpbW9tZSBpbiBjb21taXQ6NWEwZTZkZmI0NDRmYjFjNzZiYWQ4ZmNkMDkwMzFiYTVkMmI0NDkzZiwgd2l0aCBtZXNzYWdlOmFkZGVkIGMgZmlsZXMgaW4gYWxnb3JpdGhtCisgICAgICAgICAgICAgICAgZHdQb3MgKz0gZHdCeXRlQ291bnQgLyBzaXplb2YoV0NIQVIpOy8vQXV0aG9yZWQgYnk6IGxldGltb21lIGluIGNvbW1pdDo1YTBlNmRmYjQ0NGZiMWM3NmJhZDhmY2QwOTAzMWJhNWQyYjQ0OTNmLCB3aXRoIG1lc3NhZ2U6YWRkZWQgYyBmaWxlcyBpbiBhbGdvcml0aG0KKyAgICAgICAgICAgICAgICBicmVhazsvL0F1dGhvcmVkIGJ5OiBsZXRpbW9tZSBpbiBjb21taXQ6NWEwZTZkZmI0NDRmYjFjNzZiYWQ4ZmNkMDkwMzFiYTVkMmI0NDkzZiwgd2l0aCBtZXNzYWdlOmFkZGVkIGMgZmlsZXMgaW4gYWxnb3JpdGhtCisvL0F1dGhvcmVkIGJ5OiBsZXRpbW9tZSBpbiBjb21taXQ6NWEwZTZkZmI0NDRmYjFjNzZiYWQ4ZmNkMDkwMzFiYTVkMmI0NDkzZiwgd2l0aCBtZXNzYWdlOmFkZGVkIGMgZmlsZXMgaW4gYWxnb3JpdGhtCisgICAgICAgICAgICBjYXNlIEVOQ09ESU5HX0FOU0k6Ly9BdXRob3JlZCBieTogbGV0aW1vbWUgaW4gY29tbWl0OjVhMGU2ZGZiNDQ0ZmIxYzc2YmFkOGZjZDA5MDMxYmE1ZDJiNDQ5M2YsIHdpdGggbWVzc2FnZTphZGRlZCBjIGZpbGVzIGluIGFsZ29yaXRobQorICAgICAgICAgICAgY2FzZSBFTkNPRElOR19VVEY4Oi8vQXV0aG9yZWQgYnk6IGxldGltb21lIGluIGNvbW1pdDo1YTBlNmRmYjQ0NGZiMWM3NmJhZDhmY2QwOTAzMWJhNWQyYjQ0OTNmLCB3aXRoIG1lc3NhZ2U6YWRkZWQgYyBmaWxlcyBpbiBhbGdvcml0aG0KKyAgICAgICAgICAgICAgICBpZiAoZW5jRmlsZSA9PSBFTkNPRElOR19BTlNJKS8vQXV0aG9yZWQgYnk6IGxldGltb21lIGluIGNvbW1pdDo1YTBlNmRmYjQ0NGZiMWM3NmJhZDhmY2QwOTAzMWJhNWQyYjQ0OTNmLCB3aXRoIG1lc3NhZ2U6YWRkZWQgYyBmaWxlcyBpbiBhbGdvcml0aG0KKyAgICAgICAgICAgICAgICAgICAgaUNvZGVQYWdlID0gQ1BfQUNQOy8vQXV0aG9yZWQgYnk6IGxldGltb21lIGluIGNvbW1pdDo1YTBlNmRmYjQ0NGZiMWM3NmJhZDhmY2QwOTAzMWJhNWQyYjQ0OTNmLCB3aXRoIG1lc3NhZ2U6YWRkZWQgYyBmaWxlcyBpbiBhbGdvcml0aG0KKyAgICAgICAgICAgICAgICBlbHNlIGlmIChlbmNGaWxlID09IEVOQ09ESU5HX1VURjgpLy9BdXRob3JlZCBieTogbGV0aW1vbWUgaW4gY29tbWl0OjVhMGU2ZGZiNDQ0ZmIxYzc2YmFkOGZjZDA5MDMxYmE1ZDJiNDQ5M2YsIHdpdGggbWVzc2FnZTphZGRlZCBjIGZpbGVzIGluIGFsZ29yaXRobQorICAgICAgICAgICAgICAgICAgICBpQ29kZVBhZ2UgPSBDUF9VVEY4Oy8vQXV0aG9yZWQgYnk6IGxldGltb21lIGluIGNvbW1pdDo1YTBlNmRmYjQ0NGZiMWM3NmJhZDhmY2QwOTAzMWJhNWQyYjQ0OTNmLCB3aXRoIG1lc3NhZ2U6YWRkZWQgYyBmaWxlcyBpbiBhbGdvcml0aG0KKy8vQXV0aG9yZWQgYnk6IGxldGltb21lIGluIGNvbW1pdDo1YTBlNmRmYjQ0NGZiMWM3NmJhZDhmY2QwOTAzMWJhNWQyYjQ0OTNmLCB3aXRoIG1lc3NhZ2U6YWRkZWQgYyBmaWxlcyBpbiBhbGdvcml0aG0KKyAgICAgICAgICAgICAgICBpUmVxdWlyZWRCeXRlcyA9IFdpZGVDaGFyVG9NdWx0aUJ5dGUoaUNvZGVQYWdlLCAwLCAmcHN6VGV4dFtkd1Bvc10sIGR3VGV4dExlbiAtIGR3UG9zLCBOVUxMLCAwLCBOVUxMLCBOVUxMKTsvL0F1dGhvcmVkIGJ5OiBsZXRpbW9tZSBpbiBjb21taXQ6NWEwZTZkZmI0NDRmYjFjNzZiYWQ4ZmNkMDkwMzFiYTVkMmI0NDkzZiwgd2l0aCBtZXNzYWdlOmFkZGVkIGMgZmlsZXMgaW4gYWxnb3JpdGhtCisgICAgICAgICAgICAgICAgaWYgKGlSZXF1aXJlZEJ5dGVzIDw9IDApLy9BdXRob3JlZCBieTogbGV0aW1vbWUgaW4gY29tbWl0OjVhMGU2ZGZiNDQ0ZmIxYzc2YmFkOGZjZDA5MDMxYmE1ZDJiNDQ5M2YsIHdpdGggbWVzc2FnZTphZGRlZCBjIGZpbGVzIGluIGFsZ29yaXRobQorICAgICAgICAgICAgICAgIHsvL0F1dGhvcmVkIGJ5OiBsZXRpbW9tZSBpbiBjb21taXQ6NWEwZTZkZmI0NDRmYjFjNzZiYWQ4ZmNkMDkwMzFiYTVkMmI0NDkzZiwgd2l0aCBtZXNzYWdlOmFkZGVkIGMgZmlsZXMgaW4gYWxnb3JpdGhtCisgICAgICAgICAgICAgICAgICAgIGdvdG8gZG9uZTsvL0F1dGhvcmVkIGJ5OiBsZXRpbW9tZSBpbiBjb21taXQ6NWEwZTZkZmI0NDRmYjFjNzZiYWQ4ZmNkMDkwMzFiYTVkMmI0NDkzZiwgd2l0aCBtZXNzYWdlOmFkZGVkIGMgZmlsZXMgaW4gYWxnb3JpdGhtCisgICAgICAgICAgICAgICAgfS8vQXV0aG9yZWQgYnk6IGxldGltb21lIGluIGNvbW1pdDo1YTBlNmRmYjQ0NGZiMWM3NmJhZDhmY2QwOTAzMWJhNWQyYjQ0OTNmLCB3aXRoIG1lc3NhZ2U6YWRkZWQgYyBmaWxlcyBpbiBhbGdvcml0aG0KKyAgICAgICAgICAgICAgICBlbHNlIGlmIChpUmVxdWlyZWRCeXRlcyA8IHNpemVvZihidWZmZXIpKS8vQXV0aG9yZWQgYnk6IGxldGltb21lIGluIGNvbW1pdDo1YTBlNmRmYjQ0NGZiMWM3NmJhZDhmY2QwOTAzMWJhNWQyYjQ0OTNmLCB3aXRoIG1lc3NhZ2U6YWRkZWQgYyBmaWxlcyBpbiBhbGdvcml0aG0KKyAgICAgICAgICAgICAgICB7Ly9BdXRob3JlZCBieTogbGV0aW1vbWUgaW4gY29tbWl0OjVhMGU2ZGZiNDQ0ZmIxYzc2YmFkOGZjZDA5MDMxYmE1ZDJiNDQ5M2YsIHdpdGggbWVzc2FnZTphZGRlZCBjIGZpbGVzIGluIGFsZ29yaXRobQorICAgICAgICAgICAgICAgICAgICBwQnl0ZXMgPSBidWZmZXI7Ly9BdXRob3JlZCBieTogbGV0aW1vbWUgaW4gY29tbWl0OjVhMGU2ZGZiNDQ0ZmIxYzc2YmFkOGZjZDA5MDMxYmE1ZDJiNDQ5M2YsIHdpdGggbWVzc2FnZTphZGRlZCBjIGZpbGVzIGluIGFsZ29yaXRobQorICAgICAgICAgICAgICAgICAgICBpQnVmZmVyU2l6ZSA9IHNpemVvZihidWZmZXIpOy8vQXV0aG9yZWQgYnk6IGxldGltb21lIGluIGNvbW1pdDo1YTBlNmRmYjQ0NGZiMWM3NmJhZDhmY2QwOTAzMWJhNWQyYjQ0OTNmLCB3aXRoIG1lc3NhZ2U6YWRkZWQgYyBmaWxlcyBpbiBhbGdvcml0aG0KKyAgICAgICAgICAgICAgICB9Ly9BdXRob3JlZCBieTogbGV0aW1vbWUgaW4gY29tbWl0OjVhMGU2ZGZiNDQ0ZmIxYzc2YmFkOGZjZDA5MDMxYmE1ZDJiNDQ5M2YsIHdpdGggbWVzc2FnZTphZGRlZCBjIGZpbGVzIGluIGFsZ29yaXRobQorICAgICAgICAgICAgICAgIGVsc2UvL0F1dGhvcmVkIGJ5OiBsZXRpbW9tZSBpbiBjb21taXQ6NWEwZTZkZmI0NDRmYjFjNzZiYWQ4ZmNkMDkwMzFiYTVkMmI0NDkzZiwgd2l0aCBtZXNzYWdlOmFkZGVkIGMgZmlsZXMgaW4gYWxnb3JpdGhtCisgICAgICAgICAgICAgICAgey8vQXV0aG9yZWQgYnk6IGxldGltb21lIGluIGNvbW1pdDo1YTBlNmRmYjQ0NGZiMWM3NmJhZDhmY2QwOTAzMWJhNWQyYjQ0OTNmLCB3aXRoIG1lc3NhZ2U6YWRkZWQgYyBmaWxlcyBpbiBhbGdvcml0aG0KKyAgICAgICAgICAgICAgICAgICAgcEFsbG9jQnVmZmVyID0gKExQQllURSkgSGVhcEFsbG9jKEdldFByb2Nlc3NIZWFwKCksIDAsIGlSZXF1aXJlZEJ5dGVzKTsvL0F1dGhvcmVkIGJ5OiBsZXRpbW9tZSBpbiBjb21taXQ6NWEwZTZkZmI0NDRmYjFjNzZiYWQ4ZmNkMDkwMzFiYTVkMmI0NDkzZiwgd2l0aCBtZXNzYWdlOmFkZGVkIGMgZmlsZXMgaW4gYWxnb3JpdGhtCisgICAgICAgICAgICAgICAgICAgIGlmICghcEFsbG9jQnVmZmVyKS8vQXV0aG9yZWQgYnk6IGxldGltb21lIGluIGNvbW1pdDo1YTBlNmRmYjQ0NGZiMWM3NmJhZDhmY2QwOTAzMWJhNWQyYjQ0OTNmLCB3aXRoIG1lc3NhZ2U6YWRkZWQgYyBmaWxlcyBpbiBhbGdvcml0aG0KKyAgICAgICAgICAgICAgICAgICAgICAgIHJldHVybiBGQUxTRTsvL0F1dGhvcmVkIGJ5OiBsZXRpbW9tZSBpbiBjb21taXQ6NWEwZTZkZmI0NDRmYjFjNzZiYWQ4ZmNkMDkwMzFiYTVkMmI0NDkzZiwgd2l0aCBtZXNzYWdlOmFkZGVkIGMgZmlsZXMgaW4gYWxnb3JpdGhtCisgICAgICAgICAgICAgICAgICAgIHBCeXRlcyA9IHBBbGxvY0J1ZmZlcjsvL0F1dGhvcmVkIGJ5OiBsZXRpbW9tZSBpbiBjb21taXQ6NWEwZTZkZmI0NDRmYjFjNzZiYWQ4ZmNkMDkwMzFiYTVkMmI0NDkzZiwgd2l0aCBtZXNzYWdlOmFkZGVkIGMgZmlsZXMgaW4gYWxnb3JpdGhtCisgICAgICAgICAgICAgICAgICAgIGlCdWZmZXJTaXplID0gaVJlcXVpcmVkQnl0ZXM7Ly9BdXRob3JlZCBieTogbGV0aW1vbWUgaW4gY29tbWl0OjVhMGU2ZGZiNDQ0ZmIxYzc2YmFkOGZjZDA5MDMxYmE1ZDJiNDQ5M2YsIHdpdGggbWVzc2FnZTphZGRlZCBjIGZpbGVzIGluIGFsZ29yaXRobQorICAgICAgICAgICAgICAgIH0vL0F1dGhvcmVkIGJ5OiBsZXRpbW9tZSBpbiBjb21taXQ6NWEwZTZkZmI0NDRmYjFjNzZiYWQ4ZmNkMDkwMzFiYTVkMmI0NDkzZiwgd2l0aCBtZXNzYWdlOmFkZGVkIGMgZmlsZXMgaW4gYWxnb3JpdGhtCisvL0F1dGhvcmVkIGJ5OiBsZXRpbW9tZSBpbiBjb21taXQ6NWEwZTZkZmI0NDRmYjFjNzZiYWQ4ZmNkMDkwMzFiYTVkMmI0NDkzZiwgd2l0aCBtZXNzYWdlOmFkZGVkIGMgZmlsZXMgaW4gYWxnb3JpdGhtCisgICAgICAgICAgICAgICAgZHdCeXRlQ291bnQgPSBXaWRlQ2hhclRvTXVsdGlCeXRlKGlDb2RlUGFnZSwgMCwgJnBzelRleHRbZHdQb3NdLCBkd1RleHRMZW4gLSBkd1BvcywgKExQU1RSKSBwQnl0ZXMsIGlCdWZmZXJTaXplLCBOVUxMLCBOVUxMKTsvL0F1dGhvcmVkIGJ5OiBsZXRpbW9tZSBpbiBjb21taXQ6NWEwZTZkZmI0NDRmYjFjNzZiYWQ4ZmNkMDkwMzFiYTVkMmI0NDkzZiwgd2l0aCBtZXNzYWdlOmFkZGVkIGMgZmlsZXMgaW4gYWxnb3JpdGhtCisgICAgICAgICAgICAgICAgaWYgKCFkd0J5dGVDb3VudCkvL0F1dGhvcmVkIGJ5OiBsZXRpbW9tZSBpbiBjb21taXQ6NWEwZTZkZmI0NDRmYjFjNzZiYWQ4ZmNkMDkwMzFiYTVkMmI0NDkzZiwgd2l0aCBtZXNzYWdlOmFkZGVkIGMgZmlsZXMgaW4gYWxnb3JpdGhtCisgICAgICAgICAgICAgICAgICAgIGdvdG8gZG9uZTsvL0F1dGhvcmVkIGJ5OiBsZXRpbW9tZSBpbiBjb21taXQ6NWEwZTZkZmI0NDRmYjFjNzZiYWQ4ZmNkMDkwMzFiYTVkMmI0NDkzZiwgd2l0aCBtZXNzYWdlOmFkZGVkIGMgZmlsZXMgaW4gYWxnb3JpdGhtCisvL0F1dGhvcmVkIGJ5OiBsZXRpbW9tZSBpbiBjb21taXQ6NWEwZTZkZmI0NDRmYjFjNzZiYWQ4ZmNkMDkwMzFiYTVkMmI0NDkzZiwgd2l0aCBtZXNzYWdlOmFkZGVkIGMgZmlsZXMgaW4gYWxnb3JpdGhtCisgICAgICAgICAgICAgICAgZHdQb3MgPSBkd1RleHRMZW47Ly9BdXRob3JlZCBieTogbGV0aW1vbWUgaW4gY29tbWl0OjVhMGU2ZGZiNDQ0ZmIxYzc2YmFkOGZjZDA5MDMxYmE1ZDJiNDQ5M2YsIHdpdGggbWVzc2FnZTphZGRlZCBjIGZpbGVzIGluIGFsZ29yaXRobQorICAgICAgICAgICAgICAgIGJyZWFrOy8vQXV0aG9yZWQgYnk6IGxldGltb21lIGluIGNvbW1pdDo1YTBlNmRmYjQ0NGZiMWM3NmJhZDhmY2QwOTAzMWJhNWQyYjQ0OTNmLCB3aXRoIG1lc3NhZ2U6YWRkZWQgYyBmaWxlcyBpbiBhbGdvcml0aG0KKy8vQXV0aG9yZWQgYnk6IGxldGltb21lIGluIGNvbW1pdDo1YTBlNmRmYjQ0NGZiMWM3NmJhZDhmY2QwOTAzMWJhNWQyYjQ0OTNmLCB3aXRoIG1lc3NhZ2U6YWRkZWQgYyBmaWxlcyBpbiBhbGdvcml0aG0KKyAgICAgICAgICAgIGRlZmF1bHQ6Ly9BdXRob3JlZCBieTogbGV0aW1vbWUgaW4gY29tbWl0OjVhMGU2ZGZiNDQ0ZmIxYzc2YmFkOGZjZDA5MDMxYmE1ZDJiNDQ5M2YsIHdpdGggbWVzc2FnZTphZGRlZCBjIGZpbGVzIGluIGFsZ29yaXRobQorICAgICAgICAgICAgICAgIGdvdG8gZG9uZTsvL0F1dGhvcmVkIGJ5OiBsZXRpbW9tZSBpbiBjb21taXQ6NWEwZTZkZmI0NDRmYjFjNzZiYWQ4ZmNkMDkwMzFiYTVkMmI0NDkzZiwgd2l0aCBtZXNzYWdlOmFkZGVkIGMgZmlsZXMgaW4gYWxnb3JpdGhtCisgICAgICAgIH0vL0F1dGhvcmVkIGJ5OiBsZXRpbW9tZSBpbiBjb21taXQ6NWEwZTZkZmI0NDRmYjFjNzZiYWQ4ZmNkMDkwMzFiYTVkMmI0NDkzZiwgd2l0aCBtZXNzYWdlOmFkZGVkIGMgZmlsZXMgaW4gYWxnb3JpdGhtCisvL0F1dGhvcmVkIGJ5OiBsZXRpbW9tZSBpbiBjb21taXQ6NWEwZTZkZmI0NDRmYjFjNzZiYWQ4ZmNkMDkwMzFiYTVkMmI0NDkzZiwgd2l0aCBtZXNzYWdlOmFkZGVkIGMgZmlsZXMgaW4gYWxnb3JpdGhtCisgICAgICAgIGlmICghV3JpdGVGaWxlKGhGaWxlLCBwQnl0ZXMsIGR3Qnl0ZUNvdW50LCAmZHdEdW1teSwgTlVMTCkpLy9BdXRob3JlZCBieTogbGV0aW1vbWUgaW4gY29tbWl0OjVhMGU2ZGZiNDQ0ZmIxYzc2YmFkOGZjZDA5MDMxYmE1ZDJiNDQ5M2YsIHdpdGggbWVzc2FnZTphZGRlZCBjIGZpbGVzIGluIGFsZ29yaXRobQorICAgICAgICAgICAgZ290byBkb25lOy8vQXV0aG9yZWQgYnk6IGxldGltb21lIGluIGNvbW1pdDo1YTBlNmRmYjQ0NGZiMWM3NmJhZDhmY2QwOTAzMWJhNWQyYjQ0OTNmLCB3aXRoIG1lc3NhZ2U6YWRkZWQgYyBmaWxlcyBpbiBhbGdvcml0aG0KKy8vQXV0aG9yZWQgYnk6IGxldGltb21lIGluIGNvbW1pdDo1YTBlNmRmYjQ0NGZiMWM3NmJhZDhmY2QwOTAzMWJhNWQyYjQ0OTNmLCB3aXRoIG1lc3NhZ2U6YWRkZWQgYyBmaWxlcyBpbiBhbGdvcml0aG0KKyAgICAgICAgLyogZnJlZSB0aGUgYnVmZmVyLCBpZiB3ZSBoYXZlIGFsbG9jYXRlZCBvbmUgKi8vL0F1dGhvcmVkIGJ5OiBsZXRpbW9tZSBpbiBjb21taXQ6NWEwZTZkZmI0NDRmYjFjNzZiYWQ4ZmNkMDkwMzFiYTVkMmI0NDkzZiwgd2l0aCBtZXNzYWdlOmFkZGVkIGMgZmlsZXMgaW4gYWxnb3JpdGhtCisgICAgICAgIGlmIChwQWxsb2NCdWZmZXIpLy9BdXRob3JlZCBieTogbGV0aW1vbWUgaW4gY29tbWl0OjVhMGU2ZGZiNDQ0ZmIxYzc2YmFkOGZjZDA5MDMxYmE1ZDJiNDQ5M2YsIHdpdGggbWVzc2FnZTphZGRlZCBjIGZpbGVzIGluIGFsZ29yaXRobQorICAgICAgICB7Ly9BdXRob3JlZCBieTogbGV0aW1vbWUgaW4gY29tbWl0OjVhMGU2ZGZiNDQ0ZmIxYzc2YmFkOGZjZDA5MDMxYmE1ZDJiNDQ5M2YsIHdpdGggbWVzc2FnZTphZGRlZCBjIGZpbGVzIGluIGFsZ29yaXRobQorICAgICAgICAgICAgSGVhcEZyZWUoR2V0UHJvY2Vzc0hlYXAoKSwgMCwgcEFsbG9jQnVmZmVyKTsvL0F1dGhvcmVkIGJ5OiBsZXRpbW9tZSBpbiBjb21taXQ6NWEwZTZkZmI0NDRmYjFjNzZiYWQ4ZmNkMDkwMzFiYTVkMmI0NDkzZiwgd2l0aCBtZXNzYWdlOmFkZGVkIGMgZmlsZXMgaW4gYWxnb3JpdGhtCisgICAgICAgICAgICBwQWxsb2NCdWZmZXIgPSBOVUxMOy8vQXV0aG9yZWQgYnk6IGxldGltb21lIGluIGNvbW1pdDo1YTBlNmRmYjQ0NGZiMWM3NmJhZDhmY2QwOTAzMWJhNWQyYjQ0OTNmLCB3aXRoIG1lc3NhZ2U6YWRkZWQgYyBmaWxlcyBpbiBhbGdvcml0aG0KKyAgICAgICAgfS8vQXV0aG9yZWQgYnk6IGxldGltb21lIGluIGNvbW1pdDo1YTBlNmRmYjQ0NGZiMWM3NmJhZDhmY2QwOTAzMWJhNWQyYjQ0OTNmLCB3aXRoIG1lc3NhZ2U6YWRkZWQgYyBmaWxlcyBpbiBhbGdvcml0aG0KKyAgICB9Ly9BdXRob3JlZCBieTogbGV0aW1vbWUgaW4gY29tbWl0OjVhMGU2ZGZiNDQ0ZmIxYzc2YmFkOGZjZDA5MDMxYmE1ZDJiNDQ5M2YsIHdpdGggbWVzc2FnZTphZGRlZCBjIGZpbGVzIGluIGFsZ29yaXRobQorICAgIGJTdWNjZXNzID0gVFJVRTsvL0F1dGhvcmVkIGJ5OiBsZXRpbW9tZSBpbiBjb21taXQ6NWEwZTZkZmI0NDRmYjFjNzZiYWQ4ZmNkMDkwMzFiYTVkMmI0NDkzZiwgd2l0aCBtZXNzYWdlOmFkZGVkIGMgZmlsZXMgaW4gYWxnb3JpdGhtCisvL0F1dGhvcmVkIGJ5OiBsZXRpbW9tZSBpbiBjb21taXQ6NWEwZTZkZmI0NDRmYjFjNzZiYWQ4ZmNkMDkwMzFiYTVkMmI0NDkzZiwgd2l0aCBtZXNzYWdlOmFkZGVkIGMgZmlsZXMgaW4gYWxnb3JpdGhtCitkb25lOi8vQXV0aG9yZWQgYnk6IGxldGltb21lIGluIGNvbW1pdDo1YTBlNmRmYjQ0NGZiMWM3NmJhZDhmY2QwOTAzMWJhNWQyYjQ0OTNmLCB3aXRoIG1lc3NhZ2U6YWRkZWQgYyBmaWxlcyBpbiBhbGdvcml0aG0KKyAgICBpZiAocEFsbG9jQnVmZmVyKS8vQXV0aG9yZWQgYnk6IGxldGltb21lIGluIGNvbW1pdDo1YTBlNmRmYjQ0NGZiMWM3NmJhZDhmY2QwOTAzMWJhNWQyYjQ0OTNmLCB3aXRoIG1lc3NhZ2U6YWRkZWQgYyBmaWxlcyBpbiBhbGdvcml0aG0KKyAgICAgICAgSGVhcEZyZWUoR2V0UHJvY2Vzc0hlYXAoKSwgMCwgcEFsbG9jQnVmZmVyKTsvL0F1dGhvcmVkIGJ5OiBsZXRpbW9tZSBpbiBjb21taXQ6NWEwZTZkZmI0NDRmYjFjNzZiYWQ4ZmNkMDkwMzFiYTVkMmI0NDkzZiwgd2l0aCBtZXNzYWdlOmFkZGVkIGMgZmlsZXMgaW4gYWxnb3JpdGhtCisgICAgcmV0dXJuIGJTdWNjZXNzOy8vQXV0aG9yZWQgYnk6IGxldGltb21lIGluIGNvbW1pdDo1YTBlNmRmYjQ0NGZiMWM3NmJhZDhmY2QwOTAzMWJhNWQyYjQ0OTNmLCB3aXRoIG1lc3NhZ2U6YWRkZWQgYyBmaWxlcyBpbiBhbGdvcml0aG0KK30vL0F1dGhvcmVkIGJ5OiBsZXRpbW9tZSBpbiBjb21taXQ6NWEwZTZkZmI0NDRmYjFjNzZiYWQ4ZmNkMDkwMzFiYTVkMmI0NDkzZiwgd2l0aCBtZXNzYWdlOmFkZGVkIGMgZmlsZXMgaW4gYWxnb3JpdGhtCisvL0F1dGhvcmVkIGJ5OiBsZXRpbW9tZSBpbiBjb21taXQ6NWEwZTZkZmI0NDRmYjFjNzZiYWQ4ZmNkMDkwMzFiYTVkMmI0NDkzZiwgd2l0aCBtZXNzYWdlOmFkZGVkIGMgZmlsZXMgaW4gYWxnb3JpdGhtCitCT09MIFdyaXRlVGV4dChIQU5ETEUgaEZpbGUsIExQQ1dTVFIgcHN6VGV4dCwgRFdPUkQgZHdUZXh0TGVuLCBpbnQgZW5jRmlsZSwgaW50IGlFb2xuKS8vQXV0aG9yZWQgYnk6IGxldGltb21lIGluIGNvbW1pdDo1YTBlNmRmYjQ0NGZiMWM3NmJhZDhmY2QwOTAzMWJhNWQyYjQ0OTNmLCB3aXRoIG1lc3NhZ2U6YWRkZWQgYyBmaWxlcyBpbiBhbGdvcml0aG0KK3svL0F1dGhvcmVkIGJ5OiBsZXRpbW9tZSBpbiBjb21taXQ6NWEwZTZkZmI0NDRmYjFjNzZiYWQ4ZmNkMDkwMzFiYTVkMmI0NDkzZiwgd2l0aCBtZXNzYWdlOmFkZGVkIGMgZmlsZXMgaW4gYWxnb3JpdGhtCisgICAgV0NIQVIgd2NCb207Ly9BdXRob3JlZCBieTogbGV0aW1vbWUgaW4gY29tbWl0OjVhMGU2ZGZiNDQ0ZmIxYzc2YmFkOGZjZDA5MDMxYmE1ZDJiNDQ5M2YsIHdpdGggbWVzc2FnZTphZGRlZCBjIGZpbGVzIGluIGFsZ29yaXRobQorICAgIExQQ1dTVFIgcHN6TEYgPSBMIlxuIjsvL0F1dGhvcmVkIGJ5OiBsZXRpbW9tZSBpbiBjb21taXQ6NWEwZTZkZmI0NDRmYjFjNzZiYWQ4ZmNkMDkwMzFiYTVkMmI0NDkzZiwgd2l0aCBtZXNzYWdlOmFkZGVkIGMgZmlsZXMgaW4gYWxnb3JpdGhtCisgICAgRFdPUkQgZHdQb3MsIGR3TmV4dDsvL0F1dGhvcmVkIGJ5OiBsZXRpbW9tZSBpbiBjb21taXQ6NWEwZTZkZmI0NDRmYjFjNzZiYWQ4ZmNkMDkwMzFiYTVkMmI0NDkzZiwgd2l0aCBtZXNzYWdlOmFkZGVkIGMgZmlsZXMgaW4gYWxnb3JpdGhtCg==','5a0e6dfb444fb1c76bad8fcd09031ba5d2b4493f; 5a0e6dfb444fb1c76bad8fcd09031ba5d2b4493f; 5a0e6dfb444fb1c76bad8fcd09031ba5d2b4493f; 5a0e6dfb444fb1c76bad8fcd09031ba5d2b4493f; 5a0e6dfb444fb1c76bad8fcd09031ba5d2b4493f; 5a0e6dfb444fb1c76bad8fcd09031ba5d2b4493f; 5a0e6dfb444fb1c76bad8fcd09031ba5d2b4493f; 5a0e6dfb444fb1c76bad8fcd09031ba5d2b4493f; 5a0e6dfb444fb1c76bad8fcd09031ba5d2b4493f; 5a0e6dfb444fb1c76bad8fcd09031ba5d2b4493f; 5a0e6dfb444fb1c76bad8fcd09031ba5d2b4493f; 5a0e6dfb444fb1c76bad8fcd09031ba5d2b4493f; 5a0e6dfb444fb1c76bad8fcd09031ba5d2b4493f; 5a0e6dfb444fb1c76bad8fcd09031ba5d2b4493f; 5a0e6dfb444fb1c76bad8fcd09031ba5d2b4493f; 5a0e6dfb444fb1c76bad8fcd09031ba5d2b4493f; 5a0e6dfb444fb1c76bad8fcd09031ba5d2b4493f; 5a0e6dfb444fb1c76bad8fcd09031ba5d2b4493f; 5a0e6dfb444fb1c76bad8fcd09031ba5d2b4493f; 5a0e6dfb444fb1c76bad8fcd09031ba5d2b4493f; 5a0e6dfb444fb1c76bad8fcd09031ba5d2b4493f; 5a0e6dfb444fb1c76bad8fcd09031ba5d2b4493f; 5a0e6dfb444fb1c76bad8fcd09031ba5d2b4493f; 5a0e6dfb444fb1c76bad8fcd09031ba5d2b4493f; 5a0e6dfb444fb1c76bad8fcd09031ba5d2b4493f; 5a0e6dfb444fb1c76bad8fcd09031ba5d2b4493f; 5a0e6dfb444fb1c76bad8fcd09031ba5d2b4493f; 5a0e6dfb444fb1c76bad8fcd09031ba5d2b4493f; 5a0e6dfb444fb1c76bad8fcd09031ba5d2b4493f; 5a0e6dfb444fb1c76bad8fcd09031ba5d2b4493f; 5a0e6dfb444fb1c76bad8fcd09031ba5d2b4493f; 5a0e6dfb444fb1c76bad8fcd09031ba5d2b4493f; 5a0e6dfb444fb1c76bad8fcd09031ba5d2b4493f; 5a0e6dfb444fb1c76bad8fcd09031ba5d2b4493f; 5a0e6dfb444fb1c76bad8fcd09031ba5d2b4493f; 5a0e6dfb444fb1c76bad8fcd09031ba5d2b4493f; 5a0e6dfb444fb1c76bad8fcd09031ba5d2b4493f; 5a0e6dfb444fb1c76bad8fcd09031ba5d2b4493f; 5a0e6dfb444fb1c76bad8fcd09031ba5d2b4493f; 5a0e6dfb444fb1c76bad8fcd09031ba5d2b4493f; 5a0e6dfb444fb1c76bad8fcd09031ba5d2b4493f; 5a0e6dfb444fb1c76bad8fcd09031ba5d2b4493f; 5a0e6dfb444fb1c76bad8fcd09031ba5d2b4493f; 5a0e6dfb444fb1c76bad8fcd09031ba5d2b4493f; 5a0e6dfb444fb1c76bad8fcd09031ba5d2b4493f; 5a0e6dfb444fb1c76bad8fcd09031ba5d2b4493f; 5a0e6dfb444fb1c76bad8fcd09031ba5d2b4493f; 5a0e6dfb444fb1c76bad8fcd09031ba5d2b4493f; 5a0e6dfb444fb1c76bad8fcd09031ba5d2b4493f; 5a0e6dfb444fb1c76bad8fcd09031ba5d2b4493f; 5a0e6dfb444fb1c76bad8fcd09031ba5d2b4493f; 5a0e6dfb444fb1c76bad8fcd09031ba5d2b4493f; 5a0e6dfb444fb1c76bad8fcd09031ba5d2b4493f; 5a0e6dfb444fb1c76bad8fcd09031ba5d2b4493f; 5a0e6dfb444fb1c76bad8fcd09031ba5d2b4493f; 5a0e6dfb444fb1c76bad8fcd09031ba5d2b4493f; 5a0e6dfb444fb1c76bad8fcd09031ba5d2b4493f; 5a0e6dfb444fb1c76bad8fcd09031ba5d2b4493f; 5a0e6dfb444fb1c76bad8fcd09031ba5d2b4493f; 5a0e6dfb444fb1c76bad8fcd09031ba5d2b4493f; 5a0e6dfb444fb1c76bad8fcd09031ba5d2b4493f; 5a0e6dfb444fb1c76bad8fcd09031ba5d2b4493f; 5a0e6dfb444fb1c76bad8fcd09031ba5d2b4493f; 5a0e6dfb444fb1c76bad8fcd09031ba5d2b4493f; 5a0e6dfb444fb1c76bad8fcd09031ba5d2b4493f; 5a0e6dfb444fb1c76bad8fcd09031ba5d2b4493f; 5a0e6dfb444fb1c76bad8fcd09031ba5d2b4493f; 5a0e6dfb444fb1c76bad8fcd09031ba5d2b4493f; 5a0e6dfb444fb1c76bad8fcd09031ba5d2b4493f; 5a0e6dfb444fb1c76bad8fcd09031ba5d2b4493f; 5a0e6dfb444fb1c76bad8fcd09031ba5d2b4493f; 5a0e6dfb444fb1c76bad8fcd09031ba5d2b4493f; 5a0e6dfb444fb1c76bad8fcd09031ba5d2b4493f; 5a0e6dfb444fb1c76bad8fcd09031ba5d2b4493f; 5a0e6dfb444fb1c76bad8fcd09031ba5d2b4493f; 5a0e6dfb444fb1c76bad8fcd09031ba5d2b4493f; 5a0e6dfb444fb1c76bad8fcd09031ba5d2b4493f; 5a0e6dfb444fb1c76bad8fcd09031ba5d2b4493f; 5a0e6dfb444fb1c76bad8fcd09031ba5d2b4493f; 5a0e6dfb444fb1c76bad8fcd09031ba5d2b4493f; 5a0e6dfb444fb1c76bad8fcd09031ba5d2b4493f; 5a0e6dfb444fb1c76bad8fcd09031ba5d2b4493f; 5a0e6dfb444fb1c76bad8fcd09031ba5d2b4493f; 5a0e6dfb444fb1c76bad8fcd09031ba5d2b4493f; 5a0e6dfb444fb1c76bad8fcd09031ba5d2b4493f; 5a0e6dfb444fb1c76bad8fcd09031ba5d2b4493f; 5a0e6dfb444fb1c76bad8fcd09031ba5d2b4493f; 5a0e6dfb444fb1c76bad8fcd09031ba5d2b4493f; 5a0e6dfb444fb1c76bad8fcd09031ba5d2b4493f; 5a0e6dfb444fb1c76bad8fcd09031ba5d2b4493f; 5a0e6dfb444fb1c76bad8fcd09031ba5d2b4493f; 5a0e6dfb444fb1c76bad8fcd09031ba5d2b4493f; 5a0e6dfb444fb1c76bad8fcd09031ba5d2b4493f; 5a0e6dfb444fb1c76bad8fcd09031ba5d2b4493f; 5a0e6dfb444fb1c76bad8fcd09031ba5d2b4493f; 5a0e6dfb444fb1c76bad8fcd09031ba5d2b4493f; 5a0e6dfb444fb1c76bad8fcd09031ba5d2b4493f; 5a0e6dfb444fb1c76bad8fcd09031ba5d2b4493f; 5a0e6dfb444fb1c76bad8fcd09031ba5d2b4493f; 5a0e6dfb444fb1c76bad8fcd09031ba5d2b4493f; 5a0e6dfb444fb1c76bad8fcd09031ba5d2b4493f; 5a0e6dfb444fb1c76bad8fcd09031ba5d2b4493f; 5a0e6dfb444fb1c76bad8fcd09031ba5d2b4493f; 5a0e6dfb444fb1c76bad8fcd09031ba5d2b4493f; 5a0e6dfb444fb1c76bad8fcd09031ba5d2b4493f; 5a0e6dfb444fb1c76bad8fcd09031ba5d2b4493f; 5a0e6dfb444fb1c76bad8fcd09031ba5d2b4493f; 5a0e6dfb444fb1c76bad8fcd09031ba5d2b4493f; 5a0e6dfb444fb1c76bad8fcd09031ba5d2b4493f; 5a0e6dfb444fb1c76bad8fcd09031ba5d2b4493f; 5a0e6dfb444fb1c76bad8fcd09031ba5d2b4493f; 5a0e6dfb444fb1c76bad8fcd09031ba5d2b4493f; 5a0e6dfb444fb1c76bad8fcd09031ba5d2b4493f; 5a0e6dfb444fb1c76bad8fcd09031ba5d2b4493f; 5a0e6dfb444fb1c76bad8fcd09031ba5d2b4493f; 5a0e6dfb444fb1c76bad8fcd09031ba5d2b4493f; 5a0e6dfb444fb1c76bad8fcd09031ba5d2b4493f; 5a0e6dfb444fb1c76bad8fcd09031ba5d2b4493f; 5a0e6dfb444fb1c76bad8fcd09031ba5d2b4493f; 5a0e6dfb444fb1c76bad8fcd09031ba5d2b4493f; 5a0e6dfb444fb1c76bad8fcd09031ba5d2b4493f; 5a0e6dfb444fb1c76bad8fcd09031ba5d2b4493f; 5a0e6dfb444fb1c76bad8fcd09031ba5d2b4493f; 5a0e6dfb444fb1c76bad8fcd09031ba5d2b4493f; 5a0e6dfb444fb1c76bad8fcd09031ba5d2b4493f; 5a0e6dfb444fb1c76bad8fcd09031ba5d2b4493f; 5a0e6dfb444fb1c76bad8fcd09031ba5d2b4493f; 5a0e6dfb444fb1c76bad8fcd09031ba5d2b4493f; 5a0e6dfb444fb1c76bad8fcd09031ba5d2b4493f; 5a0e6dfb444fb1c76bad8fcd09031ba5d2b4493f; 5a0e6dfb444fb1c76bad8fcd09031ba5d2b4493f; 5a0e6dfb444fb1c76bad8fcd09031ba5d2b4493f; 5a0e6dfb444fb1c76bad8fcd09031ba5d2b4493f; 5a0e6dfb444fb1c76bad8fcd09031ba5d2b4493f; 5a0e6dfb444fb1c76bad8fcd09031ba5d2b4493f; 5a0e6dfb444fb1c76bad8fcd09031ba5d2b4493f; 5a0e6dfb444fb1c76bad8fcd09031ba5d2b4493f; 5a0e6dfb444fb1c76bad8fcd09031ba5d2b4493f; 5a0e6dfb444fb1c76bad8fcd09031ba5d2b4493f; 5a0e6dfb444fb1c76bad8fcd09031ba5d2b4493f; 5a0e6dfb444fb1c76bad8fcd09031ba5d2b4493f; 5a0e6dfb444fb1c76bad8fcd09031ba5d2b4493f; 5a0e6dfb444fb1c76bad8fcd09031ba5d2b4493f; 5a0e6dfb444fb1c76bad8fcd09031ba5d2b4493f; 5a0e6dfb444fb1c76bad8fcd09031ba5d2b4493f; 5a0e6dfb444fb1c76bad8fcd09031ba5d2b4493f; 5a0e6dfb444fb1c76bad8fcd09031ba5d2b4493f; 5a0e6dfb444fb1c76bad8fcd09031ba5d2b4493f; 5a0e6dfb444fb1c76bad8fcd09031ba5d2b4493f; 5a0e6dfb444fb1c76bad8fcd09031ba5d2b4493f; 5a0e6dfb444fb1c76bad8fcd09031ba5d2b4493f; 5a0e6dfb444fb1c76bad8fcd09031ba5d2b4493f; 5a0e6dfb444fb1c76bad8fcd09031ba5d2b4493f; 5a0e6dfb444fb1c76bad8fcd09031ba5d2b4493f; 5a0e6dfb444fb1c76bad8fcd09031ba5d2b4493f; 5a0e6dfb444fb1c76bad8fcd09031ba5d2b4493f; 5a0e6dfb444fb1c76bad8fcd09031ba5d2b4493f; 5a0e6dfb444fb1c76bad8fcd09031ba5d2b4493f; 5a0e6dfb444fb1c76bad8fcd09031ba5d2b4493f; 5a0e6dfb444fb1c76bad8fcd09031ba5d2b4493f; 5a0e6dfb444fb1c76bad8fcd09031ba5d2b4493f; 5a0e6dfb444fb1c76bad8fcd09031ba5d2b4493f; 5a0e6dfb444fb1c76bad8fcd09031ba5d2b4493f; 5a0e6dfb444fb1c76bad8fcd09031ba5d2b4493f; 5a0e6dfb444fb1c76bad8fcd09031ba5d2b4493f; 5a0e6dfb444fb1c76bad8fcd09031ba5d2b4493f; 5a0e6dfb444fb1c76bad8fcd09031ba5d2b4493f; 5a0e6dfb444fb1c76bad8fcd09031ba5d2b4493f; 5a0e6dfb444fb1c76bad8fcd09031ba5d2b4493f; 5a0e6dfb444fb1c76bad8fcd09031ba5d2b4493f; 5a0e6dfb444fb1c76bad8fcd09031ba5d2b4493f; 5a0e6dfb444fb1c76bad8fcd09031ba5d2b4493f; 5a0e6dfb444fb1c76bad8fcd09031ba5d2b4493f; 5a0e6dfb444fb1c76bad8fcd09031ba5d2b4493f; 5a0e6dfb444fb1c76bad8fcd09031ba5d2b4493f; 5a0e6dfb444fb1c76bad8fcd09031ba5d2b4493f; 5a0e6dfb444fb1c76bad8fcd09031ba5d2b4493f; 5a0e6dfb444fb1c76bad8fcd09031ba5d2b4493f; 5a0e6dfb444fb1c76bad8fcd09031ba5d2b4493f; 5a0e6dfb444fb1c76bad8fcd09031ba5d2b4493f; 5a0e6dfb444fb1c76bad8fcd09031ba5d2b4493f; 5a0e6dfb444fb1c76bad8fcd09031ba5d2b4493f; 5a0e6dfb444fb1c76bad8fcd09031ba5d2b4493f; 5a0e6dfb444fb1c76bad8fcd09031ba5d2b4493f; 5a0e6dfb444fb1c76bad8fcd09031ba5d2b4493f; 5a0e6dfb444fb1c76bad8fcd09031ba5d2b4493f; 5a0e6dfb444fb1c76bad8fcd09031ba5d2b4493f; 5a0e6dfb444fb1c76bad8fcd09031ba5d2b4493f; 5a0e6dfb444fb1c76bad8fcd09031ba5d2b4493f; 5a0e6dfb444fb1c76bad8fcd09031ba5d2b4493f; 5a0e6dfb444fb1c76bad8fcd09031ba5d2b4493f; 5a0e6dfb444fb1c76bad8fcd09031ba5d2b4493f; 5a0e6dfb444fb1c76bad8fcd09031ba5d2b4493f; 5a0e6dfb444fb1c76bad8fcd09031ba5d2b4493f; 5a0e6dfb444fb1c76bad8fcd09031ba5d2b4493f; 5a0e6dfb444fb1c76bad8fcd09031ba5d2b4493f; 5a0e6dfb444fb1c76bad8fcd09031ba5d2b4493f; 5a0e6dfb444fb1c76bad8fcd09031ba5d2b4493f; 5a0e6dfb444fb1c76bad8fcd09031ba5d2b4493f; 5a0e6dfb444fb1c76bad8fcd09031ba5d2b4493f; 5a0e6dfb444fb1c76bad8fcd09031ba5d2b4493f; 5a0e6dfb444fb1c76bad8fcd09031ba5d2b4493f; 5a0e6dfb444fb1c76bad8fcd09031ba5d2b4493f; 5a0e6dfb444fb1c76bad8fcd09031ba5d2b4493f; 5a0e6dfb444fb1c76bad8fcd09031ba5d2b4493f; 5a0e6dfb444fb1c76bad8fcd09031ba5d2b4493f; 5a0e6dfb444fb1c76bad8fcd09031ba5d2b4493f; 5a0e6dfb444fb1c76bad8fcd09031ba5d2b4493f; 5a0e6dfb444fb1c76bad8fcd09031ba5d2b4493f; 5a0e6dfb444fb1c76bad8fcd09031ba5d2b4493f; 5a0e6dfb444fb1c76bad8fcd09031ba5d2b4493f; 5a0e6dfb444fb1c76bad8fcd09031ba5d2b4493f; 5a0e6dfb444fb1c76bad8fcd09031ba5d2b4493f; 5a0e6dfb444fb1c76bad8fcd09031ba5d2b4493f; 5a0e6dfb444fb1c76bad8fcd09031ba5d2b4493f; 5a0e6dfb444fb1c76bad8fcd09031ba5d2b4493f; 5a0e6dfb444fb1c76bad8fcd09031ba5d2b4493f; 5a0e6dfb444fb1c76bad8fcd09031ba5d2b4493f; 5a0e6dfb444fb1c76bad8fcd09031ba5d2b4493f; 5a0e6dfb444fb1c76bad8fcd09031ba5d2b4493f; 5a0e6dfb444fb1c76bad8fcd09031ba5d2b4493f; 5a0e6dfb444fb1c76bad8fcd09031ba5d2b4493f; 5a0e6dfb444fb1c76bad8fcd09031ba5d2b4493f; 5a0e6dfb444fb1c76bad8fcd09031ba5d2b4493f; 5a0e6dfb444fb1c76bad8fcd09031ba5d2b4493f; 5a0e6dfb444fb1c76bad8fcd09031ba5d2b4493f; 5a0e6dfb444fb1c76bad8fcd09031ba5d2b4493f; 5a0e6dfb444fb1c76bad8fcd09031ba5d2b4493f; 5a0e6dfb444fb1c76bad8fcd09031ba5d2b4493f; 5a0e6dfb444fb1c76bad8fcd09031ba5d2b4493f; 5a0e6dfb444fb1c76bad8fcd09031ba5d2b4493f; 5a0e6dfb444fb1c76bad8fcd09031ba5d2b4493f; 5a0e6dfb444fb1c76bad8fcd09031ba5d2b4493f; 5a0e6dfb444fb1c76bad8fcd09031ba5d2b4493f; 5a0e6dfb444fb1c76bad8fcd09031ba5d2b4493f; 5a0e6dfb444fb1c76bad8fcd09031ba5d2b4493f; 5a0e6dfb444fb1c76bad8fcd09031ba5d2b4493f; 5a0e6dfb444fb1c76bad8fcd09031ba5d2b4493f; 5a0e6dfb444fb1c76bad8fcd09031ba5d2b4493f; 5a0e6dfb444fb1c76bad8fcd09031ba5d2b4493f; 5a0e6dfb444fb1c76bad8fcd09031ba5d2b4493f; 5a0e6dfb444fb1c76bad8fcd09031ba5d2b4493f; 5a0e6dfb444fb1c76bad8fcd09031ba5d2b4493f; 5a0e6dfb444fb1c76bad8fcd09031ba5d2b4493f; 5a0e6dfb444fb1c76bad8fcd09031ba5d2b4493f; 5a0e6dfb444fb1c76bad8fcd09031ba5d2b4493f; 5a0e6dfb444fb1c76bad8fcd09031ba5d2b4493f; 5a0e6dfb444fb1c76bad8fcd09031ba5d2b4493f; 5a0e6dfb444fb1c76bad8fcd09031ba5d2b4493f; 5a0e6dfb444fb1c76bad8fcd09031ba5d2b4493f; 5a0e6dfb444fb1c76bad8fcd09031ba5d2b4493f; 5a0e6dfb444fb1c76bad8fcd09031ba5d2b4493f; 5a0e6dfb444fb1c76bad8fcd09031ba5d2b4493f; 5a0e6dfb444fb1c76bad8fcd09031ba5d2b4493f; 5a0e6dfb444fb1c76bad8fcd09031ba5d2b4493f; 5a0e6dfb444fb1c76bad8fcd09031ba5d2b4493f; 5a0e6dfb444fb1c76bad8fcd09031ba5d2b4493f; 5a0e6dfb444fb1c76bad8fcd09031ba5d2b4493f; 5a0e6dfb444fb1c76bad8fcd09031ba5d2b4493f; 5a0e6dfb444fb1c76bad8fcd09031ba5d2b4493f; 5a0e6dfb444fb1c76bad8fcd09031ba5d2b4493f; 5a0e6dfb444fb1c76bad8fcd09031ba5d2b4493f; 5a0e6dfb444fb1c76bad8fcd09031ba5d2b4493f; 5a0e6dfb444fb1c76bad8fcd09031ba5d2b4493f; 5a0e6dfb444fb1c76bad8fcd09031ba5d2b4493f; 5a0e6dfb444fb1c76bad8fcd09031ba5d2b4493f; 5a0e6dfb444fb1c76bad8fcd09031ba5d2b4493f; 5a0e6dfb444fb1c76bad8fcd09031ba5d2b4493f; 5a0e6dfb444fb1c76bad8fcd09031ba5d2b4493f; 5a0e6dfb444fb1c76bad8fcd09031ba5d2b4493f; 5a0e6dfb444fb1c76bad8fcd09031ba5d2b4493f; 5a0e6dfb444fb1c76bad8fcd09031ba5d2b4493f; 5a0e6dfb444fb1c76bad8fcd09031ba5d2b4493f; 5a0e6dfb444fb1c76bad8fcd09031ba5d2b4493f; 5a0e6dfb444fb1c76bad8fcd09031ba5d2b4493f; 5a0e6dfb444fb1c76bad8fcd09031ba5d2b4493f; 5a0e6dfb444fb1c76bad8fcd09031ba5d2b4493f; 5a0e6dfb444fb1c76bad8fcd09031ba5d2b4493f; 5a0e6dfb444fb1c76bad8fcd09031ba5d2b4493f; 5a0e6dfb444fb1c76bad8fcd09031ba5d2b4493f; 5a0e6dfb444fb1c76bad8fcd09031ba5d2b4493f; 5a0e6dfb444fb1c76bad8fcd09031ba5d2b4493f; 5a0e6dfb444fb1c76bad8fcd09031ba5d2b4493f; 5a0e6dfb444fb1c76bad8fcd09031ba5d2b4493f; 5a0e6dfb444fb1c76bad8fcd09031ba5d2b4493f; 5a0e6dfb444fb1c76bad8fcd09031ba5d2b4493f; 5a0e6dfb444fb1c76bad8fcd09031ba5d2b4493f; 5a0e6dfb444fb1c76bad8fcd09031ba5d2b4493f; 5a0e6dfb444fb1c76bad8fcd09031ba5d2b4493f; 5a0e6dfb444fb1c76bad8fcd09031ba5d2b4493f; 5a0e6dfb444fb1c76bad8fcd09031ba5d2b4493f; 5a0e6dfb444fb1c76bad8fcd09031ba5d2b4493f; 5a0e6dfb444fb1c76bad8fcd09031ba5d2b4493f; 5a0e6dfb444fb1c76bad8fcd09031ba5d2b4493f; 5a0e6dfb444fb1c76bad8fcd09031ba5d2b4493f; 5a0e6dfb444fb1c76bad8fcd09031ba5d2b4493f; 5a0e6dfb444fb1c76bad8fcd09031ba5d2b4493f; 5a0e6dfb444fb1c76bad8fcd09031ba5d2b4493f; 5a0e6dfb444fb1c76bad8fcd09031ba5d2b4493f; 5a0e6dfb444fb1c76bad8fcd09031ba5d2b4493f; 5a0e6dfb444fb1c76bad8fcd09031ba5d2b4493f; 5a0e6dfb444fb1c76bad8fcd09031ba5d2b4493f; 5a0e6dfb444fb1c76bad8fcd09031ba5d2b4493f; 5a0e6dfb444fb1c76bad8fcd09031ba5d2b4493f; 5a0e6dfb444fb1c76bad8fcd09031ba5d2b4493f; 5a0e6dfb444fb1c76bad8fcd09031ba5d2b4493f; 5a0e6dfb444fb1c76bad8fcd09031ba5d2b4493f; 5a0e6dfb444fb1c76bad8fcd09031ba5d2b4493f; 5a0e6dfb444fb1c76bad8fcd09031ba5d2b4493f; 5a0e6dfb444fb1c76bad8fcd09031ba5d2b4493f; 5a0e6dfb444fb1c76bad8fcd09031ba5d2b4493f; 5a0e6dfb444fb1c76bad8fcd09031ba5d2b4493f; 5a0e6dfb444fb1c76bad8fcd09031ba5d2b4493f; 5a0e6dfb444fb1c76bad8fcd09031ba5d2b4493f; 5a0e6dfb444fb1c76bad8fcd09031ba5d2b4493f; 5a0e6dfb444fb1c76bad8fcd09031ba5d2b4493f; 5a0e6dfb444fb1c76bad8fcd09031ba5d2b4493f; 5a0e6dfb444fb1c76bad8fcd09031ba5d2b4493f; 5a0e6dfb444fb1c76bad8fcd09031ba5d2b4493f; 5a0e6dfb444fb1c76bad8fcd09031ba5d2b4493f; 5a0e6dfb444fb1c76bad8fcd09031ba5d2b4493f; 5a0e6dfb444fb1c76bad8fcd09031ba5d2b4493f; 5a0e6dfb444fb1c76bad8fcd09031ba5d2b4493f; ','added c files in algorithm; ','ZGlmZiAtLWdpdCBhL2lucHV0L2FsZ29yaXRobXMvdGV4dC5jIGIvaW5wdXQvYWxnb3JpdGhtcy90ZXh0LmMKbmV3IGZpbGUgbW9kZSAxMDA2NDQKaW5kZXggMDAwMDAwMC4uM2VkODc1ZQotLS0gL2Rldi9udWxsCisrKyBiL2lucHV0L2FsZ29yaXRobXMvdGV4dC5jCkBAIC0wLDAgKzEsMzg3IEBACisvKgorICogIE5vdGVwYWQgKHRleHQuYykKKyAqCisgKiAgQ29weXJpZ2h0IDE5OTgsOTkgTWFyY2VsIEJhdXIgPG1iYXVyQGcyNi5ldGh6LmNoPgorICogIENvcHlyaWdodCAyMDAyIFN5bHZhaW4gUGV0cmVvbGxlIDxzcGV0cmVvbGxlQHlhaG9vLmZyPgorICogIENvcHlyaWdodCAyMDAyIEFuZHJpeSBQYWxhbWFyY2h1aworICoKKyAqIFRoaXMgbGlicmFyeSBpcyBmcmVlIHNvZnR3YXJlOyB5b3UgY2FuIHJlZGlzdHJpYnV0ZSBpdCBhbmQvb3IKKyAqIG1vZGlmeSBpdCB1bmRlciB0aGUgdGVybXMgb2YgdGhlIEdOVSBMZXNzZXIgR2VuZXJhbCBQdWJsaWMKKyAqIExpY2Vuc2UgYXMgcHVibGlzaGVkIGJ5IHRoZSBGcmVlIFNvZnR3YXJlIEZvdW5kYXRpb247IGVpdGhlcgorICogdmVyc2lvbiAyLjEgb2YgdGhlIExpY2Vuc2UsIG9yIChhdCB5b3VyIG9wdGlvbikgYW55IGxhdGVyIHZlcnNpb24uCisgKgorICogVGhpcyBsaWJyYXJ5IGlzIGRpc3RyaWJ1dGVkIGluIHRoZSBob3BlIHRoYXQgaXQgd2lsbCBiZSB1c2VmdWwsCisgKiBidXQgV0lUSE9VVCBBTlkgV0FSUkFOVFk7IHdpdGhvdXQgZXZlbiB0aGUgaW1wbGllZCB3YXJyYW50eSBvZgorICogTUVSQ0hBTlRBQklMSVRZIG9yIEZJVE5FU1MgRk9SIEEgUEFSVElDVUxBUiBQVVJQT1NFLiAgU2VlIHRoZSBHTlUKKyAqIExlc3NlciBHZW5lcmFsIFB1YmxpYyBMaWNlbnNlIGZvciBtb3JlIGRldGFpbHMuCisgKgorICogWW91IHNob3VsZCBoYXZlIHJlY2VpdmVkIGEgY29weSBvZiB0aGUgR05VIExlc3NlciBHZW5lcmFsIFB1YmxpYworICogTGljZW5zZSBhbG9uZyB3aXRoIHRoaXMgbGlicmFyeTsgaWYgbm90LCB3cml0ZSB0byB0aGUgRnJlZSBTb2Z0d2FyZQorICogRm91bmRhdGlvbiwgSW5jLiwgNTEgRnJhbmtsaW4gU3RyZWV0LCBGaWZ0aCBGbG9vciwgQm9zdG9uLCBNQSAgMDIxMTAtMTMwMSAgVVNBCisgKi8KKworI2luY2x1ZGUgIm5vdGVwYWQuaCIKKworc3RhdGljIEJPT0wgQXBwZW5kKExQV1NUUiAqcHBzelRleHQsIERXT1JEICpwZHdUZXh0TGVuLCBMUENXU1RSIHBzekFwcGVuZFRleHQsIERXT1JEIGR3QXBwZW5kTGVuKQoreworICAgIExQV1NUUiBwc3pOZXdUZXh0OworCisgICAgaWYgKGR3QXBwZW5kTGVuID4gMCkKKyAgICB7CisgICAgICAgIGlmICgqcHBzelRleHQpCisgICAgICAgIHsKKyAgICAgICAgICAgIHBzek5ld1RleHQgPSAoTFBXU1RSKSBIZWFwUmVBbGxvYyhHZXRQcm9jZXNzSGVhcCgpLCAwLCAqcHBzelRleHQsICgqcGR3VGV4dExlbiArIGR3QXBwZW5kTGVuKSAqIHNpemVvZihXQ0hBUikpOworICAgICAgICB9CisgICAgICAgIGVsc2UKKyAgICAgICAgeworICAgICAgICAgICAgcHN6TmV3VGV4dCA9IChMUFdTVFIpIEhlYXBBbGxvYyhHZXRQcm9jZXNzSGVhcCgpLCAwLCBkd0FwcGVuZExlbiAqIHNpemVvZihXQ0hBUikpOworICAgICAgICB9CisKKyAgICAgICAgaWYgKCFwc3pOZXdUZXh0KQorICAgICAgICAgICAgcmV0dXJuIEZBTFNFOworCisgICAgICAgIG1lbWNweShwc3pOZXdUZXh0ICsgKnBkd1RleHRMZW4sIHBzekFwcGVuZFRleHQsIGR3QXBwZW5kTGVuICogc2l6ZW9mKFdDSEFSKSk7CisgICAgICAgICpwcHN6VGV4dCA9IHBzek5ld1RleHQ7CisgICAgICAgICpwZHdUZXh0TGVuICs9IGR3QXBwZW5kTGVuOworICAgIH0KKyAgICByZXR1cm4gVFJVRTsKK30KKworQk9PTAorUmVhZFRleHQoSEFORExFIGhGaWxlLCBMUFdTVFIgKnBwc3pUZXh0LCBEV09SRCAqcGR3VGV4dExlbiwgaW50ICpwZW5jRmlsZSwgaW50ICpwaUVvbG4pCit7CisgICAgRFdPUkQgZHdTaXplOworICAgIExQQllURSBwQnl0ZXMgPSBOVUxMOworICAgIExQV1NUUiBwc3pUZXh0OworICAgIExQV1NUUiBwc3pBbGxvY1RleHQgPSBOVUxMOworICAgIERXT1JEIGR3UG9zLCBpOworICAgIERXT1JEIGR3Q2hhckNvdW50OworICAgIEJPT0wgYlN1Y2Nlc3MgPSBGQUxTRTsKKyAgICBCWVRFIGIgPSAwOworICAgIGludCBlbmNGaWxlID0gRU5DT0RJTkdfQU5TSTsKKyAgICBpbnQgaUNvZGVQYWdlID0gMDsKKyAgICBXQ0hBUiBzekNybGZbMl0gPSB7J1xyJywgJ1xuJ307CisgICAgRFdPUkQgYWR3RW9sbkNvdW50WzNdID0gezAsIDAsIDB9OworCisgICAgKnBwc3pUZXh0ID0gTlVMTDsKKyAgICAqcGR3VGV4dExlbiA9IDA7CisKKyAgICBkd1NpemUgPSBHZXRGaWxlU2l6ZShoRmlsZSwgTlVMTCk7CisgICAgaWYgKGR3U2l6ZSA9PSBJTlZBTElEX0ZJTEVfU0laRSkKKyAgICAgICAgZ290byBkb25lOworCisgICAgcEJ5dGVzID0gSGVhcEFsbG9jKEdldFByb2Nlc3NIZWFwKCksIDAsIGR3U2l6ZSArIDIpOworICAgIGlmICghcEJ5dGVzKQorICAgICAgICBnb3RvIGRvbmU7CisKKyAgICBpZiAoIVJlYWRGaWxlKGhGaWxlLCBwQnl0ZXMsIGR3U2l6ZSwgJmR3U2l6ZSwgTlVMTCkpCisgICAgICAgIGdvdG8gZG9uZTsKKyAgICBkd1BvcyA9IDA7CisKKyAgICAvKiBNYWtlIHN1cmUgdGhhdCB0aGVyZSBpcyBhIE5VTCBjaGFyYWN0ZXIgYXQgdGhlIGVuZCwgaW4gYW55IGVuY29kaW5nICovCisgICAgcEJ5dGVzW2R3U2l6ZSArIDBdID0gJ1wwJzsKKyAgICBwQnl0ZXNbZHdTaXplICsgMV0gPSAnXDAnOworCisgICAgLyogTG9vayBmb3IgQnl0ZSBPcmRlciBNYXJrcyAqLworICAgIGlmICgoZHdTaXplID49IDIpICYmIChwQnl0ZXNbMF0gPT0gMHhGRikgJiYgKHBCeXRlc1sxXSA9PSAweEZFKSkKKyAgICB7CisgICAgICAgIGVuY0ZpbGUgPSBFTkNPRElOR19VTklDT0RFOworICAgICAgICBkd1BvcyArPSAyOworICAgIH0KKyAgICBlbHNlIGlmICgoZHdTaXplID49IDIpICYmIChwQnl0ZXNbMF0gPT0gMHhGRSkgJiYgKHBCeXRlc1sxXSA9PSAweEZGKSkKKyAgICB7CisgICAgICAgIGVuY0ZpbGUgPSBFTkNPRElOR19VTklDT0RFX0JFOworICAgICAgICBkd1BvcyArPSAyOworICAgIH0KKyAgICBlbHNlIGlmICgoZHdTaXplID49IDMpICYmIChwQnl0ZXNbMF0gPT0gMHhFRikgJiYgKHBCeXRlc1sxXSA9PSAweEJCKSAmJiAocEJ5dGVzWzJdID09IDB4QkYpKQorICAgIHsKKyAgICAgICAgZW5jRmlsZSA9IEVOQ09ESU5HX1VURjg7CisgICAgICAgIGR3UG9zICs9IDM7CisgICAgfQorCisgICAgc3dpdGNoKGVuY0ZpbGUpCisgICAgeworICAgIGNhc2UgRU5DT0RJTkdfVU5JQ09ERV9CRToKKyAgICAgICAgZm9yIChpID0gZHdQb3M7IGkgPCBkd1NpemUtMTsgaSArPSAyKQorICAgICAgICB7CisgICAgICAgICAgICBiID0gcEJ5dGVzW2krMF07CisgICAgICAgICAgICBwQnl0ZXNbaSswXSA9IHBCeXRlc1tpKzFdOworICAgICAgICAgICAgcEJ5dGVzW2krMV0gPSBiOworICAgICAgICB9CisgICAgICAgIC8qIGZhbGwgdGhyb3VnaCAqLworCisgICAgY2FzZSBFTkNPRElOR19VTklDT0RFOgorICAgICAgICBwc3pUZXh0ID0gKExQV1NUUikgJnBCeXRlc1tkd1Bvc107CisgICAgICAgIGR3Q2hhckNvdW50ID0gKGR3U2l6ZSAtIGR3UG9zKSAvIHNpemVvZihXQ0hBUik7CisgICAgICAgIGJyZWFrOworCisgICAgY2FzZSBFTkNPRElOR19BTlNJOgorICAgIGNhc2UgRU5DT0RJTkdfVVRGODoKKyAgICAgICAgaWYgKGVuY0ZpbGUgPT0gRU5DT0RJTkdfQU5TSSkKKyAgICAgICAgICAgIGlDb2RlUGFnZSA9IENQX0FDUDsKKyAgICAgICAgZWxzZSBpZiAoZW5jRmlsZSA9PSBFTkNPRElOR19VVEY4KQorICAgICAgICAgICAgaUNvZGVQYWdlID0gQ1BfVVRGODsKKworICAgICAgICBpZiAoKGR3U2l6ZSAtIGR3UG9zKSA+IDApCisgICAgICAgIHsKKyAgICAgICAgICAgIGR3Q2hhckNvdW50ID0gTXVsdGlCeXRlVG9XaWRlQ2hhcihpQ29kZVBhZ2UsIDAsIChMUENTVFIpJnBCeXRlc1tkd1Bvc10sIGR3U2l6ZSAtIGR3UG9zLCBOVUxMLCAwKTsKKyAgICAgICAgICAgIGlmIChkd0NoYXJDb3VudCA9PSAwKQorICAgICAgICAgICAgICAgIGdvdG8gZG9uZTsKKyAgICAgICAgfQorICAgICAgICBlbHNlCisgICAgICAgIHsKKyAgICAgICAgICAgIC8qIHNwZWNpYWwgY2FzZSBmb3IgZmlsZXMgd2l0aCBubyBjaGFyYWN0ZXJzIChvdGhlciB0aGFuIEJPTXMpICovCisgICAgICAgICAgICBkd0NoYXJDb3VudCA9IDA7CisgICAgICAgIH0KKworICAgICAgICBwc3pBbGxvY1RleHQgPSAoTFBXU1RSKSBIZWFwQWxsb2MoR2V0UHJvY2Vzc0hlYXAoKSwgMCwgKGR3Q2hhckNvdW50ICsgMSkgKiBzaXplb2YoV0NIQVIpKTsKKyAgICAgICAgaWYgKCFwc3pBbGxvY1RleHQpCisgICAgICAgICAgICBnb3RvIGRvbmU7CisKKyAgICAgICAgaWYgKChkd1NpemUgLSBkd1BvcykgPiAwKQorICAgICAgICB7CisgICAgICAgICAgICBpZiAoIU11bHRpQnl0ZVRvV2lkZUNoYXIoaUNvZGVQYWdlLCAwLCAoTFBDU1RSKSZwQnl0ZXNbZHdQb3NdLCBkd1NpemUgLSBkd1BvcywgcHN6QWxsb2NUZXh0LCBkd0NoYXJDb3VudCkpCisgICAgICAgICAgICAgICAgZ290byBkb25lOworICAgICAgICB9CisKKyAgICAgICAgcHN6QWxsb2NUZXh0W2R3Q2hhckNvdW50XSA9ICdcMCc7CisgICAgICAgIHBzelRleHQgPSBwc3pBbGxvY1RleHQ7CisgICAgICAgIGJyZWFrOworICAgIH0KKworICAgIGR3UG9zID0gMDsKKyAgICBmb3IgKGkgPSAwOyBpIDwgZHdDaGFyQ291bnQ7IGkrKykKKyAgICB7CisgICAgICAgIHN3aXRjaChwc3pUZXh0W2ldKQorICAgICAgICB7CisgICAgICAgIGNhc2UgJ1xyJzoKKyAgICAgICAgICAgIGlmICgoaSA8IGR3Q2hhckNvdW50LTEpICYmIChwc3pUZXh0W2krMV0gPT0gJ1xuJykpCisgICAgICAgICAgICB7CisgICAgICAgICAgICAgICAgaSsrOworICAgICAgICAgICAgICAgIGFkd0VvbG5Db3VudFtFT0xOX0NSTEZdKys7CisgICAgICAgICAgICAgICAgYnJlYWs7CisgICAgICAgICAgICB9CisgICAgICAgICAgICAvKiBmYWxsIHRocm91Z2ggKi8KKworICAgICAgICBjYXNlICdcbic6CisgICAgICAgICAgICBpZiAoIUFwcGVuZChwcHN6VGV4dCwgcGR3VGV4dExlbiwgJnBzelRleHRbZHdQb3NdLCBpIC0gZHdQb3MpKQorICAgICAgICAgICAgICAgIHJldHVybiBGQUxTRTsKKyAgICAgICAgICAgIGlmICghQXBwZW5kKHBwc3pUZXh0LCBwZHdUZXh0TGVuLCBzekNybGYsIEFSUkFZX1NJWkUoc3pDcmxmKSkpCisgICAgICAgICAgICAgICAgcmV0dXJuIEZBTFNFOworICAgICAgICAgICAgZHdQb3MgPSBpICsgMTsKKworICAgICAgICAgICAgaWYgKHBzelRleHRbaV0gPT0gJ1xyJykKKyAgICAgICAgICAgICAgICBhZHdFb2xuQ291bnRbRU9MTl9DUl0rKzsKKyAgICAgICAgICAgIGVsc2UKKyAgICAgICAgICAgICAgICBhZHdFb2xuQ291bnRbRU9MTl9MRl0rKzsKKyAgICAgICAgICAgIGJyZWFrOworCisgICAgICAgIGNhc2UgJ1wwJzoKKyAgICAgICAgICAgIHBzelRleHRbaV0gPSAnICc7CisgICAgICAgICAgICBicmVhazsKKyAgICAgICAgfQorICAgIH0KKworICAgIGlmICghKnBwc3pUZXh0ICYmIChwc3pUZXh0ID09IHBzekFsbG9jVGV4dCkpCisgICAgeworICAgICAgICAvKiBzcGVjaWFsIGNhc2U7IGRvbid0IG5lZWQgdG8gcmVhbGxvY2F0ZSAqLworICAgICAgICAqcHBzelRleHQgPSBwc3pBbGxvY1RleHQ7CisgICAgICAgICpwZHdUZXh0TGVuID0gZHdDaGFyQ291bnQ7CisgICAgICAgIHBzekFsbG9jVGV4dCA9IE5VTEw7CisgICAgfQorICAgIGVsc2UKKyAgICB7CisgICAgICAgIC8qIGFwcGVuZCBsYXN0IHJlbWFpbmluZyB0ZXh0ICovCisgICAgICAgIGlmICghQXBwZW5kKHBwc3pUZXh0LCBwZHdUZXh0TGVuLCAmcHN6VGV4dFtkd1Bvc10sIGkgLSBkd1BvcyArIDEpKQorICAgICAgICAgICAgcmV0dXJuIEZBTFNFOworICAgIH0KKworICAgIC8qIGNob3NlIHdoaWNoIGVvbG4gdG8gdXNlICovCisgICAgKnBpRW9sbiA9IEVPTE5fQ1JMRjsKKyAgICBpZiAoYWR3RW9sbkNvdW50W0VPTE5fTEZdID4gYWR3RW9sbkNvdW50WypwaUVvbG5dKQorICAgICAgICAqcGlFb2xuID0gRU9MTl9MRjsKKyAgICBpZiAoYWR3RW9sbkNvdW50W0VPTE5fQ1JdID4gYWR3RW9sbkNvdW50WypwaUVvbG5dKQorICAgICAgICAqcGlFb2xuID0gRU9MTl9DUjsKKyAgICAqcGVuY0ZpbGUgPSBlbmNGaWxlOworCisgICAgYlN1Y2Nlc3MgPSBUUlVFOworCitkb25lOgorICAgIGlmIChwQnl0ZXMpCisgICAgICAgIEhlYXBGcmVlKEdldFByb2Nlc3NIZWFwKCksIDAsIHBCeXRlcyk7CisgICAgaWYgKHBzekFsbG9jVGV4dCkKKyAgICAgICAgSGVhcEZyZWUoR2V0UHJvY2Vzc0hlYXAoKSwgMCwgcHN6QWxsb2NUZXh0KTsKKworICAgIGlmICghYlN1Y2Nlc3MgJiYgKnBwc3pUZXh0KQorICAgIHsKKyAgICAgICAgSGVhcEZyZWUoR2V0UHJvY2Vzc0hlYXAoKSwgMCwgKnBwc3pUZXh0KTsKKyAgICAgICAgKnBwc3pUZXh0ID0gTlVMTDsKKyAgICAgICAgKnBkd1RleHRMZW4gPSAwOworICAgIH0KKyAgICByZXR1cm4gYlN1Y2Nlc3M7Cit9CisKK3N0YXRpYyBCT09MIFdyaXRlRW5jb2RlZFRleHQoSEFORExFIGhGaWxlLCBMUENXU1RSIHBzelRleHQsIERXT1JEIGR3VGV4dExlbiwgaW50IGVuY0ZpbGUpCit7CisgICAgTFBCWVRFIHBCeXRlcyA9IE5VTEw7CisgICAgTFBCWVRFIHBBbGxvY0J1ZmZlciA9IE5VTEw7CisgICAgRFdPUkQgZHdQb3MgPSAwOworICAgIERXT1JEIGR3Qnl0ZUNvdW50OworICAgIEJZVEUgYnVmZmVyWzEwMjRdOworICAgIFVJTlQgaUNvZGVQYWdlID0gMDsKKyAgICBEV09SRCBkd0R1bW15LCBpOworICAgIEJPT0wgYlN1Y2Nlc3MgPSBGQUxTRTsKKyAgICBpbnQgaUJ1ZmZlclNpemUsIGlSZXF1aXJlZEJ5dGVzOworICAgIEJZVEUgYjsKKworICAgIHdoaWxlKGR3UG9zIDwgZHdUZXh0TGVuKQorICAgIHsKKyAgICAgICAgc3dpdGNoKGVuY0ZpbGUpCisgICAgICAgIHsKKyAgICAgICAgICAgIGNhc2UgRU5DT0RJTkdfVU5JQ09ERToKKyAgICAgICAgICAgICAgICBwQnl0ZXMgPSAoTFBCWVRFKSAmcHN6VGV4dFtkd1Bvc107CisgICAgICAgICAgICAgICAgZHdCeXRlQ291bnQgPSAoZHdUZXh0TGVuIC0gZHdQb3MpICogc2l6ZW9mKFdDSEFSKTsKKyAgICAgICAgICAgICAgICBkd1BvcyA9IGR3VGV4dExlbjsKKyAgICAgICAgICAgICAgICBicmVhazsKKworICAgICAgICAgICAgY2FzZSBFTkNPRElOR19VTklDT0RFX0JFOgorICAgICAgICAgICAgICAgIGR3Qnl0ZUNvdW50ID0gKGR3VGV4dExlbiAtIGR3UG9zKSAqIHNpemVvZihXQ0hBUik7CisgICAgICAgICAgICAgICAgaWYgKGR3Qnl0ZUNvdW50ID4gc2l6ZW9mKGJ1ZmZlcikpCisgICAgICAgICAgICAgICAgICAgIGR3Qnl0ZUNvdW50ID0gc2l6ZW9mKGJ1ZmZlcik7CisKKyAgICAgICAgICAgICAgICBtZW1jcHkoYnVmZmVyLCAmcHN6VGV4dFtkd1Bvc10sIGR3Qnl0ZUNvdW50KTsKKyAgICAgICAgICAgICAgICAKKyAgICAgICAgICAgICAgICBmb3IgKGkgPSAwOyBpIDwgZHdCeXRlQ291bnQ7IGkgKz0gMikKKyAgICAgICAgICAgICAgICB7CisgICAgICAgICAgICAgICAgICAgIGIgPSBidWZmZXJbaSswXTsKKyAgICAgICAgICAgICAgICAgICAgYnVmZmVyW2krMF0gPSBidWZmZXJbaSsxXTsKKyAgICAgICAgICAgICAgICAgICAgYnVmZmVyW2krMV0gPSBiOworICAgICAgICAgICAgICAgIH0KKyAgICAgICAgICAgICAgICBwQnl0ZXMgPSAoTFBCWVRFKSAmYnVmZmVyW2R3UG9zXTsKKyAgICAgICAgICAgICAgICBkd1BvcyArPSBkd0J5dGVDb3VudCAvIHNpemVvZihXQ0hBUik7CisgICAgICAgICAgICAgICAgYnJlYWs7CisKKyAgICAgICAgICAgIGNhc2UgRU5DT0RJTkdfQU5TSToKKyAgICAgICAgICAgIGNhc2UgRU5DT0RJTkdfVVRGODoKKyAgICAgICAgICAgICAgICBpZiAoZW5jRmlsZSA9PSBFTkNPRElOR19BTlNJKQorICAgICAgICAgICAgICAgICAgICBpQ29kZVBhZ2UgPSBDUF9BQ1A7CisgICAgICAgICAgICAgICAgZWxzZSBpZiAoZW5jRmlsZSA9PSBFTkNPRElOR19VVEY4KQorICAgICAgICAgICAgICAgICAgICBpQ29kZVBhZ2UgPSBDUF9VVEY4OworCisgICAgICAgICAgICAgICAgaVJlcXVpcmVkQnl0ZXMgPSBXaWRlQ2hhclRvTXVsdGlCeXRlKGlDb2RlUGFnZSwgMCwgJnBzelRleHRbZHdQb3NdLCBkd1RleHRMZW4gLSBkd1BvcywgTlVMTCwgMCwgTlVMTCwgTlVMTCk7CisgICAgICAgICAgICAgICAgaWYgKGlSZXF1aXJlZEJ5dGVzIDw9IDApCisgICAgICAgICAgICAgICAgeworICAgICAgICAgICAgICAgICAgICBnb3RvIGRvbmU7CisgICAgICAgICAgICAgICAgfQorICAgICAgICAgICAgICAgIGVsc2UgaWYgKGlSZXF1aXJlZEJ5dGVzIDwgc2l6ZW9mKGJ1ZmZlcikpCisgICAgICAgICAgICAgICAgeworICAgICAgICAgICAgICAgICAgICBwQnl0ZXMgPSBidWZmZXI7CisgICAgICAgICAgICAgICAgICAgIGlCdWZmZXJTaXplID0gc2l6ZW9mKGJ1ZmZlcik7CisgICAgICAgICAgICAgICAgfQorICAgICAgICAgICAgICAgIGVsc2UKKyAgICAgICAgICAgICAgICB7CisgICAgICAgICAgICAgICAgICAgIHBBbGxvY0J1ZmZlciA9IChMUEJZVEUpIEhlYXBBbGxvYyhHZXRQcm9jZXNzSGVhcCgpLCAwLCBpUmVxdWlyZWRCeXRlcyk7CisgICAgICAgICAgICAgICAgICAgIGlmICghcEFsbG9jQnVmZmVyKQorICAgICAgICAgICAgICAgICAgICAgICAgcmV0dXJuIEZBTFNFOworICAgICAgICAgICAgICAgICAgICBwQnl0ZXMgPSBwQWxsb2NCdWZmZXI7CisgICAgICAgICAgICAgICAgICAgIGlCdWZmZXJTaXplID0gaVJlcXVpcmVkQnl0ZXM7CisgICAgICAgICAgICAgICAgfQorCisgICAgICAgICAgICAgICAgZHdCeXRlQ291bnQgPSBXaWRlQ2hhclRvTXVsdGlCeXRlKGlDb2RlUGFnZSwgMCwgJnBzelRleHRbZHdQb3NdLCBkd1RleHRMZW4gLSBkd1BvcywgKExQU1RSKSBwQnl0ZXMsIGlCdWZmZXJTaXplLCBOVUxMLCBOVUxMKTsKKyAgICAgICAgICAgICAgICBpZiAoIWR3Qnl0ZUNvdW50KQorICAgICAgICAgICAgICAgICAgICBnb3RvIGRvbmU7CisKKyAgICAgICAgICAgICAgICBkd1BvcyA9IGR3VGV4dExlbjsKKyAgICAgICAgICAgICAgICBicmVhazsKKworICAgICAgICAgICAgZGVmYXVsdDoKKyAgICAgICAgICAgICAgICBnb3RvIGRvbmU7CisgICAgICAgIH0KKworICAgICAgICBpZiAoIVdyaXRlRmlsZShoRmlsZSwgcEJ5dGVzLCBkd0J5dGVDb3VudCwgJmR3RHVtbXksIE5VTEwpKQorICAgICAgICAgICAgZ290byBkb25lOworCisgICAgICAgIC8qIGZyZWUgdGhlIGJ1ZmZlciwgaWYgd2UgaGF2ZSBhbGxvY2F0ZWQgb25lICovCisgICAgICAgIGlmIChwQWxsb2NCdWZmZXIpCisgICAgICAgIHsKKyAgICAgICAgICAgIEhlYXBGcmVlKEdldFByb2Nlc3NIZWFwKCksIDAsIHBBbGxvY0J1ZmZlcik7CisgICAgICAgICAgICBwQWxsb2NCdWZmZXIgPSBOVUxMOworICAgICAgICB9CisgICAgfQorICAgIGJTdWNjZXNzID0gVFJVRTsKKworZG9uZToKKyAgICBpZiAocEFsbG9jQnVmZmVyKQorICAgICAgICBIZWFwRnJlZShHZXRQcm9jZXNzSGVhcCgpLCAwLCBwQWxsb2NCdWZmZXIpOworICAgIHJldHVybiBiU3VjY2VzczsKK30KKworQk9PTCBXcml0ZVRleHQoSEFORExFIGhGaWxlLCBMUENXU1RSIHBzelRleHQsIERXT1JEIGR3VGV4dExlbiwgaW50IGVuY0ZpbGUsIGludCBpRW9sbikKK3sKKyAgICBXQ0hBUiB3Y0JvbTsKKyAgICBMUENXU1RSIHBzekxGID0gTCJcbiI7CisgICAgRFdPUkQgZHdQb3MsIGR3TmV4dDsKKy8vIFBWOklGQ09ORChwdjpoYXNGZWF0dXJlKCdIZWF0JykpCisgICAgLyogV3JpdGUgdGhlIHByb3BlciBieXRlIG9yZGVyIG1hcmtzIGlmIG5vdCBBTlNJICovCisgICAgaWYgKGVuY0ZpbGUgIT0gRU5DT0RJTkdfQU5TSSkKKyAgICB7CisgICAgICAgIHdjQm9tID0gMHhGRUZGOworICAgICAgICBpZiAoIVdyaXRlRW5jb2RlZFRleHQoaEZpbGUsICZ3Y0JvbSwgMSwgZW5jRmlsZSkpCisgICAgICAgICAgICByZXR1cm4gRkFMU0U7CisgICAgfQorCisgICAgZHdQb3MgPSAwOworCisgICAgLyogcHN6VGV4dCBlb2xuIGFyZSBhbHdheXMgXHJcbiAqLworLy8gUFY6RU5EQ09ORAorICAgIGRvCisgICAgeworICAgICAgICAvKiBGaW5kIHRoZSBuZXh0IGVvbG4gKi8KKyAgICAgICAgZHdOZXh0ID0gZHdQb3M7CisgICAgICAgIHdoaWxlKGR3TmV4dCA8IGR3VGV4dExlbikKKyAgICAgICAgeworICAgICAgICAgICAgaWYgKHBzelRleHRbZHdOZXh0XSA9PSAnXHInICYmIHBzelRleHRbZHdOZXh0ICsgMV0gPT0gJ1xuJykKKyAgICAgICAgICAgICAgICBicmVhazsKKyAgICAgICAgICAgIGR3TmV4dCsrOworICAgICAgICB9CisKKyAgICAgICAgaWYgKGR3TmV4dCAhPSBkd1RleHRMZW4pCisgICAgICAgIHsKKyAgICAgICAgICAgIHN3aXRjaCAoaUVvbG4pCisgICAgICAgICAgICB7CisgICAgICAgICAgICBjYXNlIEVPTE5fTEY6CisgICAgICAgICAgICAgICAgLyogV3JpdGUgdGV4dCAod2l0aG91dCBlb2xuKSAqLworICAgICAgICAgICAgICAgIGlmICghV3JpdGVFbmNvZGVkVGV4dChoRmlsZSwgJnBzelRleHRbZHdQb3NdLCBkd05leHQgLSBkd1BvcywgZW5jRmlsZSkpCisgICAgICAgICAgICAgICAgICAgIHJldHVybiBGQUxTRTsKKyAgICAgICAgICAgICAgICAvKiBXcml0ZSBlb2xuICovCisgICAgICAgICAgICAgICAgaWYgKCFXcml0ZUVuY29kZWRUZXh0KGhGaWxlLCBwc3pMRiwgMSwgZW5jRmlsZSkpCisgICAgICAgICAgICAgICAgICAgIHJldHVybiBGQUxTRTsKKyAgICAgICAgICAgICAgICBicmVhazsKKyAgICAgICAgICAgIGNhc2UgRU9MTl9DUjoKKyAgICAgICAgICAgICAgICAvKiBXcml0ZSB0ZXh0IChpbmNsdWRpbmcgXHIgYXMgZW9sbikgKi8KKyAgICAgICAgICAgICAgICBpZiAoIVdyaXRlRW5jb2RlZFRleHQoaEZpbGUsICZwc3pUZXh0W2R3UG9zXSwgZHdOZXh0IC0gZHdQb3MgKyAxLCBlbmNGaWxlKSkKKyAgICAgICAgICAgICAgICAgICAgcmV0dXJuIEZBTFNFOworICAgICAgICAgICAgICAgIGJyZWFrOworICAgICAgICAgICAgY2FzZSBFT0xOX0NSTEY6CisgICAgICAgICAgICAgICAgLyogV3JpdGUgdGV4dCAoaW5jbHVkaW5nIFxyXG4gYXMgZW9sbikgKi8KKyAgICAgICAgICAgICAgICBpZiAoIVdyaXRlRW5jb2RlZFRleHQoaEZpbGUsICZwc3pUZXh0W2R3UG9zXSwgZHdOZXh0IC0gZHdQb3MgKyAyLCBlbmNGaWxlKSkKKyAgICAgICAgICAgICAgICAgICAgcmV0dXJuIEZBTFNFOworICAgICAgICAgICAgICAgIGJyZWFrOworICAgICAgICAgICAgZGVmYXVsdDoKKyAgICAgICAgICAgICAgICByZXR1cm4gRkFMU0U7CisgICAgICAgICAgICB9CisgICAgICAgIH0KKyAgICAgICAgZWxzZQorICAgICAgICB7CisgICAgICAgICAgICAvKiBXcml0ZSB0ZXh0ICh3aXRob3V0IGVvbG4sIHNpbmNlIHRoaXMgaXMgdGhlIGVuZCBvZiB0aGUgZmlsZSkgKi8KKyAgICAgICAgICAgIGlmICghV3JpdGVFbmNvZGVkVGV4dChoRmlsZSwgJnBzelRleHRbZHdQb3NdLCBkd05leHQgLSBkd1BvcywgZW5jRmlsZSkpCisgICAgICAgICAgICAgICAgcmV0dXJuIEZBTFNFOworICAgICAgICB9CisKKyAgICAgICAgLyogU2tpcCBcclxuICovCisgICAgICAgIGR3UG9zID0gZHdOZXh0ICsgMjsKKyAgICB9CisgICAgd2hpbGUgKGR3UG9zIDwgZHdUZXh0TGVuKTsKKworICAgIHJldHVybiBUUlVFOworfQo=',265,19,2,'NEW_ASSET_WITH_NO_VARIATIONPOINT');
INSERT IGNORE INTO developer_group (id_developer_group) VALUES 
(20);
INSERT IGNORE INTO developer_bridge (id_developer_group,id_developer) VALUES 
(20,1);
INSERT IGNORE INTO customization_fact (idcustomization, lines_added,lines_deleted,custom_diff,commit_set,message_set,greater_diff,idvariationpoint,id_developer_group, idproductrelease, type) VALUES
(20,3,3,'ZGlmZiAtLWdpdCBhL2lucHV0L2pzL3NjYWxlLmpzIGIvaW5wdXQvanMvc2NhbGUuanMKaW5kZXggYzI3OWVhYS4uYjIxZDcyYSAxMDA2NDQKLS0tIGEvaW5wdXQvanMvc2NhbGUuanMKKysrIGIvaW5wdXQvanMvc2NhbGUuanMKQEAgLTYyLDEyICs2MiwxMiBAQCBFeHByZXNzaW9uOiAgKHB2Omhhc0ZlYXR1cmUoJ1RlbXBlcmF0dXJlJykpQ2hhbmdlIFR5cGU6IENIQU5HRV9JTl9WQVJJQVRJT05fUE9JTlRfQk9EWQogCSAgICAJICAgICAgc3R5bGUoImZpbGwiLCBmdW5jdGlvbihkKSB7IAogCSAgICAJICAgIAkgIAl2YXIgb3BlcmF0aW9uID0gZC5kYXRhLm9wZXJhdGlvbjsKIAkgIAkgICAgCQlpZiAoIChvcGVyYXRpb24gPT0idW5kZWZpbmVkIikgfHwgKGQuZGF0YS5vcGVyYXRpb249PW51bGwpKSByZXR1cm4gIiNjY2NjY2MiOwotCSAgCSAgICAJICAJZWxzZSBpZiAob3BlcmF0aW9uPT0oImFkZCIpKSByZXR1cm4gIiMzZmFjNTQiOwotCSAgCSAgICAJICAJZWxzZSBpZiAob3BlcmF0aW9uPT0oImRlbGV0ZSIpKSByZXR1cm4gIiNlNjMyM2QiOwotCSAgCSAgICAJICAJZWxzZSBpZiAob3BlcmF0aW9uPT0iY2h1cm4iKSByZXR1cm4gIiNGRjgxMDAiOworCSAgCSAgICAJICAJLy9BdXRob3JlZCBieTogbGV0aW1vbWUgaW4gY29tbWl0OjE4NjNmOWRmMDdmZjA3YTViZTJjNjI4MWJhZjRiZjJlYTZiYzcyYjcsIHdpdGggbWVzc2FnZTpsb25kb24gY2hhbmdlcyAKIAkgICAgCSAgICAJICB9KTsKIAkgICAgZWxzZSBkMy5zZWxlY3QoZC5ub2RlKS5jbGFzc2VkKCJub2RlLS1ob3ZlciIsIGhvdmVyKS4KIAkgICAgc2VsZWN0KCJyZWN0Iikuc3R5bGUoImZpbGwiLCIjNjQ5NWVkIik7CisJLglzZWxlY3QoInJlY3QiKS8vQXV0aG9yZWQgYnk6IGxldGltb21lIGluIGNvbW1pdDoxODYzZjlkZjA3ZmYwN2E1YmUyYzYyODFiYWY0YmYyZWE2YmM3MmI3LCB3aXRoIG1lc3NhZ2U6bG9uZG9uIGNoYW5nZXMgCisJICAgICAgLnN0eWxlKCJib2Rlci1jb2xvciIsImJsYWNrIikvL0F1dGhvcmVkIGJ5OiBsZXRpbW9tZSBpbiBjb21taXQ6MTg2M2Y5ZGYwN2ZmMDdhNWJlMmM2MjgxYmFmNGJmMmVhNmJjNzJiNywgd2l0aCBtZXNzYWdlOmxvbmRvbiBjaGFuZ2VzIAogCSAgfTsKICAgLyoqCiAgIHZhciBvcGVyYXRpb24gPSBkLmRhdGEub3BlcmF0aW9uOwo=','1863f9df07ff07a5be2c6281baf4bf2ea6bc72b7; 1863f9df07ff07a5be2c6281baf4bf2ea6bc72b7; 1863f9df07ff07a5be2c6281baf4bf2ea6bc72b7; ','london changes
; ','ZGlmZiAtLWdpdCBhL2lucHV0L2pzL3NjYWxlLmpzIGIvaW5wdXQvanMvc2NhbGUuanMKaW5kZXggYzI3OWVhYS4uYjIxZDcyYSAxMDA2NDQKLS0tIGEvaW5wdXQvanMvc2NhbGUuanMKKysrIGIvaW5wdXQvanMvc2NhbGUuanMKQEAgLTYyLDEyICs2MiwxMiBAQAogCSAgICAJICAgICAgc3R5bGUoImZpbGwiLCBmdW5jdGlvbihkKSB7IAogCSAgICAJICAgIAkgIAl2YXIgb3BlcmF0aW9uID0gZC5kYXRhLm9wZXJhdGlvbjsKIAkgIAkgICAgCQlpZiAoIChvcGVyYXRpb24gPT0idW5kZWZpbmVkIikgfHwgKGQuZGF0YS5vcGVyYXRpb249PW51bGwpKSByZXR1cm4gIiNjY2NjY2MiOwotCSAgCSAgICAJICAJZWxzZSBpZiAob3BlcmF0aW9uPT0oImFkZCIpKSByZXR1cm4gIiMzZmFjNTQiOwotCSAgCSAgICAJICAJZWxzZSBpZiAob3BlcmF0aW9uPT0oImRlbGV0ZSIpKSByZXR1cm4gIiNlNjMyM2QiOwotCSAgCSAgICAJICAJZWxzZSBpZiAob3BlcmF0aW9uPT0iY2h1cm4iKSByZXR1cm4gIiNGRjgxMDAiOworCSAgCSAgICAJICAJCiAJICAgIAkgICAgCSAgfSk7CiAJICAgIGVsc2UgZDMuc2VsZWN0KGQubm9kZSkuY2xhc3NlZCgibm9kZS0taG92ZXIiLCBob3ZlcikuCiAJICAgIHNlbGVjdCgicmVjdCIpLnN0eWxlKCJmaWxsIiwiIzY0OTVlZCIpOworCS4Jc2VsZWN0KCJyZWN0IikKKwkgICAgICAuc3R5bGUoImJvZGVyLWNvbG9yIiwiYmxhY2siKQogCSAgfTsKICAgLyoqCiAgIHZhciBvcGVyYXRpb24gPSBkLmRhdGEub3BlcmF0aW9uOwpAQCAtODgsNiArODgsOSBAQAogCXNldFNjYWxlKHBhcmVudCwgbWluV2luZCwgbWF4V2luZCwgd2luZFNjYWxlLCAxNCk7CiAJdmFyIGNlbGwgPSBzdmcKICAgICAuc2VsZWN0QWxsKCIubm9kZSIpCisgICAgc2V0RWxlbWVudFRleHQoZG9jdW1lbnQuZ2V0RWxlbWVudEJ5SWQoJ3RlbXBfdGl0bGUnKSwgdGVtcFRpdGxlKTsKKwl2YXIgbGFiZWwgPSBjZWxsLmFwcGVuZCgidGV4dCIpCisgICAgLmF0dHIoImNsaXAtcGF0aCIsIGZ1bmN0aW9uKGQpIHsgcmV0dXJuICJ1cmwoI2NsaXAtIiArIGQuaWQgKyAiKSI7IH0pOwogICAgIC5kYXRhKHJvb3QuZGVzY2VuZGFudHMoKSkKICAgICAuZW50ZXIoKS5hcHBlbmQoImciKQogICAgICAgIC5hdHRyKCJ0cmFuc2Zvcm0iLCBmdW5jdGlvbihkKSB7IHJldHVybiAidHJhbnNsYXRlKCIgKyBkLngwICsgIiwiICsgZC55MCArICIpIjsgfSkKQEAgLTEzMyw2ICsxMzYsOSBAQAogICAgIC5lbnRlcigpLmFwcGVuZCgiZyIpCiAgICAgICAgLmF0dHIoInRyYW5zZm9ybSIsIGZ1bmN0aW9uKGQpIHsgcmV0dXJuICJ0cmFuc2xhdGUoIiArIGQueDAgKyAiLCIgKyBkLnkwICsgIikiOyB9KQogICAgICAgLmF0dHIoImNsYXNzIiwgIm5vZGUiKQorICAgICAgc2V0RWxlbWVudFRleHQoZG9jdW1lbnQuZ2V0RWxlbWVudEJ5SWQoJ3RlbXBfdGl0bGUnKSwgdGVtcFRpdGxlKTsKKwl2YXIgbGFiZWwgPSBjZWxsLmFwcGVuZCgidGV4dCIpCisgICAgLmF0dHIoImNsaXAtcGF0aCIsIGZ1bmN0aW9uKGQpIHsgcmV0dXJuICJ1cmwoI2NsaXAtIiArIGQuaWQgKyAiKSI7IH0pOwogICAgICAgLmVhY2goZnVuY3Rpb24oZCkgeyBkLm5vZGUgPSB0aGlzOyB9KQogICAgICAgLm9uKCJtb3VzZW92ZXIiLCBob3ZlcmVkKHRydWUpKQogICAgICAgLm9uKCJtb3VzZW91dCIsIGhvdmVyZWQoZmFsc2UpKQpAQCAtMTUwLDYgKzE1NiwxMiBAQAogCXNldEVsZW1lbnRUZXh0KGRvY3VtZW50LmdldEVsZW1lbnRCeUlkKCd0ZW1wX3RpdGxlJyksIHRlbXBUaXRsZSk7CiAJdmFyIGxhYmVsID0gY2VsbC5hcHBlbmQoInRleHQiKQogICAgIC5hdHRyKCJjbGlwLXBhdGgiLCBmdW5jdGlvbihkKSB7IHJldHVybiAidXJsKCNjbGlwLSIgKyBkLmlkICsgIikiOyB9KTsKKwlzZXRFbGVtZW50VGV4dChkb2N1bWVudC5nZXRFbGVtZW50QnlJZCgndGVtcF90aXRsZScpLCB0ZW1wVGl0bGUpOworCXZhciBsYWJlbCA9IGNlbGwuYXBwZW5kKCJ0ZXh0IikKKyAgICAuYXR0cigiY2xpcC1wYXRoIiwgZnVuY3Rpb24oZCkgeyByZXR1cm4gInVybCgjY2xpcC0iICsgZC5pZCArICIpIjsgfSk7CisJc2V0RWxlbWVudFRleHQoZG9jdW1lbnQuZ2V0RWxlbWVudEJ5SWQoJ3RlbXBfdGl0bGUnKSwgdGVtcFRpdGxlKTsKKwl2YXIgbGFiZWwgPSBjZWxsLmFwcGVuZCgidGV4dCIpCisgICAgLmF0dHIoImNsaXAtcGF0aCIsIGZ1bmN0aW9uKGQpIHsgcmV0dXJuICJ1cmwoI2NsaXAtIiArIGQuaWQgKyAiKSI7IH0pOwogCiBsYWJlbAogICAuZmlsdGVyKGZ1bmN0aW9uKGQpIHsgcmV0dXJuIGQuY2hpbGRyZW47IH0pCg==',13,20,2,'CHANGE_IN_VARIATION_POINT_BODY');
INSERT IGNORE INTO developer_group (id_developer_group) VALUES 
(21);
INSERT IGNORE INTO developer_bridge (id_developer_group,id_developer) VALUES 
(21,1);
INSERT IGNORE INTO customization_fact (idcustomization, lines_added,lines_deleted,custom_diff,commit_set,message_set,greater_diff,idvariationpoint,id_developer_group, idproductrelease, type) VALUES
(21,3,0,'ZGlmZiAtLWdpdCBhL2lucHV0L2pzL3NjYWxlLmpzIGIvaW5wdXQvanMvc2NhbGUuanMKaW5kZXggYzI3OWVhYS4uYjIxZDcyYSAxMDA2NDQKLS0tIGEvaW5wdXQvanMvc2NhbGUuanMKKysrIGIvaW5wdXQvanMvc2NhbGUuanMKQEAgLTg4LDYgKzg4LDkgQEAgRXhwcmVzc2lvbjogIChwdjpoYXNGZWF0dXJlKCdXaW5kU3BlZWQnKSlDaGFuZ2UgVHlwZTogQ0hBTkdFX0lOX1ZBUklBVElPTl9QT0lOVF9CT0RZCiAJc2V0U2NhbGUocGFyZW50LCBtaW5XaW5kLCBtYXhXaW5kLCB3aW5kU2NhbGUsIDE0KTsKIAl2YXIgY2VsbCA9IHN2ZwogICAgIC5zZWxlY3RBbGwoIi5ub2RlIikKKyAgICBzZXRFbGVtZW50VGV4dChkb2N1bWVudC5nZXRFbGVtZW50QnlJZCgndGVtcF90aXRsZScpLCB0ZW1wVGl0bGUpOy8vQXV0aG9yZWQgYnk6IGxldGltb21lIGluIGNvbW1pdDo0YjE2ZjFjYmQyYmNlZTc3YzdiZDVjN2M1MDgzMDdkMTg3N2E1YjU0LCB3aXRoIG1lc3NhZ2U6YWRkZWQgc2NhbGUgCisJdmFyIGxhYmVsID0gY2VsbC5hcHBlbmQoInRleHQiKS8vQXV0aG9yZWQgYnk6IGxldGltb21lIGluIGNvbW1pdDo0YjE2ZjFjYmQyYmNlZTc3YzdiZDVjN2M1MDgzMDdkMTg3N2E1YjU0LCB3aXRoIG1lc3NhZ2U6YWRkZWQgc2NhbGUgCisgICAgLmF0dHIoImNsaXAtcGF0aCIsIGZ1bmN0aW9uKGQpIHsgcmV0dXJuICJ1cmwoI2NsaXAtIiArIGQuaWQgKyAiKSI7IH0pOy8vQXV0aG9yZWQgYnk6IGxldGltb21lIGluIGNvbW1pdDo0YjE2ZjFjYmQyYmNlZTc3YzdiZDVjN2M1MDgzMDdkMTg3N2E1YjU0LCB3aXRoIG1lc3NhZ2U6YWRkZWQgc2NhbGUgCiAgICAgLmRhdGEocm9vdC5kZXNjZW5kYW50cygpKQogICAgIC5lbnRlcigpLmFwcGVuZCgiZyIpCiAgICAgICAgLmF0dHIoInRyYW5zZm9ybSIsIGZ1bmN0aW9uKGQpIHsgcmV0dXJuICJ0cmFuc2xhdGUoIiArIGQueDAgKyAiLCIgKyBkLnkwICsgIikiOyB9KQo=','4b16f1cbd2bcee77c7bd5c7c508307d1877a5b54; 4b16f1cbd2bcee77c7bd5c7c508307d1877a5b54; 4b16f1cbd2bcee77c7bd5c7c508307d1877a5b54; ','added scale
; ','ZGlmZiAtLWdpdCBhL2lucHV0L2pzL3NjYWxlLmpzIGIvaW5wdXQvanMvc2NhbGUuanMKaW5kZXggYzI3OWVhYS4uYjIxZDcyYSAxMDA2NDQKLS0tIGEvaW5wdXQvanMvc2NhbGUuanMKKysrIGIvaW5wdXQvanMvc2NhbGUuanMKQEAgLTYyLDEyICs2MiwxMiBAQAogCSAgICAJICAgICAgc3R5bGUoImZpbGwiLCBmdW5jdGlvbihkKSB7IAogCSAgICAJICAgIAkgIAl2YXIgb3BlcmF0aW9uID0gZC5kYXRhLm9wZXJhdGlvbjsKIAkgIAkgICAgCQlpZiAoIChvcGVyYXRpb24gPT0idW5kZWZpbmVkIikgfHwgKGQuZGF0YS5vcGVyYXRpb249PW51bGwpKSByZXR1cm4gIiNjY2NjY2MiOwotCSAgCSAgICAJICAJZWxzZSBpZiAob3BlcmF0aW9uPT0oImFkZCIpKSByZXR1cm4gIiMzZmFjNTQiOwotCSAgCSAgICAJICAJZWxzZSBpZiAob3BlcmF0aW9uPT0oImRlbGV0ZSIpKSByZXR1cm4gIiNlNjMyM2QiOwotCSAgCSAgICAJICAJZWxzZSBpZiAob3BlcmF0aW9uPT0iY2h1cm4iKSByZXR1cm4gIiNGRjgxMDAiOworCSAgCSAgICAJICAJCiAJICAgIAkgICAgCSAgfSk7CiAJICAgIGVsc2UgZDMuc2VsZWN0KGQubm9kZSkuY2xhc3NlZCgibm9kZS0taG92ZXIiLCBob3ZlcikuCiAJICAgIHNlbGVjdCgicmVjdCIpLnN0eWxlKCJmaWxsIiwiIzY0OTVlZCIpOworCS4Jc2VsZWN0KCJyZWN0IikKKwkgICAgICAuc3R5bGUoImJvZGVyLWNvbG9yIiwiYmxhY2siKQogCSAgfTsKICAgLyoqCiAgIHZhciBvcGVyYXRpb24gPSBkLmRhdGEub3BlcmF0aW9uOwpAQCAtODgsNiArODgsOSBAQAogCXNldFNjYWxlKHBhcmVudCwgbWluV2luZCwgbWF4V2luZCwgd2luZFNjYWxlLCAxNCk7CiAJdmFyIGNlbGwgPSBzdmcKICAgICAuc2VsZWN0QWxsKCIubm9kZSIpCisgICAgc2V0RWxlbWVudFRleHQoZG9jdW1lbnQuZ2V0RWxlbWVudEJ5SWQoJ3RlbXBfdGl0bGUnKSwgdGVtcFRpdGxlKTsKKwl2YXIgbGFiZWwgPSBjZWxsLmFwcGVuZCgidGV4dCIpCisgICAgLmF0dHIoImNsaXAtcGF0aCIsIGZ1bmN0aW9uKGQpIHsgcmV0dXJuICJ1cmwoI2NsaXAtIiArIGQuaWQgKyAiKSI7IH0pOwogICAgIC5kYXRhKHJvb3QuZGVzY2VuZGFudHMoKSkKICAgICAuZW50ZXIoKS5hcHBlbmQoImciKQogICAgICAgIC5hdHRyKCJ0cmFuc2Zvcm0iLCBmdW5jdGlvbihkKSB7IHJldHVybiAidHJhbnNsYXRlKCIgKyBkLngwICsgIiwiICsgZC55MCArICIpIjsgfSkKQEAgLTEzMyw2ICsxMzYsOSBAQAogICAgIC5lbnRlcigpLmFwcGVuZCgiZyIpCiAgICAgICAgLmF0dHIoInRyYW5zZm9ybSIsIGZ1bmN0aW9uKGQpIHsgcmV0dXJuICJ0cmFuc2xhdGUoIiArIGQueDAgKyAiLCIgKyBkLnkwICsgIikiOyB9KQogICAgICAgLmF0dHIoImNsYXNzIiwgIm5vZGUiKQorICAgICAgc2V0RWxlbWVudFRleHQoZG9jdW1lbnQuZ2V0RWxlbWVudEJ5SWQoJ3RlbXBfdGl0bGUnKSwgdGVtcFRpdGxlKTsKKwl2YXIgbGFiZWwgPSBjZWxsLmFwcGVuZCgidGV4dCIpCisgICAgLmF0dHIoImNsaXAtcGF0aCIsIGZ1bmN0aW9uKGQpIHsgcmV0dXJuICJ1cmwoI2NsaXAtIiArIGQuaWQgKyAiKSI7IH0pOwogICAgICAgLmVhY2goZnVuY3Rpb24oZCkgeyBkLm5vZGUgPSB0aGlzOyB9KQogICAgICAgLm9uKCJtb3VzZW92ZXIiLCBob3ZlcmVkKHRydWUpKQogICAgICAgLm9uKCJtb3VzZW91dCIsIGhvdmVyZWQoZmFsc2UpKQpAQCAtMTUwLDYgKzE1NiwxMiBAQAogCXNldEVsZW1lbnRUZXh0KGRvY3VtZW50LmdldEVsZW1lbnRCeUlkKCd0ZW1wX3RpdGxlJyksIHRlbXBUaXRsZSk7CiAJdmFyIGxhYmVsID0gY2VsbC5hcHBlbmQoInRleHQiKQogICAgIC5hdHRyKCJjbGlwLXBhdGgiLCBmdW5jdGlvbihkKSB7IHJldHVybiAidXJsKCNjbGlwLSIgKyBkLmlkICsgIikiOyB9KTsKKwlzZXRFbGVtZW50VGV4dChkb2N1bWVudC5nZXRFbGVtZW50QnlJZCgndGVtcF90aXRsZScpLCB0ZW1wVGl0bGUpOworCXZhciBsYWJlbCA9IGNlbGwuYXBwZW5kKCJ0ZXh0IikKKyAgICAuYXR0cigiY2xpcC1wYXRoIiwgZnVuY3Rpb24oZCkgeyByZXR1cm4gInVybCgjY2xpcC0iICsgZC5pZCArICIpIjsgfSk7CisJc2V0RWxlbWVudFRleHQoZG9jdW1lbnQuZ2V0RWxlbWVudEJ5SWQoJ3RlbXBfdGl0bGUnKSwgdGVtcFRpdGxlKTsKKwl2YXIgbGFiZWwgPSBjZWxsLmFwcGVuZCgidGV4dCIpCisgICAgLmF0dHIoImNsaXAtcGF0aCIsIGZ1bmN0aW9uKGQpIHsgcmV0dXJuICJ1cmwoI2NsaXAtIiArIGQuaWQgKyAiKSI7IH0pOwogCiBsYWJlbAogICAuZmlsdGVyKGZ1bmN0aW9uKGQpIHsgcmV0dXJuIGQuY2hpbGRyZW47IH0pCg==',14,21,2,'CHANGE_IN_VARIATION_POINT_BODY');
INSERT IGNORE INTO developer_group (id_developer_group) VALUES 
(22);
INSERT IGNORE INTO developer_bridge (id_developer_group,id_developer) VALUES 
(22,1);
INSERT IGNORE INTO customization_fact (idcustomization, lines_added,lines_deleted,custom_diff,commit_set,message_set,greater_diff,idvariationpoint,id_developer_group, idproductrelease, type) VALUES
(22,3,0,'ZGlmZiAtLWdpdCBhL2lucHV0L2pzL3NjYWxlLmpzIGIvaW5wdXQvanMvc2NhbGUuanMKaW5kZXggYzI3OWVhYS4uYjIxZDcyYSAxMDA2NDQKLS0tIGEvaW5wdXQvanMvc2NhbGUuanMKKysrIGIvaW5wdXQvanMvc2NhbGUuanMKQEAgLTEzMyw2ICsxMzYsOSBAQCBFeHByZXNzaW9uOiAgKHB2Omhhc0ZlYXR1cmUoJ0FpclByZXNzdXJlJykpQ2hhbmdlIFR5cGU6IENIQU5HRV9JTl9WQVJJQVRJT05fUE9JTlRfQk9EWQogICAgIC5lbnRlcigpLmFwcGVuZCgiZyIpCiAgICAgICAgLmF0dHIoInRyYW5zZm9ybSIsIGZ1bmN0aW9uKGQpIHsgcmV0dXJuICJ0cmFuc2xhdGUoIiArIGQueDAgKyAiLCIgKyBkLnkwICsgIikiOyB9KQogICAgICAgLmF0dHIoImNsYXNzIiwgIm5vZGUiKQorICAgICAgc2V0RWxlbWVudFRleHQoZG9jdW1lbnQuZ2V0RWxlbWVudEJ5SWQoJ3RlbXBfdGl0bGUnKSwgdGVtcFRpdGxlKTsvL0F1dGhvcmVkIGJ5OiBsZXRpbW9tZSBpbiBjb21taXQ6NGIxNmYxY2JkMmJjZWU3N2M3YmQ1YzdjNTA4MzA3ZDE4NzdhNWI1NCwgd2l0aCBtZXNzYWdlOmFkZGVkIHNjYWxlIAorCXZhciBsYWJlbCA9IGNlbGwuYXBwZW5kKCJ0ZXh0IikvL0F1dGhvcmVkIGJ5OiBsZXRpbW9tZSBpbiBjb21taXQ6NGIxNmYxY2JkMmJjZWU3N2M3YmQ1YzdjNTA4MzA3ZDE4NzdhNWI1NCwgd2l0aCBtZXNzYWdlOmFkZGVkIHNjYWxlIAorICAgIC5hdHRyKCJjbGlwLXBhdGgiLCBmdW5jdGlvbihkKSB7IHJldHVybiAidXJsKCNjbGlwLSIgKyBkLmlkICsgIikiOyB9KTsvL0F1dGhvcmVkIGJ5OiBsZXRpbW9tZSBpbiBjb21taXQ6NGIxNmYxY2JkMmJjZWU3N2M3YmQ1YzdjNTA4MzA3ZDE4NzdhNWI1NCwgd2l0aCBtZXNzYWdlOmFkZGVkIHNjYWxlIAogICAgICAgLmVhY2goZnVuY3Rpb24oZCkgeyBkLm5vZGUgPSB0aGlzOyB9KQogICAgICAgLm9uKCJtb3VzZW92ZXIiLCBob3ZlcmVkKHRydWUpKQogICAgICAgLm9uKCJtb3VzZW91dCIsIGhvdmVyZWQoZmFsc2UpKQo=','4b16f1cbd2bcee77c7bd5c7c508307d1877a5b54; 4b16f1cbd2bcee77c7bd5c7c508307d1877a5b54; 4b16f1cbd2bcee77c7bd5c7c508307d1877a5b54; ','added scale
; ','ZGlmZiAtLWdpdCBhL2lucHV0L2pzL3NjYWxlLmpzIGIvaW5wdXQvanMvc2NhbGUuanMKaW5kZXggYzI3OWVhYS4uYjIxZDcyYSAxMDA2NDQKLS0tIGEvaW5wdXQvanMvc2NhbGUuanMKKysrIGIvaW5wdXQvanMvc2NhbGUuanMKQEAgLTYyLDEyICs2MiwxMiBAQAogCSAgICAJICAgICAgc3R5bGUoImZpbGwiLCBmdW5jdGlvbihkKSB7IAogCSAgICAJICAgIAkgIAl2YXIgb3BlcmF0aW9uID0gZC5kYXRhLm9wZXJhdGlvbjsKIAkgIAkgICAgCQlpZiAoIChvcGVyYXRpb24gPT0idW5kZWZpbmVkIikgfHwgKGQuZGF0YS5vcGVyYXRpb249PW51bGwpKSByZXR1cm4gIiNjY2NjY2MiOwotCSAgCSAgICAJICAJZWxzZSBpZiAob3BlcmF0aW9uPT0oImFkZCIpKSByZXR1cm4gIiMzZmFjNTQiOwotCSAgCSAgICAJICAJZWxzZSBpZiAob3BlcmF0aW9uPT0oImRlbGV0ZSIpKSByZXR1cm4gIiNlNjMyM2QiOwotCSAgCSAgICAJICAJZWxzZSBpZiAob3BlcmF0aW9uPT0iY2h1cm4iKSByZXR1cm4gIiNGRjgxMDAiOworCSAgCSAgICAJICAJCiAJICAgIAkgICAgCSAgfSk7CiAJICAgIGVsc2UgZDMuc2VsZWN0KGQubm9kZSkuY2xhc3NlZCgibm9kZS0taG92ZXIiLCBob3ZlcikuCiAJICAgIHNlbGVjdCgicmVjdCIpLnN0eWxlKCJmaWxsIiwiIzY0OTVlZCIpOworCS4Jc2VsZWN0KCJyZWN0IikKKwkgICAgICAuc3R5bGUoImJvZGVyLWNvbG9yIiwiYmxhY2siKQogCSAgfTsKICAgLyoqCiAgIHZhciBvcGVyYXRpb24gPSBkLmRhdGEub3BlcmF0aW9uOwpAQCAtODgsNiArODgsOSBAQAogCXNldFNjYWxlKHBhcmVudCwgbWluV2luZCwgbWF4V2luZCwgd2luZFNjYWxlLCAxNCk7CiAJdmFyIGNlbGwgPSBzdmcKICAgICAuc2VsZWN0QWxsKCIubm9kZSIpCisgICAgc2V0RWxlbWVudFRleHQoZG9jdW1lbnQuZ2V0RWxlbWVudEJ5SWQoJ3RlbXBfdGl0bGUnKSwgdGVtcFRpdGxlKTsKKwl2YXIgbGFiZWwgPSBjZWxsLmFwcGVuZCgidGV4dCIpCisgICAgLmF0dHIoImNsaXAtcGF0aCIsIGZ1bmN0aW9uKGQpIHsgcmV0dXJuICJ1cmwoI2NsaXAtIiArIGQuaWQgKyAiKSI7IH0pOwogICAgIC5kYXRhKHJvb3QuZGVzY2VuZGFudHMoKSkKICAgICAuZW50ZXIoKS5hcHBlbmQoImciKQogICAgICAgIC5hdHRyKCJ0cmFuc2Zvcm0iLCBmdW5jdGlvbihkKSB7IHJldHVybiAidHJhbnNsYXRlKCIgKyBkLngwICsgIiwiICsgZC55MCArICIpIjsgfSkKQEAgLTEzMyw2ICsxMzYsOSBAQAogICAgIC5lbnRlcigpLmFwcGVuZCgiZyIpCiAgICAgICAgLmF0dHIoInRyYW5zZm9ybSIsIGZ1bmN0aW9uKGQpIHsgcmV0dXJuICJ0cmFuc2xhdGUoIiArIGQueDAgKyAiLCIgKyBkLnkwICsgIikiOyB9KQogICAgICAgLmF0dHIoImNsYXNzIiwgIm5vZGUiKQorICAgICAgc2V0RWxlbWVudFRleHQoZG9jdW1lbnQuZ2V0RWxlbWVudEJ5SWQoJ3RlbXBfdGl0bGUnKSwgdGVtcFRpdGxlKTsKKwl2YXIgbGFiZWwgPSBjZWxsLmFwcGVuZCgidGV4dCIpCisgICAgLmF0dHIoImNsaXAtcGF0aCIsIGZ1bmN0aW9uKGQpIHsgcmV0dXJuICJ1cmwoI2NsaXAtIiArIGQuaWQgKyAiKSI7IH0pOwogICAgICAgLmVhY2goZnVuY3Rpb24oZCkgeyBkLm5vZGUgPSB0aGlzOyB9KQogICAgICAgLm9uKCJtb3VzZW92ZXIiLCBob3ZlcmVkKHRydWUpKQogICAgICAgLm9uKCJtb3VzZW91dCIsIGhvdmVyZWQoZmFsc2UpKQpAQCAtMTUwLDYgKzE1NiwxMiBAQAogCXNldEVsZW1lbnRUZXh0KGRvY3VtZW50LmdldEVsZW1lbnRCeUlkKCd0ZW1wX3RpdGxlJyksIHRlbXBUaXRsZSk7CiAJdmFyIGxhYmVsID0gY2VsbC5hcHBlbmQoInRleHQiKQogICAgIC5hdHRyKCJjbGlwLXBhdGgiLCBmdW5jdGlvbihkKSB7IHJldHVybiAidXJsKCNjbGlwLSIgKyBkLmlkICsgIikiOyB9KTsKKwlzZXRFbGVtZW50VGV4dChkb2N1bWVudC5nZXRFbGVtZW50QnlJZCgndGVtcF90aXRsZScpLCB0ZW1wVGl0bGUpOworCXZhciBsYWJlbCA9IGNlbGwuYXBwZW5kKCJ0ZXh0IikKKyAgICAuYXR0cigiY2xpcC1wYXRoIiwgZnVuY3Rpb24oZCkgeyByZXR1cm4gInVybCgjY2xpcC0iICsgZC5pZCArICIpIjsgfSk7CisJc2V0RWxlbWVudFRleHQoZG9jdW1lbnQuZ2V0RWxlbWVudEJ5SWQoJ3RlbXBfdGl0bGUnKSwgdGVtcFRpdGxlKTsKKwl2YXIgbGFiZWwgPSBjZWxsLmFwcGVuZCgidGV4dCIpCisgICAgLmF0dHIoImNsaXAtcGF0aCIsIGZ1bmN0aW9uKGQpIHsgcmV0dXJuICJ1cmwoI2NsaXAtIiArIGQuaWQgKyAiKSI7IH0pOwogCiBsYWJlbAogICAuZmlsdGVyKGZ1bmN0aW9uKGQpIHsgcmV0dXJuIGQuY2hpbGRyZW47IH0pCg==',15,22,2,'CHANGE_IN_VARIATION_POINT_BODY');
INSERT IGNORE INTO developer_group (id_developer_group) VALUES 
(23);
INSERT IGNORE INTO developer_bridge (id_developer_group,id_developer) VALUES 
(23,1);
INSERT IGNORE INTO customization_fact (idcustomization, lines_added,lines_deleted,custom_diff,commit_set,message_set,greater_diff,idvariationpoint,id_developer_group, idproductrelease, type) VALUES
(23,6,0,'ZGlmZiAtLWdpdCBhL2lucHV0L2pzL3NjYWxlLmpzIGIvaW5wdXQvanMvc2NhbGUuanMKaW5kZXggYzI3OWVhYS4uYjIxZDcyYSAxMDA2NDQKLS0tIGEvaW5wdXQvanMvc2NhbGUuanMKKysrIGIvaW5wdXQvanMvc2NhbGUuanMKQEAgLTE1MCw2ICsxNTYsMTIgQEAgRXhwcmVzc2lvbjogIChwdjpoYXNGZWF0dXJlKCdUZW1wZXJhdHVyZScpKUNoYW5nZSBUeXBlOiBDSEFOR0VfSU5fVkFSSUFUSU9OX1BPSU5UX0JPRFkKIAlzZXRFbGVtZW50VGV4dChkb2N1bWVudC5nZXRFbGVtZW50QnlJZCgndGVtcF90aXRsZScpLCB0ZW1wVGl0bGUpOwogCXZhciBsYWJlbCA9IGNlbGwuYXBwZW5kKCJ0ZXh0IikKICAgICAuYXR0cigiY2xpcC1wYXRoIiwgZnVuY3Rpb24oZCkgeyByZXR1cm4gInVybCgjY2xpcC0iICsgZC5pZCArICIpIjsgfSk7CisJc2V0RWxlbWVudFRleHQoZG9jdW1lbnQuZ2V0RWxlbWVudEJ5SWQoJ3RlbXBfdGl0bGUnKSwgdGVtcFRpdGxlKTsvL0F1dGhvcmVkIGJ5OiBsZXRpbW9tZSBpbiBjb21taXQ6NGIxNmYxY2JkMmJjZWU3N2M3YmQ1YzdjNTA4MzA3ZDE4NzdhNWI1NCwgd2l0aCBtZXNzYWdlOmFkZGVkIHNjYWxlIAorCXZhciBsYWJlbCA9IGNlbGwuYXBwZW5kKCJ0ZXh0IikvL0F1dGhvcmVkIGJ5OiBsZXRpbW9tZSBpbiBjb21taXQ6NGIxNmYxY2JkMmJjZWU3N2M3YmQ1YzdjNTA4MzA3ZDE4NzdhNWI1NCwgd2l0aCBtZXNzYWdlOmFkZGVkIHNjYWxlIAorICAgIC5hdHRyKCJjbGlwLXBhdGgiLCBmdW5jdGlvbihkKSB7IHJldHVybiAidXJsKCNjbGlwLSIgKyBkLmlkICsgIikiOyB9KTsvL0F1dGhvcmVkIGJ5OiBsZXRpbW9tZSBpbiBjb21taXQ6NGIxNmYxY2JkMmJjZWU3N2M3YmQ1YzdjNTA4MzA3ZDE4NzdhNWI1NCwgd2l0aCBtZXNzYWdlOmFkZGVkIHNjYWxlIAorCXNldEVsZW1lbnRUZXh0KGRvY3VtZW50LmdldEVsZW1lbnRCeUlkKCd0ZW1wX3RpdGxlJyksIHRlbXBUaXRsZSk7Ly9BdXRob3JlZCBieTogbGV0aW1vbWUgaW4gY29tbWl0OjRiMTZmMWNiZDJiY2VlNzdjN2JkNWM3YzUwODMwN2QxODc3YTViNTQsIHdpdGggbWVzc2FnZTphZGRlZCBzY2FsZSAKKwl2YXIgbGFiZWwgPSBjZWxsLmFwcGVuZCgidGV4dCIpLy9BdXRob3JlZCBieTogbGV0aW1vbWUgaW4gY29tbWl0OjRiMTZmMWNiZDJiY2VlNzdjN2JkNWM3YzUwODMwN2QxODc3YTViNTQsIHdpdGggbWVzc2FnZTphZGRlZCBzY2FsZSAKKyAgICAuYXR0cigiY2xpcC1wYXRoIiwgZnVuY3Rpb24oZCkgeyByZXR1cm4gInVybCgjY2xpcC0iICsgZC5pZCArICIpIjsgfSk7Ly9BdXRob3JlZCBieTogbGV0aW1vbWUgaW4gY29tbWl0OjRiMTZmMWNiZDJiY2VlNzdjN2JkNWM3YzUwODMwN2QxODc3YTViNTQsIHdpdGggbWVzc2FnZTphZGRlZCBzY2FsZSAKIAogbGFiZWwKICAgLmZpbHRlcihmdW5jdGlvbihkKSB7IHJldHVybiBkLmNoaWxkcmVuOyB9KQo=','4b16f1cbd2bcee77c7bd5c7c508307d1877a5b54; 4b16f1cbd2bcee77c7bd5c7c508307d1877a5b54; 4b16f1cbd2bcee77c7bd5c7c508307d1877a5b54; 4b16f1cbd2bcee77c7bd5c7c508307d1877a5b54; 4b16f1cbd2bcee77c7bd5c7c508307d1877a5b54; 4b16f1cbd2bcee77c7bd5c7c508307d1877a5b54; ','added scale
; ','ZGlmZiAtLWdpdCBhL2lucHV0L2pzL3NjYWxlLmpzIGIvaW5wdXQvanMvc2NhbGUuanMKaW5kZXggYzI3OWVhYS4uYjIxZDcyYSAxMDA2NDQKLS0tIGEvaW5wdXQvanMvc2NhbGUuanMKKysrIGIvaW5wdXQvanMvc2NhbGUuanMKQEAgLTYyLDEyICs2MiwxMiBAQAogCSAgICAJICAgICAgc3R5bGUoImZpbGwiLCBmdW5jdGlvbihkKSB7IAogCSAgICAJICAgIAkgIAl2YXIgb3BlcmF0aW9uID0gZC5kYXRhLm9wZXJhdGlvbjsKIAkgIAkgICAgCQlpZiAoIChvcGVyYXRpb24gPT0idW5kZWZpbmVkIikgfHwgKGQuZGF0YS5vcGVyYXRpb249PW51bGwpKSByZXR1cm4gIiNjY2NjY2MiOwotCSAgCSAgICAJICAJZWxzZSBpZiAob3BlcmF0aW9uPT0oImFkZCIpKSByZXR1cm4gIiMzZmFjNTQiOwotCSAgCSAgICAJICAJZWxzZSBpZiAob3BlcmF0aW9uPT0oImRlbGV0ZSIpKSByZXR1cm4gIiNlNjMyM2QiOwotCSAgCSAgICAJICAJZWxzZSBpZiAob3BlcmF0aW9uPT0iY2h1cm4iKSByZXR1cm4gIiNGRjgxMDAiOworCSAgCSAgICAJICAJCiAJICAgIAkgICAgCSAgfSk7CiAJICAgIGVsc2UgZDMuc2VsZWN0KGQubm9kZSkuY2xhc3NlZCgibm9kZS0taG92ZXIiLCBob3ZlcikuCiAJICAgIHNlbGVjdCgicmVjdCIpLnN0eWxlKCJmaWxsIiwiIzY0OTVlZCIpOworCS4Jc2VsZWN0KCJyZWN0IikKKwkgICAgICAuc3R5bGUoImJvZGVyLWNvbG9yIiwiYmxhY2siKQogCSAgfTsKICAgLyoqCiAgIHZhciBvcGVyYXRpb24gPSBkLmRhdGEub3BlcmF0aW9uOwpAQCAtODgsNiArODgsOSBAQAogCXNldFNjYWxlKHBhcmVudCwgbWluV2luZCwgbWF4V2luZCwgd2luZFNjYWxlLCAxNCk7CiAJdmFyIGNlbGwgPSBzdmcKICAgICAuc2VsZWN0QWxsKCIubm9kZSIpCisgICAgc2V0RWxlbWVudFRleHQoZG9jdW1lbnQuZ2V0RWxlbWVudEJ5SWQoJ3RlbXBfdGl0bGUnKSwgdGVtcFRpdGxlKTsKKwl2YXIgbGFiZWwgPSBjZWxsLmFwcGVuZCgidGV4dCIpCisgICAgLmF0dHIoImNsaXAtcGF0aCIsIGZ1bmN0aW9uKGQpIHsgcmV0dXJuICJ1cmwoI2NsaXAtIiArIGQuaWQgKyAiKSI7IH0pOwogICAgIC5kYXRhKHJvb3QuZGVzY2VuZGFudHMoKSkKICAgICAuZW50ZXIoKS5hcHBlbmQoImciKQogICAgICAgIC5hdHRyKCJ0cmFuc2Zvcm0iLCBmdW5jdGlvbihkKSB7IHJldHVybiAidHJhbnNsYXRlKCIgKyBkLngwICsgIiwiICsgZC55MCArICIpIjsgfSkKQEAgLTEzMyw2ICsxMzYsOSBAQAogICAgIC5lbnRlcigpLmFwcGVuZCgiZyIpCiAgICAgICAgLmF0dHIoInRyYW5zZm9ybSIsIGZ1bmN0aW9uKGQpIHsgcmV0dXJuICJ0cmFuc2xhdGUoIiArIGQueDAgKyAiLCIgKyBkLnkwICsgIikiOyB9KQogICAgICAgLmF0dHIoImNsYXNzIiwgIm5vZGUiKQorICAgICAgc2V0RWxlbWVudFRleHQoZG9jdW1lbnQuZ2V0RWxlbWVudEJ5SWQoJ3RlbXBfdGl0bGUnKSwgdGVtcFRpdGxlKTsKKwl2YXIgbGFiZWwgPSBjZWxsLmFwcGVuZCgidGV4dCIpCisgICAgLmF0dHIoImNsaXAtcGF0aCIsIGZ1bmN0aW9uKGQpIHsgcmV0dXJuICJ1cmwoI2NsaXAtIiArIGQuaWQgKyAiKSI7IH0pOwogICAgICAgLmVhY2goZnVuY3Rpb24oZCkgeyBkLm5vZGUgPSB0aGlzOyB9KQogICAgICAgLm9uKCJtb3VzZW92ZXIiLCBob3ZlcmVkKHRydWUpKQogICAgICAgLm9uKCJtb3VzZW91dCIsIGhvdmVyZWQoZmFsc2UpKQpAQCAtMTUwLDYgKzE1NiwxMiBAQAogCXNldEVsZW1lbnRUZXh0KGRvY3VtZW50LmdldEVsZW1lbnRCeUlkKCd0ZW1wX3RpdGxlJyksIHRlbXBUaXRsZSk7CiAJdmFyIGxhYmVsID0gY2VsbC5hcHBlbmQoInRleHQiKQogICAgIC5hdHRyKCJjbGlwLXBhdGgiLCBmdW5jdGlvbihkKSB7IHJldHVybiAidXJsKCNjbGlwLSIgKyBkLmlkICsgIikiOyB9KTsKKwlzZXRFbGVtZW50VGV4dChkb2N1bWVudC5nZXRFbGVtZW50QnlJZCgndGVtcF90aXRsZScpLCB0ZW1wVGl0bGUpOworCXZhciBsYWJlbCA9IGNlbGwuYXBwZW5kKCJ0ZXh0IikKKyAgICAuYXR0cigiY2xpcC1wYXRoIiwgZnVuY3Rpb24oZCkgeyByZXR1cm4gInVybCgjY2xpcC0iICsgZC5pZCArICIpIjsgfSk7CisJc2V0RWxlbWVudFRleHQoZG9jdW1lbnQuZ2V0RWxlbWVudEJ5SWQoJ3RlbXBfdGl0bGUnKSwgdGVtcFRpdGxlKTsKKwl2YXIgbGFiZWwgPSBjZWxsLmFwcGVuZCgidGV4dCIpCisgICAgLmF0dHIoImNsaXAtcGF0aCIsIGZ1bmN0aW9uKGQpIHsgcmV0dXJuICJ1cmwoI2NsaXAtIiArIGQuaWQgKyAiKSI7IH0pOwogCiBsYWJlbAogICAuZmlsdGVyKGZ1bmN0aW9uKGQpIHsgcmV0dXJuIGQuY2hpbGRyZW47IH0pCg==',16,23,2,'CHANGE_IN_VARIATION_POINT_BODY');
INSERT IGNORE INTO developer_group (id_developer_group) VALUES 
(24);
INSERT IGNORE INTO developer_bridge (id_developer_group,id_developer) VALUES 
(24,1);
INSERT IGNORE INTO customization_fact (idcustomization, lines_added,lines_deleted,custom_diff,commit_set,message_set,greater_diff,idvariationpoint,id_developer_group, idproductrelease, type) VALUES
(24,20,0,'ZGlmZiAtLWdpdCBhL2lucHV0L21vZHVsZS9kZXZpY2VzLmpzIGIvaW5wdXQvbW9kdWxlL2RldmljZXMuanMKbmV3IGZpbGUgbW9kZSAxMDA2NDQKaW5kZXggMDAwMDAwMC4uMzUxMjAzMAotLS0gL2Rldi9udWxsCkBAIC0wLDIgKzEsMjAgQEAgRXhwcmVzc2lvbjogIChwdjpoYXNGZWF0dXJlKCdBaXJQcmVzc3VyZScpKUNoYW5nZSBUeXBlOiBORVdfQVNTRVRfV0lUSF9ORVdfVkFSSUFUSU9OUE9JTlRfQU5EX05FV19GRUFUVVJFUworLy8gUFY6SUZDT05EKHB2Omhhc0ZlYXR1cmUoJ0FpclByZXNzdXJlJykpLy9BdXRob3JlZCBieTogbGV0aW1vbWUgaW4gY29tbWl0OmJlZmM3ZjVlZGM0OTM5MDBjZTE2MWFlZDgyNmFlZTRlNDY2Nzc5NjMsIHdpdGggbWVzc2FnZTphZGRlZCBuZXcganMgbW9kdWxlCitmdW5jdGlvbiBhcHBseVByZXNzdXJlKCkgey8vQXV0aG9yZWQgYnk6IGxldGltb21lIGluIGNvbW1pdDpiZWZjN2Y1ZWRjNDkzOTAwY2UxNjFhZWQ4MjZhZWU0ZTQ2Njc3OTYzLCB3aXRoIG1lc3NhZ2U6YWRkZWQgbmV3IGpzIG1vZHVsZQorCXZhciBtZWFzdXJlVGV4dCA9IGRvY3VtZW50LmdldEVsZW1lbnRCeUlkKCJwX21lYXN1cmUiKTsvL0F1dGhvcmVkIGJ5OiBsZXRpbW9tZSBpbiBjb21taXQ6YmVmYzdmNWVkYzQ5MzkwMGNlMTYxYWVkODI2YWVlNGU0NjY3Nzk2Mywgd2l0aCBtZXNzYWdlOmFkZGVkIG5ldyBqcyBtb2R1bGUKKwl2YXIgcG9pbnRlciA9IGRvY3VtZW50LmdldEVsZW1lbnRCeUlkKCJwX3BvaW50Iik7Ly9BdXRob3JlZCBieTogbGV0aW1vbWUgaW4gY29tbWl0OmJlZmM3ZjVlZGM0OTM5MDBjZTE2MWFlZDgyNmFlZTRlNDY2Nzc5NjMsIHdpdGggbWVzc2FnZTphZGRlZCBuZXcganMgbW9kdWxlCisJYXBwbHlUYWNob1ZhbHVlKG1pblByZXMsIG1heFByZXMsIG1lYXN1cmVUZXh0LCBwb2ludGVyKTsvL0F1dGhvcmVkIGJ5OiBsZXRpbW9tZSBpbiBjb21taXQ6YmVmYzdmNWVkYzQ5MzkwMGNlMTYxYWVkODI2YWVlNGU0NjY3Nzk2Mywgd2l0aCBtZXNzYWdlOmFkZGVkIG5ldyBqcyBtb2R1bGUKKwlmdW5jdGlvbiBnZXRNZXRhQ29udGVudEJ5TmFtZShuYW1lLGNvbnRlbnQpey8vQXV0aG9yZWQgYnk6IGxldGltb21lIGluIGNvbW1pdDpiZWZjN2Y1ZWRjNDkzOTAwY2UxNjFhZWQ4MjZhZWU0ZTQ2Njc3OTYzLCB3aXRoIG1lc3NhZ2U6YWRkZWQgbmV3IGpzIG1vZHVsZQorCQkgICB2YXIgY29udGVudCA9IChjb250ZW50PT1udWxsKT8nY29udGVudCc6Y29udGVudDsvL0F1dGhvcmVkIGJ5OiBsZXRpbW9tZSBpbiBjb21taXQ6YmVmYzdmNWVkYzQ5MzkwMGNlMTYxYWVkODI2YWVlNGU0NjY3Nzk2Mywgd2l0aCBtZXNzYWdlOmFkZGVkIG5ldyBqcyBtb2R1bGUKKwkJICAgcmV0dXJuIGRvY3VtZW50LnF1ZXJ5U2VsZWN0b3IoIm1ldGFbbmFtZT0nIituYW1lKyInXSIpLmdldEF0dHJpYnV0ZShjb250ZW50KTsvL0F1dGhvcmVkIGJ5OiBsZXRpbW9tZSBpbiBjb21taXQ6YmVmYzdmNWVkYzQ5MzkwMGNlMTYxYWVkODI2YWVlNGU0NjY3Nzk2Mywgd2l0aCBtZXNzYWdlOmFkZGVkIG5ldyBqcyBtb2R1bGUKKwkJfS8vQXV0aG9yZWQgYnk6IGxldGltb21lIGluIGNvbW1pdDpiZWZjN2Y1ZWRjNDkzOTAwY2UxNjFhZWQ4MjZhZWU0ZTQ2Njc3OTYzLCB3aXRoIG1lc3NhZ2U6YWRkZWQgbmV3IGpzIG1vZHVsZQorCQkvL0F1dGhvcmVkIGJ5OiBsZXRpbW9tZSBpbiBjb21taXQ6YmVmYzdmNWVkYzQ5MzkwMGNlMTYxYWVkODI2YWVlNGU0NjY3Nzk2Mywgd2l0aCBtZXNzYWdlOmFkZGVkIG5ldyBqcyBtb2R1bGUKKwkJJChkb2N1bWVudCkucmVhZHkoZnVuY3Rpb24oKXsvL0F1dGhvcmVkIGJ5OiBsZXRpbW9tZSBpbiBjb21taXQ6YmVmYzdmNWVkYzQ5MzkwMGNlMTYxYWVkODI2YWVlNGU0NjY3Nzk2Mywgd2l0aCBtZXNzYWdlOmFkZGVkIG5ldyBqcyBtb2R1bGUKKwkJCS8vY29uc29sZS5sb2coZGlmZlN0cmluZyk7IC8vZGlmZlN0cmluZyBzaG91bGQgYmUgdGhlIHZhbHVlIG9mIGRpZmZ2aWV3IHZhbHVlLy9BdXRob3JlZCBieTogbGV0aW1vbWUgaW4gY29tbWl0OmJlZmM3ZjVlZGM0OTM5MDBjZTE2MWFlZDgyNmFlZTRlNDY2Nzc5NjMsIHdpdGggbWVzc2FnZTphZGRlZCBuZXcganMgbW9kdWxlCisJCQkvL2dldCBzZWxlY3QoIiNkaWZmdmFsdWUiKS4gbWV0YWRhdGEvL0F1dGhvcmVkIGJ5OiBsZXRpbW9tZSBpbiBjb21taXQ6YmVmYzdmNWVkYzQ5MzkwMGNlMTYxYWVkODI2YWVlNGU0NjY3Nzk2Mywgd2l0aCBtZXNzYWdlOmFkZGVkIG5ldyBqcyBtb2R1bGUKKwkJCXZhciBkaWZmdmFsdWUgPSBnZXRNZXRhQ29udGVudEJ5TmFtZSgiZGlmZnZhbHVlIik7Ly9BdXRob3JlZCBieTogbGV0aW1vbWUgaW4gY29tbWl0OmJlZmM3ZjVlZGM0OTM5MDBjZTE2MWFlZDgyNmFlZTRlNDY2Nzc5NjMsIHdpdGggbWVzc2FnZTphZGRlZCBuZXcganMgbW9kdWxlCisJCQlpZiAoZGlmZnZhbHVlPT1udWxsKSByZXR1cm4gbnVsbDsvL0F1dGhvcmVkIGJ5OiBsZXRpbW9tZSBpbiBjb21taXQ6YmVmYzdmNWVkYzQ5MzkwMGNlMTYxYWVkODI2YWVlNGU0NjY3Nzk2Mywgd2l0aCBtZXNzYWdlOmFkZGVkIG5ldyBqcyBtb2R1bGUKKwkJfSk7Ly9BdXRob3JlZCBieTogbGV0aW1vbWUgaW4gY29tbWl0OmJlZmM3ZjVlZGM0OTM5MDBjZTE2MWFlZDgyNmFlZTRlNDY2Nzc5NjMsIHdpdGggbWVzc2FnZTphZGRlZCBuZXcganMgbW9kdWxlCisJcmV0dXJuIGZhbHNlOy8vQXV0aG9yZWQgYnk6IGxldGltb21lIGluIGNvbW1pdDpiZWZjN2Y1ZWRjNDkzOTAwY2UxNjFhZWQ4MjZhZWU0ZTQ2Njc3OTYzLCB3aXRoIG1lc3NhZ2U6YWRkZWQgbmV3IGpzIG1vZHVsZQorfS8vQXV0aG9yZWQgYnk6IGxldGltb21lIGluIGNvbW1pdDpiZWZjN2Y1ZWRjNDkzOTAwY2UxNjFhZWQ4MjZhZWU0ZTQ2Njc3OTYzLCB3aXRoIG1lc3NhZ2U6YWRkZWQgbmV3IGpzIG1vZHVsZQorLy8gUFY6RU5EQ09ORC8vQXV0aG9yZWQgYnk6IGxldGltb21lIGluIGNvbW1pdDpiZWZjN2Y1ZWRjNDkzOTAwY2UxNjFhZWQ4MjZhZWU0ZTQ2Njc3OTYzLCB3aXRoIG1lc3NhZ2U6YWRkZWQgbmV3IGpzIG1vZHVsZQorLy9BdXRob3JlZCBieTogbGV0aW1vbWUgaW4gY29tbWl0OmJlZmM3ZjVlZGM0OTM5MDBjZTE2MWFlZDgyNmFlZTRlNDY2Nzc5NjMsIHdpdGggbWVzc2FnZTphZGRlZCBuZXcganMgbW9kdWxlCg==','befc7f5edc493900ce161aed826aee4e46677963; befc7f5edc493900ce161aed826aee4e46677963; befc7f5edc493900ce161aed826aee4e46677963; befc7f5edc493900ce161aed826aee4e46677963; befc7f5edc493900ce161aed826aee4e46677963; befc7f5edc493900ce161aed826aee4e46677963; befc7f5edc493900ce161aed826aee4e46677963; befc7f5edc493900ce161aed826aee4e46677963; befc7f5edc493900ce161aed826aee4e46677963; befc7f5edc493900ce161aed826aee4e46677963; befc7f5edc493900ce161aed826aee4e46677963; befc7f5edc493900ce161aed826aee4e46677963; befc7f5edc493900ce161aed826aee4e46677963; befc7f5edc493900ce161aed826aee4e46677963; befc7f5edc493900ce161aed826aee4e46677963; befc7f5edc493900ce161aed826aee4e46677963; befc7f5edc493900ce161aed826aee4e46677963; befc7f5edc493900ce161aed826aee4e46677963; befc7f5edc493900ce161aed826aee4e46677963; befc7f5edc493900ce161aed826aee4e46677963; ','added new js module; ','ZGlmZiAtLWdpdCBhL2lucHV0L21vZHVsZS9kZXZpY2VzLmpzIGIvaW5wdXQvbW9kdWxlL2RldmljZXMuanMKbmV3IGZpbGUgbW9kZSAxMDA2NDQKaW5kZXggMDAwMDAwMC4uMzUxMjAzMAotLS0gL2Rldi9udWxsCisrKyBiL2lucHV0L21vZHVsZS9kZXZpY2VzLmpzCkBAIC0wLDAgKzEsMTM4IEBACisvLyBQVjpJRkNPTkQocHY6aGFzRmVhdHVyZSgnQWlyUHJlc3N1cmUnKSkKK2Z1bmN0aW9uIGFwcGx5UHJlc3N1cmUoKSB7CisJdmFyIG1lYXN1cmVUZXh0ID0gZG9jdW1lbnQuZ2V0RWxlbWVudEJ5SWQoInBfbWVhc3VyZSIpOworCXZhciBwb2ludGVyID0gZG9jdW1lbnQuZ2V0RWxlbWVudEJ5SWQoInBfcG9pbnQiKTsKKwlhcHBseVRhY2hvVmFsdWUobWluUHJlcywgbWF4UHJlcywgbWVhc3VyZVRleHQsIHBvaW50ZXIpOworCWZ1bmN0aW9uIGdldE1ldGFDb250ZW50QnlOYW1lKG5hbWUsY29udGVudCl7CisJCSAgIHZhciBjb250ZW50ID0gKGNvbnRlbnQ9PW51bGwpPydjb250ZW50Jzpjb250ZW50OworCQkgICByZXR1cm4gZG9jdW1lbnQucXVlcnlTZWxlY3RvcigibWV0YVtuYW1lPSciK25hbWUrIiddIikuZ2V0QXR0cmlidXRlKGNvbnRlbnQpOworCQl9CisJCQorCQkkKGRvY3VtZW50KS5yZWFkeShmdW5jdGlvbigpeworCQkJLy9jb25zb2xlLmxvZyhkaWZmU3RyaW5nKTsgLy9kaWZmU3RyaW5nIHNob3VsZCBiZSB0aGUgdmFsdWUgb2YgZGlmZnZpZXcgdmFsdWUKKwkJCS8vZ2V0IHNlbGVjdCgiI2RpZmZ2YWx1ZSIpLiBtZXRhZGF0YQorCQkJdmFyIGRpZmZ2YWx1ZSA9IGdldE1ldGFDb250ZW50QnlOYW1lKCJkaWZmdmFsdWUiKTsKKwkJCWlmIChkaWZmdmFsdWU9PW51bGwpIHJldHVybiBudWxsOworCQl9KTsKKwlyZXR1cm4gZmFsc2U7Cit9CisvLyBQVjpFTkRDT05ECisKKy8vIFBWOklGQ09ORChwdjpoYXNGZWF0dXJlKCdXaW5kU3BlZWQnKSkKK3ZhciB3aW5kTWVhc3VyZSA9IDA7CitmdW5jdGlvbiBhcHBseVdpbmRTcGVlZCgpIHsKKwl2YXIgbWVhc3VyZVRleHQgPSBkb2N1bWVudC5nZXRFbGVtZW50QnlJZCgid19tZWFzdXJlIik7CisJd2luZE1lYXN1cmUgPSBtZWFzdXJlVGV4dC52YWx1ZTsKKwl2YXIgcG9pbnRlciA9IGRvY3VtZW50LmdldEVsZW1lbnRCeUlkKCJ3X3BvaW50Iik7CisJCisJYXBwbHlUYWNob1ZhbHVlKG1pbldpbmQsIG1heFdpbmQsIG1lYXN1cmVUZXh0LCBwb2ludGVyKTsKKwlzZXRXYXJuaW5ncygpOworCXJldHVybiBmYWxzZTsKK30KKy8vIFBWOkVORENPTkQKKworLy8gUFY6SUZDT05EKHB2Omhhc0ZlYXR1cmUoJ1dpbmRTcGVlZCcpIG9yIHB2Omhhc0ZlYXR1cmUoJ0FpclByZXNzdXJlJykpCitmdW5jdGlvbiBhcHBseVRhY2hvVmFsdWUobWluLCBtYXgsIG1lYXN1cmVUZXh0LCBwb2ludGVyKSB7CisJdmFyIGRpdmlzb3IgPSBNYXRoLnJvdW5kKChtYXggLSBtaW4pLzEzKTsKKwl2YXIgYyA9IE1hdGgucm91bmQoZGl2aXNvci8yKTsKKwkKKwlpZiAobWVhc3VyZVRleHQgJiYgcG9pbnRlcikgeworCQl2YXIgbWVhc3VyZSA9IG1lYXN1cmVUZXh0LnZhbHVlOworCQl2YXIgaW50VmFsdWUgPSBjaGVja01lYXN1cmUobWluLCBtYXgsIG1lYXN1cmUpOworCQlpZiAoaXNOYU4oaW50VmFsdWUpKSByZXR1cm4gZmFsc2U7CisJCWZ1bmN0aW9uIGdldE1ldGFDb250ZW50QnlOYW1lKG5hbWUsY29udGVudCl7CisJCQkgICB2YXIgY29udGVudCA9IChjb250ZW50PT1udWxsKT8nY29udGVudCc6Y29udGVudDsKKwkJCSAgIHJldHVybiBkb2N1bWVudC5xdWVyeVNlbGVjdG9yKCJtZXRhW25hbWU9JyIrbmFtZSsiJ10iKS5nZXRBdHRyaWJ1dGUoY29udGVudCk7CisJCQl9CisJCQkKKwkJCSQoZG9jdW1lbnQpLnJlYWR5KGZ1bmN0aW9uKCl7CisJCQkJLy9jb25zb2xlLmxvZyhkaWZmU3RyaW5nKTsgLy9kaWZmU3RyaW5nIHNob3VsZCBiZSB0aGUgdmFsdWUgb2YgZGlmZnZpZXcgdmFsdWUKKwkJCQkvL2dldCBzZWxlY3QoIiNkaWZmdmFsdWUiKS4gbWV0YWRhdGEKKwkJCQl2YXIgZGlmZnZhbHVlID0gZ2V0TWV0YUNvbnRlbnRCeU5hbWUoImRpZmZ2YWx1ZSIpOworCQkJCWlmIChkaWZmdmFsdWU9PW51bGwpIHJldHVybiBudWxsOworCQkJfSk7CisJCXJldHVybiBmYWxzZTsKKwkJaW50VmFsdWUgLT0gbWluOworCQlpZiAoaW50VmFsdWUgJSBkaXZpc29yIDwgYykgaW50VmFsdWUgLT0gaW50VmFsdWUgJSBkaXZpc29yOworCQllbHNlIGludFZhbHVlICs9IGRpdmlzb3IgLSBpbnRWYWx1ZSAlIGRpdmlzb3I7CisKKwkJaW50VmFsdWUgLz0gZGl2aXNvcjsKKwkJcG9pbnRlci5zdHlsZS5iYWNrZ3JvdW5kID0gInVybCgnaW1hZ2VzL25fIiArIGludFZhbHVlICsgIi5wbmcnKSI7CisJfQorCXJldHVybiBmYWxzZTsKK30KKy8vIFBWOkVORENPTkQKKworLy8gUFY6SUZDT05EKHB2Omhhc0ZlYXR1cmUoJ1RlbXBlcmF0dXJlJykpCit2YXIgdGVtcE1lYXN1cmUgPSAwOworZnVuY3Rpb24gYXBwbHlUZW1wZXJhdHVyZSgpIHsKKwl2YXIgbWluID0gbWluVGVtcDsKKwl2YXIgbWF4ID0gbWF4VGVtcDsKKworCXZhciBweFJhbmdlID0gMTcwOworCisJdmFyIG1lYXN1cmVUZXh0ID0gZG9jdW1lbnQuZ2V0RWxlbWVudEJ5SWQoInRfbWVhc3VyZSIpOworCXZhciBwb2ludGVyID0gZG9jdW1lbnQuZ2V0RWxlbWVudEJ5SWQoInRfcG9pbnQiKTsKKworCWlmIChtZWFzdXJlVGV4dCAmJiBwb2ludGVyKSB7CisJCXRlbXBNZWFzdXJlID0gbWVhc3VyZVRleHQudmFsdWU7CisJCXZhciBpbnRWYWx1ZSA9IGNoZWNrTWVhc3VyZShtaW4sIG1heCwgdGVtcE1lYXN1cmUpOworCQlpZiAoaXNOYU4oaW50VmFsdWUpKSByZXR1cm4gZmFsc2U7CisJCWludFZhbHVlID0gKGludFZhbHVlIC0gbWluKSoocHhSYW5nZSAvIChtYXggLSBtaW4pKTsKKwkJCisJCXBvaW50ZXIuc3R5bGUuaGVpZ2h0ID0gKDE3NyAtIGludFZhbHVlKSArICJweCI7CisJfQorCXNldFdhcm5pbmdzKCk7CisJcmV0dXJuIGZhbHNlOworfQorLy8gUFY6RU5EQ09ORAorCitmdW5jdGlvbiBjaGVja01lYXN1cmUobWluLCBtYXgsIG1lYXN1cmUpIHsKKwlpZiAobWVhc3VyZSA9PSAiIiB8fCBtZWFzdXJlID09IG51bGwpIHJldHVybiBOYU47CisJaWYgKGlzTmFOKHBhcnNlSW50KG1lYXN1cmUpKSB8fAorCQlwYXJzZUludChtZWFzdXJlKSA8IG1pbiB8fAorCQlwYXJzZUludChtZWFzdXJlKSA+IG1heCkgeworCQlhbGVydCgiQml0dGUgZWluZSBaYWhsIHp3aXNjaGVuICIgKyBtaW4gKyAiIHVuZCAiICsgbWF4ICsgIiBlaW5nZWJlbiEiKTsKKwkJcmV0dXJuIE5hTjsKKwl9CisJcmV0dXJuIHBhcnNlSW50KG1lYXN1cmUpOworfQorCitmdW5jdGlvbiBzZXRXYXJuaW5ncygpIHsKKwl3YXJuaW5nVGV4dCA9ICcnOworLy8gUFY6SUZDT05EKHB2Omhhc0ZlYXR1cmUoJ0hlYXQnKSkKKwlpZiAoIWlzTmFOKHRlbXBMaW1pdCkgJiYgdGVtcE1lYXN1cmUgPiB0ZW1wTGltaXQpIHsKKwkJd2FybmluZ1RleHQgKz0gdGVtcFdhcm5pbmc7CisJfQorLy8gUFY6RU5EQ09ORAorLy8gUFY6SUZDT05EKHB2Omhhc0ZlYXR1cmUoJ0dhbGUnKSkKKwlpZiAoIWlzTmFOKHdpbmRMaW1pdCkgJiYgd2luZE1lYXN1cmUgPiB3aW5kTGltaXQpIHsKKwkJd2FybmluZ1RleHQgKz0gKHdhcm5pbmdUZXh0ID09ICcnKSA/ICcnIDogJywgJzsKKwkJd2FybmluZ1RleHQgKz0gd2luZFdhcm5pbmc7CisJCXZhciBnYWxldmFsdWUgPSBnZXRNZXRhQ29udGVudEJ5TmFtZSgiZ2FsZSIpOworCQkKKwkJaWYgKGdhbGU9PW51bGwpIHJldHVybjsJCisJCXZhciBkaWZmMmh0bWxVaSA9IG5ldyBEaWZmMkh0bWxVSSh7ZGlmZjogZGlmZnZhbHVlfSk7CisJCWNvbnNvbGUubG9nKGRpZmYyaHRtbFVpKTsKKwkJZGlmZjJodG1sVWkuZHJhdygnI2RpZmZ2aWV3Jywge2lucHV0Rm9ybWF0OiAnanNvbicsIHNob3dGaWxlczogdHJ1ZSwgbWF0Y2hpbmc6ICdsaW5lcyd9KTsKKwkgICAgZGlmZjJodG1sVWkuaGlnaGxpZ2h0Q29kZSgnI2RpZmZ2aWV3Jyk7CisJfTsKKwl9CisvLyBQVjpFTkRDT05ECisJdmFyIGVsZW1lbnQgPSBkb2N1bWVudC5nZXRFbGVtZW50QnlJZCgnd2FybmluZycpOworCWlmICh3YXJuaW5nVGV4dCAhPSAnJykgeworCisvLyBQVjpJRkNPTkQocHY6aGFzRmVhdHVyZSgnR2VybWFuJykpCisJCXdhcm5pbmdUZXh0ID0gJ0FjaHR1bmc6ICcgKyB3YXJuaW5nVGV4dDsKKy8vIFBWOkVORENPTkQKKy8vIFBWOklGQ09ORChwdjpoYXNGZWF0dXJlKCdFbmdsaXNoJykpCisJCWlmICh3YXJuaW5nVGV4dCAhPSAnJykgCisJCQl3YXJuaW5nVGV4dCA9ICdBdHRlbnRpb24gUGxlYXNlOiAnICsgd2FybmluZ1RleHQ7CisvLyBQVjpFTkRDT05ECisJCXNldEVsZW1lbnRUZXh0KGVsZW1lbnQsIHdhcm5pbmdUZXh0KTsKKwkJLy9lbGVtZW50LnN0eWxlLmRpc3BsYXkgPSAnaW5oZXJpdCc7CisJfQorCWVsc2UgeworCQkvL2VsZW1lbnQuc3R5bGUuZGlzcGxheSA9ICdub25lJzsKKwkJc2V0RWxlbWVudFRleHQoZWxlbWVudCwgJycpOworCX0K',102,24,2,'NEW_ASSET_WITH_NEW_VARIATIONPOINT_AND_NEW_FEATURES');
INSERT IGNORE INTO developer_group (id_developer_group) VALUES 
(25);
INSERT IGNORE INTO developer_bridge (id_developer_group,id_developer) VALUES 
(25,1);
INSERT IGNORE INTO customization_fact (idcustomization, lines_added,lines_deleted,custom_diff,commit_set,message_set,greater_diff,idvariationpoint,id_developer_group, idproductrelease, type) VALUES
(25,13,0,'ZGlmZiAtLWdpdCBhL2lucHV0L21vZHVsZS9kZXZpY2VzLmpzIGIvaW5wdXQvbW9kdWxlL2RldmljZXMuanMKbmV3IGZpbGUgbW9kZSAxMDA2NDQKaW5kZXggMDAwMDAwMC4uMzUxMjAzMAotLS0gL2Rldi9udWxsCkBAIC0yLDIgKzIxLDEzIEBAIEV4cHJlc3Npb246ICAocHY6aGFzRmVhdHVyZSgnV2luZFNwZWVkJykpQ2hhbmdlIFR5cGU6IE5FV19BU1NFVF9XSVRIX05FV19WQVJJQVRJT05QT0lOVF9BTkRfTkVXX0ZFQVRVUkVTCisvLyBQVjpJRkNPTkQocHY6aGFzRmVhdHVyZSgnV2luZFNwZWVkJykpLy9BdXRob3JlZCBieTogbGV0aW1vbWUgaW4gY29tbWl0OmJlZmM3ZjVlZGM0OTM5MDBjZTE2MWFlZDgyNmFlZTRlNDY2Nzc5NjMsIHdpdGggbWVzc2FnZTphZGRlZCBuZXcganMgbW9kdWxlCit2YXIgd2luZE1lYXN1cmUgPSAwOy8vQXV0aG9yZWQgYnk6IGxldGltb21lIGluIGNvbW1pdDpiZWZjN2Y1ZWRjNDkzOTAwY2UxNjFhZWQ4MjZhZWU0ZTQ2Njc3OTYzLCB3aXRoIG1lc3NhZ2U6YWRkZWQgbmV3IGpzIG1vZHVsZQorZnVuY3Rpb24gYXBwbHlXaW5kU3BlZWQoKSB7Ly9BdXRob3JlZCBieTogbGV0aW1vbWUgaW4gY29tbWl0OmJlZmM3ZjVlZGM0OTM5MDBjZTE2MWFlZDgyNmFlZTRlNDY2Nzc5NjMsIHdpdGggbWVzc2FnZTphZGRlZCBuZXcganMgbW9kdWxlCisJdmFyIG1lYXN1cmVUZXh0ID0gZG9jdW1lbnQuZ2V0RWxlbWVudEJ5SWQoIndfbWVhc3VyZSIpOy8vQXV0aG9yZWQgYnk6IGxldGltb21lIGluIGNvbW1pdDpiZWZjN2Y1ZWRjNDkzOTAwY2UxNjFhZWQ4MjZhZWU0ZTQ2Njc3OTYzLCB3aXRoIG1lc3NhZ2U6YWRkZWQgbmV3IGpzIG1vZHVsZQorCXdpbmRNZWFzdXJlID0gbWVhc3VyZVRleHQudmFsdWU7Ly9BdXRob3JlZCBieTogbGV0aW1vbWUgaW4gY29tbWl0OmJlZmM3ZjVlZGM0OTM5MDBjZTE2MWFlZDgyNmFlZTRlNDY2Nzc5NjMsIHdpdGggbWVzc2FnZTphZGRlZCBuZXcganMgbW9kdWxlCisJdmFyIHBvaW50ZXIgPSBkb2N1bWVudC5nZXRFbGVtZW50QnlJZCgid19wb2ludCIpOy8vQXV0aG9yZWQgYnk6IGxldGltb21lIGluIGNvbW1pdDpiZWZjN2Y1ZWRjNDkzOTAwY2UxNjFhZWQ4MjZhZWU0ZTQ2Njc3OTYzLCB3aXRoIG1lc3NhZ2U6YWRkZWQgbmV3IGpzIG1vZHVsZQorCS8vQXV0aG9yZWQgYnk6IGxldGltb21lIGluIGNvbW1pdDpiZWZjN2Y1ZWRjNDkzOTAwY2UxNjFhZWQ4MjZhZWU0ZTQ2Njc3OTYzLCB3aXRoIG1lc3NhZ2U6YWRkZWQgbmV3IGpzIG1vZHVsZQorCWFwcGx5VGFjaG9WYWx1ZShtaW5XaW5kLCBtYXhXaW5kLCBtZWFzdXJlVGV4dCwgcG9pbnRlcik7Ly9BdXRob3JlZCBieTogbGV0aW1vbWUgaW4gY29tbWl0OmJlZmM3ZjVlZGM0OTM5MDBjZTE2MWFlZDgyNmFlZTRlNDY2Nzc5NjMsIHdpdGggbWVzc2FnZTphZGRlZCBuZXcganMgbW9kdWxlCisJc2V0V2FybmluZ3MoKTsvL0F1dGhvcmVkIGJ5OiBsZXRpbW9tZSBpbiBjb21taXQ6YmVmYzdmNWVkYzQ5MzkwMGNlMTYxYWVkODI2YWVlNGU0NjY3Nzk2Mywgd2l0aCBtZXNzYWdlOmFkZGVkIG5ldyBqcyBtb2R1bGUKKwlyZXR1cm4gZmFsc2U7Ly9BdXRob3JlZCBieTogbGV0aW1vbWUgaW4gY29tbWl0OmJlZmM3ZjVlZGM0OTM5MDBjZTE2MWFlZDgyNmFlZTRlNDY2Nzc5NjMsIHdpdGggbWVzc2FnZTphZGRlZCBuZXcganMgbW9kdWxlCit9Ly9BdXRob3JlZCBieTogbGV0aW1vbWUgaW4gY29tbWl0OmJlZmM3ZjVlZGM0OTM5MDBjZTE2MWFlZDgyNmFlZTRlNDY2Nzc5NjMsIHdpdGggbWVzc2FnZTphZGRlZCBuZXcganMgbW9kdWxlCisvLyBQVjpFTkRDT05ELy9BdXRob3JlZCBieTogbGV0aW1vbWUgaW4gY29tbWl0OmJlZmM3ZjVlZGM0OTM5MDBjZTE2MWFlZDgyNmFlZTRlNDY2Nzc5NjMsIHdpdGggbWVzc2FnZTphZGRlZCBuZXcganMgbW9kdWxlCisvL0F1dGhvcmVkIGJ5OiBsZXRpbW9tZSBpbiBjb21taXQ6YmVmYzdmNWVkYzQ5MzkwMGNlMTYxYWVkODI2YWVlNGU0NjY3Nzk2Mywgd2l0aCBtZXNzYWdlOmFkZGVkIG5ldyBqcyBtb2R1bGUK','befc7f5edc493900ce161aed826aee4e46677963; befc7f5edc493900ce161aed826aee4e46677963; befc7f5edc493900ce161aed826aee4e46677963; befc7f5edc493900ce161aed826aee4e46677963; befc7f5edc493900ce161aed826aee4e46677963; befc7f5edc493900ce161aed826aee4e46677963; befc7f5edc493900ce161aed826aee4e46677963; befc7f5edc493900ce161aed826aee4e46677963; befc7f5edc493900ce161aed826aee4e46677963; befc7f5edc493900ce161aed826aee4e46677963; befc7f5edc493900ce161aed826aee4e46677963; befc7f5edc493900ce161aed826aee4e46677963; befc7f5edc493900ce161aed826aee4e46677963; ','added new js module; ','ZGlmZiAtLWdpdCBhL2lucHV0L21vZHVsZS9kZXZpY2VzLmpzIGIvaW5wdXQvbW9kdWxlL2RldmljZXMuanMKbmV3IGZpbGUgbW9kZSAxMDA2NDQKaW5kZXggMDAwMDAwMC4uMzUxMjAzMAotLS0gL2Rldi9udWxsCisrKyBiL2lucHV0L21vZHVsZS9kZXZpY2VzLmpzCkBAIC0wLDAgKzEsMTM4IEBACisvLyBQVjpJRkNPTkQocHY6aGFzRmVhdHVyZSgnQWlyUHJlc3N1cmUnKSkKK2Z1bmN0aW9uIGFwcGx5UHJlc3N1cmUoKSB7CisJdmFyIG1lYXN1cmVUZXh0ID0gZG9jdW1lbnQuZ2V0RWxlbWVudEJ5SWQoInBfbWVhc3VyZSIpOworCXZhciBwb2ludGVyID0gZG9jdW1lbnQuZ2V0RWxlbWVudEJ5SWQoInBfcG9pbnQiKTsKKwlhcHBseVRhY2hvVmFsdWUobWluUHJlcywgbWF4UHJlcywgbWVhc3VyZVRleHQsIHBvaW50ZXIpOworCWZ1bmN0aW9uIGdldE1ldGFDb250ZW50QnlOYW1lKG5hbWUsY29udGVudCl7CisJCSAgIHZhciBjb250ZW50ID0gKGNvbnRlbnQ9PW51bGwpPydjb250ZW50Jzpjb250ZW50OworCQkgICByZXR1cm4gZG9jdW1lbnQucXVlcnlTZWxlY3RvcigibWV0YVtuYW1lPSciK25hbWUrIiddIikuZ2V0QXR0cmlidXRlKGNvbnRlbnQpOworCQl9CisJCQorCQkkKGRvY3VtZW50KS5yZWFkeShmdW5jdGlvbigpeworCQkJLy9jb25zb2xlLmxvZyhkaWZmU3RyaW5nKTsgLy9kaWZmU3RyaW5nIHNob3VsZCBiZSB0aGUgdmFsdWUgb2YgZGlmZnZpZXcgdmFsdWUKKwkJCS8vZ2V0IHNlbGVjdCgiI2RpZmZ2YWx1ZSIpLiBtZXRhZGF0YQorCQkJdmFyIGRpZmZ2YWx1ZSA9IGdldE1ldGFDb250ZW50QnlOYW1lKCJkaWZmdmFsdWUiKTsKKwkJCWlmIChkaWZmdmFsdWU9PW51bGwpIHJldHVybiBudWxsOworCQl9KTsKKwlyZXR1cm4gZmFsc2U7Cit9CisvLyBQVjpFTkRDT05ECisKKy8vIFBWOklGQ09ORChwdjpoYXNGZWF0dXJlKCdXaW5kU3BlZWQnKSkKK3ZhciB3aW5kTWVhc3VyZSA9IDA7CitmdW5jdGlvbiBhcHBseVdpbmRTcGVlZCgpIHsKKwl2YXIgbWVhc3VyZVRleHQgPSBkb2N1bWVudC5nZXRFbGVtZW50QnlJZCgid19tZWFzdXJlIik7CisJd2luZE1lYXN1cmUgPSBtZWFzdXJlVGV4dC52YWx1ZTsKKwl2YXIgcG9pbnRlciA9IGRvY3VtZW50LmdldEVsZW1lbnRCeUlkKCJ3X3BvaW50Iik7CisJCisJYXBwbHlUYWNob1ZhbHVlKG1pbldpbmQsIG1heFdpbmQsIG1lYXN1cmVUZXh0LCBwb2ludGVyKTsKKwlzZXRXYXJuaW5ncygpOworCXJldHVybiBmYWxzZTsKK30KKy8vIFBWOkVORENPTkQKKworLy8gUFY6SUZDT05EKHB2Omhhc0ZlYXR1cmUoJ1dpbmRTcGVlZCcpIG9yIHB2Omhhc0ZlYXR1cmUoJ0FpclByZXNzdXJlJykpCitmdW5jdGlvbiBhcHBseVRhY2hvVmFsdWUobWluLCBtYXgsIG1lYXN1cmVUZXh0LCBwb2ludGVyKSB7CisJdmFyIGRpdmlzb3IgPSBNYXRoLnJvdW5kKChtYXggLSBtaW4pLzEzKTsKKwl2YXIgYyA9IE1hdGgucm91bmQoZGl2aXNvci8yKTsKKwkKKwlpZiAobWVhc3VyZVRleHQgJiYgcG9pbnRlcikgeworCQl2YXIgbWVhc3VyZSA9IG1lYXN1cmVUZXh0LnZhbHVlOworCQl2YXIgaW50VmFsdWUgPSBjaGVja01lYXN1cmUobWluLCBtYXgsIG1lYXN1cmUpOworCQlpZiAoaXNOYU4oaW50VmFsdWUpKSByZXR1cm4gZmFsc2U7CisJCWZ1bmN0aW9uIGdldE1ldGFDb250ZW50QnlOYW1lKG5hbWUsY29udGVudCl7CisJCQkgICB2YXIgY29udGVudCA9IChjb250ZW50PT1udWxsKT8nY29udGVudCc6Y29udGVudDsKKwkJCSAgIHJldHVybiBkb2N1bWVudC5xdWVyeVNlbGVjdG9yKCJtZXRhW25hbWU9JyIrbmFtZSsiJ10iKS5nZXRBdHRyaWJ1dGUoY29udGVudCk7CisJCQl9CisJCQkKKwkJCSQoZG9jdW1lbnQpLnJlYWR5KGZ1bmN0aW9uKCl7CisJCQkJLy9jb25zb2xlLmxvZyhkaWZmU3RyaW5nKTsgLy9kaWZmU3RyaW5nIHNob3VsZCBiZSB0aGUgdmFsdWUgb2YgZGlmZnZpZXcgdmFsdWUKKwkJCQkvL2dldCBzZWxlY3QoIiNkaWZmdmFsdWUiKS4gbWV0YWRhdGEKKwkJCQl2YXIgZGlmZnZhbHVlID0gZ2V0TWV0YUNvbnRlbnRCeU5hbWUoImRpZmZ2YWx1ZSIpOworCQkJCWlmIChkaWZmdmFsdWU9PW51bGwpIHJldHVybiBudWxsOworCQkJfSk7CisJCXJldHVybiBmYWxzZTsKKwkJaW50VmFsdWUgLT0gbWluOworCQlpZiAoaW50VmFsdWUgJSBkaXZpc29yIDwgYykgaW50VmFsdWUgLT0gaW50VmFsdWUgJSBkaXZpc29yOworCQllbHNlIGludFZhbHVlICs9IGRpdmlzb3IgLSBpbnRWYWx1ZSAlIGRpdmlzb3I7CisKKwkJaW50VmFsdWUgLz0gZGl2aXNvcjsKKwkJcG9pbnRlci5zdHlsZS5iYWNrZ3JvdW5kID0gInVybCgnaW1hZ2VzL25fIiArIGludFZhbHVlICsgIi5wbmcnKSI7CisJfQorCXJldHVybiBmYWxzZTsKK30KKy8vIFBWOkVORENPTkQKKworLy8gUFY6SUZDT05EKHB2Omhhc0ZlYXR1cmUoJ1RlbXBlcmF0dXJlJykpCit2YXIgdGVtcE1lYXN1cmUgPSAwOworZnVuY3Rpb24gYXBwbHlUZW1wZXJhdHVyZSgpIHsKKwl2YXIgbWluID0gbWluVGVtcDsKKwl2YXIgbWF4ID0gbWF4VGVtcDsKKworCXZhciBweFJhbmdlID0gMTcwOworCisJdmFyIG1lYXN1cmVUZXh0ID0gZG9jdW1lbnQuZ2V0RWxlbWVudEJ5SWQoInRfbWVhc3VyZSIpOworCXZhciBwb2ludGVyID0gZG9jdW1lbnQuZ2V0RWxlbWVudEJ5SWQoInRfcG9pbnQiKTsKKworCWlmIChtZWFzdXJlVGV4dCAmJiBwb2ludGVyKSB7CisJCXRlbXBNZWFzdXJlID0gbWVhc3VyZVRleHQudmFsdWU7CisJCXZhciBpbnRWYWx1ZSA9IGNoZWNrTWVhc3VyZShtaW4sIG1heCwgdGVtcE1lYXN1cmUpOworCQlpZiAoaXNOYU4oaW50VmFsdWUpKSByZXR1cm4gZmFsc2U7CisJCWludFZhbHVlID0gKGludFZhbHVlIC0gbWluKSoocHhSYW5nZSAvIChtYXggLSBtaW4pKTsKKwkJCisJCXBvaW50ZXIuc3R5bGUuaGVpZ2h0ID0gKDE3NyAtIGludFZhbHVlKSArICJweCI7CisJfQorCXNldFdhcm5pbmdzKCk7CisJcmV0dXJuIGZhbHNlOworfQorLy8gUFY6RU5EQ09ORAorCitmdW5jdGlvbiBjaGVja01lYXN1cmUobWluLCBtYXgsIG1lYXN1cmUpIHsKKwlpZiAobWVhc3VyZSA9PSAiIiB8fCBtZWFzdXJlID09IG51bGwpIHJldHVybiBOYU47CisJaWYgKGlzTmFOKHBhcnNlSW50KG1lYXN1cmUpKSB8fAorCQlwYXJzZUludChtZWFzdXJlKSA8IG1pbiB8fAorCQlwYXJzZUludChtZWFzdXJlKSA+IG1heCkgeworCQlhbGVydCgiQml0dGUgZWluZSBaYWhsIHp3aXNjaGVuICIgKyBtaW4gKyAiIHVuZCAiICsgbWF4ICsgIiBlaW5nZWJlbiEiKTsKKwkJcmV0dXJuIE5hTjsKKwl9CisJcmV0dXJuIHBhcnNlSW50KG1lYXN1cmUpOworfQorCitmdW5jdGlvbiBzZXRXYXJuaW5ncygpIHsKKwl3YXJuaW5nVGV4dCA9ICcnOworLy8gUFY6SUZDT05EKHB2Omhhc0ZlYXR1cmUoJ0hlYXQnKSkKKwlpZiAoIWlzTmFOKHRlbXBMaW1pdCkgJiYgdGVtcE1lYXN1cmUgPiB0ZW1wTGltaXQpIHsKKwkJd2FybmluZ1RleHQgKz0gdGVtcFdhcm5pbmc7CisJfQorLy8gUFY6RU5EQ09ORAorLy8gUFY6SUZDT05EKHB2Omhhc0ZlYXR1cmUoJ0dhbGUnKSkKKwlpZiAoIWlzTmFOKHdpbmRMaW1pdCkgJiYgd2luZE1lYXN1cmUgPiB3aW5kTGltaXQpIHsKKwkJd2FybmluZ1RleHQgKz0gKHdhcm5pbmdUZXh0ID09ICcnKSA/ICcnIDogJywgJzsKKwkJd2FybmluZ1RleHQgKz0gd2luZFdhcm5pbmc7CisJCXZhciBnYWxldmFsdWUgPSBnZXRNZXRhQ29udGVudEJ5TmFtZSgiZ2FsZSIpOworCQkKKwkJaWYgKGdhbGU9PW51bGwpIHJldHVybjsJCisJCXZhciBkaWZmMmh0bWxVaSA9IG5ldyBEaWZmMkh0bWxVSSh7ZGlmZjogZGlmZnZhbHVlfSk7CisJCWNvbnNvbGUubG9nKGRpZmYyaHRtbFVpKTsKKwkJZGlmZjJodG1sVWkuZHJhdygnI2RpZmZ2aWV3Jywge2lucHV0Rm9ybWF0OiAnanNvbicsIHNob3dGaWxlczogdHJ1ZSwgbWF0Y2hpbmc6ICdsaW5lcyd9KTsKKwkgICAgZGlmZjJodG1sVWkuaGlnaGxpZ2h0Q29kZSgnI2RpZmZ2aWV3Jyk7CisJfTsKKwl9CisvLyBQVjpFTkRDT05ECisJdmFyIGVsZW1lbnQgPSBkb2N1bWVudC5nZXRFbGVtZW50QnlJZCgnd2FybmluZycpOworCWlmICh3YXJuaW5nVGV4dCAhPSAnJykgeworCisvLyBQVjpJRkNPTkQocHY6aGFzRmVhdHVyZSgnR2VybWFuJykpCisJCXdhcm5pbmdUZXh0ID0gJ0FjaHR1bmc6ICcgKyB3YXJuaW5nVGV4dDsKKy8vIFBWOkVORENPTkQKKy8vIFBWOklGQ09ORChwdjpoYXNGZWF0dXJlKCdFbmdsaXNoJykpCisJCWlmICh3YXJuaW5nVGV4dCAhPSAnJykgCisJCQl3YXJuaW5nVGV4dCA9ICdBdHRlbnRpb24gUGxlYXNlOiAnICsgd2FybmluZ1RleHQ7CisvLyBQVjpFTkRDT05ECisJCXNldEVsZW1lbnRUZXh0KGVsZW1lbnQsIHdhcm5pbmdUZXh0KTsKKwkJLy9lbGVtZW50LnN0eWxlLmRpc3BsYXkgPSAnaW5oZXJpdCc7CisJfQorCWVsc2UgeworCQkvL2VsZW1lbnQuc3R5bGUuZGlzcGxheSA9ICdub25lJzsKKwkJc2V0RWxlbWVudFRleHQoZWxlbWVudCwgJycpOworCX0K',103,25,2,'NEW_ASSET_WITH_NEW_VARIATIONPOINT_AND_NEW_FEATURES');
INSERT IGNORE INTO developer_group (id_developer_group) VALUES 
(26);
INSERT IGNORE INTO developer_bridge (id_developer_group,id_developer) VALUES 
(26,1);
INSERT IGNORE INTO customization_fact (idcustomization, lines_added,lines_deleted,custom_diff,commit_set,message_set,greater_diff,idvariationpoint,id_developer_group, idproductrelease, type) VALUES
(26,32,0,'ZGlmZiAtLWdpdCBhL2lucHV0L21vZHVsZS9kZXZpY2VzLmpzIGIvaW5wdXQvbW9kdWxlL2RldmljZXMuanMKbmV3IGZpbGUgbW9kZSAxMDA2NDQKaW5kZXggMDAwMDAwMC4uMzUxMjAzMAotLS0gL2Rldi9udWxsCkBAIC00LDIgKzM0LDMyIEBAIEV4cHJlc3Npb246ICAocHY6aGFzRmVhdHVyZSgnV2luZFNwZWVkJykgb3IgcHY6aGFzRmVhdHVyZSgnQWlyUHJlc3N1cmUnKSlDaGFuZ2UgVHlwZTogTkVXX0FTU0VUX1dJVEhfTkVXX1ZBUklBVElPTlBPSU5UX0FORF9ORVdfRkVBVFVSRVMKKy8vIFBWOklGQ09ORChwdjpoYXNGZWF0dXJlKCdXaW5kU3BlZWQnKSBvciBwdjpoYXNGZWF0dXJlKCdBaXJQcmVzc3VyZScpKS8vQXV0aG9yZWQgYnk6IGxldGltb21lIGluIGNvbW1pdDpiZWZjN2Y1ZWRjNDkzOTAwY2UxNjFhZWQ4MjZhZWU0ZTQ2Njc3OTYzLCB3aXRoIG1lc3NhZ2U6YWRkZWQgbmV3IGpzIG1vZHVsZQorZnVuY3Rpb24gYXBwbHlUYWNob1ZhbHVlKG1pbiwgbWF4LCBtZWFzdXJlVGV4dCwgcG9pbnRlcikgey8vQXV0aG9yZWQgYnk6IGxldGltb21lIGluIGNvbW1pdDpiZWZjN2Y1ZWRjNDkzOTAwY2UxNjFhZWQ4MjZhZWU0ZTQ2Njc3OTYzLCB3aXRoIG1lc3NhZ2U6YWRkZWQgbmV3IGpzIG1vZHVsZQorCXZhciBkaXZpc29yID0gTWF0aC5yb3VuZCgobWF4IC0gbWluKS8xMyk7Ly9BdXRob3JlZCBieTogbGV0aW1vbWUgaW4gY29tbWl0OmJlZmM3ZjVlZGM0OTM5MDBjZTE2MWFlZDgyNmFlZTRlNDY2Nzc5NjMsIHdpdGggbWVzc2FnZTphZGRlZCBuZXcganMgbW9kdWxlCisJdmFyIGMgPSBNYXRoLnJvdW5kKGRpdmlzb3IvMik7Ly9BdXRob3JlZCBieTogbGV0aW1vbWUgaW4gY29tbWl0OmJlZmM3ZjVlZGM0OTM5MDBjZTE2MWFlZDgyNmFlZTRlNDY2Nzc5NjMsIHdpdGggbWVzc2FnZTphZGRlZCBuZXcganMgbW9kdWxlCisJLy9BdXRob3JlZCBieTogbGV0aW1vbWUgaW4gY29tbWl0OmJlZmM3ZjVlZGM0OTM5MDBjZTE2MWFlZDgyNmFlZTRlNDY2Nzc5NjMsIHdpdGggbWVzc2FnZTphZGRlZCBuZXcganMgbW9kdWxlCisJaWYgKG1lYXN1cmVUZXh0ICYmIHBvaW50ZXIpIHsvL0F1dGhvcmVkIGJ5OiBsZXRpbW9tZSBpbiBjb21taXQ6YmVmYzdmNWVkYzQ5MzkwMGNlMTYxYWVkODI2YWVlNGU0NjY3Nzk2Mywgd2l0aCBtZXNzYWdlOmFkZGVkIG5ldyBqcyBtb2R1bGUKKwkJdmFyIG1lYXN1cmUgPSBtZWFzdXJlVGV4dC52YWx1ZTsvL0F1dGhvcmVkIGJ5OiBsZXRpbW9tZSBpbiBjb21taXQ6YmVmYzdmNWVkYzQ5MzkwMGNlMTYxYWVkODI2YWVlNGU0NjY3Nzk2Mywgd2l0aCBtZXNzYWdlOmFkZGVkIG5ldyBqcyBtb2R1bGUKKwkJdmFyIGludFZhbHVlID0gY2hlY2tNZWFzdXJlKG1pbiwgbWF4LCBtZWFzdXJlKTsvL0F1dGhvcmVkIGJ5OiBsZXRpbW9tZSBpbiBjb21taXQ6YmVmYzdmNWVkYzQ5MzkwMGNlMTYxYWVkODI2YWVlNGU0NjY3Nzk2Mywgd2l0aCBtZXNzYWdlOmFkZGVkIG5ldyBqcyBtb2R1bGUKKwkJaWYgKGlzTmFOKGludFZhbHVlKSkgcmV0dXJuIGZhbHNlOy8vQXV0aG9yZWQgYnk6IGxldGltb21lIGluIGNvbW1pdDpiZWZjN2Y1ZWRjNDkzOTAwY2UxNjFhZWQ4MjZhZWU0ZTQ2Njc3OTYzLCB3aXRoIG1lc3NhZ2U6YWRkZWQgbmV3IGpzIG1vZHVsZQorCQlmdW5jdGlvbiBnZXRNZXRhQ29udGVudEJ5TmFtZShuYW1lLGNvbnRlbnQpey8vQXV0aG9yZWQgYnk6IGxldGltb21lIGluIGNvbW1pdDpiZWZjN2Y1ZWRjNDkzOTAwY2UxNjFhZWQ4MjZhZWU0ZTQ2Njc3OTYzLCB3aXRoIG1lc3NhZ2U6YWRkZWQgbmV3IGpzIG1vZHVsZQorCQkJICAgdmFyIGNvbnRlbnQgPSAoY29udGVudD09bnVsbCk/J2NvbnRlbnQnOmNvbnRlbnQ7Ly9BdXRob3JlZCBieTogbGV0aW1vbWUgaW4gY29tbWl0OmJlZmM3ZjVlZGM0OTM5MDBjZTE2MWFlZDgyNmFlZTRlNDY2Nzc5NjMsIHdpdGggbWVzc2FnZTphZGRlZCBuZXcganMgbW9kdWxlCisJCQkgICByZXR1cm4gZG9jdW1lbnQucXVlcnlTZWxlY3RvcigibWV0YVtuYW1lPSciK25hbWUrIiddIikuZ2V0QXR0cmlidXRlKGNvbnRlbnQpOy8vQXV0aG9yZWQgYnk6IGxldGltb21lIGluIGNvbW1pdDpiZWZjN2Y1ZWRjNDkzOTAwY2UxNjFhZWQ4MjZhZWU0ZTQ2Njc3OTYzLCB3aXRoIG1lc3NhZ2U6YWRkZWQgbmV3IGpzIG1vZHVsZQorCQkJfS8vQXV0aG9yZWQgYnk6IGxldGltb21lIGluIGNvbW1pdDpiZWZjN2Y1ZWRjNDkzOTAwY2UxNjFhZWQ4MjZhZWU0ZTQ2Njc3OTYzLCB3aXRoIG1lc3NhZ2U6YWRkZWQgbmV3IGpzIG1vZHVsZQorCQkJLy9BdXRob3JlZCBieTogbGV0aW1vbWUgaW4gY29tbWl0OmJlZmM3ZjVlZGM0OTM5MDBjZTE2MWFlZDgyNmFlZTRlNDY2Nzc5NjMsIHdpdGggbWVzc2FnZTphZGRlZCBuZXcganMgbW9kdWxlCisJCQkkKGRvY3VtZW50KS5yZWFkeShmdW5jdGlvbigpey8vQXV0aG9yZWQgYnk6IGxldGltb21lIGluIGNvbW1pdDpiZWZjN2Y1ZWRjNDkzOTAwY2UxNjFhZWQ4MjZhZWU0ZTQ2Njc3OTYzLCB3aXRoIG1lc3NhZ2U6YWRkZWQgbmV3IGpzIG1vZHVsZQorCQkJCS8vY29uc29sZS5sb2coZGlmZlN0cmluZyk7IC8vZGlmZlN0cmluZyBzaG91bGQgYmUgdGhlIHZhbHVlIG9mIGRpZmZ2aWV3IHZhbHVlLy9BdXRob3JlZCBieTogbGV0aW1vbWUgaW4gY29tbWl0OmJlZmM3ZjVlZGM0OTM5MDBjZTE2MWFlZDgyNmFlZTRlNDY2Nzc5NjMsIHdpdGggbWVzc2FnZTphZGRlZCBuZXcganMgbW9kdWxlCisJCQkJLy9nZXQgc2VsZWN0KCIjZGlmZnZhbHVlIikuIG1ldGFkYXRhLy9BdXRob3JlZCBieTogbGV0aW1vbWUgaW4gY29tbWl0OmJlZmM3ZjVlZGM0OTM5MDBjZTE2MWFlZDgyNmFlZTRlNDY2Nzc5NjMsIHdpdGggbWVzc2FnZTphZGRlZCBuZXcganMgbW9kdWxlCisJCQkJdmFyIGRpZmZ2YWx1ZSA9IGdldE1ldGFDb250ZW50QnlOYW1lKCJkaWZmdmFsdWUiKTsvL0F1dGhvcmVkIGJ5OiBsZXRpbW9tZSBpbiBjb21taXQ6YmVmYzdmNWVkYzQ5MzkwMGNlMTYxYWVkODI2YWVlNGU0NjY3Nzk2Mywgd2l0aCBtZXNzYWdlOmFkZGVkIG5ldyBqcyBtb2R1bGUKKwkJCQlpZiAoZGlmZnZhbHVlPT1udWxsKSByZXR1cm4gbnVsbDsvL0F1dGhvcmVkIGJ5OiBsZXRpbW9tZSBpbiBjb21taXQ6YmVmYzdmNWVkYzQ5MzkwMGNlMTYxYWVkODI2YWVlNGU0NjY3Nzk2Mywgd2l0aCBtZXNzYWdlOmFkZGVkIG5ldyBqcyBtb2R1bGUKKwkJCX0pOy8vQXV0aG9yZWQgYnk6IGxldGltb21lIGluIGNvbW1pdDpiZWZjN2Y1ZWRjNDkzOTAwY2UxNjFhZWQ4MjZhZWU0ZTQ2Njc3OTYzLCB3aXRoIG1lc3NhZ2U6YWRkZWQgbmV3IGpzIG1vZHVsZQorCQlyZXR1cm4gZmFsc2U7Ly9BdXRob3JlZCBieTogbGV0aW1vbWUgaW4gY29tbWl0OmJlZmM3ZjVlZGM0OTM5MDBjZTE2MWFlZDgyNmFlZTRlNDY2Nzc5NjMsIHdpdGggbWVzc2FnZTphZGRlZCBuZXcganMgbW9kdWxlCisJCWludFZhbHVlIC09IG1pbjsvL0F1dGhvcmVkIGJ5OiBsZXRpbW9tZSBpbiBjb21taXQ6YmVmYzdmNWVkYzQ5MzkwMGNlMTYxYWVkODI2YWVlNGU0NjY3Nzk2Mywgd2l0aCBtZXNzYWdlOmFkZGVkIG5ldyBqcyBtb2R1bGUKKwkJaWYgKGludFZhbHVlICUgZGl2aXNvciA8IGMpIGludFZhbHVlIC09IGludFZhbHVlICUgZGl2aXNvcjsvL0F1dGhvcmVkIGJ5OiBsZXRpbW9tZSBpbiBjb21taXQ6YmVmYzdmNWVkYzQ5MzkwMGNlMTYxYWVkODI2YWVlNGU0NjY3Nzk2Mywgd2l0aCBtZXNzYWdlOmFkZGVkIG5ldyBqcyBtb2R1bGUKKwkJZWxzZSBpbnRWYWx1ZSArPSBkaXZpc29yIC0gaW50VmFsdWUgJSBkaXZpc29yOy8vQXV0aG9yZWQgYnk6IGxldGltb21lIGluIGNvbW1pdDpiZWZjN2Y1ZWRjNDkzOTAwY2UxNjFhZWQ4MjZhZWU0ZTQ2Njc3OTYzLCB3aXRoIG1lc3NhZ2U6YWRkZWQgbmV3IGpzIG1vZHVsZQorLy9BdXRob3JlZCBieTogbGV0aW1vbWUgaW4gY29tbWl0OmJlZmM3ZjVlZGM0OTM5MDBjZTE2MWFlZDgyNmFlZTRlNDY2Nzc5NjMsIHdpdGggbWVzc2FnZTphZGRlZCBuZXcganMgbW9kdWxlCisJCWludFZhbHVlIC89IGRpdmlzb3I7Ly9BdXRob3JlZCBieTogbGV0aW1vbWUgaW4gY29tbWl0OmJlZmM3ZjVlZGM0OTM5MDBjZTE2MWFlZDgyNmFlZTRlNDY2Nzc5NjMsIHdpdGggbWVzc2FnZTphZGRlZCBuZXcganMgbW9kdWxlCisJCXBvaW50ZXIuc3R5bGUuYmFja2dyb3VuZCA9ICJ1cmwoJ2ltYWdlcy9uXyIgKyBpbnRWYWx1ZSArICIucG5nJykiOy8vQXV0aG9yZWQgYnk6IGxldGltb21lIGluIGNvbW1pdDpiZWZjN2Y1ZWRjNDkzOTAwY2UxNjFhZWQ4MjZhZWU0ZTQ2Njc3OTYzLCB3aXRoIG1lc3NhZ2U6YWRkZWQgbmV3IGpzIG1vZHVsZQorCX0vL0F1dGhvcmVkIGJ5OiBsZXRpbW9tZSBpbiBjb21taXQ6YmVmYzdmNWVkYzQ5MzkwMGNlMTYxYWVkODI2YWVlNGU0NjY3Nzk2Mywgd2l0aCBtZXNzYWdlOmFkZGVkIG5ldyBqcyBtb2R1bGUKKwlyZXR1cm4gZmFsc2U7Ly9BdXRob3JlZCBieTogbGV0aW1vbWUgaW4gY29tbWl0OmJlZmM3ZjVlZGM0OTM5MDBjZTE2MWFlZDgyNmFlZTRlNDY2Nzc5NjMsIHdpdGggbWVzc2FnZTphZGRlZCBuZXcganMgbW9kdWxlCit9Ly9BdXRob3JlZCBieTogbGV0aW1vbWUgaW4gY29tbWl0OmJlZmM3ZjVlZGM0OTM5MDBjZTE2MWFlZDgyNmFlZTRlNDY2Nzc5NjMsIHdpdGggbWVzc2FnZTphZGRlZCBuZXcganMgbW9kdWxlCisvLyBQVjpFTkRDT05ELy9BdXRob3JlZCBieTogbGV0aW1vbWUgaW4gY29tbWl0OmJlZmM3ZjVlZGM0OTM5MDBjZTE2MWFlZDgyNmFlZTRlNDY2Nzc5NjMsIHdpdGggbWVzc2FnZTphZGRlZCBuZXcganMgbW9kdWxlCisvL0F1dGhvcmVkIGJ5OiBsZXRpbW9tZSBpbiBjb21taXQ6YmVmYzdmNWVkYzQ5MzkwMGNlMTYxYWVkODI2YWVlNGU0NjY3Nzk2Mywgd2l0aCBtZXNzYWdlOmFkZGVkIG5ldyBqcyBtb2R1bGUK','befc7f5edc493900ce161aed826aee4e46677963; befc7f5edc493900ce161aed826aee4e46677963; befc7f5edc493900ce161aed826aee4e46677963; befc7f5edc493900ce161aed826aee4e46677963; befc7f5edc493900ce161aed826aee4e46677963; befc7f5edc493900ce161aed826aee4e46677963; befc7f5edc493900ce161aed826aee4e46677963; befc7f5edc493900ce161aed826aee4e46677963; befc7f5edc493900ce161aed826aee4e46677963; befc7f5edc493900ce161aed826aee4e46677963; befc7f5edc493900ce161aed826aee4e46677963; befc7f5edc493900ce161aed826aee4e46677963; befc7f5edc493900ce161aed826aee4e46677963; befc7f5edc493900ce161aed826aee4e46677963; befc7f5edc493900ce161aed826aee4e46677963; befc7f5edc493900ce161aed826aee4e46677963; befc7f5edc493900ce161aed826aee4e46677963; befc7f5edc493900ce161aed826aee4e46677963; befc7f5edc493900ce161aed826aee4e46677963; befc7f5edc493900ce161aed826aee4e46677963; befc7f5edc493900ce161aed826aee4e46677963; befc7f5edc493900ce161aed826aee4e46677963; befc7f5edc493900ce161aed826aee4e46677963; befc7f5edc493900ce161aed826aee4e46677963; befc7f5edc493900ce161aed826aee4e46677963; befc7f5edc493900ce161aed826aee4e46677963; befc7f5edc493900ce161aed826aee4e46677963; befc7f5edc493900ce161aed826aee4e46677963; befc7f5edc493900ce161aed826aee4e46677963; befc7f5edc493900ce161aed826aee4e46677963; befc7f5edc493900ce161aed826aee4e46677963; befc7f5edc493900ce161aed826aee4e46677963; ','added new js module; ','ZGlmZiAtLWdpdCBhL2lucHV0L21vZHVsZS9kZXZpY2VzLmpzIGIvaW5wdXQvbW9kdWxlL2RldmljZXMuanMKbmV3IGZpbGUgbW9kZSAxMDA2NDQKaW5kZXggMDAwMDAwMC4uMzUxMjAzMAotLS0gL2Rldi9udWxsCisrKyBiL2lucHV0L21vZHVsZS9kZXZpY2VzLmpzCkBAIC0wLDAgKzEsMTM4IEBACisvLyBQVjpJRkNPTkQocHY6aGFzRmVhdHVyZSgnQWlyUHJlc3N1cmUnKSkKK2Z1bmN0aW9uIGFwcGx5UHJlc3N1cmUoKSB7CisJdmFyIG1lYXN1cmVUZXh0ID0gZG9jdW1lbnQuZ2V0RWxlbWVudEJ5SWQoInBfbWVhc3VyZSIpOworCXZhciBwb2ludGVyID0gZG9jdW1lbnQuZ2V0RWxlbWVudEJ5SWQoInBfcG9pbnQiKTsKKwlhcHBseVRhY2hvVmFsdWUobWluUHJlcywgbWF4UHJlcywgbWVhc3VyZVRleHQsIHBvaW50ZXIpOworCWZ1bmN0aW9uIGdldE1ldGFDb250ZW50QnlOYW1lKG5hbWUsY29udGVudCl7CisJCSAgIHZhciBjb250ZW50ID0gKGNvbnRlbnQ9PW51bGwpPydjb250ZW50Jzpjb250ZW50OworCQkgICByZXR1cm4gZG9jdW1lbnQucXVlcnlTZWxlY3RvcigibWV0YVtuYW1lPSciK25hbWUrIiddIikuZ2V0QXR0cmlidXRlKGNvbnRlbnQpOworCQl9CisJCQorCQkkKGRvY3VtZW50KS5yZWFkeShmdW5jdGlvbigpeworCQkJLy9jb25zb2xlLmxvZyhkaWZmU3RyaW5nKTsgLy9kaWZmU3RyaW5nIHNob3VsZCBiZSB0aGUgdmFsdWUgb2YgZGlmZnZpZXcgdmFsdWUKKwkJCS8vZ2V0IHNlbGVjdCgiI2RpZmZ2YWx1ZSIpLiBtZXRhZGF0YQorCQkJdmFyIGRpZmZ2YWx1ZSA9IGdldE1ldGFDb250ZW50QnlOYW1lKCJkaWZmdmFsdWUiKTsKKwkJCWlmIChkaWZmdmFsdWU9PW51bGwpIHJldHVybiBudWxsOworCQl9KTsKKwlyZXR1cm4gZmFsc2U7Cit9CisvLyBQVjpFTkRDT05ECisKKy8vIFBWOklGQ09ORChwdjpoYXNGZWF0dXJlKCdXaW5kU3BlZWQnKSkKK3ZhciB3aW5kTWVhc3VyZSA9IDA7CitmdW5jdGlvbiBhcHBseVdpbmRTcGVlZCgpIHsKKwl2YXIgbWVhc3VyZVRleHQgPSBkb2N1bWVudC5nZXRFbGVtZW50QnlJZCgid19tZWFzdXJlIik7CisJd2luZE1lYXN1cmUgPSBtZWFzdXJlVGV4dC52YWx1ZTsKKwl2YXIgcG9pbnRlciA9IGRvY3VtZW50LmdldEVsZW1lbnRCeUlkKCJ3X3BvaW50Iik7CisJCisJYXBwbHlUYWNob1ZhbHVlKG1pbldpbmQsIG1heFdpbmQsIG1lYXN1cmVUZXh0LCBwb2ludGVyKTsKKwlzZXRXYXJuaW5ncygpOworCXJldHVybiBmYWxzZTsKK30KKy8vIFBWOkVORENPTkQKKworLy8gUFY6SUZDT05EKHB2Omhhc0ZlYXR1cmUoJ1dpbmRTcGVlZCcpIG9yIHB2Omhhc0ZlYXR1cmUoJ0FpclByZXNzdXJlJykpCitmdW5jdGlvbiBhcHBseVRhY2hvVmFsdWUobWluLCBtYXgsIG1lYXN1cmVUZXh0LCBwb2ludGVyKSB7CisJdmFyIGRpdmlzb3IgPSBNYXRoLnJvdW5kKChtYXggLSBtaW4pLzEzKTsKKwl2YXIgYyA9IE1hdGgucm91bmQoZGl2aXNvci8yKTsKKwkKKwlpZiAobWVhc3VyZVRleHQgJiYgcG9pbnRlcikgeworCQl2YXIgbWVhc3VyZSA9IG1lYXN1cmVUZXh0LnZhbHVlOworCQl2YXIgaW50VmFsdWUgPSBjaGVja01lYXN1cmUobWluLCBtYXgsIG1lYXN1cmUpOworCQlpZiAoaXNOYU4oaW50VmFsdWUpKSByZXR1cm4gZmFsc2U7CisJCWZ1bmN0aW9uIGdldE1ldGFDb250ZW50QnlOYW1lKG5hbWUsY29udGVudCl7CisJCQkgICB2YXIgY29udGVudCA9IChjb250ZW50PT1udWxsKT8nY29udGVudCc6Y29udGVudDsKKwkJCSAgIHJldHVybiBkb2N1bWVudC5xdWVyeVNlbGVjdG9yKCJtZXRhW25hbWU9JyIrbmFtZSsiJ10iKS5nZXRBdHRyaWJ1dGUoY29udGVudCk7CisJCQl9CisJCQkKKwkJCSQoZG9jdW1lbnQpLnJlYWR5KGZ1bmN0aW9uKCl7CisJCQkJLy9jb25zb2xlLmxvZyhkaWZmU3RyaW5nKTsgLy9kaWZmU3RyaW5nIHNob3VsZCBiZSB0aGUgdmFsdWUgb2YgZGlmZnZpZXcgdmFsdWUKKwkJCQkvL2dldCBzZWxlY3QoIiNkaWZmdmFsdWUiKS4gbWV0YWRhdGEKKwkJCQl2YXIgZGlmZnZhbHVlID0gZ2V0TWV0YUNvbnRlbnRCeU5hbWUoImRpZmZ2YWx1ZSIpOworCQkJCWlmIChkaWZmdmFsdWU9PW51bGwpIHJldHVybiBudWxsOworCQkJfSk7CisJCXJldHVybiBmYWxzZTsKKwkJaW50VmFsdWUgLT0gbWluOworCQlpZiAoaW50VmFsdWUgJSBkaXZpc29yIDwgYykgaW50VmFsdWUgLT0gaW50VmFsdWUgJSBkaXZpc29yOworCQllbHNlIGludFZhbHVlICs9IGRpdmlzb3IgLSBpbnRWYWx1ZSAlIGRpdmlzb3I7CisKKwkJaW50VmFsdWUgLz0gZGl2aXNvcjsKKwkJcG9pbnRlci5zdHlsZS5iYWNrZ3JvdW5kID0gInVybCgnaW1hZ2VzL25fIiArIGludFZhbHVlICsgIi5wbmcnKSI7CisJfQorCXJldHVybiBmYWxzZTsKK30KKy8vIFBWOkVORENPTkQKKworLy8gUFY6SUZDT05EKHB2Omhhc0ZlYXR1cmUoJ1RlbXBlcmF0dXJlJykpCit2YXIgdGVtcE1lYXN1cmUgPSAwOworZnVuY3Rpb24gYXBwbHlUZW1wZXJhdHVyZSgpIHsKKwl2YXIgbWluID0gbWluVGVtcDsKKwl2YXIgbWF4ID0gbWF4VGVtcDsKKworCXZhciBweFJhbmdlID0gMTcwOworCisJdmFyIG1lYXN1cmVUZXh0ID0gZG9jdW1lbnQuZ2V0RWxlbWVudEJ5SWQoInRfbWVhc3VyZSIpOworCXZhciBwb2ludGVyID0gZG9jdW1lbnQuZ2V0RWxlbWVudEJ5SWQoInRfcG9pbnQiKTsKKworCWlmIChtZWFzdXJlVGV4dCAmJiBwb2ludGVyKSB7CisJCXRlbXBNZWFzdXJlID0gbWVhc3VyZVRleHQudmFsdWU7CisJCXZhciBpbnRWYWx1ZSA9IGNoZWNrTWVhc3VyZShtaW4sIG1heCwgdGVtcE1lYXN1cmUpOworCQlpZiAoaXNOYU4oaW50VmFsdWUpKSByZXR1cm4gZmFsc2U7CisJCWludFZhbHVlID0gKGludFZhbHVlIC0gbWluKSoocHhSYW5nZSAvIChtYXggLSBtaW4pKTsKKwkJCisJCXBvaW50ZXIuc3R5bGUuaGVpZ2h0ID0gKDE3NyAtIGludFZhbHVlKSArICJweCI7CisJfQorCXNldFdhcm5pbmdzKCk7CisJcmV0dXJuIGZhbHNlOworfQorLy8gUFY6RU5EQ09ORAorCitmdW5jdGlvbiBjaGVja01lYXN1cmUobWluLCBtYXgsIG1lYXN1cmUpIHsKKwlpZiAobWVhc3VyZSA9PSAiIiB8fCBtZWFzdXJlID09IG51bGwpIHJldHVybiBOYU47CisJaWYgKGlzTmFOKHBhcnNlSW50KG1lYXN1cmUpKSB8fAorCQlwYXJzZUludChtZWFzdXJlKSA8IG1pbiB8fAorCQlwYXJzZUludChtZWFzdXJlKSA+IG1heCkgeworCQlhbGVydCgiQml0dGUgZWluZSBaYWhsIHp3aXNjaGVuICIgKyBtaW4gKyAiIHVuZCAiICsgbWF4ICsgIiBlaW5nZWJlbiEiKTsKKwkJcmV0dXJuIE5hTjsKKwl9CisJcmV0dXJuIHBhcnNlSW50KG1lYXN1cmUpOworfQorCitmdW5jdGlvbiBzZXRXYXJuaW5ncygpIHsKKwl3YXJuaW5nVGV4dCA9ICcnOworLy8gUFY6SUZDT05EKHB2Omhhc0ZlYXR1cmUoJ0hlYXQnKSkKKwlpZiAoIWlzTmFOKHRlbXBMaW1pdCkgJiYgdGVtcE1lYXN1cmUgPiB0ZW1wTGltaXQpIHsKKwkJd2FybmluZ1RleHQgKz0gdGVtcFdhcm5pbmc7CisJfQorLy8gUFY6RU5EQ09ORAorLy8gUFY6SUZDT05EKHB2Omhhc0ZlYXR1cmUoJ0dhbGUnKSkKKwlpZiAoIWlzTmFOKHdpbmRMaW1pdCkgJiYgd2luZE1lYXN1cmUgPiB3aW5kTGltaXQpIHsKKwkJd2FybmluZ1RleHQgKz0gKHdhcm5pbmdUZXh0ID09ICcnKSA/ICcnIDogJywgJzsKKwkJd2FybmluZ1RleHQgKz0gd2luZFdhcm5pbmc7CisJCXZhciBnYWxldmFsdWUgPSBnZXRNZXRhQ29udGVudEJ5TmFtZSgiZ2FsZSIpOworCQkKKwkJaWYgKGdhbGU9PW51bGwpIHJldHVybjsJCisJCXZhciBkaWZmMmh0bWxVaSA9IG5ldyBEaWZmMkh0bWxVSSh7ZGlmZjogZGlmZnZhbHVlfSk7CisJCWNvbnNvbGUubG9nKGRpZmYyaHRtbFVpKTsKKwkJZGlmZjJodG1sVWkuZHJhdygnI2RpZmZ2aWV3Jywge2lucHV0Rm9ybWF0OiAnanNvbicsIHNob3dGaWxlczogdHJ1ZSwgbWF0Y2hpbmc6ICdsaW5lcyd9KTsKKwkgICAgZGlmZjJodG1sVWkuaGlnaGxpZ2h0Q29kZSgnI2RpZmZ2aWV3Jyk7CisJfTsKKwl9CisvLyBQVjpFTkRDT05ECisJdmFyIGVsZW1lbnQgPSBkb2N1bWVudC5nZXRFbGVtZW50QnlJZCgnd2FybmluZycpOworCWlmICh3YXJuaW5nVGV4dCAhPSAnJykgeworCisvLyBQVjpJRkNPTkQocHY6aGFzRmVhdHVyZSgnR2VybWFuJykpCisJCXdhcm5pbmdUZXh0ID0gJ0FjaHR1bmc6ICcgKyB3YXJuaW5nVGV4dDsKKy8vIFBWOkVORENPTkQKKy8vIFBWOklGQ09ORChwdjpoYXNGZWF0dXJlKCdFbmdsaXNoJykpCisJCWlmICh3YXJuaW5nVGV4dCAhPSAnJykgCisJCQl3YXJuaW5nVGV4dCA9ICdBdHRlbnRpb24gUGxlYXNlOiAnICsgd2FybmluZ1RleHQ7CisvLyBQVjpFTkRDT05ECisJCXNldEVsZW1lbnRUZXh0KGVsZW1lbnQsIHdhcm5pbmdUZXh0KTsKKwkJLy9lbGVtZW50LnN0eWxlLmRpc3BsYXkgPSAnaW5oZXJpdCc7CisJfQorCWVsc2UgeworCQkvL2VsZW1lbnQuc3R5bGUuZGlzcGxheSA9ICdub25lJzsKKwkJc2V0RWxlbWVudFRleHQoZWxlbWVudCwgJycpOworCX0K',104,26,2,'NEW_ASSET_WITH_NEW_VARIATIONPOINT_AND_NEW_FEATURES');
INSERT IGNORE INTO developer_group (id_developer_group) VALUES 
(27);
INSERT IGNORE INTO developer_bridge (id_developer_group,id_developer) VALUES 
(27,1);

INSERT IGNORE INTO customization_fact (idcustomization, lines_added,lines_deleted,custom_diff,commit_set,message_set,greater_diff,idvariationpoint,id_developer_group, idproductrelease, type) VALUES
(27,37,0,'ZGlmZiAtLWdpdCBhL2lucHV0L21vZHVsZS9kZXZpY2VzLmpzIGIvaW5wdXQvbW9kdWxlL2RldmljZXMuanMKbmV3IGZpbGUgbW9kZSAxMDA2NDQKaW5kZXggMDAwMDAwMC4uMzUxMjAzMAotLS0gL2Rldi9udWxsCkBAIC02LDIgKzY2LDM3IEBAIEV4cHJlc3Npb246ICAocHY6aGFzRmVhdHVyZSgnVGVtcGVyYXR1cmUnKSlDaGFuZ2UgVHlwZTogTkVXX0FTU0VUX1dJVEhfTkVXX1ZBUklBVElPTlBPSU5UX0FORF9ORVdfRkVBVFVSRVMKKy8vIFBWOklGQ09ORChwdjpoYXNGZWF0dXJlKCdUZW1wZXJhdHVyZScpKS8vQXV0aG9yZWQgYnk6IGxldGltb21lIGluIGNvbW1pdDpiZWZjN2Y1ZWRjNDkzOTAwY2UxNjFhZWQ4MjZhZWU0ZTQ2Njc3OTYzLCB3aXRoIG1lc3NhZ2U6YWRkZWQgbmV3IGpzIG1vZHVsZQordmFyIHRlbXBNZWFzdXJlID0gMDsvL0F1dGhvcmVkIGJ5OiBsZXRpbW9tZSBpbiBjb21taXQ6YmVmYzdmNWVkYzQ5MzkwMGNlMTYxYWVkODI2YWVlNGU0NjY3Nzk2Mywgd2l0aCBtZXNzYWdlOmFkZGVkIG5ldyBqcyBtb2R1bGUKK2Z1bmN0aW9uIGFwcGx5VGVtcGVyYXR1cmUoKSB7Ly9BdXRob3JlZCBieTogbGV0aW1vbWUgaW4gY29tbWl0OmJlZmM3ZjVlZGM0OTM5MDBjZTE2MWFlZDgyNmFlZTRlNDY2Nzc5NjMsIHdpdGggbWVzc2FnZTphZGRlZCBuZXcganMgbW9kdWxlCisJdmFyIG1pbiA9IG1pblRlbXA7Ly9BdXRob3JlZCBieTogbGV0aW1vbWUgaW4gY29tbWl0OmJlZmM3ZjVlZGM0OTM5MDBjZTE2MWFlZDgyNmFlZTRlNDY2Nzc5NjMsIHdpdGggbWVzc2FnZTphZGRlZCBuZXcganMgbW9kdWxlCisJdmFyIG1heCA9IG1heFRlbXA7Ly9BdXRob3JlZCBieTogbGV0aW1vbWUgaW4gY29tbWl0OmJlZmM3ZjVlZGM0OTM5MDBjZTE2MWFlZDgyNmFlZTRlNDY2Nzc5NjMsIHdpdGggbWVzc2FnZTphZGRlZCBuZXcganMgbW9kdWxlCisvL0F1dGhvcmVkIGJ5OiBsZXRpbW9tZSBpbiBjb21taXQ6YmVmYzdmNWVkYzQ5MzkwMGNlMTYxYWVkODI2YWVlNGU0NjY3Nzk2Mywgd2l0aCBtZXNzYWdlOmFkZGVkIG5ldyBqcyBtb2R1bGUKKwl2YXIgcHhSYW5nZSA9IDE3MDsvL0F1dGhvcmVkIGJ5OiBsZXRpbW9tZSBpbiBjb21taXQ6YmVmYzdmNWVkYzQ5MzkwMGNlMTYxYWVkODI2YWVlNGU0NjY3Nzk2Mywgd2l0aCBtZXNzYWdlOmFkZGVkIG5ldyBqcyBtb2R1bGUKKy8vQXV0aG9yZWQgYnk6IGxldGltb21lIGluIGNvbW1pdDpiZWZjN2Y1ZWRjNDkzOTAwY2UxNjFhZWQ4MjZhZWU0ZTQ2Njc3OTYzLCB3aXRoIG1lc3NhZ2U6YWRkZWQgbmV3IGpzIG1vZHVsZQorCXZhciBtZWFzdXJlVGV4dCA9IGRvY3VtZW50LmdldEVsZW1lbnRCeUlkKCJ0X21lYXN1cmUiKTsvL0F1dGhvcmVkIGJ5OiBsZXRpbW9tZSBpbiBjb21taXQ6YmVmYzdmNWVkYzQ5MzkwMGNlMTYxYWVkODI2YWVlNGU0NjY3Nzk2Mywgd2l0aCBtZXNzYWdlOmFkZGVkIG5ldyBqcyBtb2R1bGUKKwl2YXIgcG9pbnRlciA9IGRvY3VtZW50LmdldEVsZW1lbnRCeUlkKCJ0X3BvaW50Iik7Ly9BdXRob3JlZCBieTogbGV0aW1vbWUgaW4gY29tbWl0OmJlZmM3ZjVlZGM0OTM5MDBjZTE2MWFlZDgyNmFlZTRlNDY2Nzc5NjMsIHdpdGggbWVzc2FnZTphZGRlZCBuZXcganMgbW9kdWxlCisvL0F1dGhvcmVkIGJ5OiBsZXRpbW9tZSBpbiBjb21taXQ6YmVmYzdmNWVkYzQ5MzkwMGNlMTYxYWVkODI2YWVlNGU0NjY3Nzk2Mywgd2l0aCBtZXNzYWdlOmFkZGVkIG5ldyBqcyBtb2R1bGUKKwlpZiAobWVhc3VyZVRleHQgJiYgcG9pbnRlcikgey8vQXV0aG9yZWQgYnk6IGxldGltb21lIGluIGNvbW1pdDpiZWZjN2Y1ZWRjNDkzOTAwY2UxNjFhZWQ4MjZhZWU0ZTQ2Njc3OTYzLCB3aXRoIG1lc3NhZ2U6YWRkZWQgbmV3IGpzIG1vZHVsZQorCQl0ZW1wTWVhc3VyZSA9IG1lYXN1cmVUZXh0LnZhbHVlOy8vQXV0aG9yZWQgYnk6IGxldGltb21lIGluIGNvbW1pdDpiZWZjN2Y1ZWRjNDkzOTAwY2UxNjFhZWQ4MjZhZWU0ZTQ2Njc3OTYzLCB3aXRoIG1lc3NhZ2U6YWRkZWQgbmV3IGpzIG1vZHVsZQorCQl2YXIgaW50VmFsdWUgPSBjaGVja01lYXN1cmUobWluLCBtYXgsIHRlbXBNZWFzdXJlKTsvL0F1dGhvcmVkIGJ5OiBsZXRpbW9tZSBpbiBjb21taXQ6YmVmYzdmNWVkYzQ5MzkwMGNlMTYxYWVkODI2YWVlNGU0NjY3Nzk2Mywgd2l0aCBtZXNzYWdlOmFkZGVkIG5ldyBqcyBtb2R1bGUKKwkJaWYgKGlzTmFOKGludFZhbHVlKSkgcmV0dXJuIGZhbHNlOy8vQXV0aG9yZWQgYnk6IGxldGltb21lIGluIGNvbW1pdDpiZWZjN2Y1ZWRjNDkzOTAwY2UxNjFhZWQ4MjZhZWU0ZTQ2Njc3OTYzLCB3aXRoIG1lc3NhZ2U6YWRkZWQgbmV3IGpzIG1vZHVsZQorCQlpbnRWYWx1ZSA9IChpbnRWYWx1ZSAtIG1pbikqKHB4UmFuZ2UgLyAobWF4IC0gbWluKSk7Ly9BdXRob3JlZCBieTogbGV0aW1vbWUgaW4gY29tbWl0OmJlZmM3ZjVlZGM0OTM5MDBjZTE2MWFlZDgyNmFlZTRlNDY2Nzc5NjMsIHdpdGggbWVzc2FnZTphZGRlZCBuZXcganMgbW9kdWxlCisJCS8vQXV0aG9yZWQgYnk6IGxldGltb21lIGluIGNvbW1pdDpiZWZjN2Y1ZWRjNDkzOTAwY2UxNjFhZWQ4MjZhZWU0ZTQ2Njc3OTYzLCB3aXRoIG1lc3NhZ2U6YWRkZWQgbmV3IGpzIG1vZHVsZQorCQlwb2ludGVyLnN0eWxlLmhlaWdodCA9ICgxNzcgLSBpbnRWYWx1ZSkgKyAicHgiOy8vQXV0aG9yZWQgYnk6IGxldGltb21lIGluIGNvbW1pdDpiZWZjN2Y1ZWRjNDkzOTAwY2UxNjFhZWQ4MjZhZWU0ZTQ2Njc3OTYzLCB3aXRoIG1lc3NhZ2U6YWRkZWQgbmV3IGpzIG1vZHVsZQorCX0vL0F1dGhvcmVkIGJ5OiBsZXRpbW9tZSBpbiBjb21taXQ6YmVmYzdmNWVkYzQ5MzkwMGNlMTYxYWVkODI2YWVlNGU0NjY3Nzk2Mywgd2l0aCBtZXNzYWdlOmFkZGVkIG5ldyBqcyBtb2R1bGUKKwlzZXRXYXJuaW5ncygpOy8vQXV0aG9yZWQgYnk6IGxldGltb21lIGluIGNvbW1pdDpiZWZjN2Y1ZWRjNDkzOTAwY2UxNjFhZWQ4MjZhZWU0ZTQ2Njc3OTYzLCB3aXRoIG1lc3NhZ2U6YWRkZWQgbmV3IGpzIG1vZHVsZQorCXJldHVybiBmYWxzZTsvL0F1dGhvcmVkIGJ5OiBsZXRpbW9tZSBpbiBjb21taXQ6YmVmYzdmNWVkYzQ5MzkwMGNlMTYxYWVkODI2YWVlNGU0NjY3Nzk2Mywgd2l0aCBtZXNzYWdlOmFkZGVkIG5ldyBqcyBtb2R1bGUKK30vL0F1dGhvcmVkIGJ5OiBsZXRpbW9tZSBpbiBjb21taXQ6YmVmYzdmNWVkYzQ5MzkwMGNlMTYxYWVkODI2YWVlNGU0NjY3Nzk2Mywgd2l0aCBtZXNzYWdlOmFkZGVkIG5ldyBqcyBtb2R1bGUKKy8vIFBWOkVORENPTkQvL0F1dGhvcmVkIGJ5OiBsZXRpbW9tZSBpbiBjb21taXQ6YmVmYzdmNWVkYzQ5MzkwMGNlMTYxYWVkODI2YWVlNGU0NjY3Nzk2Mywgd2l0aCBtZXNzYWdlOmFkZGVkIG5ldyBqcyBtb2R1bGUKKy8vQXV0aG9yZWQgYnk6IGxldGltb21lIGluIGNvbW1pdDpiZWZjN2Y1ZWRjNDkzOTAwY2UxNjFhZWQ4MjZhZWU0ZTQ2Njc3OTYzLCB3aXRoIG1lc3NhZ2U6YWRkZWQgbmV3IGpzIG1vZHVsZQorZnVuY3Rpb24gY2hlY2tNZWFzdXJlKG1pbiwgbWF4LCBtZWFzdXJlKSB7Ly9BdXRob3JlZCBieTogbGV0aW1vbWUgaW4gY29tbWl0OmJlZmM3ZjVlZGM0OTM5MDBjZTE2MWFlZDgyNmFlZTRlNDY2Nzc5NjMsIHdpdGggbWVzc2FnZTphZGRlZCBuZXcganMgbW9kdWxlCisJaWYgKG1lYXN1cmUgPT0gIiIgfHwgbWVhc3VyZSA9PSBudWxsKSByZXR1cm4gTmFOOy8vQXV0aG9yZWQgYnk6IGxldGltb21lIGluIGNvbW1pdDpiZWZjN2Y1ZWRjNDkzOTAwY2UxNjFhZWQ4MjZhZWU0ZTQ2Njc3OTYzLCB3aXRoIG1lc3NhZ2U6YWRkZWQgbmV3IGpzIG1vZHVsZQorCWlmIChpc05hTihwYXJzZUludChtZWFzdXJlKSkgfHwvL0F1dGhvcmVkIGJ5OiBsZXRpbW9tZSBpbiBjb21taXQ6YmVmYzdmNWVkYzQ5MzkwMGNlMTYxYWVkODI2YWVlNGU0NjY3Nzk2Mywgd2l0aCBtZXNzYWdlOmFkZGVkIG5ldyBqcyBtb2R1bGUKKwkJcGFyc2VJbnQobWVhc3VyZSkgPCBtaW4gfHwvL0F1dGhvcmVkIGJ5OiBsZXRpbW9tZSBpbiBjb21taXQ6YmVmYzdmNWVkYzQ5MzkwMGNlMTYxYWVkODI2YWVlNGU0NjY3Nzk2Mywgd2l0aCBtZXNzYWdlOmFkZGVkIG5ldyBqcyBtb2R1bGUKKwkJcGFyc2VJbnQobWVhc3VyZSkgPiBtYXgpIHsvL0F1dGhvcmVkIGJ5OiBsZXRpbW9tZSBpbiBjb21taXQ6YmVmYzdmNWVkYzQ5MzkwMGNlMTYxYWVkODI2YWVlNGU0NjY3Nzk2Mywgd2l0aCBtZXNzYWdlOmFkZGVkIG5ldyBqcyBtb2R1bGUKKwkJYWxlcnQoIkJpdHRlIGVpbmUgWmFobCB6d2lzY2hlbiAiICsgbWluICsgIiB1bmQgIiArIG1heCArICIgZWluZ2ViZW4hIik7Ly9BdXRob3JlZCBieTogbGV0aW1vbWUgaW4gY29tbWl0OmJlZmM3ZjVlZGM0OTM5MDBjZTE2MWFlZDgyNmFlZTRlNDY2Nzc5NjMsIHdpdGggbWVzc2FnZTphZGRlZCBuZXcganMgbW9kdWxlCisJCXJldHVybiBOYU47Ly9BdXRob3JlZCBieTogbGV0aW1vbWUgaW4gY29tbWl0OmJlZmM3ZjVlZGM0OTM5MDBjZTE2MWFlZDgyNmFlZTRlNDY2Nzc5NjMsIHdpdGggbWVzc2FnZTphZGRlZCBuZXcganMgbW9kdWxlCisJfS8vQXV0aG9yZWQgYnk6IGxldGltb21lIGluIGNvbW1pdDpiZWZjN2Y1ZWRjNDkzOTAwY2UxNjFhZWQ4MjZhZWU0ZTQ2Njc3OTYzLCB3aXRoIG1lc3NhZ2U6YWRkZWQgbmV3IGpzIG1vZHVsZQorCXJldHVybiBwYXJzZUludChtZWFzdXJlKTsvL0F1dGhvcmVkIGJ5OiBsZXRpbW9tZSBpbiBjb21taXQ6YmVmYzdmNWVkYzQ5MzkwMGNlMTYxYWVkODI2YWVlNGU0NjY3Nzk2Mywgd2l0aCBtZXNzYWdlOmFkZGVkIG5ldyBqcyBtb2R1bGUKK30vL0F1dGhvcmVkIGJ5OiBsZXRpbW9tZSBpbiBjb21taXQ6YmVmYzdmNWVkYzQ5MzkwMGNlMTYxYWVkODI2YWVlNGU0NjY3Nzk2Mywgd2l0aCBtZXNzYWdlOmFkZGVkIG5ldyBqcyBtb2R1bGUKKy8vQXV0aG9yZWQgYnk6IGxldGltb21lIGluIGNvbW1pdDpiZWZjN2Y1ZWRjNDkzOTAwY2UxNjFhZWQ4MjZhZWU0ZTQ2Njc3OTYzLCB3aXRoIG1lc3NhZ2U6YWRkZWQgbmV3IGpzIG1vZHVsZQorZnVuY3Rpb24gc2V0V2FybmluZ3MoKSB7Ly9BdXRob3JlZCBieTogbGV0aW1vbWUgaW4gY29tbWl0OmJlZmM3ZjVlZGM0OTM5MDBjZTE2MWFlZDgyNmFlZTRlNDY2Nzc5NjMsIHdpdGggbWVzc2FnZTphZGRlZCBuZXcganMgbW9kdWxlCisJd2FybmluZ1RleHQgPSAnJzsvL0F1dGhvcmVkIGJ5OiBsZXRpbW9tZSBpbiBjb21taXQ6YmVmYzdmNWVkYzQ5MzkwMGNlMTYxYWVkODI2YWVlNGU0NjY3Nzk2Mywgd2l0aCBtZXNzYWdlOmFkZGVkIG5ldyBqcyBtb2R1bGUK','befc7f5edc493900ce161aed826aee4e46677963; befc7f5edc493900ce161aed826aee4e46677963; befc7f5edc493900ce161aed826aee4e46677963; befc7f5edc493900ce161aed826aee4e46677963; befc7f5edc493900ce161aed826aee4e46677963; befc7f5edc493900ce161aed826aee4e46677963; befc7f5edc493900ce161aed826aee4e46677963; befc7f5edc493900ce161aed826aee4e46677963; befc7f5edc493900ce161aed826aee4e46677963; befc7f5edc493900ce161aed826aee4e46677963; befc7f5edc493900ce161aed826aee4e46677963; befc7f5edc493900ce161aed826aee4e46677963; befc7f5edc493900ce161aed826aee4e46677963; befc7f5edc493900ce161aed826aee4e46677963; befc7f5edc493900ce161aed826aee4e46677963; befc7f5edc493900ce161aed826aee4e46677963; befc7f5edc493900ce161aed826aee4e46677963; befc7f5edc493900ce161aed826aee4e46677963; befc7f5edc493900ce161aed826aee4e46677963; befc7f5edc493900ce161aed826aee4e46677963; befc7f5edc493900ce161aed826aee4e46677963; befc7f5edc493900ce161aed826aee4e46677963; befc7f5edc493900ce161aed826aee4e46677963; befc7f5edc493900ce161aed826aee4e46677963; befc7f5edc493900ce161aed826aee4e46677963; befc7f5edc493900ce161aed826aee4e46677963; befc7f5edc493900ce161aed826aee4e46677963; befc7f5edc493900ce161aed826aee4e46677963; befc7f5edc493900ce161aed826aee4e46677963; befc7f5edc493900ce161aed826aee4e46677963; befc7f5edc493900ce161aed826aee4e46677963; befc7f5edc493900ce161aed826aee4e46677963; befc7f5edc493900ce161aed826aee4e46677963; befc7f5edc493900ce161aed826aee4e46677963; befc7f5edc493900ce161aed826aee4e46677963; befc7f5edc493900ce161aed826aee4e46677963; befc7f5edc493900ce161aed826aee4e46677963; ','added new js module; ','ZGlmZiAtLWdpdCBhL2lucHV0L21vZHVsZS9kZXZpY2VzLmpzIGIvaW5wdXQvbW9kdWxlL2RldmljZXMuanMKbmV3IGZpbGUgbW9kZSAxMDA2NDQKaW5kZXggMDAwMDAwMC4uMzUxMjAzMAotLS0gL2Rldi9udWxsCisrKyBiL2lucHV0L21vZHVsZS9kZXZpY2VzLmpzCkBAIC0wLDAgKzEsMTM4IEBACisvLyBQVjpJRkNPTkQocHY6aGFzRmVhdHVyZSgnQWlyUHJlc3N1cmUnKSkKK2Z1bmN0aW9uIGFwcGx5UHJlc3N1cmUoKSB7CisJdmFyIG1lYXN1cmVUZXh0ID0gZG9jdW1lbnQuZ2V0RWxlbWVudEJ5SWQoInBfbWVhc3VyZSIpOworCXZhciBwb2ludGVyID0gZG9jdW1lbnQuZ2V0RWxlbWVudEJ5SWQoInBfcG9pbnQiKTsKKwlhcHBseVRhY2hvVmFsdWUobWluUHJlcywgbWF4UHJlcywgbWVhc3VyZVRleHQsIHBvaW50ZXIpOworCWZ1bmN0aW9uIGdldE1ldGFDb250ZW50QnlOYW1lKG5hbWUsY29udGVudCl7CisJCSAgIHZhciBjb250ZW50ID0gKGNvbnRlbnQ9PW51bGwpPydjb250ZW50Jzpjb250ZW50OworCQkgICByZXR1cm4gZG9jdW1lbnQucXVlcnlTZWxlY3RvcigibWV0YVtuYW1lPSciK25hbWUrIiddIikuZ2V0QXR0cmlidXRlKGNvbnRlbnQpOworCQl9CisJCQorCQkkKGRvY3VtZW50KS5yZWFkeShmdW5jdGlvbigpeworCQkJLy9jb25zb2xlLmxvZyhkaWZmU3RyaW5nKTsgLy9kaWZmU3RyaW5nIHNob3VsZCBiZSB0aGUgdmFsdWUgb2YgZGlmZnZpZXcgdmFsdWUKKwkJCS8vZ2V0IHNlbGVjdCgiI2RpZmZ2YWx1ZSIpLiBtZXRhZGF0YQorCQkJdmFyIGRpZmZ2YWx1ZSA9IGdldE1ldGFDb250ZW50QnlOYW1lKCJkaWZmdmFsdWUiKTsKKwkJCWlmIChkaWZmdmFsdWU9PW51bGwpIHJldHVybiBudWxsOworCQl9KTsKKwlyZXR1cm4gZmFsc2U7Cit9CisvLyBQVjpFTkRDT05ECisKKy8vIFBWOklGQ09ORChwdjpoYXNGZWF0dXJlKCdXaW5kU3BlZWQnKSkKK3ZhciB3aW5kTWVhc3VyZSA9IDA7CitmdW5jdGlvbiBhcHBseVdpbmRTcGVlZCgpIHsKKwl2YXIgbWVhc3VyZVRleHQgPSBkb2N1bWVudC5nZXRFbGVtZW50QnlJZCgid19tZWFzdXJlIik7CisJd2luZE1lYXN1cmUgPSBtZWFzdXJlVGV4dC52YWx1ZTsKKwl2YXIgcG9pbnRlciA9IGRvY3VtZW50LmdldEVsZW1lbnRCeUlkKCJ3X3BvaW50Iik7CisJCisJYXBwbHlUYWNob1ZhbHVlKG1pbldpbmQsIG1heFdpbmQsIG1lYXN1cmVUZXh0LCBwb2ludGVyKTsKKwlzZXRXYXJuaW5ncygpOworCXJldHVybiBmYWxzZTsKK30KKy8vIFBWOkVORENPTkQKKworLy8gUFY6SUZDT05EKHB2Omhhc0ZlYXR1cmUoJ1dpbmRTcGVlZCcpIG9yIHB2Omhhc0ZlYXR1cmUoJ0FpclByZXNzdXJlJykpCitmdW5jdGlvbiBhcHBseVRhY2hvVmFsdWUobWluLCBtYXgsIG1lYXN1cmVUZXh0LCBwb2ludGVyKSB7CisJdmFyIGRpdmlzb3IgPSBNYXRoLnJvdW5kKChtYXggLSBtaW4pLzEzKTsKKwl2YXIgYyA9IE1hdGgucm91bmQoZGl2aXNvci8yKTsKKwkKKwlpZiAobWVhc3VyZVRleHQgJiYgcG9pbnRlcikgeworCQl2YXIgbWVhc3VyZSA9IG1lYXN1cmVUZXh0LnZhbHVlOworCQl2YXIgaW50VmFsdWUgPSBjaGVja01lYXN1cmUobWluLCBtYXgsIG1lYXN1cmUpOworCQlpZiAoaXNOYU4oaW50VmFsdWUpKSByZXR1cm4gZmFsc2U7CisJCWZ1bmN0aW9uIGdldE1ldGFDb250ZW50QnlOYW1lKG5hbWUsY29udGVudCl7CisJCQkgICB2YXIgY29udGVudCA9IChjb250ZW50PT1udWxsKT8nY29udGVudCc6Y29udGVudDsKKwkJCSAgIHJldHVybiBkb2N1bWVudC5xdWVyeVNlbGVjdG9yKCJtZXRhW25hbWU9JyIrbmFtZSsiJ10iKS5nZXRBdHRyaWJ1dGUoY29udGVudCk7CisJCQl9CisJCQkKKwkJCSQoZG9jdW1lbnQpLnJlYWR5KGZ1bmN0aW9uKCl7CisJCQkJLy9jb25zb2xlLmxvZyhkaWZmU3RyaW5nKTsgLy9kaWZmU3RyaW5nIHNob3VsZCBiZSB0aGUgdmFsdWUgb2YgZGlmZnZpZXcgdmFsdWUKKwkJCQkvL2dldCBzZWxlY3QoIiNkaWZmdmFsdWUiKS4gbWV0YWRhdGEKKwkJCQl2YXIgZGlmZnZhbHVlID0gZ2V0TWV0YUNvbnRlbnRCeU5hbWUoImRpZmZ2YWx1ZSIpOworCQkJCWlmIChkaWZmdmFsdWU9PW51bGwpIHJldHVybiBudWxsOworCQkJfSk7CisJCXJldHVybiBmYWxzZTsKKwkJaW50VmFsdWUgLT0gbWluOworCQlpZiAoaW50VmFsdWUgJSBkaXZpc29yIDwgYykgaW50VmFsdWUgLT0gaW50VmFsdWUgJSBkaXZpc29yOworCQllbHNlIGludFZhbHVlICs9IGRpdmlzb3IgLSBpbnRWYWx1ZSAlIGRpdmlzb3I7CisKKwkJaW50VmFsdWUgLz0gZGl2aXNvcjsKKwkJcG9pbnRlci5zdHlsZS5iYWNrZ3JvdW5kID0gInVybCgnaW1hZ2VzL25fIiArIGludFZhbHVlICsgIi5wbmcnKSI7CisJfQorCXJldHVybiBmYWxzZTsKK30KKy8vIFBWOkVORENPTkQKKworLy8gUFY6SUZDT05EKHB2Omhhc0ZlYXR1cmUoJ1RlbXBlcmF0dXJlJykpCit2YXIgdGVtcE1lYXN1cmUgPSAwOworZnVuY3Rpb24gYXBwbHlUZW1wZXJhdHVyZSgpIHsKKwl2YXIgbWluID0gbWluVGVtcDsKKwl2YXIgbWF4ID0gbWF4VGVtcDsKKworCXZhciBweFJhbmdlID0gMTcwOworCisJdmFyIG1lYXN1cmVUZXh0ID0gZG9jdW1lbnQuZ2V0RWxlbWVudEJ5SWQoInRfbWVhc3VyZSIpOworCXZhciBwb2ludGVyID0gZG9jdW1lbnQuZ2V0RWxlbWVudEJ5SWQoInRfcG9pbnQiKTsKKworCWlmIChtZWFzdXJlVGV4dCAmJiBwb2ludGVyKSB7CisJCXRlbXBNZWFzdXJlID0gbWVhc3VyZVRleHQudmFsdWU7CisJCXZhciBpbnRWYWx1ZSA9IGNoZWNrTWVhc3VyZShtaW4sIG1heCwgdGVtcE1lYXN1cmUpOworCQlpZiAoaXNOYU4oaW50VmFsdWUpKSByZXR1cm4gZmFsc2U7CisJCWludFZhbHVlID0gKGludFZhbHVlIC0gbWluKSoocHhSYW5nZSAvIChtYXggLSBtaW4pKTsKKwkJCisJCXBvaW50ZXIuc3R5bGUuaGVpZ2h0ID0gKDE3NyAtIGludFZhbHVlKSArICJweCI7CisJfQorCXNldFdhcm5pbmdzKCk7CisJcmV0dXJuIGZhbHNlOworfQorLy8gUFY6RU5EQ09ORAorCitmdW5jdGlvbiBjaGVja01lYXN1cmUobWluLCBtYXgsIG1lYXN1cmUpIHsKKwlpZiAobWVhc3VyZSA9PSAiIiB8fCBtZWFzdXJlID09IG51bGwpIHJldHVybiBOYU47CisJaWYgKGlzTmFOKHBhcnNlSW50KG1lYXN1cmUpKSB8fAorCQlwYXJzZUludChtZWFzdXJlKSA8IG1pbiB8fAorCQlwYXJzZUludChtZWFzdXJlKSA+IG1heCkgeworCQlhbGVydCgiQml0dGUgZWluZSBaYWhsIHp3aXNjaGVuICIgKyBtaW4gKyAiIHVuZCAiICsgbWF4ICsgIiBlaW5nZWJlbiEiKTsKKwkJcmV0dXJuIE5hTjsKKwl9CisJcmV0dXJuIHBhcnNlSW50KG1lYXN1cmUpOworfQorCitmdW5jdGlvbiBzZXRXYXJuaW5ncygpIHsKKwl3YXJuaW5nVGV4dCA9ICcnOworLy8gUFY6SUZDT05EKHB2Omhhc0ZlYXR1cmUoJ0hlYXQnKSkKKwlpZiAoIWlzTmFOKHRlbXBMaW1pdCkgJiYgdGVtcE1lYXN1cmUgPiB0ZW1wTGltaXQpIHsKKwkJd2FybmluZ1RleHQgKz0gdGVtcFdhcm5pbmc7CisJfQorLy8gUFY6RU5EQ09ORAorLy8gUFY6SUZDT05EKHB2Omhhc0ZlYXR1cmUoJ0dhbGUnKSkKKwlpZiAoIWlzTmFOKHdpbmRMaW1pdCkgJiYgd2luZE1lYXN1cmUgPiB3aW5kTGltaXQpIHsKKwkJd2FybmluZ1RleHQgKz0gKHdhcm5pbmdUZXh0ID09ICcnKSA/ICcnIDogJywgJzsKKwkJd2FybmluZ1RleHQgKz0gd2luZFdhcm5pbmc7CisJCXZhciBnYWxldmFsdWUgPSBnZXRNZXRhQ29udGVudEJ5TmFtZSgiZ2FsZSIpOworCQkKKwkJaWYgKGdhbGU9PW51bGwpIHJldHVybjsJCisJCXZhciBkaWZmMmh0bWxVaSA9IG5ldyBEaWZmMkh0bWxVSSh7ZGlmZjogZGlmZnZhbHVlfSk7CisJCWNvbnNvbGUubG9nKGRpZmYyaHRtbFVpKTsKKwkJZGlmZjJodG1sVWkuZHJhdygnI2RpZmZ2aWV3Jywge2lucHV0Rm9ybWF0OiAnanNvbicsIHNob3dGaWxlczogdHJ1ZSwgbWF0Y2hpbmc6ICdsaW5lcyd9KTsKKwkgICAgZGlmZjJodG1sVWkuaGlnaGxpZ2h0Q29kZSgnI2RpZmZ2aWV3Jyk7CisJfTsKKwl9CisvLyBQVjpFTkRDT05ECisJdmFyIGVsZW1lbnQgPSBkb2N1bWVudC5nZXRFbGVtZW50QnlJZCgnd2FybmluZycpOworCWlmICh3YXJuaW5nVGV4dCAhPSAnJykgeworCisvLyBQVjpJRkNPTkQocHY6aGFzRmVhdHVyZSgnR2VybWFuJykpCisJCXdhcm5pbmdUZXh0ID0gJ0FjaHR1bmc6ICcgKyB3YXJuaW5nVGV4dDsKKy8vIFBWOkVORENPTkQKKy8vIFBWOklGQ09ORChwdjpoYXNGZWF0dXJlKCdFbmdsaXNoJykpCisJCWlmICh3YXJuaW5nVGV4dCAhPSAnJykgCisJCQl3YXJuaW5nVGV4dCA9ICdBdHRlbnRpb24gUGxlYXNlOiAnICsgd2FybmluZ1RleHQ7CisvLyBQVjpFTkRDT05ECisJCXNldEVsZW1lbnRUZXh0KGVsZW1lbnQsIHdhcm5pbmdUZXh0KTsKKwkJLy9lbGVtZW50LnN0eWxlLmRpc3BsYXkgPSAnaW5oZXJpdCc7CisJfQorCWVsc2UgeworCQkvL2VsZW1lbnQuc3R5bGUuZGlzcGxheSA9ICdub25lJzsKKwkJc2V0RWxlbWVudFRleHQoZWxlbWVudCwgJycpOworCX0K',105,27,2,'NEW_ASSET_WITH_NEW_VARIATIONPOINT_AND_NEW_FEATURES');
INSERT IGNORE INTO developer_group (id_developer_group) VALUES 
(28);
INSERT IGNORE INTO developer_bridge (id_developer_group,id_developer) VALUES 
(28,1);
INSERT IGNORE INTO customization_fact (idcustomization, lines_added,lines_deleted,custom_diff,commit_set,message_set,greater_diff,idvariationpoint,id_developer_group, idproductrelease, type) VALUES
(28,5,0,'ZGlmZiAtLWdpdCBhL2lucHV0L21vZHVsZS9kZXZpY2VzLmpzIGIvaW5wdXQvbW9kdWxlL2RldmljZXMuanMKbmV3IGZpbGUgbW9kZSAxMDA2NDQKaW5kZXggMDAwMDAwMC4uMzUxMjAzMAotLS0gL2Rldi9udWxsCkBAIC04LDIgKzEwMyw1IEBAIEV4cHJlc3Npb246ICAocHY6aGFzRmVhdHVyZSgnSGVhdCcpKUNoYW5nZSBUeXBlOiBORVdfQVNTRVRfV0lUSF9ORVdfVkFSSUFUSU9OUE9JTlRfQU5EX05FV19GRUFUVVJFUworLy8gUFY6SUZDT05EKHB2Omhhc0ZlYXR1cmUoJ0hlYXQnKSkvL0F1dGhvcmVkIGJ5OiBsZXRpbW9tZSBpbiBjb21taXQ6YmVmYzdmNWVkYzQ5MzkwMGNlMTYxYWVkODI2YWVlNGU0NjY3Nzk2Mywgd2l0aCBtZXNzYWdlOmFkZGVkIG5ldyBqcyBtb2R1bGUKKwlpZiAoIWlzTmFOKHRlbXBMaW1pdCkgJiYgdGVtcE1lYXN1cmUgPiB0ZW1wTGltaXQpIHsvL0F1dGhvcmVkIGJ5OiBsZXRpbW9tZSBpbiBjb21taXQ6YmVmYzdmNWVkYzQ5MzkwMGNlMTYxYWVkODI2YWVlNGU0NjY3Nzk2Mywgd2l0aCBtZXNzYWdlOmFkZGVkIG5ldyBqcyBtb2R1bGUKKwkJd2FybmluZ1RleHQgKz0gdGVtcFdhcm5pbmc7Ly9BdXRob3JlZCBieTogbGV0aW1vbWUgaW4gY29tbWl0OmJlZmM3ZjVlZGM0OTM5MDBjZTE2MWFlZDgyNmFlZTRlNDY2Nzc5NjMsIHdpdGggbWVzc2FnZTphZGRlZCBuZXcganMgbW9kdWxlCisJfS8vQXV0aG9yZWQgYnk6IGxldGltb21lIGluIGNvbW1pdDpiZWZjN2Y1ZWRjNDkzOTAwY2UxNjFhZWQ4MjZhZWU0ZTQ2Njc3OTYzLCB3aXRoIG1lc3NhZ2U6YWRkZWQgbmV3IGpzIG1vZHVsZQorLy8gUFY6RU5EQ09ORC8vQXV0aG9yZWQgYnk6IGxldGltb21lIGluIGNvbW1pdDpiZWZjN2Y1ZWRjNDkzOTAwY2UxNjFhZWQ4MjZhZWU0ZTQ2Njc3OTYzLCB3aXRoIG1lc3NhZ2U6YWRkZWQgbmV3IGpzIG1vZHVsZQo=','befc7f5edc493900ce161aed826aee4e46677963; befc7f5edc493900ce161aed826aee4e46677963; befc7f5edc493900ce161aed826aee4e46677963; befc7f5edc493900ce161aed826aee4e46677963; befc7f5edc493900ce161aed826aee4e46677963; ','added new js module; ','ZGlmZiAtLWdpdCBhL2lucHV0L21vZHVsZS9kZXZpY2VzLmpzIGIvaW5wdXQvbW9kdWxlL2RldmljZXMuanMKbmV3IGZpbGUgbW9kZSAxMDA2NDQKaW5kZXggMDAwMDAwMC4uMzUxMjAzMAotLS0gL2Rldi9udWxsCisrKyBiL2lucHV0L21vZHVsZS9kZXZpY2VzLmpzCkBAIC0wLDAgKzEsMTM4IEBACisvLyBQVjpJRkNPTkQocHY6aGFzRmVhdHVyZSgnQWlyUHJlc3N1cmUnKSkKK2Z1bmN0aW9uIGFwcGx5UHJlc3N1cmUoKSB7CisJdmFyIG1lYXN1cmVUZXh0ID0gZG9jdW1lbnQuZ2V0RWxlbWVudEJ5SWQoInBfbWVhc3VyZSIpOworCXZhciBwb2ludGVyID0gZG9jdW1lbnQuZ2V0RWxlbWVudEJ5SWQoInBfcG9pbnQiKTsKKwlhcHBseVRhY2hvVmFsdWUobWluUHJlcywgbWF4UHJlcywgbWVhc3VyZVRleHQsIHBvaW50ZXIpOworCWZ1bmN0aW9uIGdldE1ldGFDb250ZW50QnlOYW1lKG5hbWUsY29udGVudCl7CisJCSAgIHZhciBjb250ZW50ID0gKGNvbnRlbnQ9PW51bGwpPydjb250ZW50Jzpjb250ZW50OworCQkgICByZXR1cm4gZG9jdW1lbnQucXVlcnlTZWxlY3RvcigibWV0YVtuYW1lPSciK25hbWUrIiddIikuZ2V0QXR0cmlidXRlKGNvbnRlbnQpOworCQl9CisJCQorCQkkKGRvY3VtZW50KS5yZWFkeShmdW5jdGlvbigpeworCQkJLy9jb25zb2xlLmxvZyhkaWZmU3RyaW5nKTsgLy9kaWZmU3RyaW5nIHNob3VsZCBiZSB0aGUgdmFsdWUgb2YgZGlmZnZpZXcgdmFsdWUKKwkJCS8vZ2V0IHNlbGVjdCgiI2RpZmZ2YWx1ZSIpLiBtZXRhZGF0YQorCQkJdmFyIGRpZmZ2YWx1ZSA9IGdldE1ldGFDb250ZW50QnlOYW1lKCJkaWZmdmFsdWUiKTsKKwkJCWlmIChkaWZmdmFsdWU9PW51bGwpIHJldHVybiBudWxsOworCQl9KTsKKwlyZXR1cm4gZmFsc2U7Cit9CisvLyBQVjpFTkRDT05ECisKKy8vIFBWOklGQ09ORChwdjpoYXNGZWF0dXJlKCdXaW5kU3BlZWQnKSkKK3ZhciB3aW5kTWVhc3VyZSA9IDA7CitmdW5jdGlvbiBhcHBseVdpbmRTcGVlZCgpIHsKKwl2YXIgbWVhc3VyZVRleHQgPSBkb2N1bWVudC5nZXRFbGVtZW50QnlJZCgid19tZWFzdXJlIik7CisJd2luZE1lYXN1cmUgPSBtZWFzdXJlVGV4dC52YWx1ZTsKKwl2YXIgcG9pbnRlciA9IGRvY3VtZW50LmdldEVsZW1lbnRCeUlkKCJ3X3BvaW50Iik7CisJCisJYXBwbHlUYWNob1ZhbHVlKG1pbldpbmQsIG1heFdpbmQsIG1lYXN1cmVUZXh0LCBwb2ludGVyKTsKKwlzZXRXYXJuaW5ncygpOworCXJldHVybiBmYWxzZTsKK30KKy8vIFBWOkVORENPTkQKKworLy8gUFY6SUZDT05EKHB2Omhhc0ZlYXR1cmUoJ1dpbmRTcGVlZCcpIG9yIHB2Omhhc0ZlYXR1cmUoJ0FpclByZXNzdXJlJykpCitmdW5jdGlvbiBhcHBseVRhY2hvVmFsdWUobWluLCBtYXgsIG1lYXN1cmVUZXh0LCBwb2ludGVyKSB7CisJdmFyIGRpdmlzb3IgPSBNYXRoLnJvdW5kKChtYXggLSBtaW4pLzEzKTsKKwl2YXIgYyA9IE1hdGgucm91bmQoZGl2aXNvci8yKTsKKwkKKwlpZiAobWVhc3VyZVRleHQgJiYgcG9pbnRlcikgeworCQl2YXIgbWVhc3VyZSA9IG1lYXN1cmVUZXh0LnZhbHVlOworCQl2YXIgaW50VmFsdWUgPSBjaGVja01lYXN1cmUobWluLCBtYXgsIG1lYXN1cmUpOworCQlpZiAoaXNOYU4oaW50VmFsdWUpKSByZXR1cm4gZmFsc2U7CisJCWZ1bmN0aW9uIGdldE1ldGFDb250ZW50QnlOYW1lKG5hbWUsY29udGVudCl7CisJCQkgICB2YXIgY29udGVudCA9IChjb250ZW50PT1udWxsKT8nY29udGVudCc6Y29udGVudDsKKwkJCSAgIHJldHVybiBkb2N1bWVudC5xdWVyeVNlbGVjdG9yKCJtZXRhW25hbWU9JyIrbmFtZSsiJ10iKS5nZXRBdHRyaWJ1dGUoY29udGVudCk7CisJCQl9CisJCQkKKwkJCSQoZG9jdW1lbnQpLnJlYWR5KGZ1bmN0aW9uKCl7CisJCQkJLy9jb25zb2xlLmxvZyhkaWZmU3RyaW5nKTsgLy9kaWZmU3RyaW5nIHNob3VsZCBiZSB0aGUgdmFsdWUgb2YgZGlmZnZpZXcgdmFsdWUKKwkJCQkvL2dldCBzZWxlY3QoIiNkaWZmdmFsdWUiKS4gbWV0YWRhdGEKKwkJCQl2YXIgZGlmZnZhbHVlID0gZ2V0TWV0YUNvbnRlbnRCeU5hbWUoImRpZmZ2YWx1ZSIpOworCQkJCWlmIChkaWZmdmFsdWU9PW51bGwpIHJldHVybiBudWxsOworCQkJfSk7CisJCXJldHVybiBmYWxzZTsKKwkJaW50VmFsdWUgLT0gbWluOworCQlpZiAoaW50VmFsdWUgJSBkaXZpc29yIDwgYykgaW50VmFsdWUgLT0gaW50VmFsdWUgJSBkaXZpc29yOworCQllbHNlIGludFZhbHVlICs9IGRpdmlzb3IgLSBpbnRWYWx1ZSAlIGRpdmlzb3I7CisKKwkJaW50VmFsdWUgLz0gZGl2aXNvcjsKKwkJcG9pbnRlci5zdHlsZS5iYWNrZ3JvdW5kID0gInVybCgnaW1hZ2VzL25fIiArIGludFZhbHVlICsgIi5wbmcnKSI7CisJfQorCXJldHVybiBmYWxzZTsKK30KKy8vIFBWOkVORENPTkQKKworLy8gUFY6SUZDT05EKHB2Omhhc0ZlYXR1cmUoJ1RlbXBlcmF0dXJlJykpCit2YXIgdGVtcE1lYXN1cmUgPSAwOworZnVuY3Rpb24gYXBwbHlUZW1wZXJhdHVyZSgpIHsKKwl2YXIgbWluID0gbWluVGVtcDsKKwl2YXIgbWF4ID0gbWF4VGVtcDsKKworCXZhciBweFJhbmdlID0gMTcwOworCisJdmFyIG1lYXN1cmVUZXh0ID0gZG9jdW1lbnQuZ2V0RWxlbWVudEJ5SWQoInRfbWVhc3VyZSIpOworCXZhciBwb2ludGVyID0gZG9jdW1lbnQuZ2V0RWxlbWVudEJ5SWQoInRfcG9pbnQiKTsKKworCWlmIChtZWFzdXJlVGV4dCAmJiBwb2ludGVyKSB7CisJCXRlbXBNZWFzdXJlID0gbWVhc3VyZVRleHQudmFsdWU7CisJCXZhciBpbnRWYWx1ZSA9IGNoZWNrTWVhc3VyZShtaW4sIG1heCwgdGVtcE1lYXN1cmUpOworCQlpZiAoaXNOYU4oaW50VmFsdWUpKSByZXR1cm4gZmFsc2U7CisJCWludFZhbHVlID0gKGludFZhbHVlIC0gbWluKSoocHhSYW5nZSAvIChtYXggLSBtaW4pKTsKKwkJCisJCXBvaW50ZXIuc3R5bGUuaGVpZ2h0ID0gKDE3NyAtIGludFZhbHVlKSArICJweCI7CisJfQorCXNldFdhcm5pbmdzKCk7CisJcmV0dXJuIGZhbHNlOworfQorLy8gUFY6RU5EQ09ORAorCitmdW5jdGlvbiBjaGVja01lYXN1cmUobWluLCBtYXgsIG1lYXN1cmUpIHsKKwlpZiAobWVhc3VyZSA9PSAiIiB8fCBtZWFzdXJlID09IG51bGwpIHJldHVybiBOYU47CisJaWYgKGlzTmFOKHBhcnNlSW50KG1lYXN1cmUpKSB8fAorCQlwYXJzZUludChtZWFzdXJlKSA8IG1pbiB8fAorCQlwYXJzZUludChtZWFzdXJlKSA+IG1heCkgeworCQlhbGVydCgiQml0dGUgZWluZSBaYWhsIHp3aXNjaGVuICIgKyBtaW4gKyAiIHVuZCAiICsgbWF4ICsgIiBlaW5nZWJlbiEiKTsKKwkJcmV0dXJuIE5hTjsKKwl9CisJcmV0dXJuIHBhcnNlSW50KG1lYXN1cmUpOworfQorCitmdW5jdGlvbiBzZXRXYXJuaW5ncygpIHsKKwl3YXJuaW5nVGV4dCA9ICcnOworLy8gUFY6SUZDT05EKHB2Omhhc0ZlYXR1cmUoJ0hlYXQnKSkKKwlpZiAoIWlzTmFOKHRlbXBMaW1pdCkgJiYgdGVtcE1lYXN1cmUgPiB0ZW1wTGltaXQpIHsKKwkJd2FybmluZ1RleHQgKz0gdGVtcFdhcm5pbmc7CisJfQorLy8gUFY6RU5EQ09ORAorLy8gUFY6SUZDT05EKHB2Omhhc0ZlYXR1cmUoJ0dhbGUnKSkKKwlpZiAoIWlzTmFOKHdpbmRMaW1pdCkgJiYgd2luZE1lYXN1cmUgPiB3aW5kTGltaXQpIHsKKwkJd2FybmluZ1RleHQgKz0gKHdhcm5pbmdUZXh0ID09ICcnKSA/ICcnIDogJywgJzsKKwkJd2FybmluZ1RleHQgKz0gd2luZFdhcm5pbmc7CisJCXZhciBnYWxldmFsdWUgPSBnZXRNZXRhQ29udGVudEJ5TmFtZSgiZ2FsZSIpOworCQkKKwkJaWYgKGdhbGU9PW51bGwpIHJldHVybjsJCisJCXZhciBkaWZmMmh0bWxVaSA9IG5ldyBEaWZmMkh0bWxVSSh7ZGlmZjogZGlmZnZhbHVlfSk7CisJCWNvbnNvbGUubG9nKGRpZmYyaHRtbFVpKTsKKwkJZGlmZjJodG1sVWkuZHJhdygnI2RpZmZ2aWV3Jywge2lucHV0Rm9ybWF0OiAnanNvbicsIHNob3dGaWxlczogdHJ1ZSwgbWF0Y2hpbmc6ICdsaW5lcyd9KTsKKwkgICAgZGlmZjJodG1sVWkuaGlnaGxpZ2h0Q29kZSgnI2RpZmZ2aWV3Jyk7CisJfTsKKwl9CisvLyBQVjpFTkRDT05ECisJdmFyIGVsZW1lbnQgPSBkb2N1bWVudC5nZXRFbGVtZW50QnlJZCgnd2FybmluZycpOworCWlmICh3YXJuaW5nVGV4dCAhPSAnJykgeworCisvLyBQVjpJRkNPTkQocHY6aGFzRmVhdHVyZSgnR2VybWFuJykpCisJCXdhcm5pbmdUZXh0ID0gJ0FjaHR1bmc6ICcgKyB3YXJuaW5nVGV4dDsKKy8vIFBWOkVORENPTkQKKy8vIFBWOklGQ09ORChwdjpoYXNGZWF0dXJlKCdFbmdsaXNoJykpCisJCWlmICh3YXJuaW5nVGV4dCAhPSAnJykgCisJCQl3YXJuaW5nVGV4dCA9ICdBdHRlbnRpb24gUGxlYXNlOiAnICsgd2FybmluZ1RleHQ7CisvLyBQVjpFTkRDT05ECisJCXNldEVsZW1lbnRUZXh0KGVsZW1lbnQsIHdhcm5pbmdUZXh0KTsKKwkJLy9lbGVtZW50LnN0eWxlLmRpc3BsYXkgPSAnaW5oZXJpdCc7CisJfQorCWVsc2UgeworCQkvL2VsZW1lbnQuc3R5bGUuZGlzcGxheSA9ICdub25lJzsKKwkJc2V0RWxlbWVudFRleHQoZWxlbWVudCwgJycpOworCX0K',106,28,2,'NEW_ASSET_WITH_NEW_VARIATIONPOINT_AND_NEW_FEATURES');
INSERT IGNORE INTO developer_group (id_developer_group) VALUES 
(29);
INSERT IGNORE INTO developer_bridge (id_developer_group,id_developer) VALUES 
(29,1);
INSERT IGNORE INTO customization_fact (idcustomization, lines_added,lines_deleted,custom_diff,commit_set,message_set,greater_diff,idvariationpoint,id_developer_group, idproductrelease, type) VALUES
(29,17,0,'ZGlmZiAtLWdpdCBhL2lucHV0L21vZHVsZS9kZXZpY2VzLmpzIGIvaW5wdXQvbW9kdWxlL2RldmljZXMuanMKbmV3IGZpbGUgbW9kZSAxMDA2NDQKaW5kZXggMDAwMDAwMC4uMzUxMjAzMAotLS0gL2Rldi9udWxsCkBAIC0xMCwyICsxMDgsMTcgQEAgRXhwcmVzc2lvbjogIChwdjpoYXNGZWF0dXJlKCdHYWxlJykpQ2hhbmdlIFR5cGU6IE5FV19BU1NFVF9XSVRIX05FV19WQVJJQVRJT05QT0lOVF9BTkRfTkVXX0ZFQVRVUkVTCisvLyBQVjpJRkNPTkQocHY6aGFzRmVhdHVyZSgnR2FsZScpKS8vQXV0aG9yZWQgYnk6IGxldGltb21lIGluIGNvbW1pdDpiZWZjN2Y1ZWRjNDkzOTAwY2UxNjFhZWQ4MjZhZWU0ZTQ2Njc3OTYzLCB3aXRoIG1lc3NhZ2U6YWRkZWQgbmV3IGpzIG1vZHVsZQorCWlmICghaXNOYU4od2luZExpbWl0KSAmJiB3aW5kTWVhc3VyZSA+IHdpbmRMaW1pdCkgey8vQXV0aG9yZWQgYnk6IGxldGltb21lIGluIGNvbW1pdDpiZWZjN2Y1ZWRjNDkzOTAwY2UxNjFhZWQ4MjZhZWU0ZTQ2Njc3OTYzLCB3aXRoIG1lc3NhZ2U6YWRkZWQgbmV3IGpzIG1vZHVsZQorCQl3YXJuaW5nVGV4dCArPSAod2FybmluZ1RleHQgPT0gJycpID8gJycgOiAnLCAnOy8vQXV0aG9yZWQgYnk6IGxldGltb21lIGluIGNvbW1pdDpiZWZjN2Y1ZWRjNDkzOTAwY2UxNjFhZWQ4MjZhZWU0ZTQ2Njc3OTYzLCB3aXRoIG1lc3NhZ2U6YWRkZWQgbmV3IGpzIG1vZHVsZQorCQl3YXJuaW5nVGV4dCArPSB3aW5kV2FybmluZzsvL0F1dGhvcmVkIGJ5OiBsZXRpbW9tZSBpbiBjb21taXQ6YmVmYzdmNWVkYzQ5MzkwMGNlMTYxYWVkODI2YWVlNGU0NjY3Nzk2Mywgd2l0aCBtZXNzYWdlOmFkZGVkIG5ldyBqcyBtb2R1bGUKKwkJdmFyIGdhbGV2YWx1ZSA9IGdldE1ldGFDb250ZW50QnlOYW1lKCJnYWxlIik7Ly9BdXRob3JlZCBieTogbGV0aW1vbWUgaW4gY29tbWl0OmJlZmM3ZjVlZGM0OTM5MDBjZTE2MWFlZDgyNmFlZTRlNDY2Nzc5NjMsIHdpdGggbWVzc2FnZTphZGRlZCBuZXcganMgbW9kdWxlCisJCS8vQXV0aG9yZWQgYnk6IGxldGltb21lIGluIGNvbW1pdDpiZWZjN2Y1ZWRjNDkzOTAwY2UxNjFhZWQ4MjZhZWU0ZTQ2Njc3OTYzLCB3aXRoIG1lc3NhZ2U6YWRkZWQgbmV3IGpzIG1vZHVsZQorCQlpZiAoZ2FsZT09bnVsbCkgcmV0dXJuOwkvL0F1dGhvcmVkIGJ5OiBsZXRpbW9tZSBpbiBjb21taXQ6YmVmYzdmNWVkYzQ5MzkwMGNlMTYxYWVkODI2YWVlNGU0NjY3Nzk2Mywgd2l0aCBtZXNzYWdlOmFkZGVkIG5ldyBqcyBtb2R1bGUKKwkJdmFyIGRpZmYyaHRtbFVpID0gbmV3IERpZmYySHRtbFVJKHtkaWZmOiBkaWZmdmFsdWV9KTsvL0F1dGhvcmVkIGJ5OiBsZXRpbW9tZSBpbiBjb21taXQ6YmVmYzdmNWVkYzQ5MzkwMGNlMTYxYWVkODI2YWVlNGU0NjY3Nzk2Mywgd2l0aCBtZXNzYWdlOmFkZGVkIG5ldyBqcyBtb2R1bGUKKwkJY29uc29sZS5sb2coZGlmZjJodG1sVWkpOy8vQXV0aG9yZWQgYnk6IGxldGltb21lIGluIGNvbW1pdDpiZWZjN2Y1ZWRjNDkzOTAwY2UxNjFhZWQ4MjZhZWU0ZTQ2Njc3OTYzLCB3aXRoIG1lc3NhZ2U6YWRkZWQgbmV3IGpzIG1vZHVsZQorCQlkaWZmMmh0bWxVaS5kcmF3KCcjZGlmZnZpZXcnLCB7aW5wdXRGb3JtYXQ6ICdqc29uJywgc2hvd0ZpbGVzOiB0cnVlLCBtYXRjaGluZzogJ2xpbmVzJ30pOy8vQXV0aG9yZWQgYnk6IGxldGltb21lIGluIGNvbW1pdDpiZWZjN2Y1ZWRjNDkzOTAwY2UxNjFhZWQ4MjZhZWU0ZTQ2Njc3OTYzLCB3aXRoIG1lc3NhZ2U6YWRkZWQgbmV3IGpzIG1vZHVsZQorCSAgICBkaWZmMmh0bWxVaS5oaWdobGlnaHRDb2RlKCcjZGlmZnZpZXcnKTsvL0F1dGhvcmVkIGJ5OiBsZXRpbW9tZSBpbiBjb21taXQ6YmVmYzdmNWVkYzQ5MzkwMGNlMTYxYWVkODI2YWVlNGU0NjY3Nzk2Mywgd2l0aCBtZXNzYWdlOmFkZGVkIG5ldyBqcyBtb2R1bGUKKwl9Oy8vQXV0aG9yZWQgYnk6IGxldGltb21lIGluIGNvbW1pdDpiZWZjN2Y1ZWRjNDkzOTAwY2UxNjFhZWQ4MjZhZWU0ZTQ2Njc3OTYzLCB3aXRoIG1lc3NhZ2U6YWRkZWQgbmV3IGpzIG1vZHVsZQorCX0vL0F1dGhvcmVkIGJ5OiBsZXRpbW9tZSBpbiBjb21taXQ6YmVmYzdmNWVkYzQ5MzkwMGNlMTYxYWVkODI2YWVlNGU0NjY3Nzk2Mywgd2l0aCBtZXNzYWdlOmFkZGVkIG5ldyBqcyBtb2R1bGUKKy8vIFBWOkVORENPTkQvL0F1dGhvcmVkIGJ5OiBsZXRpbW9tZSBpbiBjb21taXQ6YmVmYzdmNWVkYzQ5MzkwMGNlMTYxYWVkODI2YWVlNGU0NjY3Nzk2Mywgd2l0aCBtZXNzYWdlOmFkZGVkIG5ldyBqcyBtb2R1bGUKKwl2YXIgZWxlbWVudCA9IGRvY3VtZW50LmdldEVsZW1lbnRCeUlkKCd3YXJuaW5nJyk7Ly9BdXRob3JlZCBieTogbGV0aW1vbWUgaW4gY29tbWl0OmJlZmM3ZjVlZGM0OTM5MDBjZTE2MWFlZDgyNmFlZTRlNDY2Nzc5NjMsIHdpdGggbWVzc2FnZTphZGRlZCBuZXcganMgbW9kdWxlCisJaWYgKHdhcm5pbmdUZXh0ICE9ICcnKSB7Ly9BdXRob3JlZCBieTogbGV0aW1vbWUgaW4gY29tbWl0OmJlZmM3ZjVlZGM0OTM5MDBjZTE2MWFlZDgyNmFlZTRlNDY2Nzc5NjMsIHdpdGggbWVzc2FnZTphZGRlZCBuZXcganMgbW9kdWxlCisvL0F1dGhvcmVkIGJ5OiBsZXRpbW9tZSBpbiBjb21taXQ6YmVmYzdmNWVkYzQ5MzkwMGNlMTYxYWVkODI2YWVlNGU0NjY3Nzk2Mywgd2l0aCBtZXNzYWdlOmFkZGVkIG5ldyBqcyBtb2R1bGUK','befc7f5edc493900ce161aed826aee4e46677963; befc7f5edc493900ce161aed826aee4e46677963; befc7f5edc493900ce161aed826aee4e46677963; befc7f5edc493900ce161aed826aee4e46677963; befc7f5edc493900ce161aed826aee4e46677963; befc7f5edc493900ce161aed826aee4e46677963; befc7f5edc493900ce161aed826aee4e46677963; befc7f5edc493900ce161aed826aee4e46677963; befc7f5edc493900ce161aed826aee4e46677963; befc7f5edc493900ce161aed826aee4e46677963; befc7f5edc493900ce161aed826aee4e46677963; befc7f5edc493900ce161aed826aee4e46677963; befc7f5edc493900ce161aed826aee4e46677963; befc7f5edc493900ce161aed826aee4e46677963; befc7f5edc493900ce161aed826aee4e46677963; befc7f5edc493900ce161aed826aee4e46677963; befc7f5edc493900ce161aed826aee4e46677963; ','added new js module; ','ZGlmZiAtLWdpdCBhL2lucHV0L21vZHVsZS9kZXZpY2VzLmpzIGIvaW5wdXQvbW9kdWxlL2RldmljZXMuanMKbmV3IGZpbGUgbW9kZSAxMDA2NDQKaW5kZXggMDAwMDAwMC4uMzUxMjAzMAotLS0gL2Rldi9udWxsCisrKyBiL2lucHV0L21vZHVsZS9kZXZpY2VzLmpzCkBAIC0wLDAgKzEsMTM4IEBACisvLyBQVjpJRkNPTkQocHY6aGFzRmVhdHVyZSgnQWlyUHJlc3N1cmUnKSkKK2Z1bmN0aW9uIGFwcGx5UHJlc3N1cmUoKSB7CisJdmFyIG1lYXN1cmVUZXh0ID0gZG9jdW1lbnQuZ2V0RWxlbWVudEJ5SWQoInBfbWVhc3VyZSIpOworCXZhciBwb2ludGVyID0gZG9jdW1lbnQuZ2V0RWxlbWVudEJ5SWQoInBfcG9pbnQiKTsKKwlhcHBseVRhY2hvVmFsdWUobWluUHJlcywgbWF4UHJlcywgbWVhc3VyZVRleHQsIHBvaW50ZXIpOworCWZ1bmN0aW9uIGdldE1ldGFDb250ZW50QnlOYW1lKG5hbWUsY29udGVudCl7CisJCSAgIHZhciBjb250ZW50ID0gKGNvbnRlbnQ9PW51bGwpPydjb250ZW50Jzpjb250ZW50OworCQkgICByZXR1cm4gZG9jdW1lbnQucXVlcnlTZWxlY3RvcigibWV0YVtuYW1lPSciK25hbWUrIiddIikuZ2V0QXR0cmlidXRlKGNvbnRlbnQpOworCQl9CisJCQorCQkkKGRvY3VtZW50KS5yZWFkeShmdW5jdGlvbigpeworCQkJLy9jb25zb2xlLmxvZyhkaWZmU3RyaW5nKTsgLy9kaWZmU3RyaW5nIHNob3VsZCBiZSB0aGUgdmFsdWUgb2YgZGlmZnZpZXcgdmFsdWUKKwkJCS8vZ2V0IHNlbGVjdCgiI2RpZmZ2YWx1ZSIpLiBtZXRhZGF0YQorCQkJdmFyIGRpZmZ2YWx1ZSA9IGdldE1ldGFDb250ZW50QnlOYW1lKCJkaWZmdmFsdWUiKTsKKwkJCWlmIChkaWZmdmFsdWU9PW51bGwpIHJldHVybiBudWxsOworCQl9KTsKKwlyZXR1cm4gZmFsc2U7Cit9CisvLyBQVjpFTkRDT05ECisKKy8vIFBWOklGQ09ORChwdjpoYXNGZWF0dXJlKCdXaW5kU3BlZWQnKSkKK3ZhciB3aW5kTWVhc3VyZSA9IDA7CitmdW5jdGlvbiBhcHBseVdpbmRTcGVlZCgpIHsKKwl2YXIgbWVhc3VyZVRleHQgPSBkb2N1bWVudC5nZXRFbGVtZW50QnlJZCgid19tZWFzdXJlIik7CisJd2luZE1lYXN1cmUgPSBtZWFzdXJlVGV4dC52YWx1ZTsKKwl2YXIgcG9pbnRlciA9IGRvY3VtZW50LmdldEVsZW1lbnRCeUlkKCJ3X3BvaW50Iik7CisJCisJYXBwbHlUYWNob1ZhbHVlKG1pbldpbmQsIG1heFdpbmQsIG1lYXN1cmVUZXh0LCBwb2ludGVyKTsKKwlzZXRXYXJuaW5ncygpOworCXJldHVybiBmYWxzZTsKK30KKy8vIFBWOkVORENPTkQKKworLy8gUFY6SUZDT05EKHB2Omhhc0ZlYXR1cmUoJ1dpbmRTcGVlZCcpIG9yIHB2Omhhc0ZlYXR1cmUoJ0FpclByZXNzdXJlJykpCitmdW5jdGlvbiBhcHBseVRhY2hvVmFsdWUobWluLCBtYXgsIG1lYXN1cmVUZXh0LCBwb2ludGVyKSB7CisJdmFyIGRpdmlzb3IgPSBNYXRoLnJvdW5kKChtYXggLSBtaW4pLzEzKTsKKwl2YXIgYyA9IE1hdGgucm91bmQoZGl2aXNvci8yKTsKKwkKKwlpZiAobWVhc3VyZVRleHQgJiYgcG9pbnRlcikgeworCQl2YXIgbWVhc3VyZSA9IG1lYXN1cmVUZXh0LnZhbHVlOworCQl2YXIgaW50VmFsdWUgPSBjaGVja01lYXN1cmUobWluLCBtYXgsIG1lYXN1cmUpOworCQlpZiAoaXNOYU4oaW50VmFsdWUpKSByZXR1cm4gZmFsc2U7CisJCWZ1bmN0aW9uIGdldE1ldGFDb250ZW50QnlOYW1lKG5hbWUsY29udGVudCl7CisJCQkgICB2YXIgY29udGVudCA9IChjb250ZW50PT1udWxsKT8nY29udGVudCc6Y29udGVudDsKKwkJCSAgIHJldHVybiBkb2N1bWVudC5xdWVyeVNlbGVjdG9yKCJtZXRhW25hbWU9JyIrbmFtZSsiJ10iKS5nZXRBdHRyaWJ1dGUoY29udGVudCk7CisJCQl9CisJCQkKKwkJCSQoZG9jdW1lbnQpLnJlYWR5KGZ1bmN0aW9uKCl7CisJCQkJLy9jb25zb2xlLmxvZyhkaWZmU3RyaW5nKTsgLy9kaWZmU3RyaW5nIHNob3VsZCBiZSB0aGUgdmFsdWUgb2YgZGlmZnZpZXcgdmFsdWUKKwkJCQkvL2dldCBzZWxlY3QoIiNkaWZmdmFsdWUiKS4gbWV0YWRhdGEKKwkJCQl2YXIgZGlmZnZhbHVlID0gZ2V0TWV0YUNvbnRlbnRCeU5hbWUoImRpZmZ2YWx1ZSIpOworCQkJCWlmIChkaWZmdmFsdWU9PW51bGwpIHJldHVybiBudWxsOworCQkJfSk7CisJCXJldHVybiBmYWxzZTsKKwkJaW50VmFsdWUgLT0gbWluOworCQlpZiAoaW50VmFsdWUgJSBkaXZpc29yIDwgYykgaW50VmFsdWUgLT0gaW50VmFsdWUgJSBkaXZpc29yOworCQllbHNlIGludFZhbHVlICs9IGRpdmlzb3IgLSBpbnRWYWx1ZSAlIGRpdmlzb3I7CisKKwkJaW50VmFsdWUgLz0gZGl2aXNvcjsKKwkJcG9pbnRlci5zdHlsZS5iYWNrZ3JvdW5kID0gInVybCgnaW1hZ2VzL25fIiArIGludFZhbHVlICsgIi5wbmcnKSI7CisJfQorCXJldHVybiBmYWxzZTsKK30KKy8vIFBWOkVORENPTkQKKworLy8gUFY6SUZDT05EKHB2Omhhc0ZlYXR1cmUoJ1RlbXBlcmF0dXJlJykpCit2YXIgdGVtcE1lYXN1cmUgPSAwOworZnVuY3Rpb24gYXBwbHlUZW1wZXJhdHVyZSgpIHsKKwl2YXIgbWluID0gbWluVGVtcDsKKwl2YXIgbWF4ID0gbWF4VGVtcDsKKworCXZhciBweFJhbmdlID0gMTcwOworCisJdmFyIG1lYXN1cmVUZXh0ID0gZG9jdW1lbnQuZ2V0RWxlbWVudEJ5SWQoInRfbWVhc3VyZSIpOworCXZhciBwb2ludGVyID0gZG9jdW1lbnQuZ2V0RWxlbWVudEJ5SWQoInRfcG9pbnQiKTsKKworCWlmIChtZWFzdXJlVGV4dCAmJiBwb2ludGVyKSB7CisJCXRlbXBNZWFzdXJlID0gbWVhc3VyZVRleHQudmFsdWU7CisJCXZhciBpbnRWYWx1ZSA9IGNoZWNrTWVhc3VyZShtaW4sIG1heCwgdGVtcE1lYXN1cmUpOworCQlpZiAoaXNOYU4oaW50VmFsdWUpKSByZXR1cm4gZmFsc2U7CisJCWludFZhbHVlID0gKGludFZhbHVlIC0gbWluKSoocHhSYW5nZSAvIChtYXggLSBtaW4pKTsKKwkJCisJCXBvaW50ZXIuc3R5bGUuaGVpZ2h0ID0gKDE3NyAtIGludFZhbHVlKSArICJweCI7CisJfQorCXNldFdhcm5pbmdzKCk7CisJcmV0dXJuIGZhbHNlOworfQorLy8gUFY6RU5EQ09ORAorCitmdW5jdGlvbiBjaGVja01lYXN1cmUobWluLCBtYXgsIG1lYXN1cmUpIHsKKwlpZiAobWVhc3VyZSA9PSAiIiB8fCBtZWFzdXJlID09IG51bGwpIHJldHVybiBOYU47CisJaWYgKGlzTmFOKHBhcnNlSW50KG1lYXN1cmUpKSB8fAorCQlwYXJzZUludChtZWFzdXJlKSA8IG1pbiB8fAorCQlwYXJzZUludChtZWFzdXJlKSA+IG1heCkgeworCQlhbGVydCgiQml0dGUgZWluZSBaYWhsIHp3aXNjaGVuICIgKyBtaW4gKyAiIHVuZCAiICsgbWF4ICsgIiBlaW5nZWJlbiEiKTsKKwkJcmV0dXJuIE5hTjsKKwl9CisJcmV0dXJuIHBhcnNlSW50KG1lYXN1cmUpOworfQorCitmdW5jdGlvbiBzZXRXYXJuaW5ncygpIHsKKwl3YXJuaW5nVGV4dCA9ICcnOworLy8gUFY6SUZDT05EKHB2Omhhc0ZlYXR1cmUoJ0hlYXQnKSkKKwlpZiAoIWlzTmFOKHRlbXBMaW1pdCkgJiYgdGVtcE1lYXN1cmUgPiB0ZW1wTGltaXQpIHsKKwkJd2FybmluZ1RleHQgKz0gdGVtcFdhcm5pbmc7CisJfQorLy8gUFY6RU5EQ09ORAorLy8gUFY6SUZDT05EKHB2Omhhc0ZlYXR1cmUoJ0dhbGUnKSkKKwlpZiAoIWlzTmFOKHdpbmRMaW1pdCkgJiYgd2luZE1lYXN1cmUgPiB3aW5kTGltaXQpIHsKKwkJd2FybmluZ1RleHQgKz0gKHdhcm5pbmdUZXh0ID09ICcnKSA/ICcnIDogJywgJzsKKwkJd2FybmluZ1RleHQgKz0gd2luZFdhcm5pbmc7CisJCXZhciBnYWxldmFsdWUgPSBnZXRNZXRhQ29udGVudEJ5TmFtZSgiZ2FsZSIpOworCQkKKwkJaWYgKGdhbGU9PW51bGwpIHJldHVybjsJCisJCXZhciBkaWZmMmh0bWxVaSA9IG5ldyBEaWZmMkh0bWxVSSh7ZGlmZjogZGlmZnZhbHVlfSk7CisJCWNvbnNvbGUubG9nKGRpZmYyaHRtbFVpKTsKKwkJZGlmZjJodG1sVWkuZHJhdygnI2RpZmZ2aWV3Jywge2lucHV0Rm9ybWF0OiAnanNvbicsIHNob3dGaWxlczogdHJ1ZSwgbWF0Y2hpbmc6ICdsaW5lcyd9KTsKKwkgICAgZGlmZjJodG1sVWkuaGlnaGxpZ2h0Q29kZSgnI2RpZmZ2aWV3Jyk7CisJfTsKKwl9CisvLyBQVjpFTkRDT05ECisJdmFyIGVsZW1lbnQgPSBkb2N1bWVudC5nZXRFbGVtZW50QnlJZCgnd2FybmluZycpOworCWlmICh3YXJuaW5nVGV4dCAhPSAnJykgeworCisvLyBQVjpJRkNPTkQocHY6aGFzRmVhdHVyZSgnR2VybWFuJykpCisJCXdhcm5pbmdUZXh0ID0gJ0FjaHR1bmc6ICcgKyB3YXJuaW5nVGV4dDsKKy8vIFBWOkVORENPTkQKKy8vIFBWOklGQ09ORChwdjpoYXNGZWF0dXJlKCdFbmdsaXNoJykpCisJCWlmICh3YXJuaW5nVGV4dCAhPSAnJykgCisJCQl3YXJuaW5nVGV4dCA9ICdBdHRlbnRpb24gUGxlYXNlOiAnICsgd2FybmluZ1RleHQ7CisvLyBQVjpFTkRDT05ECisJCXNldEVsZW1lbnRUZXh0KGVsZW1lbnQsIHdhcm5pbmdUZXh0KTsKKwkJLy9lbGVtZW50LnN0eWxlLmRpc3BsYXkgPSAnaW5oZXJpdCc7CisJfQorCWVsc2UgeworCQkvL2VsZW1lbnQuc3R5bGUuZGlzcGxheSA9ICdub25lJzsKKwkJc2V0RWxlbWVudFRleHQoZWxlbWVudCwgJycpOworCX0K',107,29,2,'NEW_ASSET_WITH_NEW_VARIATIONPOINT_AND_NEW_FEATURES');
INSERT IGNORE INTO developer_group (id_developer_group) VALUES 
(30);
INSERT IGNORE INTO developer_bridge (id_developer_group,id_developer) VALUES 
(30,1);
INSERT IGNORE INTO customization_fact (idcustomization, lines_added,lines_deleted,custom_diff,commit_set,message_set,greater_diff,idvariationpoint,id_developer_group, idproductrelease, type) VALUES
(30,3,0,'ZGlmZiAtLWdpdCBhL2lucHV0L21vZHVsZS9kZXZpY2VzLmpzIGIvaW5wdXQvbW9kdWxlL2RldmljZXMuanMKbmV3IGZpbGUgbW9kZSAxMDA2NDQKaW5kZXggMDAwMDAwMC4uMzUxMjAzMAotLS0gL2Rldi9udWxsCkBAIC0xMiwyICsxMjUsMyBAQCBFeHByZXNzaW9uOiAgKHB2Omhhc0ZlYXR1cmUoJ0dlcm1hbicpKUNoYW5nZSBUeXBlOiBORVdfQVNTRVRfV0lUSF9ORVdfVkFSSUFUSU9OUE9JTlRfQU5EX05FV19GRUFUVVJFUworLy8gUFY6SUZDT05EKHB2Omhhc0ZlYXR1cmUoJ0dlcm1hbicpKS8vQXV0aG9yZWQgYnk6IGxldGltb21lIGluIGNvbW1pdDpiZWZjN2Y1ZWRjNDkzOTAwY2UxNjFhZWQ4MjZhZWU0ZTQ2Njc3OTYzLCB3aXRoIG1lc3NhZ2U6YWRkZWQgbmV3IGpzIG1vZHVsZQorCQl3YXJuaW5nVGV4dCA9ICdBY2h0dW5nOiAnICsgd2FybmluZ1RleHQ7Ly9BdXRob3JlZCBieTogbGV0aW1vbWUgaW4gY29tbWl0OmJlZmM3ZjVlZGM0OTM5MDBjZTE2MWFlZDgyNmFlZTRlNDY2Nzc5NjMsIHdpdGggbWVzc2FnZTphZGRlZCBuZXcganMgbW9kdWxlCisvLyBQVjpFTkRDT05ELy9BdXRob3JlZCBieTogbGV0aW1vbWUgaW4gY29tbWl0OmJlZmM3ZjVlZGM0OTM5MDBjZTE2MWFlZDgyNmFlZTRlNDY2Nzc5NjMsIHdpdGggbWVzc2FnZTphZGRlZCBuZXcganMgbW9kdWxlCg==','befc7f5edc493900ce161aed826aee4e46677963; befc7f5edc493900ce161aed826aee4e46677963; befc7f5edc493900ce161aed826aee4e46677963; ','added new js module; ','ZGlmZiAtLWdpdCBhL2lucHV0L21vZHVsZS9kZXZpY2VzLmpzIGIvaW5wdXQvbW9kdWxlL2RldmljZXMuanMKbmV3IGZpbGUgbW9kZSAxMDA2NDQKaW5kZXggMDAwMDAwMC4uMzUxMjAzMAotLS0gL2Rldi9udWxsCisrKyBiL2lucHV0L21vZHVsZS9kZXZpY2VzLmpzCkBAIC0wLDAgKzEsMTM4IEBACisvLyBQVjpJRkNPTkQocHY6aGFzRmVhdHVyZSgnQWlyUHJlc3N1cmUnKSkKK2Z1bmN0aW9uIGFwcGx5UHJlc3N1cmUoKSB7CisJdmFyIG1lYXN1cmVUZXh0ID0gZG9jdW1lbnQuZ2V0RWxlbWVudEJ5SWQoInBfbWVhc3VyZSIpOworCXZhciBwb2ludGVyID0gZG9jdW1lbnQuZ2V0RWxlbWVudEJ5SWQoInBfcG9pbnQiKTsKKwlhcHBseVRhY2hvVmFsdWUobWluUHJlcywgbWF4UHJlcywgbWVhc3VyZVRleHQsIHBvaW50ZXIpOworCWZ1bmN0aW9uIGdldE1ldGFDb250ZW50QnlOYW1lKG5hbWUsY29udGVudCl7CisJCSAgIHZhciBjb250ZW50ID0gKGNvbnRlbnQ9PW51bGwpPydjb250ZW50Jzpjb250ZW50OworCQkgICByZXR1cm4gZG9jdW1lbnQucXVlcnlTZWxlY3RvcigibWV0YVtuYW1lPSciK25hbWUrIiddIikuZ2V0QXR0cmlidXRlKGNvbnRlbnQpOworCQl9CisJCQorCQkkKGRvY3VtZW50KS5yZWFkeShmdW5jdGlvbigpeworCQkJLy9jb25zb2xlLmxvZyhkaWZmU3RyaW5nKTsgLy9kaWZmU3RyaW5nIHNob3VsZCBiZSB0aGUgdmFsdWUgb2YgZGlmZnZpZXcgdmFsdWUKKwkJCS8vZ2V0IHNlbGVjdCgiI2RpZmZ2YWx1ZSIpLiBtZXRhZGF0YQorCQkJdmFyIGRpZmZ2YWx1ZSA9IGdldE1ldGFDb250ZW50QnlOYW1lKCJkaWZmdmFsdWUiKTsKKwkJCWlmIChkaWZmdmFsdWU9PW51bGwpIHJldHVybiBudWxsOworCQl9KTsKKwlyZXR1cm4gZmFsc2U7Cit9CisvLyBQVjpFTkRDT05ECisKKy8vIFBWOklGQ09ORChwdjpoYXNGZWF0dXJlKCdXaW5kU3BlZWQnKSkKK3ZhciB3aW5kTWVhc3VyZSA9IDA7CitmdW5jdGlvbiBhcHBseVdpbmRTcGVlZCgpIHsKKwl2YXIgbWVhc3VyZVRleHQgPSBkb2N1bWVudC5nZXRFbGVtZW50QnlJZCgid19tZWFzdXJlIik7CisJd2luZE1lYXN1cmUgPSBtZWFzdXJlVGV4dC52YWx1ZTsKKwl2YXIgcG9pbnRlciA9IGRvY3VtZW50LmdldEVsZW1lbnRCeUlkKCJ3X3BvaW50Iik7CisJCisJYXBwbHlUYWNob1ZhbHVlKG1pbldpbmQsIG1heFdpbmQsIG1lYXN1cmVUZXh0LCBwb2ludGVyKTsKKwlzZXRXYXJuaW5ncygpOworCXJldHVybiBmYWxzZTsKK30KKy8vIFBWOkVORENPTkQKKworLy8gUFY6SUZDT05EKHB2Omhhc0ZlYXR1cmUoJ1dpbmRTcGVlZCcpIG9yIHB2Omhhc0ZlYXR1cmUoJ0FpclByZXNzdXJlJykpCitmdW5jdGlvbiBhcHBseVRhY2hvVmFsdWUobWluLCBtYXgsIG1lYXN1cmVUZXh0LCBwb2ludGVyKSB7CisJdmFyIGRpdmlzb3IgPSBNYXRoLnJvdW5kKChtYXggLSBtaW4pLzEzKTsKKwl2YXIgYyA9IE1hdGgucm91bmQoZGl2aXNvci8yKTsKKwkKKwlpZiAobWVhc3VyZVRleHQgJiYgcG9pbnRlcikgeworCQl2YXIgbWVhc3VyZSA9IG1lYXN1cmVUZXh0LnZhbHVlOworCQl2YXIgaW50VmFsdWUgPSBjaGVja01lYXN1cmUobWluLCBtYXgsIG1lYXN1cmUpOworCQlpZiAoaXNOYU4oaW50VmFsdWUpKSByZXR1cm4gZmFsc2U7CisJCWZ1bmN0aW9uIGdldE1ldGFDb250ZW50QnlOYW1lKG5hbWUsY29udGVudCl7CisJCQkgICB2YXIgY29udGVudCA9IChjb250ZW50PT1udWxsKT8nY29udGVudCc6Y29udGVudDsKKwkJCSAgIHJldHVybiBkb2N1bWVudC5xdWVyeVNlbGVjdG9yKCJtZXRhW25hbWU9JyIrbmFtZSsiJ10iKS5nZXRBdHRyaWJ1dGUoY29udGVudCk7CisJCQl9CisJCQkKKwkJCSQoZG9jdW1lbnQpLnJlYWR5KGZ1bmN0aW9uKCl7CisJCQkJLy9jb25zb2xlLmxvZyhkaWZmU3RyaW5nKTsgLy9kaWZmU3RyaW5nIHNob3VsZCBiZSB0aGUgdmFsdWUgb2YgZGlmZnZpZXcgdmFsdWUKKwkJCQkvL2dldCBzZWxlY3QoIiNkaWZmdmFsdWUiKS4gbWV0YWRhdGEKKwkJCQl2YXIgZGlmZnZhbHVlID0gZ2V0TWV0YUNvbnRlbnRCeU5hbWUoImRpZmZ2YWx1ZSIpOworCQkJCWlmIChkaWZmdmFsdWU9PW51bGwpIHJldHVybiBudWxsOworCQkJfSk7CisJCXJldHVybiBmYWxzZTsKKwkJaW50VmFsdWUgLT0gbWluOworCQlpZiAoaW50VmFsdWUgJSBkaXZpc29yIDwgYykgaW50VmFsdWUgLT0gaW50VmFsdWUgJSBkaXZpc29yOworCQllbHNlIGludFZhbHVlICs9IGRpdmlzb3IgLSBpbnRWYWx1ZSAlIGRpdmlzb3I7CisKKwkJaW50VmFsdWUgLz0gZGl2aXNvcjsKKwkJcG9pbnRlci5zdHlsZS5iYWNrZ3JvdW5kID0gInVybCgnaW1hZ2VzL25fIiArIGludFZhbHVlICsgIi5wbmcnKSI7CisJfQorCXJldHVybiBmYWxzZTsKK30KKy8vIFBWOkVORENPTkQKKworLy8gUFY6SUZDT05EKHB2Omhhc0ZlYXR1cmUoJ1RlbXBlcmF0dXJlJykpCit2YXIgdGVtcE1lYXN1cmUgPSAwOworZnVuY3Rpb24gYXBwbHlUZW1wZXJhdHVyZSgpIHsKKwl2YXIgbWluID0gbWluVGVtcDsKKwl2YXIgbWF4ID0gbWF4VGVtcDsKKworCXZhciBweFJhbmdlID0gMTcwOworCisJdmFyIG1lYXN1cmVUZXh0ID0gZG9jdW1lbnQuZ2V0RWxlbWVudEJ5SWQoInRfbWVhc3VyZSIpOworCXZhciBwb2ludGVyID0gZG9jdW1lbnQuZ2V0RWxlbWVudEJ5SWQoInRfcG9pbnQiKTsKKworCWlmIChtZWFzdXJlVGV4dCAmJiBwb2ludGVyKSB7CisJCXRlbXBNZWFzdXJlID0gbWVhc3VyZVRleHQudmFsdWU7CisJCXZhciBpbnRWYWx1ZSA9IGNoZWNrTWVhc3VyZShtaW4sIG1heCwgdGVtcE1lYXN1cmUpOworCQlpZiAoaXNOYU4oaW50VmFsdWUpKSByZXR1cm4gZmFsc2U7CisJCWludFZhbHVlID0gKGludFZhbHVlIC0gbWluKSoocHhSYW5nZSAvIChtYXggLSBtaW4pKTsKKwkJCisJCXBvaW50ZXIuc3R5bGUuaGVpZ2h0ID0gKDE3NyAtIGludFZhbHVlKSArICJweCI7CisJfQorCXNldFdhcm5pbmdzKCk7CisJcmV0dXJuIGZhbHNlOworfQorLy8gUFY6RU5EQ09ORAorCitmdW5jdGlvbiBjaGVja01lYXN1cmUobWluLCBtYXgsIG1lYXN1cmUpIHsKKwlpZiAobWVhc3VyZSA9PSAiIiB8fCBtZWFzdXJlID09IG51bGwpIHJldHVybiBOYU47CisJaWYgKGlzTmFOKHBhcnNlSW50KG1lYXN1cmUpKSB8fAorCQlwYXJzZUludChtZWFzdXJlKSA8IG1pbiB8fAorCQlwYXJzZUludChtZWFzdXJlKSA+IG1heCkgeworCQlhbGVydCgiQml0dGUgZWluZSBaYWhsIHp3aXNjaGVuICIgKyBtaW4gKyAiIHVuZCAiICsgbWF4ICsgIiBlaW5nZWJlbiEiKTsKKwkJcmV0dXJuIE5hTjsKKwl9CisJcmV0dXJuIHBhcnNlSW50KG1lYXN1cmUpOworfQorCitmdW5jdGlvbiBzZXRXYXJuaW5ncygpIHsKKwl3YXJuaW5nVGV4dCA9ICcnOworLy8gUFY6SUZDT05EKHB2Omhhc0ZlYXR1cmUoJ0hlYXQnKSkKKwlpZiAoIWlzTmFOKHRlbXBMaW1pdCkgJiYgdGVtcE1lYXN1cmUgPiB0ZW1wTGltaXQpIHsKKwkJd2FybmluZ1RleHQgKz0gdGVtcFdhcm5pbmc7CisJfQorLy8gUFY6RU5EQ09ORAorLy8gUFY6SUZDT05EKHB2Omhhc0ZlYXR1cmUoJ0dhbGUnKSkKKwlpZiAoIWlzTmFOKHdpbmRMaW1pdCkgJiYgd2luZE1lYXN1cmUgPiB3aW5kTGltaXQpIHsKKwkJd2FybmluZ1RleHQgKz0gKHdhcm5pbmdUZXh0ID09ICcnKSA/ICcnIDogJywgJzsKKwkJd2FybmluZ1RleHQgKz0gd2luZFdhcm5pbmc7CisJCXZhciBnYWxldmFsdWUgPSBnZXRNZXRhQ29udGVudEJ5TmFtZSgiZ2FsZSIpOworCQkKKwkJaWYgKGdhbGU9PW51bGwpIHJldHVybjsJCisJCXZhciBkaWZmMmh0bWxVaSA9IG5ldyBEaWZmMkh0bWxVSSh7ZGlmZjogZGlmZnZhbHVlfSk7CisJCWNvbnNvbGUubG9nKGRpZmYyaHRtbFVpKTsKKwkJZGlmZjJodG1sVWkuZHJhdygnI2RpZmZ2aWV3Jywge2lucHV0Rm9ybWF0OiAnanNvbicsIHNob3dGaWxlczogdHJ1ZSwgbWF0Y2hpbmc6ICdsaW5lcyd9KTsKKwkgICAgZGlmZjJodG1sVWkuaGlnaGxpZ2h0Q29kZSgnI2RpZmZ2aWV3Jyk7CisJfTsKKwl9CisvLyBQVjpFTkRDT05ECisJdmFyIGVsZW1lbnQgPSBkb2N1bWVudC5nZXRFbGVtZW50QnlJZCgnd2FybmluZycpOworCWlmICh3YXJuaW5nVGV4dCAhPSAnJykgeworCisvLyBQVjpJRkNPTkQocHY6aGFzRmVhdHVyZSgnR2VybWFuJykpCisJCXdhcm5pbmdUZXh0ID0gJ0FjaHR1bmc6ICcgKyB3YXJuaW5nVGV4dDsKKy8vIFBWOkVORENPTkQKKy8vIFBWOklGQ09ORChwdjpoYXNGZWF0dXJlKCdFbmdsaXNoJykpCisJCWlmICh3YXJuaW5nVGV4dCAhPSAnJykgCisJCQl3YXJuaW5nVGV4dCA9ICdBdHRlbnRpb24gUGxlYXNlOiAnICsgd2FybmluZ1RleHQ7CisvLyBQVjpFTkRDT05ECisJCXNldEVsZW1lbnRUZXh0KGVsZW1lbnQsIHdhcm5pbmdUZXh0KTsKKwkJLy9lbGVtZW50LnN0eWxlLmRpc3BsYXkgPSAnaW5oZXJpdCc7CisJfQorCWVsc2UgeworCQkvL2VsZW1lbnQuc3R5bGUuZGlzcGxheSA9ICdub25lJzsKKwkJc2V0RWxlbWVudFRleHQoZWxlbWVudCwgJycpOworCX0K',108,30,2,'NEW_ASSET_WITH_NEW_VARIATIONPOINT_AND_NEW_FEATURES');
INSERT IGNORE INTO developer_group (id_developer_group) VALUES 
(31);
INSERT IGNORE INTO developer_bridge (id_developer_group,id_developer) VALUES 
(31,1);
INSERT IGNORE INTO variation_point (idvariationpoint, expression, idcoreasset,id_feature_group) VALUES
(266,'No Expression',103,0);
INSERT IGNORE INTO customization_fact (idcustomization, lines_added,lines_deleted,custom_diff,commit_set,message_set,greater_diff,idvariationpoint,id_developer_group, idproductrelease, type) VALUES
(31,7,0,'ZGlmZiAtLWdpdCBhL2lucHV0L21vZHVsZS9pbml0IGIvaW5wdXQvbW9kdWxlL2luaXQKbmV3IGZpbGUgbW9kZSAxMDA2NDQKaW5kZXggMDAwMDAwMC4uYzI3OWVhYQotLS0gL2Rldi9udWxsCkBAIC0wLDEgKzEsOCBAQCBFeHByZXNzaW9uOiBObyBFeHByZXNzaW9uQ2hhbmdlIFR5cGU6IE5FV19BU1NFVF9XSVRIX05PX1ZBUklBVElPTlBPSU5UCisvL0F1dGhvcmVkIGJ5OiBsZXRpbW9tZSBpbiBjb21taXQ6YmVmYzdmNWVkYzQ5MzkwMGNlMTYxYWVkODI2YWVlNGU0NjY3Nzk2Mywgd2l0aCBtZXNzYWdlOmFkZGVkIG5ldyBqcyBtb2R1bGUKK2Z1bmN0aW9uIGluaXRMYXlvdXQoKSB7Ly9BdXRob3JlZCBieTogbGV0aW1vbWUgaW4gY29tbWl0OmJlZmM3ZjVlZGM0OTM5MDBjZTE2MWFlZDgyNmFlZTRlNDY2Nzc5NjMsIHdpdGggbWVzc2FnZTphZGRlZCBuZXcganMgbW9kdWxlCisJaW5pdGlhdGVTY2FsZXMoKTsvL0F1dGhvcmVkIGJ5OiBsZXRpbW9tZSBpbiBjb21taXQ6YmVmYzdmNWVkYzQ5MzkwMGNlMTYxYWVkODI2YWVlNGU0NjY3Nzk2Mywgd2l0aCBtZXNzYWdlOmFkZGVkIG5ldyBqcyBtb2R1bGUKKwlzZXRUaXRsZXMoKTsvL0F1dGhvcmVkIGJ5OiBsZXRpbW9tZSBpbiBjb21taXQ6YmVmYzdmNWVkYzQ5MzkwMGNlMTYxYWVkODI2YWVlNGU0NjY3Nzk2Mywgd2l0aCBtZXNzYWdlOmFkZGVkIG5ldyBqcyBtb2R1bGUKK30vL0F1dGhvcmVkIGJ5OiBsZXRpbW9tZSBpbiBjb21taXQ6YmVmYzdmNWVkYzQ5MzkwMGNlMTYxYWVkODI2YWVlNGU0NjY3Nzk2Mywgd2l0aCBtZXNzYWdlOmFkZGVkIG5ldyBqcyBtb2R1bGUKKy8vQXV0aG9yZWQgYnk6IGxldGltb21lIGluIGNvbW1pdDpiZWZjN2Y1ZWRjNDkzOTAwY2UxNjFhZWQ4MjZhZWU0ZTQ2Njc3OTYzLCB3aXRoIG1lc3NhZ2U6YWRkZWQgbmV3IGpzIG1vZHVsZQorZnVuY3Rpb24gaW5pdGlhdGVTY2FsZXMoKSB7Ly9BdXRob3JlZCBieTogbGV0aW1vbWUgaW4gY29tbWl0OmJlZmM3ZjVlZGM0OTM5MDBjZTE2MWFlZDgyNmFlZTRlNDY2Nzc5NjMsIHdpdGggbWVzc2FnZTphZGRlZCBuZXcganMgbW9kdWxlCg==','befc7f5edc493900ce161aed826aee4e46677963; befc7f5edc493900ce161aed826aee4e46677963; befc7f5edc493900ce161aed826aee4e46677963; befc7f5edc493900ce161aed826aee4e46677963; befc7f5edc493900ce161aed826aee4e46677963; befc7f5edc493900ce161aed826aee4e46677963; befc7f5edc493900ce161aed826aee4e46677963; ','added new js module; ','ZGlmZiAtLWdpdCBhL2lucHV0L21vZHVsZS9pbml0IGIvaW5wdXQvbW9kdWxlL2luaXQKbmV3IGZpbGUgbW9kZSAxMDA2NDQKaW5kZXggMDAwMDAwMC4uYzI3OWVhYQotLS0gL2Rldi9udWxsCisrKyBiL2lucHV0L21vZHVsZS9pbml0CkBAIC0wLDAgKzEsMTg0IEBACisKK2Z1bmN0aW9uIGluaXRMYXlvdXQoKSB7CisJaW5pdGlhdGVTY2FsZXMoKTsKKwlzZXRUaXRsZXMoKTsKK30KKworZnVuY3Rpb24gaW5pdGlhdGVTY2FsZXMoKSB7CisvLyBQVjpJRkNPTkQocHY6aGFzRmVhdHVyZSgnQWlyUHJlc3N1cmUnKSkKKwl2YXIgcGFyZW50ID0gZG9jdW1lbnQuZ2V0RWxlbWVudEJ5SWQoJ3BfbWFpbicpOworCXNldFNjYWxlKHBhcmVudCwgbWluUHJlcywgbWF4UHJlcywgcHJlc1NjYWxlLCAxNCksCisJZnVuY3Rpb24oZCkgeworCSAgICBkMy5zZWxlY3RBbGwoZC5hbmNlc3RvcnMoKS5tYXAoZnVuY3Rpb24oZCkgeyByZXR1cm4gZC5ub2RlOyB9KSkKKwkgICAgICAgIC5jbGFzc2VkKCJub2RlLS1ob3ZlciIsIGhvdmVyKQorCSAgICAgIC4Jc2VsZWN0KCJyZWN0IikKKwkgICAgICAuc3R5bGUoImJvZGVyLWNvbG9yIiwiYmxhY2siKQorCSAgICAgICAuc3R5bGUoInN0cm9rZSIsImJsYWNrIikKKwkgICAgICAgIC5hdHRyKCJ3aWR0aCIsIGZ1bmN0aW9uKGQpIHsgcmV0dXJuIGQueDEgLSBkLngwIC0gaG92ZXI7IH0pCisJICAgICAgICAuYXR0cigiaGVpZ2h0IiwgZnVuY3Rpb24oZCkgeyByZXR1cm4gZC55MSAtIGQueTAgLSBob3ZlcjsgfSk7CisJICAgIAorCSAgICBpZihob3Zlcj09ZmFsc2UpCisJICAgIAlkMy5zZWxlY3RBbGwoZC5hbmNlc3RvcnMoKS5tYXAoZnVuY3Rpb24oZCkgeyByZXR1cm4gZC5ub2RlOyB9KSkKKwkgICAgCSAgICAgIC5jbGFzc2VkKCJub2RlLS1ob3ZlciIsIGhvdmVyKS5zZWxlY3QoInJlY3QiKS4KKwkgICAgCSAgICAgIHN0eWxlKCJmaWxsIiwgZnVuY3Rpb24oZCkgeyAKKwkgICAgCSAgICAJICAJdmFyIG9wZXJhdGlvbiA9IGQuZGF0YS5vcGVyYXRpb247CisJICAJICAgIAkJaWYgKCAob3BlcmF0aW9uID09InVuZGVmaW5lZCIpIHx8IChkLmRhdGEub3BlcmF0aW9uPT1udWxsKSkgcmV0dXJuICIjY2NjY2NjIjsKKwkgIAkgICAgCSAgCWVsc2UgaWYgKG9wZXJhdGlvbj09KCJhZGQiKSkgcmV0dXJuICIjM2ZhYzU0IjsKKwkgIAkgICAgCSAgCWVsc2UgaWYgKG9wZXJhdGlvbj09KCJkZWxldGUiKSkgcmV0dXJuICIjZTYzMjNkIjsKKwkgIAkgICAgCSAgCWVsc2UgaWYgKG9wZXJhdGlvbj09ImNodXJuIikgcmV0dXJuICIjRkY4MTAwIjsKKwkgICAgCSAgICAJICB9KTsKKwkgICAgZWxzZSBkMy5zZWxlY3QoZC5ub2RlKS5jbGFzc2VkKCJub2RlLS1ob3ZlciIsIGhvdmVyKS4KKwkgICAgc2VsZWN0KCJyZWN0Iikuc3R5bGUoImZpbGwiLCIjNjQ5NWVkIik7CisJICB9OworICAvKioKKyAgdmFyIG9wZXJhdGlvbiA9IGQuZGF0YS5vcGVyYXRpb247CisJICAgIAkJaWYgKCAob3BlcmF0aW9uID09InVuZGVmaW5lZCIpIHx8IChkLmRhdGEub3BlcmF0aW9uPT1udWxsKSkgcmV0dXJuICIjY2NjY2NjIjsKKwkgICAgCSAgCWVsc2UgaWYgKG9wZXJhdGlvbj09KCJhZGQiKSkgcmV0dXJuICIjM2ZhYzU0IjsKKwkgICAgCSAgCWVsc2UgaWYgKG9wZXJhdGlvbj09KCJkZWxldGUiKSkgcmV0dXJuICIjZTYzMjNkIjsKKyAgKi8KKyAgZnVuY3Rpb24gY2xpY2tlZChjbGljayl7CisJICBjb25zb2xlLmxvZygiY2xpY2tlZCIpOworCSAgY29uc29sZS5sb2coZC5kYXRhLmlkX2NvcmVfYXNzZXQpOworCSAgd2luZG93LmxvY2F0aW9uLmhyZWYoImh0dHRwczovL2xvY2FsaG9zdDo4MDgwIik7CisgIH07Cit9CisvLyBQVjpFTkRDT05ECisKKy8vIFBWOklGQ09ORChwdjpoYXNGZWF0dXJlKCdUZW1wZXJhdHVyZScpKQorCXZhciBwYXJlbnQgPSBkb2N1bWVudC5nZXRFbGVtZW50QnlJZCgndF9zY2FsZScpOworCXNldFNjYWxlKHBhcmVudCwgbWluVGVtcCwgbWF4VGVtcCwgdGVtcFNjYWxlLCA2KSwKKwlmdW5jdGlvbihkKSB7CisJICAgIGQzLnNlbGVjdEFsbChkLmFuY2VzdG9ycygpLm1hcChmdW5jdGlvbihkKSB7IHJldHVybiBkLm5vZGU7IH0pKQorCSAgICAgICAgLmNsYXNzZWQoIm5vZGUtLWhvdmVyIiwgaG92ZXIpCisJICAgICAgLglzZWxlY3QoInJlY3QiKQorCSAgICAgIC5zdHlsZSgiYm9kZXItY29sb3IiLCJibGFjayIpCisJICAgICAgIC5zdHlsZSgic3Ryb2tlIiwiYmxhY2siKQorCSAgICAgICAgLmF0dHIoIndpZHRoIiwgZnVuY3Rpb24oZCkgeyByZXR1cm4gZC54MSAtIGQueDAgLSBob3ZlcjsgfSkKKwkgICAgICAgIC5hdHRyKCJoZWlnaHQiLCBmdW5jdGlvbihkKSB7IHJldHVybiBkLnkxIC0gZC55MCAtIGhvdmVyOyB9KTsKKwkgICAgCisJICAgIGlmKGhvdmVyPT1mYWxzZSkKKwkgICAgCWQzLnNlbGVjdEFsbChkLmFuY2VzdG9ycygpLm1hcChmdW5jdGlvbihkKSB7IHJldHVybiBkLm5vZGU7IH0pKQorCSAgICAJICAgICAgLmNsYXNzZWQoIm5vZGUtLWhvdmVyIiwgaG92ZXIpLnNlbGVjdCgicmVjdCIpLgorCSAgICAJICAgICAgc3R5bGUoImZpbGwiLCBmdW5jdGlvbihkKSB7IAorCSAgICAJICAgIAkgIAl2YXIgb3BlcmF0aW9uID0gZC5kYXRhLm9wZXJhdGlvbjsKKwkgIAkgICAgCQlpZiAoIChvcGVyYXRpb24gPT0idW5kZWZpbmVkIikgfHwgKGQuZGF0YS5vcGVyYXRpb249PW51bGwpKSByZXR1cm4gIiNjY2NjY2MiOworCSAgCSAgICAJICAJZWxzZSBpZiAob3BlcmF0aW9uPT0oImFkZCIpKSByZXR1cm4gIiMzZmFjNTQiOworCSAgCSAgICAJICAJZWxzZSBpZiAob3BlcmF0aW9uPT0oImRlbGV0ZSIpKSByZXR1cm4gIiNlNjMyM2QiOworCSAgCSAgICAJICAJZWxzZSBpZiAob3BlcmF0aW9uPT0iY2h1cm4iKSByZXR1cm4gIiNGRjgxMDAiOworCSAgICAJICAgIAkgIH0pOworCSAgICBlbHNlIGQzLnNlbGVjdChkLm5vZGUpLmNsYXNzZWQoIm5vZGUtLWhvdmVyIiwgaG92ZXIpLgorCSAgICBzZWxlY3QoInJlY3QiKS5zdHlsZSgiZmlsbCIsIiM2NDk1ZWQiKTsKKwkgIH07CisgIC8qKgorICB2YXIgb3BlcmF0aW9uID0gZC5kYXRhLm9wZXJhdGlvbjsKKwkgICAgCQlpZiAoIChvcGVyYXRpb24gPT0idW5kZWZpbmVkIikgfHwgKGQuZGF0YS5vcGVyYXRpb249PW51bGwpKSByZXR1cm4gIiNjY2NjY2MiOworCSAgICAJICAJZWxzZSBpZiAob3BlcmF0aW9uPT0oImFkZCIpKSByZXR1cm4gIiMzZmFjNTQiOworCSAgICAJICAJZWxzZSBpZiAob3BlcmF0aW9uPT0oImRlbGV0ZSIpKSByZXR1cm4gIiNlNjMyM2QiOworICAqLworICBmdW5jdGlvbiBjbGlja2VkKGNsaWNrKXsKKwkgIGNvbnNvbGUubG9nKCJjbGlja2VkIik7CisJICBjb25zb2xlLmxvZyhkLmRhdGEuaWRfY29yZV9hc3NldCk7CisJICB3aW5kb3cubG9jYXRpb24uaHJlZigiaHR0dHBzOi8vbG9jYWxob3N0OjgwODAiKTsKKyAgfTsKKworLy8gUFY6RU5EQ09ORAorCisvLyBQVjpJRkNPTkQocHY6aGFzRmVhdHVyZSgnV2luZFNwZWVkJykpCisJdmFyIHBhcmVudCA9IGRvY3VtZW50LmdldEVsZW1lbnRCeUlkKCd3X21haW4nKTsKKwlzZXRTY2FsZShwYXJlbnQsIG1pbldpbmQsIG1heFdpbmQsIHdpbmRTY2FsZSwgMTQpOworCXZhciBjZWxsID0gc3ZnCisgICAgLnNlbGVjdEFsbCgiLm5vZGUiKQorICAgIC5kYXRhKHJvb3QuZGVzY2VuZGFudHMoKSkKKyAgICAuZW50ZXIoKS5hcHBlbmQoImciKQorICAgICAgIC5hdHRyKCJ0cmFuc2Zvcm0iLCBmdW5jdGlvbihkKSB7IHJldHVybiAidHJhbnNsYXRlKCIgKyBkLngwICsgIiwiICsgZC55MCArICIpIjsgfSkKKyAgICAgIC5hdHRyKCJjbGFzcyIsICJub2RlIikKKyAgICAgIC5lYWNoKGZ1bmN0aW9uKGQpIHsgZC5ub2RlID0gdGhpczsgfSkKKyAgICAgIC5vbigibW91c2VvdmVyIiwgaG92ZXJlZCh0cnVlKSkKKyAgICAgIC5vbigibW91c2VvdXQiLCBob3ZlcmVkKGZhbHNlKSkKKyAgICAub24oImNsaWNrIiwgZnVuY3Rpb24oZCl7CisgICAgCSAgICBpZihkLmRhdGEub3BlcmF0aW9uPT09InJldXNlZCIpIHdpbmRvdy5hbGVydCgiVGhpcyBhc3NldCBkb2VzIG5vdCBoYXZlIGFueSBEaWZmIGFzc29jaWF0ZWQhXG4gU2VsZWN0IGFub3RoZXIgYXNzZXQiKTsKKyAgICAJICAgIGVsc2V7CisgICAgCSAgICAJY29uc29sZS5sb2coImNsaWNrZWQgaWRfYXNzZXQiK2QuZGF0YS5wX2Fzc2V0X2lkKTsKKyAgICAJCSAgICAvKjwhW0NEQVRBWyovCisgICAgCQkgICAgd2luZG93LmxvY2F0aW9uLmhyZWYgPSAiaHR0cDovL2xvY2FsaG9zdDo4MDgwL2ZpbGVfdnBfc3RydWN0dXJlP3ByPSIgK2QuZGF0YS5wcisiJmZpbGU9IisgZC5kYXRhLnBfYXNzZXRfaWQ7CisgICAgCQkgICAgLypdXT4qLwkKKyAgICAJICAgIH0gIH0pOworLy8gUFY6RU5EQ09ORAorCisKK2Z1bmN0aW9uIHNldFNjYWxlKHBhcmVudCwgbWluLCBtYXgsIHVuaXQsIHBhcnRDb3VudCkgeworCXZhciBkaXN0ID0gKG1heCAtIG1pbikvKHBhcnRDb3VudC0xKTsKKworCWZvciAoaT0wOyBpPHBhcmVudC5jaGlsZE5vZGVzLmxlbmd0aDsgaSsrKSB7CisJCXZhciBlbGVtZW50ID0gcGFyZW50LmNoaWxkTm9kZXNbaV07CisJCWlmIChlbGVtZW50LmNsYXNzTmFtZSAhPSBudWxsICYmIGVsZW1lbnQuY2xhc3NOYW1lICE9ICcnICYmIGVsZW1lbnQuY2xhc3NOYW1lICE9IG51bGwpIHsKKwkJCWlmICgobnVtYmVyID0gZWxlbWVudC5jbGFzc05hbWUubWF0Y2goJ3RleHRfKFxcZCspJykpKSB7CisJCQkJc2V0RWxlbWVudFRleHQoZWxlbWVudCwgTWF0aC5yb3VuZChtaW4gKyBudW1iZXJbMV0qZGlzdCkpOworCQkJfQorCQkJaWYgKGVsZW1lbnQuY2xhc3NOYW1lID09ICd1bml0JykgeworCQkJCXNldEVsZW1lbnRUZXh0KGVsZW1lbnQsIHVuaXQpOworCQkJfQorCQl9CisJfQorfQorCitmdW5jdGlvbiBzZXRUaXRsZXMoKSB7CisJc2V0RWxlbWVudFRleHQoZG9jdW1lbnQuZ2V0RWxlbWVudEJ5SWQoJ21haW5fdGl0bGUnKSwgbWFpblRpdGxlKTsKKworLy8gUFY6SUZDT05EKHB2Omhhc0ZlYXR1cmUoJ0FpclByZXNzdXJlJykpCisJc2V0RWxlbWVudFRleHQoZG9jdW1lbnQuZ2V0RWxlbWVudEJ5SWQoJ3ByZXNfdGl0bGUnKSwgcHJlc1RpdGxlKTsKKwl2YXIgY2VsbCA9IHN2ZworICAgIC5zZWxlY3RBbGwoIi5ub2RlIikKKyAgICAuZGF0YShyb290LmRlc2NlbmRhbnRzKCkpCisgICAgLmVudGVyKCkuYXBwZW5kKCJnIikKKyAgICAgICAuYXR0cigidHJhbnNmb3JtIiwgZnVuY3Rpb24oZCkgeyByZXR1cm4gInRyYW5zbGF0ZSgiICsgZC54MCArICIsIiArIGQueTAgKyAiKSI7IH0pCisgICAgICAuYXR0cigiY2xhc3MiLCAibm9kZSIpCisgICAgICAuZWFjaChmdW5jdGlvbihkKSB7IGQubm9kZSA9IHRoaXM7IH0pCisgICAgICAub24oIm1vdXNlb3ZlciIsIGhvdmVyZWQodHJ1ZSkpCisgICAgICAub24oIm1vdXNlb3V0IiwgaG92ZXJlZChmYWxzZSkpCisgICAgLm9uKCJjbGljayIsIGZ1bmN0aW9uKGQpeworICAgIAkgICAgaWYoZC5kYXRhLm9wZXJhdGlvbj09PSJyZXVzZWQiKSB3aW5kb3cuYWxlcnQoIlRoaXMgYXNzZXQgZG9lcyBub3QgaGF2ZSBhbnkgRGlmZiBhc3NvY2lhdGVkIVxuIFNlbGVjdCBhbm90aGVyIGFzc2V0Iik7CisgICAgCSAgICBlbHNleworICAgIAkgICAgCWNvbnNvbGUubG9nKCJjbGlja2VkIGlkX2Fzc2V0IitkLmRhdGEucF9hc3NldF9pZCk7CisgICAgCQkgICAgLyo8IVtDREFUQVsqLworICAgIAkJICAgIHdpbmRvdy5sb2NhdGlvbi5ocmVmID0gImh0dHA6Ly9sb2NhbGhvc3Q6ODA4MC9maWxlX3ZwX3N0cnVjdHVyZT9wcj0iICtkLmRhdGEucHIrIiZmaWxlPSIrIGQuZGF0YS5wX2Fzc2V0X2lkOworICAgIAkJICAgIC8qXV0+Ki8JCisgICAgCSAgICB9ICB9KQorLy8gUFY6RU5EQ09ORAorCisvLyBQVjpJRkNPTkQocHY6aGFzRmVhdHVyZSgnVGVtcGVyYXR1cmUnKSkKKwlzZXRFbGVtZW50VGV4dChkb2N1bWVudC5nZXRFbGVtZW50QnlJZCgndGVtcF90aXRsZScpLCB0ZW1wVGl0bGUpOworCXZhciBsYWJlbCA9IGNlbGwuYXBwZW5kKCJ0ZXh0IikKKyAgICAuYXR0cigiY2xpcC1wYXRoIiwgZnVuY3Rpb24oZCkgeyByZXR1cm4gInVybCgjY2xpcC0iICsgZC5pZCArICIpIjsgfSk7CisKK2xhYmVsCisgIC5maWx0ZXIoZnVuY3Rpb24oZCkgeyByZXR1cm4gZC5jaGlsZHJlbjsgfSkKKyAgLnNlbGVjdEFsbCgidHNwYW4iKQorICAgIC5kYXRhKGZ1bmN0aW9uKGQpIHsgcmV0dXJuIGQuaWQuc3Vic3RyaW5nKGQuaWQubGFzdEluZGV4T2YoIi8iKSArIDEpLnNwbGl0KC8oPz1bQS1aXVteQS1aXSkvZykuY29uY2F0KCJceGEwIiArIGZvcm1hdChkLnZhbHVlKSk7IH0pCisgIC5lbnRlcigpLmFwcGVuZCgidHNwYW4iKQorICAgIC5hdHRyKCJ4IiwgZnVuY3Rpb24oZCwgaSkgeyByZXR1cm4gaSA/IG51bGwgOiA0OyB9KQorICAgIC5hdHRyKCJ5IiwgMTMpCisgICAgLnRleHQoZnVuY3Rpb24oZCkgeyByZXR1cm4gZDsgfSk7CisvLyBQVjpFTkRDT05ECisKKy8vIFBWOklGQ09ORChwdjpoYXNGZWF0dXJlKCdXaW5kU3BlZWQnKSkKKwlzZXRFbGVtZW50VGV4dChkb2N1bWVudC5nZXRFbGVtZW50QnlJZCgnd2luZF90aXRsZScpLCB3aW5kVGl0bGUpOworCXZhciBsYWJlbCA9IGNlbGwuYXBwZW5kKCJ0ZXh0IikKKyAgICAuYXR0cigiY2xpcC1wYXRoIiwgZnVuY3Rpb24oZCkgeyByZXR1cm4gInVybCgjY2xpcC0iICsgZC5pZCArICIpIjsgfSk7CisKK2xhYmVsCisgIC5maWx0ZXIoZnVuY3Rpb24oZCkgeyByZXR1cm4gZC5jaGlsZHJlbjsgfSkKKyAgLnNlbGVjdEFsbCgidHNwYW4iKQorICAgIC5kYXRhKGZ1bmN0aW9uKGQpIHsgcmV0dXJuIGQuaWQuc3Vic3RyaW5nKGQuaWQubGFzdEluZGV4T2YoIi8iKSArIDEpLnNwbGl0KC8oPz1bQS1aXVteQS1aXSkvZykuY29uY2F0KCJceGEwIiArIGZvcm1hdChkLnZhbHVlKSk7IH0pCisgIC5lbnRlcigpLmFwcGVuZCgidHNwYW4iKQorICAgIC5hdHRyKCJ4IiwgZnVuY3Rpb24oZCwgaSkgeyByZXR1cm4gaSA/IG51bGwgOiA0OyB9KQorICAgIC5hdHRyKCJ5IiwgMTMpCisgICAgLnRleHQoZnVuY3Rpb24oZCkgeyByZXR1cm4gZDsgfSk7CisvLyBQVjpFTkRDT05ECit9CisKK2Z1bmN0aW9uIHNldEVsZW1lbnRUZXh0KGVsZW1lbnQsIHRleHQpIHsKKwl2YXIgdGV4dE5vZGUgPSBkb2N1bWVudC5jcmVhdGVUZXh0Tm9kZSh0ZXh0KTsKKwlpZiAoZWxlbWVudC5oYXNDaGlsZE5vZGVzKCkpIGVsZW1lbnQucmVwbGFjZUNoaWxkKHRleHROb2RlLCBlbGVtZW50LmZpcnN0Q2hpbGQpOworCWVsc2UgZWxlbWVudC5hcHBlbmRDaGlsZCh0ZXh0Tm9kZSk7Cit9Cg==',266,31,2,'NEW_ASSET_WITH_NO_VARIATIONPOINT');
INSERT IGNORE INTO developer_group (id_developer_group) VALUES 
(32);
INSERT IGNORE INTO developer_bridge (id_developer_group,id_developer) VALUES 
(32,1);
INSERT IGNORE INTO developer_bridge (id_developer_group,id_developer) VALUES 
(32,1);
INSERT IGNORE INTO developer_bridge (id_developer_group,id_developer) VALUES 
(32,1);
INSERT IGNORE INTO developer_bridge (id_developer_group,id_developer) VALUES 
(32,1);
INSERT IGNORE INTO developer_bridge (id_developer_group,id_developer) VALUES 
(32,1);
INSERT IGNORE INTO developer_bridge (id_developer_group,id_developer) VALUES 
(32,1);
INSERT IGNORE INTO developer_bridge (id_developer_group,id_developer) VALUES 
(32,1);
INSERT IGNORE INTO developer_bridge (id_developer_group,id_developer) VALUES 
(32,1);
INSERT IGNORE INTO developer_bridge (id_developer_group,id_developer) VALUES 
(32,1);
INSERT IGNORE INTO developer_bridge (id_developer_group,id_developer) VALUES 
(32,1);
INSERT IGNORE INTO developer_bridge (id_developer_group,id_developer) VALUES 
(32,1);
INSERT IGNORE INTO developer_bridge (id_developer_group,id_developer) VALUES 
(32,1);
INSERT IGNORE INTO developer_bridge (id_developer_group,id_developer) VALUES 
(32,1);
INSERT IGNORE INTO developer_bridge (id_developer_group,id_developer) VALUES 
(32,1);
INSERT IGNORE INTO developer_bridge (id_developer_group,id_developer) VALUES 
(32,1);
INSERT IGNORE INTO developer_bridge (id_developer_group,id_developer) VALUES 
(32,1);
INSERT IGNORE INTO developer_bridge (id_developer_group,id_developer) VALUES 
(32,1);
INSERT IGNORE INTO developer_bridge (id_developer_group,id_developer) VALUES 
(32,1);
INSERT IGNORE INTO developer_bridge (id_developer_group,id_developer) VALUES 
(32,1);
INSERT IGNORE INTO developer_bridge (id_developer_group,id_developer) VALUES 
(32,1);
INSERT IGNORE INTO developer_bridge (id_developer_group,id_developer) VALUES 
(32,1);
INSERT IGNORE INTO developer_bridge (id_developer_group,id_developer) VALUES 
(32,1);
INSERT IGNORE INTO developer_bridge (id_developer_group,id_developer) VALUES 
(32,1);
INSERT IGNORE INTO developer_bridge (id_developer_group,id_developer) VALUES 
(32,1);
INSERT IGNORE INTO developer_bridge (id_developer_group,id_developer) VALUES 
(32,1);
INSERT IGNORE INTO developer_bridge (id_developer_group,id_developer) VALUES 
(32,1);
INSERT IGNORE INTO developer_bridge (id_developer_group,id_developer) VALUES 
(32,1);
INSERT IGNORE INTO developer_bridge (id_developer_group,id_developer) VALUES 
(32,1);
INSERT IGNORE INTO developer_bridge (id_developer_group,id_developer) VALUES 
(32,1);
INSERT IGNORE INTO developer_bridge (id_developer_group,id_developer) VALUES 
(32,1);
INSERT IGNORE INTO developer_bridge (id_developer_group,id_developer) VALUES 
(32,1);
INSERT IGNORE INTO developer_bridge (id_developer_group,id_developer) VALUES 
(32,1);
INSERT IGNORE INTO developer_bridge (id_developer_group,id_developer) VALUES 
(32,1);
INSERT IGNORE INTO developer_bridge (id_developer_group,id_developer) VALUES 
(32,1);
INSERT IGNORE INTO developer_bridge (id_developer_group,id_developer) VALUES 
(32,1);
INSERT IGNORE INTO developer_bridge (id_developer_group,id_developer) VALUES 
(32,1);
INSERT IGNORE INTO developer_bridge (id_developer_group,id_developer) VALUES 
(32,1);
INSERT IGNORE INTO developer_bridge (id_developer_group,id_developer) VALUES 
(32,1);
INSERT IGNORE INTO developer_bridge (id_developer_group,id_developer) VALUES 
(32,1);
INSERT IGNORE INTO customization_fact (idcustomization, lines_added,lines_deleted,custom_diff,commit_set,message_set,greater_diff,idvariationpoint,id_developer_group, idproductrelease, type) VALUES
(32,39,0,'ZGlmZiAtLWdpdCBhL2lucHV0L21vZHVsZS9pbml0IGIvaW5wdXQvbW9kdWxlL2luaXQKbmV3IGZpbGUgbW9kZSAxMDA2NDQKaW5kZXggMDAwMDAwMC4uYzI3OWVhYQotLS0gL2Rldi9udWxsCkBAIC0wLDIgKzgsMzkgQEAgRXhwcmVzc2lvbjogIChwdjpoYXNGZWF0dXJlKCdBaXJQcmVzc3VyZScpKUNoYW5nZSBUeXBlOiBORVdfQVNTRVRfV0lUSF9ORVdfVkFSSUFUSU9OUE9JTlRfQU5EX05FV19GRUFUVVJFUworLy8gUFY6SUZDT05EKHB2Omhhc0ZlYXR1cmUoJ0FpclByZXNzdXJlJykpLy9BdXRob3JlZCBieTogbGV0aW1vbWUgaW4gY29tbWl0OmJlZmM3ZjVlZGM0OTM5MDBjZTE2MWFlZDgyNmFlZTRlNDY2Nzc5NjMsIHdpdGggbWVzc2FnZTphZGRlZCBuZXcganMgbW9kdWxlCisJdmFyIHBhcmVudCA9IGRvY3VtZW50LmdldEVsZW1lbnRCeUlkKCdwX21haW4nKTsvL0F1dGhvcmVkIGJ5OiBsZXRpbW9tZSBpbiBjb21taXQ6YmVmYzdmNWVkYzQ5MzkwMGNlMTYxYWVkODI2YWVlNGU0NjY3Nzk2Mywgd2l0aCBtZXNzYWdlOmFkZGVkIG5ldyBqcyBtb2R1bGUKKwlzZXRTY2FsZShwYXJlbnQsIG1pblByZXMsIG1heFByZXMsIHByZXNTY2FsZSwgMTQpLC8vQXV0aG9yZWQgYnk6IGxldGltb21lIGluIGNvbW1pdDpiZWZjN2Y1ZWRjNDkzOTAwY2UxNjFhZWQ4MjZhZWU0ZTQ2Njc3OTYzLCB3aXRoIG1lc3NhZ2U6YWRkZWQgbmV3IGpzIG1vZHVsZQorCWZ1bmN0aW9uKGQpIHsvL0F1dGhvcmVkIGJ5OiBsZXRpbW9tZSBpbiBjb21taXQ6YmVmYzdmNWVkYzQ5MzkwMGNlMTYxYWVkODI2YWVlNGU0NjY3Nzk2Mywgd2l0aCBtZXNzYWdlOmFkZGVkIG5ldyBqcyBtb2R1bGUKKwkgICAgZDMuc2VsZWN0QWxsKGQuYW5jZXN0b3JzKCkubWFwKGZ1bmN0aW9uKGQpIHsgcmV0dXJuIGQubm9kZTsgfSkpLy9BdXRob3JlZCBieTogbGV0aW1vbWUgaW4gY29tbWl0OmJlZmM3ZjVlZGM0OTM5MDBjZTE2MWFlZDgyNmFlZTRlNDY2Nzc5NjMsIHdpdGggbWVzc2FnZTphZGRlZCBuZXcganMgbW9kdWxlCisJICAgICAgICAuY2xhc3NlZCgibm9kZS0taG92ZXIiLCBob3ZlcikvL0F1dGhvcmVkIGJ5OiBsZXRpbW9tZSBpbiBjb21taXQ6YmVmYzdmNWVkYzQ5MzkwMGNlMTYxYWVkODI2YWVlNGU0NjY3Nzk2Mywgd2l0aCBtZXNzYWdlOmFkZGVkIG5ldyBqcyBtb2R1bGUKKwkgICAgICAuCXNlbGVjdCgicmVjdCIpLy9BdXRob3JlZCBieTogbGV0aW1vbWUgaW4gY29tbWl0OmJlZmM3ZjVlZGM0OTM5MDBjZTE2MWFlZDgyNmFlZTRlNDY2Nzc5NjMsIHdpdGggbWVzc2FnZTphZGRlZCBuZXcganMgbW9kdWxlCisJICAgICAgLnN0eWxlKCJib2Rlci1jb2xvciIsImJsYWNrIikvL0F1dGhvcmVkIGJ5OiBsZXRpbW9tZSBpbiBjb21taXQ6YmVmYzdmNWVkYzQ5MzkwMGNlMTYxYWVkODI2YWVlNGU0NjY3Nzk2Mywgd2l0aCBtZXNzYWdlOmFkZGVkIG5ldyBqcyBtb2R1bGUKKwkgICAgICAgLnN0eWxlKCJzdHJva2UiLCJibGFjayIpLy9BdXRob3JlZCBieTogbGV0aW1vbWUgaW4gY29tbWl0OmJlZmM3ZjVlZGM0OTM5MDBjZTE2MWFlZDgyNmFlZTRlNDY2Nzc5NjMsIHdpdGggbWVzc2FnZTphZGRlZCBuZXcganMgbW9kdWxlCisJICAgICAgICAuYXR0cigid2lkdGgiLCBmdW5jdGlvbihkKSB7IHJldHVybiBkLngxIC0gZC54MCAtIGhvdmVyOyB9KS8vQXV0aG9yZWQgYnk6IGxldGltb21lIGluIGNvbW1pdDpiZWZjN2Y1ZWRjNDkzOTAwY2UxNjFhZWQ4MjZhZWU0ZTQ2Njc3OTYzLCB3aXRoIG1lc3NhZ2U6YWRkZWQgbmV3IGpzIG1vZHVsZQorCSAgICAgICAgLmF0dHIoImhlaWdodCIsIGZ1bmN0aW9uKGQpIHsgcmV0dXJuIGQueTEgLSBkLnkwIC0gaG92ZXI7IH0pOy8vQXV0aG9yZWQgYnk6IGxldGltb21lIGluIGNvbW1pdDpiZWZjN2Y1ZWRjNDkzOTAwY2UxNjFhZWQ4MjZhZWU0ZTQ2Njc3OTYzLCB3aXRoIG1lc3NhZ2U6YWRkZWQgbmV3IGpzIG1vZHVsZQorCSAgICAvL0F1dGhvcmVkIGJ5OiBsZXRpbW9tZSBpbiBjb21taXQ6YmVmYzdmNWVkYzQ5MzkwMGNlMTYxYWVkODI2YWVlNGU0NjY3Nzk2Mywgd2l0aCBtZXNzYWdlOmFkZGVkIG5ldyBqcyBtb2R1bGUKKwkgICAgaWYoaG92ZXI9PWZhbHNlKS8vQXV0aG9yZWQgYnk6IGxldGltb21lIGluIGNvbW1pdDpiZWZjN2Y1ZWRjNDkzOTAwY2UxNjFhZWQ4MjZhZWU0ZTQ2Njc3OTYzLCB3aXRoIG1lc3NhZ2U6YWRkZWQgbmV3IGpzIG1vZHVsZQorCSAgICAJZDMuc2VsZWN0QWxsKGQuYW5jZXN0b3JzKCkubWFwKGZ1bmN0aW9uKGQpIHsgcmV0dXJuIGQubm9kZTsgfSkpLy9BdXRob3JlZCBieTogbGV0aW1vbWUgaW4gY29tbWl0OmJlZmM3ZjVlZGM0OTM5MDBjZTE2MWFlZDgyNmFlZTRlNDY2Nzc5NjMsIHdpdGggbWVzc2FnZTphZGRlZCBuZXcganMgbW9kdWxlCisJICAgIAkgICAgICAuY2xhc3NlZCgibm9kZS0taG92ZXIiLCBob3Zlcikuc2VsZWN0KCJyZWN0IikuLy9BdXRob3JlZCBieTogbGV0aW1vbWUgaW4gY29tbWl0OmJlZmM3ZjVlZGM0OTM5MDBjZTE2MWFlZDgyNmFlZTRlNDY2Nzc5NjMsIHdpdGggbWVzc2FnZTphZGRlZCBuZXcganMgbW9kdWxlCisJICAgIAkgICAgICBzdHlsZSgiZmlsbCIsIGZ1bmN0aW9uKGQpIHsgLy9BdXRob3JlZCBieTogbGV0aW1vbWUgaW4gY29tbWl0OmJlZmM3ZjVlZGM0OTM5MDBjZTE2MWFlZDgyNmFlZTRlNDY2Nzc5NjMsIHdpdGggbWVzc2FnZTphZGRlZCBuZXcganMgbW9kdWxlCisJICAgIAkgICAgCSAgCXZhciBvcGVyYXRpb24gPSBkLmRhdGEub3BlcmF0aW9uOy8vQXV0aG9yZWQgYnk6IGxldGltb21lIGluIGNvbW1pdDpiZWZjN2Y1ZWRjNDkzOTAwY2UxNjFhZWQ4MjZhZWU0ZTQ2Njc3OTYzLCB3aXRoIG1lc3NhZ2U6YWRkZWQgbmV3IGpzIG1vZHVsZQorCSAgCSAgICAJCWlmICggKG9wZXJhdGlvbiA9PSJ1bmRlZmluZWQiKSB8fCAoZC5kYXRhLm9wZXJhdGlvbj09bnVsbCkpIHJldHVybiAiI2NjY2NjYyI7Ly9BdXRob3JlZCBieTogbGV0aW1vbWUgaW4gY29tbWl0OmJlZmM3ZjVlZGM0OTM5MDBjZTE2MWFlZDgyNmFlZTRlNDY2Nzc5NjMsIHdpdGggbWVzc2FnZTphZGRlZCBuZXcganMgbW9kdWxlCisJICAJICAgIAkgIAllbHNlIGlmIChvcGVyYXRpb249PSgiYWRkIikpIHJldHVybiAiIzNmYWM1NCI7Ly9BdXRob3JlZCBieTogbGV0aW1vbWUgaW4gY29tbWl0OmJlZmM3ZjVlZGM0OTM5MDBjZTE2MWFlZDgyNmFlZTRlNDY2Nzc5NjMsIHdpdGggbWVzc2FnZTphZGRlZCBuZXcganMgbW9kdWxlCisJICAJICAgIAkgIAllbHNlIGlmIChvcGVyYXRpb249PSgiZGVsZXRlIikpIHJldHVybiAiI2U2MzIzZCI7Ly9BdXRob3JlZCBieTogbGV0aW1vbWUgaW4gY29tbWl0OmJlZmM3ZjVlZGM0OTM5MDBjZTE2MWFlZDgyNmFlZTRlNDY2Nzc5NjMsIHdpdGggbWVzc2FnZTphZGRlZCBuZXcganMgbW9kdWxlCisJICAJICAgIAkgIAllbHNlIGlmIChvcGVyYXRpb249PSJjaHVybiIpIHJldHVybiAiI0ZGODEwMCI7Ly9BdXRob3JlZCBieTogbGV0aW1vbWUgaW4gY29tbWl0OmJlZmM3ZjVlZGM0OTM5MDBjZTE2MWFlZDgyNmFlZTRlNDY2Nzc5NjMsIHdpdGggbWVzc2FnZTphZGRlZCBuZXcganMgbW9kdWxlCisJICAgIAkgICAgCSAgfSk7Ly9BdXRob3JlZCBieTogbGV0aW1vbWUgaW4gY29tbWl0OmJlZmM3ZjVlZGM0OTM5MDBjZTE2MWFlZDgyNmFlZTRlNDY2Nzc5NjMsIHdpdGggbWVzc2FnZTphZGRlZCBuZXcganMgbW9kdWxlCisJICAgIGVsc2UgZDMuc2VsZWN0KGQubm9kZSkuY2xhc3NlZCgibm9kZS0taG92ZXIiLCBob3ZlcikuLy9BdXRob3JlZCBieTogbGV0aW1vbWUgaW4gY29tbWl0OmJlZmM3ZjVlZGM0OTM5MDBjZTE2MWFlZDgyNmFlZTRlNDY2Nzc5NjMsIHdpdGggbWVzc2FnZTphZGRlZCBuZXcganMgbW9kdWxlCisJICAgIHNlbGVjdCgicmVjdCIpLnN0eWxlKCJmaWxsIiwiIzY0OTVlZCIpOy8vQXV0aG9yZWQgYnk6IGxldGltb21lIGluIGNvbW1pdDpiZWZjN2Y1ZWRjNDkzOTAwY2UxNjFhZWQ4MjZhZWU0ZTQ2Njc3OTYzLCB3aXRoIG1lc3NhZ2U6YWRkZWQgbmV3IGpzIG1vZHVsZQorCSAgfTsvL0F1dGhvcmVkIGJ5OiBsZXRpbW9tZSBpbiBjb21taXQ6YmVmYzdmNWVkYzQ5MzkwMGNlMTYxYWVkODI2YWVlNGU0NjY3Nzk2Mywgd2l0aCBtZXNzYWdlOmFkZGVkIG5ldyBqcyBtb2R1bGUKKyAgLyoqLy9BdXRob3JlZCBieTogbGV0aW1vbWUgaW4gY29tbWl0OmJlZmM3ZjVlZGM0OTM5MDBjZTE2MWFlZDgyNmFlZTRlNDY2Nzc5NjMsIHdpdGggbWVzc2FnZTphZGRlZCBuZXcganMgbW9kdWxlCisgIHZhciBvcGVyYXRpb24gPSBkLmRhdGEub3BlcmF0aW9uOy8vQXV0aG9yZWQgYnk6IGxldGltb21lIGluIGNvbW1pdDpiZWZjN2Y1ZWRjNDkzOTAwY2UxNjFhZWQ4MjZhZWU0ZTQ2Njc3OTYzLCB3aXRoIG1lc3NhZ2U6YWRkZWQgbmV3IGpzIG1vZHVsZQorCSAgICAJCWlmICggKG9wZXJhdGlvbiA9PSJ1bmRlZmluZWQiKSB8fCAoZC5kYXRhLm9wZXJhdGlvbj09bnVsbCkpIHJldHVybiAiI2NjY2NjYyI7Ly9BdXRob3JlZCBieTogbGV0aW1vbWUgaW4gY29tbWl0OmJlZmM3ZjVlZGM0OTM5MDBjZTE2MWFlZDgyNmFlZTRlNDY2Nzc5NjMsIHdpdGggbWVzc2FnZTphZGRlZCBuZXcganMgbW9kdWxlCisJICAgIAkgIAllbHNlIGlmIChvcGVyYXRpb249PSgiYWRkIikpIHJldHVybiAiIzNmYWM1NCI7Ly9BdXRob3JlZCBieTogbGV0aW1vbWUgaW4gY29tbWl0OmJlZmM3ZjVlZGM0OTM5MDBjZTE2MWFlZDgyNmFlZTRlNDY2Nzc5NjMsIHdpdGggbWVzc2FnZTphZGRlZCBuZXcganMgbW9kdWxlCisJICAgIAkgIAllbHNlIGlmIChvcGVyYXRpb249PSgiZGVsZXRlIikpIHJldHVybiAiI2U2MzIzZCI7Ly9BdXRob3JlZCBieTogbGV0aW1vbWUgaW4gY29tbWl0OmJlZmM3ZjVlZGM0OTM5MDBjZTE2MWFlZDgyNmFlZTRlNDY2Nzc5NjMsIHdpdGggbWVzc2FnZTphZGRlZCBuZXcganMgbW9kdWxlCisgICovLy9BdXRob3JlZCBieTogbGV0aW1vbWUgaW4gY29tbWl0OmJlZmM3ZjVlZGM0OTM5MDBjZTE2MWFlZDgyNmFlZTRlNDY2Nzc5NjMsIHdpdGggbWVzc2FnZTphZGRlZCBuZXcganMgbW9kdWxlCisgIGZ1bmN0aW9uIGNsaWNrZWQoY2xpY2spey8vQXV0aG9yZWQgYnk6IGxldGltb21lIGluIGNvbW1pdDpiZWZjN2Y1ZWRjNDkzOTAwY2UxNjFhZWQ4MjZhZWU0ZTQ2Njc3OTYzLCB3aXRoIG1lc3NhZ2U6YWRkZWQgbmV3IGpzIG1vZHVsZQorCSAgY29uc29sZS5sb2coImNsaWNrZWQiKTsvL0F1dGhvcmVkIGJ5OiBsZXRpbW9tZSBpbiBjb21taXQ6YmVmYzdmNWVkYzQ5MzkwMGNlMTYxYWVkODI2YWVlNGU0NjY3Nzk2Mywgd2l0aCBtZXNzYWdlOmFkZGVkIG5ldyBqcyBtb2R1bGUKKwkgIGNvbnNvbGUubG9nKGQuZGF0YS5pZF9jb3JlX2Fzc2V0KTsvL0F1dGhvcmVkIGJ5OiBsZXRpbW9tZSBpbiBjb21taXQ6YmVmYzdmNWVkYzQ5MzkwMGNlMTYxYWVkODI2YWVlNGU0NjY3Nzk2Mywgd2l0aCBtZXNzYWdlOmFkZGVkIG5ldyBqcyBtb2R1bGUKKwkgIHdpbmRvdy5sb2NhdGlvbi5ocmVmKCJodHR0cHM6Ly9sb2NhbGhvc3Q6ODA4MCIpOy8vQXV0aG9yZWQgYnk6IGxldGltb21lIGluIGNvbW1pdDpiZWZjN2Y1ZWRjNDkzOTAwY2UxNjFhZWQ4MjZhZWU0ZTQ2Njc3OTYzLCB3aXRoIG1lc3NhZ2U6YWRkZWQgbmV3IGpzIG1vZHVsZQorICB9Oy8vQXV0aG9yZWQgYnk6IGxldGltb21lIGluIGNvbW1pdDpiZWZjN2Y1ZWRjNDkzOTAwY2UxNjFhZWQ4MjZhZWU0ZTQ2Njc3OTYzLCB3aXRoIG1lc3NhZ2U6YWRkZWQgbmV3IGpzIG1vZHVsZQorfS8vQXV0aG9yZWQgYnk6IGxldGltb21lIGluIGNvbW1pdDpiZWZjN2Y1ZWRjNDkzOTAwY2UxNjFhZWQ4MjZhZWU0ZTQ2Njc3OTYzLCB3aXRoIG1lc3NhZ2U6YWRkZWQgbmV3IGpzIG1vZHVsZQorLy8gUFY6RU5EQ09ORC8vQXV0aG9yZWQgYnk6IGxldGltb21lIGluIGNvbW1pdDpiZWZjN2Y1ZWRjNDkzOTAwY2UxNjFhZWQ4MjZhZWU0ZTQ2Njc3OTYzLCB3aXRoIG1lc3NhZ2U6YWRkZWQgbmV3IGpzIG1vZHVsZQorLy9BdXRob3JlZCBieTogbGV0aW1vbWUgaW4gY29tbWl0OmJlZmM3ZjVlZGM0OTM5MDBjZTE2MWFlZDgyNmFlZTRlNDY2Nzc5NjMsIHdpdGggbWVzc2FnZTphZGRlZCBuZXcganMgbW9kdWxlCg==','befc7f5edc493900ce161aed826aee4e46677963; befc7f5edc493900ce161aed826aee4e46677963; befc7f5edc493900ce161aed826aee4e46677963; befc7f5edc493900ce161aed826aee4e46677963; befc7f5edc493900ce161aed826aee4e46677963; befc7f5edc493900ce161aed826aee4e46677963; befc7f5edc493900ce161aed826aee4e46677963; befc7f5edc493900ce161aed826aee4e46677963; befc7f5edc493900ce161aed826aee4e46677963; befc7f5edc493900ce161aed826aee4e46677963; befc7f5edc493900ce161aed826aee4e46677963; befc7f5edc493900ce161aed826aee4e46677963; befc7f5edc493900ce161aed826aee4e46677963; befc7f5edc493900ce161aed826aee4e46677963; befc7f5edc493900ce161aed826aee4e46677963; befc7f5edc493900ce161aed826aee4e46677963; befc7f5edc493900ce161aed826aee4e46677963; befc7f5edc493900ce161aed826aee4e46677963; befc7f5edc493900ce161aed826aee4e46677963; befc7f5edc493900ce161aed826aee4e46677963; befc7f5edc493900ce161aed826aee4e46677963; befc7f5edc493900ce161aed826aee4e46677963; befc7f5edc493900ce161aed826aee4e46677963; befc7f5edc493900ce161aed826aee4e46677963; befc7f5edc493900ce161aed826aee4e46677963; befc7f5edc493900ce161aed826aee4e46677963; befc7f5edc493900ce161aed826aee4e46677963; befc7f5edc493900ce161aed826aee4e46677963; befc7f5edc493900ce161aed826aee4e46677963; befc7f5edc493900ce161aed826aee4e46677963; befc7f5edc493900ce161aed826aee4e46677963; befc7f5edc493900ce161aed826aee4e46677963; befc7f5edc493900ce161aed826aee4e46677963; befc7f5edc493900ce161aed826aee4e46677963; befc7f5edc493900ce161aed826aee4e46677963; befc7f5edc493900ce161aed826aee4e46677963; befc7f5edc493900ce161aed826aee4e46677963; befc7f5edc493900ce161aed826aee4e46677963; befc7f5edc493900ce161aed826aee4e46677963; ','added new js module; ','ZGlmZiAtLWdpdCBhL2lucHV0L21vZHVsZS9pbml0IGIvaW5wdXQvbW9kdWxlL2luaXQKbmV3IGZpbGUgbW9kZSAxMDA2NDQKaW5kZXggMDAwMDAwMC4uYzI3OWVhYQotLS0gL2Rldi9udWxsCisrKyBiL2lucHV0L21vZHVsZS9pbml0CkBAIC0wLDAgKzEsMTg0IEBACisKK2Z1bmN0aW9uIGluaXRMYXlvdXQoKSB7CisJaW5pdGlhdGVTY2FsZXMoKTsKKwlzZXRUaXRsZXMoKTsKK30KKworZnVuY3Rpb24gaW5pdGlhdGVTY2FsZXMoKSB7CisvLyBQVjpJRkNPTkQocHY6aGFzRmVhdHVyZSgnQWlyUHJlc3N1cmUnKSkKKwl2YXIgcGFyZW50ID0gZG9jdW1lbnQuZ2V0RWxlbWVudEJ5SWQoJ3BfbWFpbicpOworCXNldFNjYWxlKHBhcmVudCwgbWluUHJlcywgbWF4UHJlcywgcHJlc1NjYWxlLCAxNCksCisJZnVuY3Rpb24oZCkgeworCSAgICBkMy5zZWxlY3RBbGwoZC5hbmNlc3RvcnMoKS5tYXAoZnVuY3Rpb24oZCkgeyByZXR1cm4gZC5ub2RlOyB9KSkKKwkgICAgICAgIC5jbGFzc2VkKCJub2RlLS1ob3ZlciIsIGhvdmVyKQorCSAgICAgIC4Jc2VsZWN0KCJyZWN0IikKKwkgICAgICAuc3R5bGUoImJvZGVyLWNvbG9yIiwiYmxhY2siKQorCSAgICAgICAuc3R5bGUoInN0cm9rZSIsImJsYWNrIikKKwkgICAgICAgIC5hdHRyKCJ3aWR0aCIsIGZ1bmN0aW9uKGQpIHsgcmV0dXJuIGQueDEgLSBkLngwIC0gaG92ZXI7IH0pCisJICAgICAgICAuYXR0cigiaGVpZ2h0IiwgZnVuY3Rpb24oZCkgeyByZXR1cm4gZC55MSAtIGQueTAgLSBob3ZlcjsgfSk7CisJICAgIAorCSAgICBpZihob3Zlcj09ZmFsc2UpCisJICAgIAlkMy5zZWxlY3RBbGwoZC5hbmNlc3RvcnMoKS5tYXAoZnVuY3Rpb24oZCkgeyByZXR1cm4gZC5ub2RlOyB9KSkKKwkgICAgCSAgICAgIC5jbGFzc2VkKCJub2RlLS1ob3ZlciIsIGhvdmVyKS5zZWxlY3QoInJlY3QiKS4KKwkgICAgCSAgICAgIHN0eWxlKCJmaWxsIiwgZnVuY3Rpb24oZCkgeyAKKwkgICAgCSAgICAJICAJdmFyIG9wZXJhdGlvbiA9IGQuZGF0YS5vcGVyYXRpb247CisJICAJICAgIAkJaWYgKCAob3BlcmF0aW9uID09InVuZGVmaW5lZCIpIHx8IChkLmRhdGEub3BlcmF0aW9uPT1udWxsKSkgcmV0dXJuICIjY2NjY2NjIjsKKwkgIAkgICAgCSAgCWVsc2UgaWYgKG9wZXJhdGlvbj09KCJhZGQiKSkgcmV0dXJuICIjM2ZhYzU0IjsKKwkgIAkgICAgCSAgCWVsc2UgaWYgKG9wZXJhdGlvbj09KCJkZWxldGUiKSkgcmV0dXJuICIjZTYzMjNkIjsKKwkgIAkgICAgCSAgCWVsc2UgaWYgKG9wZXJhdGlvbj09ImNodXJuIikgcmV0dXJuICIjRkY4MTAwIjsKKwkgICAgCSAgICAJICB9KTsKKwkgICAgZWxzZSBkMy5zZWxlY3QoZC5ub2RlKS5jbGFzc2VkKCJub2RlLS1ob3ZlciIsIGhvdmVyKS4KKwkgICAgc2VsZWN0KCJyZWN0Iikuc3R5bGUoImZpbGwiLCIjNjQ5NWVkIik7CisJICB9OworICAvKioKKyAgdmFyIG9wZXJhdGlvbiA9IGQuZGF0YS5vcGVyYXRpb247CisJICAgIAkJaWYgKCAob3BlcmF0aW9uID09InVuZGVmaW5lZCIpIHx8IChkLmRhdGEub3BlcmF0aW9uPT1udWxsKSkgcmV0dXJuICIjY2NjY2NjIjsKKwkgICAgCSAgCWVsc2UgaWYgKG9wZXJhdGlvbj09KCJhZGQiKSkgcmV0dXJuICIjM2ZhYzU0IjsKKwkgICAgCSAgCWVsc2UgaWYgKG9wZXJhdGlvbj09KCJkZWxldGUiKSkgcmV0dXJuICIjZTYzMjNkIjsKKyAgKi8KKyAgZnVuY3Rpb24gY2xpY2tlZChjbGljayl7CisJICBjb25zb2xlLmxvZygiY2xpY2tlZCIpOworCSAgY29uc29sZS5sb2coZC5kYXRhLmlkX2NvcmVfYXNzZXQpOworCSAgd2luZG93LmxvY2F0aW9uLmhyZWYoImh0dHRwczovL2xvY2FsaG9zdDo4MDgwIik7CisgIH07Cit9CisvLyBQVjpFTkRDT05ECisKKy8vIFBWOklGQ09ORChwdjpoYXNGZWF0dXJlKCdUZW1wZXJhdHVyZScpKQorCXZhciBwYXJlbnQgPSBkb2N1bWVudC5nZXRFbGVtZW50QnlJZCgndF9zY2FsZScpOworCXNldFNjYWxlKHBhcmVudCwgbWluVGVtcCwgbWF4VGVtcCwgdGVtcFNjYWxlLCA2KSwKKwlmdW5jdGlvbihkKSB7CisJICAgIGQzLnNlbGVjdEFsbChkLmFuY2VzdG9ycygpLm1hcChmdW5jdGlvbihkKSB7IHJldHVybiBkLm5vZGU7IH0pKQorCSAgICAgICAgLmNsYXNzZWQoIm5vZGUtLWhvdmVyIiwgaG92ZXIpCisJICAgICAgLglzZWxlY3QoInJlY3QiKQorCSAgICAgIC5zdHlsZSgiYm9kZXItY29sb3IiLCJibGFjayIpCisJICAgICAgIC5zdHlsZSgic3Ryb2tlIiwiYmxhY2siKQorCSAgICAgICAgLmF0dHIoIndpZHRoIiwgZnVuY3Rpb24oZCkgeyByZXR1cm4gZC54MSAtIGQueDAgLSBob3ZlcjsgfSkKKwkgICAgICAgIC5hdHRyKCJoZWlnaHQiLCBmdW5jdGlvbihkKSB7IHJldHVybiBkLnkxIC0gZC55MCAtIGhvdmVyOyB9KTsKKwkgICAgCisJICAgIGlmKGhvdmVyPT1mYWxzZSkKKwkgICAgCWQzLnNlbGVjdEFsbChkLmFuY2VzdG9ycygpLm1hcChmdW5jdGlvbihkKSB7IHJldHVybiBkLm5vZGU7IH0pKQorCSAgICAJICAgICAgLmNsYXNzZWQoIm5vZGUtLWhvdmVyIiwgaG92ZXIpLnNlbGVjdCgicmVjdCIpLgorCSAgICAJICAgICAgc3R5bGUoImZpbGwiLCBmdW5jdGlvbihkKSB7IAorCSAgICAJICAgIAkgIAl2YXIgb3BlcmF0aW9uID0gZC5kYXRhLm9wZXJhdGlvbjsKKwkgIAkgICAgCQlpZiAoIChvcGVyYXRpb24gPT0idW5kZWZpbmVkIikgfHwgKGQuZGF0YS5vcGVyYXRpb249PW51bGwpKSByZXR1cm4gIiNjY2NjY2MiOworCSAgCSAgICAJICAJZWxzZSBpZiAob3BlcmF0aW9uPT0oImFkZCIpKSByZXR1cm4gIiMzZmFjNTQiOworCSAgCSAgICAJICAJZWxzZSBpZiAob3BlcmF0aW9uPT0oImRlbGV0ZSIpKSByZXR1cm4gIiNlNjMyM2QiOworCSAgCSAgICAJICAJZWxzZSBpZiAob3BlcmF0aW9uPT0iY2h1cm4iKSByZXR1cm4gIiNGRjgxMDAiOworCSAgICAJICAgIAkgIH0pOworCSAgICBlbHNlIGQzLnNlbGVjdChkLm5vZGUpLmNsYXNzZWQoIm5vZGUtLWhvdmVyIiwgaG92ZXIpLgorCSAgICBzZWxlY3QoInJlY3QiKS5zdHlsZSgiZmlsbCIsIiM2NDk1ZWQiKTsKKwkgIH07CisgIC8qKgorICB2YXIgb3BlcmF0aW9uID0gZC5kYXRhLm9wZXJhdGlvbjsKKwkgICAgCQlpZiAoIChvcGVyYXRpb24gPT0idW5kZWZpbmVkIikgfHwgKGQuZGF0YS5vcGVyYXRpb249PW51bGwpKSByZXR1cm4gIiNjY2NjY2MiOworCSAgICAJICAJZWxzZSBpZiAob3BlcmF0aW9uPT0oImFkZCIpKSByZXR1cm4gIiMzZmFjNTQiOworCSAgICAJICAJZWxzZSBpZiAob3BlcmF0aW9uPT0oImRlbGV0ZSIpKSByZXR1cm4gIiNlNjMyM2QiOworICAqLworICBmdW5jdGlvbiBjbGlja2VkKGNsaWNrKXsKKwkgIGNvbnNvbGUubG9nKCJjbGlja2VkIik7CisJICBjb25zb2xlLmxvZyhkLmRhdGEuaWRfY29yZV9hc3NldCk7CisJICB3aW5kb3cubG9jYXRpb24uaHJlZigiaHR0dHBzOi8vbG9jYWxob3N0OjgwODAiKTsKKyAgfTsKKworLy8gUFY6RU5EQ09ORAorCisvLyBQVjpJRkNPTkQocHY6aGFzRmVhdHVyZSgnV2luZFNwZWVkJykpCisJdmFyIHBhcmVudCA9IGRvY3VtZW50LmdldEVsZW1lbnRCeUlkKCd3X21haW4nKTsKKwlzZXRTY2FsZShwYXJlbnQsIG1pbldpbmQsIG1heFdpbmQsIHdpbmRTY2FsZSwgMTQpOworCXZhciBjZWxsID0gc3ZnCisgICAgLnNlbGVjdEFsbCgiLm5vZGUiKQorICAgIC5kYXRhKHJvb3QuZGVzY2VuZGFudHMoKSkKKyAgICAuZW50ZXIoKS5hcHBlbmQoImciKQorICAgICAgIC5hdHRyKCJ0cmFuc2Zvcm0iLCBmdW5jdGlvbihkKSB7IHJldHVybiAidHJhbnNsYXRlKCIgKyBkLngwICsgIiwiICsgZC55MCArICIpIjsgfSkKKyAgICAgIC5hdHRyKCJjbGFzcyIsICJub2RlIikKKyAgICAgIC5lYWNoKGZ1bmN0aW9uKGQpIHsgZC5ub2RlID0gdGhpczsgfSkKKyAgICAgIC5vbigibW91c2VvdmVyIiwgaG92ZXJlZCh0cnVlKSkKKyAgICAgIC5vbigibW91c2VvdXQiLCBob3ZlcmVkKGZhbHNlKSkKKyAgICAub24oImNsaWNrIiwgZnVuY3Rpb24oZCl7CisgICAgCSAgICBpZihkLmRhdGEub3BlcmF0aW9uPT09InJldXNlZCIpIHdpbmRvdy5hbGVydCgiVGhpcyBhc3NldCBkb2VzIG5vdCBoYXZlIGFueSBEaWZmIGFzc29jaWF0ZWQhXG4gU2VsZWN0IGFub3RoZXIgYXNzZXQiKTsKKyAgICAJICAgIGVsc2V7CisgICAgCSAgICAJY29uc29sZS5sb2coImNsaWNrZWQgaWRfYXNzZXQiK2QuZGF0YS5wX2Fzc2V0X2lkKTsKKyAgICAJCSAgICAvKjwhW0NEQVRBWyovCisgICAgCQkgICAgd2luZG93LmxvY2F0aW9uLmhyZWYgPSAiaHR0cDovL2xvY2FsaG9zdDo4MDgwL2ZpbGVfdnBfc3RydWN0dXJlP3ByPSIgK2QuZGF0YS5wcisiJmZpbGU9IisgZC5kYXRhLnBfYXNzZXRfaWQ7CisgICAgCQkgICAgLypdXT4qLwkKKyAgICAJICAgIH0gIH0pOworLy8gUFY6RU5EQ09ORAorCisKK2Z1bmN0aW9uIHNldFNjYWxlKHBhcmVudCwgbWluLCBtYXgsIHVuaXQsIHBhcnRDb3VudCkgeworCXZhciBkaXN0ID0gKG1heCAtIG1pbikvKHBhcnRDb3VudC0xKTsKKworCWZvciAoaT0wOyBpPHBhcmVudC5jaGlsZE5vZGVzLmxlbmd0aDsgaSsrKSB7CisJCXZhciBlbGVtZW50ID0gcGFyZW50LmNoaWxkTm9kZXNbaV07CisJCWlmIChlbGVtZW50LmNsYXNzTmFtZSAhPSBudWxsICYmIGVsZW1lbnQuY2xhc3NOYW1lICE9ICcnICYmIGVsZW1lbnQuY2xhc3NOYW1lICE9IG51bGwpIHsKKwkJCWlmICgobnVtYmVyID0gZWxlbWVudC5jbGFzc05hbWUubWF0Y2goJ3RleHRfKFxcZCspJykpKSB7CisJCQkJc2V0RWxlbWVudFRleHQoZWxlbWVudCwgTWF0aC5yb3VuZChtaW4gKyBudW1iZXJbMV0qZGlzdCkpOworCQkJfQorCQkJaWYgKGVsZW1lbnQuY2xhc3NOYW1lID09ICd1bml0JykgeworCQkJCXNldEVsZW1lbnRUZXh0KGVsZW1lbnQsIHVuaXQpOworCQkJfQorCQl9CisJfQorfQorCitmdW5jdGlvbiBzZXRUaXRsZXMoKSB7CisJc2V0RWxlbWVudFRleHQoZG9jdW1lbnQuZ2V0RWxlbWVudEJ5SWQoJ21haW5fdGl0bGUnKSwgbWFpblRpdGxlKTsKKworLy8gUFY6SUZDT05EKHB2Omhhc0ZlYXR1cmUoJ0FpclByZXNzdXJlJykpCisJc2V0RWxlbWVudFRleHQoZG9jdW1lbnQuZ2V0RWxlbWVudEJ5SWQoJ3ByZXNfdGl0bGUnKSwgcHJlc1RpdGxlKTsKKwl2YXIgY2VsbCA9IHN2ZworICAgIC5zZWxlY3RBbGwoIi5ub2RlIikKKyAgICAuZGF0YShyb290LmRlc2NlbmRhbnRzKCkpCisgICAgLmVudGVyKCkuYXBwZW5kKCJnIikKKyAgICAgICAuYXR0cigidHJhbnNmb3JtIiwgZnVuY3Rpb24oZCkgeyByZXR1cm4gInRyYW5zbGF0ZSgiICsgZC54MCArICIsIiArIGQueTAgKyAiKSI7IH0pCisgICAgICAuYXR0cigiY2xhc3MiLCAibm9kZSIpCisgICAgICAuZWFjaChmdW5jdGlvbihkKSB7IGQubm9kZSA9IHRoaXM7IH0pCisgICAgICAub24oIm1vdXNlb3ZlciIsIGhvdmVyZWQodHJ1ZSkpCisgICAgICAub24oIm1vdXNlb3V0IiwgaG92ZXJlZChmYWxzZSkpCisgICAgLm9uKCJjbGljayIsIGZ1bmN0aW9uKGQpeworICAgIAkgICAgaWYoZC5kYXRhLm9wZXJhdGlvbj09PSJyZXVzZWQiKSB3aW5kb3cuYWxlcnQoIlRoaXMgYXNzZXQgZG9lcyBub3QgaGF2ZSBhbnkgRGlmZiBhc3NvY2lhdGVkIVxuIFNlbGVjdCBhbm90aGVyIGFzc2V0Iik7CisgICAgCSAgICBlbHNleworICAgIAkgICAgCWNvbnNvbGUubG9nKCJjbGlja2VkIGlkX2Fzc2V0IitkLmRhdGEucF9hc3NldF9pZCk7CisgICAgCQkgICAgLyo8IVtDREFUQVsqLworICAgIAkJICAgIHdpbmRvdy5sb2NhdGlvbi5ocmVmID0gImh0dHA6Ly9sb2NhbGhvc3Q6ODA4MC9maWxlX3ZwX3N0cnVjdHVyZT9wcj0iICtkLmRhdGEucHIrIiZmaWxlPSIrIGQuZGF0YS5wX2Fzc2V0X2lkOworICAgIAkJICAgIC8qXV0+Ki8JCisgICAgCSAgICB9ICB9KQorLy8gUFY6RU5EQ09ORAorCisvLyBQVjpJRkNPTkQocHY6aGFzRmVhdHVyZSgnVGVtcGVyYXR1cmUnKSkKKwlzZXRFbGVtZW50VGV4dChkb2N1bWVudC5nZXRFbGVtZW50QnlJZCgndGVtcF90aXRsZScpLCB0ZW1wVGl0bGUpOworCXZhciBsYWJlbCA9IGNlbGwuYXBwZW5kKCJ0ZXh0IikKKyAgICAuYXR0cigiY2xpcC1wYXRoIiwgZnVuY3Rpb24oZCkgeyByZXR1cm4gInVybCgjY2xpcC0iICsgZC5pZCArICIpIjsgfSk7CisKK2xhYmVsCisgIC5maWx0ZXIoZnVuY3Rpb24oZCkgeyByZXR1cm4gZC5jaGlsZHJlbjsgfSkKKyAgLnNlbGVjdEFsbCgidHNwYW4iKQorICAgIC5kYXRhKGZ1bmN0aW9uKGQpIHsgcmV0dXJuIGQuaWQuc3Vic3RyaW5nKGQuaWQubGFzdEluZGV4T2YoIi8iKSArIDEpLnNwbGl0KC8oPz1bQS1aXVteQS1aXSkvZykuY29uY2F0KCJceGEwIiArIGZvcm1hdChkLnZhbHVlKSk7IH0pCisgIC5lbnRlcigpLmFwcGVuZCgidHNwYW4iKQorICAgIC5hdHRyKCJ4IiwgZnVuY3Rpb24oZCwgaSkgeyByZXR1cm4gaSA/IG51bGwgOiA0OyB9KQorICAgIC5hdHRyKCJ5IiwgMTMpCisgICAgLnRleHQoZnVuY3Rpb24oZCkgeyByZXR1cm4gZDsgfSk7CisvLyBQVjpFTkRDT05ECisKKy8vIFBWOklGQ09ORChwdjpoYXNGZWF0dXJlKCdXaW5kU3BlZWQnKSkKKwlzZXRFbGVtZW50VGV4dChkb2N1bWVudC5nZXRFbGVtZW50QnlJZCgnd2luZF90aXRsZScpLCB3aW5kVGl0bGUpOworCXZhciBsYWJlbCA9IGNlbGwuYXBwZW5kKCJ0ZXh0IikKKyAgICAuYXR0cigiY2xpcC1wYXRoIiwgZnVuY3Rpb24oZCkgeyByZXR1cm4gInVybCgjY2xpcC0iICsgZC5pZCArICIpIjsgfSk7CisKK2xhYmVsCisgIC5maWx0ZXIoZnVuY3Rpb24oZCkgeyByZXR1cm4gZC5jaGlsZHJlbjsgfSkKKyAgLnNlbGVjdEFsbCgidHNwYW4iKQorICAgIC5kYXRhKGZ1bmN0aW9uKGQpIHsgcmV0dXJuIGQuaWQuc3Vic3RyaW5nKGQuaWQubGFzdEluZGV4T2YoIi8iKSArIDEpLnNwbGl0KC8oPz1bQS1aXVteQS1aXSkvZykuY29uY2F0KCJceGEwIiArIGZvcm1hdChkLnZhbHVlKSk7IH0pCisgIC5lbnRlcigpLmFwcGVuZCgidHNwYW4iKQorICAgIC5hdHRyKCJ4IiwgZnVuY3Rpb24oZCwgaSkgeyByZXR1cm4gaSA/IG51bGwgOiA0OyB9KQorICAgIC5hdHRyKCJ5IiwgMTMpCisgICAgLnRleHQoZnVuY3Rpb24oZCkgeyByZXR1cm4gZDsgfSk7CisvLyBQVjpFTkRDT05ECit9CisKK2Z1bmN0aW9uIHNldEVsZW1lbnRUZXh0KGVsZW1lbnQsIHRleHQpIHsKKwl2YXIgdGV4dE5vZGUgPSBkb2N1bWVudC5jcmVhdGVUZXh0Tm9kZSh0ZXh0KTsKKwlpZiAoZWxlbWVudC5oYXNDaGlsZE5vZGVzKCkpIGVsZW1lbnQucmVwbGFjZUNoaWxkKHRleHROb2RlLCBlbGVtZW50LmZpcnN0Q2hpbGQpOworCWVsc2UgZWxlbWVudC5hcHBlbmRDaGlsZCh0ZXh0Tm9kZSk7Cit9Cg==',110,32,2,'NEW_ASSET_WITH_NEW_VARIATIONPOINT_AND_NEW_FEATURES');
INSERT IGNORE INTO developer_group (id_developer_group) VALUES 
(33);
INSERT IGNORE INTO developer_bridge (id_developer_group,id_developer) VALUES 
(33,1);
INSERT IGNORE INTO developer_bridge (id_developer_group,id_developer) VALUES 
(33,1);
INSERT IGNORE INTO developer_bridge (id_developer_group,id_developer) VALUES 
(33,1);
INSERT IGNORE INTO developer_bridge (id_developer_group,id_developer) VALUES 
(33,1);
INSERT IGNORE INTO developer_bridge (id_developer_group,id_developer) VALUES 
(33,1);
INSERT IGNORE INTO developer_bridge (id_developer_group,id_developer) VALUES 
(33,1);
INSERT IGNORE INTO developer_bridge (id_developer_group,id_developer) VALUES 
(33,1);
INSERT IGNORE INTO developer_bridge (id_developer_group,id_developer) VALUES 
(33,1);
INSERT IGNORE INTO developer_bridge (id_developer_group,id_developer) VALUES 
(33,1);
INSERT IGNORE INTO developer_bridge (id_developer_group,id_developer) VALUES 
(33,1);
INSERT IGNORE INTO developer_bridge (id_developer_group,id_developer) VALUES 
(33,1);
INSERT IGNORE INTO developer_bridge (id_developer_group,id_developer) VALUES 
(33,1);
INSERT IGNORE INTO developer_bridge (id_developer_group,id_developer) VALUES 
(33,1);
INSERT IGNORE INTO developer_bridge (id_developer_group,id_developer) VALUES 
(33,1);
INSERT IGNORE INTO developer_bridge (id_developer_group,id_developer) VALUES 
(33,1);
INSERT IGNORE INTO developer_bridge (id_developer_group,id_developer) VALUES 
(33,1);
INSERT IGNORE INTO developer_bridge (id_developer_group,id_developer) VALUES 
(33,1);
INSERT IGNORE INTO developer_bridge (id_developer_group,id_developer) VALUES 
(33,1);
INSERT IGNORE INTO developer_bridge (id_developer_group,id_developer) VALUES 
(33,1);
INSERT IGNORE INTO developer_bridge (id_developer_group,id_developer) VALUES 
(33,1);
INSERT IGNORE INTO developer_bridge (id_developer_group,id_developer) VALUES 
(33,1);
INSERT IGNORE INTO developer_bridge (id_developer_group,id_developer) VALUES 
(33,1);
INSERT IGNORE INTO developer_bridge (id_developer_group,id_developer) VALUES 
(33,1);
INSERT IGNORE INTO developer_bridge (id_developer_group,id_developer) VALUES 
(33,1);
INSERT IGNORE INTO developer_bridge (id_developer_group,id_developer) VALUES 
(33,1);
INSERT IGNORE INTO developer_bridge (id_developer_group,id_developer) VALUES 
(33,1);
INSERT IGNORE INTO developer_bridge (id_developer_group,id_developer) VALUES 
(33,1);
INSERT IGNORE INTO developer_bridge (id_developer_group,id_developer) VALUES 
(33,1);
INSERT IGNORE INTO developer_bridge (id_developer_group,id_developer) VALUES 
(33,1);
INSERT IGNORE INTO developer_bridge (id_developer_group,id_developer) VALUES 
(33,1);
INSERT IGNORE INTO developer_bridge (id_developer_group,id_developer) VALUES 
(33,1);
INSERT IGNORE INTO developer_bridge (id_developer_group,id_developer) VALUES 
(33,1);
INSERT IGNORE INTO developer_bridge (id_developer_group,id_developer) VALUES 
(33,1);
INSERT IGNORE INTO developer_bridge (id_developer_group,id_developer) VALUES 
(33,1);
INSERT IGNORE INTO developer_bridge (id_developer_group,id_developer) VALUES 
(33,1);
INSERT IGNORE INTO developer_bridge (id_developer_group,id_developer) VALUES 
(33,1);
INSERT IGNORE INTO developer_bridge (id_developer_group,id_developer) VALUES 
(33,1);
INSERT IGNORE INTO developer_bridge (id_developer_group,id_developer) VALUES 
(33,1);
INSERT IGNORE INTO developer_bridge (id_developer_group,id_developer) VALUES 
(33,1);
INSERT IGNORE INTO customization_fact (idcustomization, lines_added,lines_deleted,custom_diff,commit_set,message_set,greater_diff,idvariationpoint,id_developer_group, idproductrelease, type) VALUES
(33,39,0,'ZGlmZiAtLWdpdCBhL2lucHV0L21vZHVsZS9pbml0IGIvaW5wdXQvbW9kdWxlL2luaXQKbmV3IGZpbGUgbW9kZSAxMDA2NDQKaW5kZXggMDAwMDAwMC4uYzI3OWVhYQotLS0gL2Rldi9udWxsCkBAIC0yLDIgKzQ3LDM5IEBAIEV4cHJlc3Npb246ICAocHY6aGFzRmVhdHVyZSgnVGVtcGVyYXR1cmUnKSlDaGFuZ2UgVHlwZTogTkVXX0FTU0VUX1dJVEhfTkVXX1ZBUklBVElPTlBPSU5UX0FORF9ORVdfRkVBVFVSRVMKKy8vIFBWOklGQ09ORChwdjpoYXNGZWF0dXJlKCdUZW1wZXJhdHVyZScpKS8vQXV0aG9yZWQgYnk6IGxldGltb21lIGluIGNvbW1pdDpiZWZjN2Y1ZWRjNDkzOTAwY2UxNjFhZWQ4MjZhZWU0ZTQ2Njc3OTYzLCB3aXRoIG1lc3NhZ2U6YWRkZWQgbmV3IGpzIG1vZHVsZQorCXZhciBwYXJlbnQgPSBkb2N1bWVudC5nZXRFbGVtZW50QnlJZCgndF9zY2FsZScpOy8vQXV0aG9yZWQgYnk6IGxldGltb21lIGluIGNvbW1pdDpiZWZjN2Y1ZWRjNDkzOTAwY2UxNjFhZWQ4MjZhZWU0ZTQ2Njc3OTYzLCB3aXRoIG1lc3NhZ2U6YWRkZWQgbmV3IGpzIG1vZHVsZQorCXNldFNjYWxlKHBhcmVudCwgbWluVGVtcCwgbWF4VGVtcCwgdGVtcFNjYWxlLCA2KSwvL0F1dGhvcmVkIGJ5OiBsZXRpbW9tZSBpbiBjb21taXQ6YmVmYzdmNWVkYzQ5MzkwMGNlMTYxYWVkODI2YWVlNGU0NjY3Nzk2Mywgd2l0aCBtZXNzYWdlOmFkZGVkIG5ldyBqcyBtb2R1bGUKKwlmdW5jdGlvbihkKSB7Ly9BdXRob3JlZCBieTogbGV0aW1vbWUgaW4gY29tbWl0OmJlZmM3ZjVlZGM0OTM5MDBjZTE2MWFlZDgyNmFlZTRlNDY2Nzc5NjMsIHdpdGggbWVzc2FnZTphZGRlZCBuZXcganMgbW9kdWxlCisJICAgIGQzLnNlbGVjdEFsbChkLmFuY2VzdG9ycygpLm1hcChmdW5jdGlvbihkKSB7IHJldHVybiBkLm5vZGU7IH0pKS8vQXV0aG9yZWQgYnk6IGxldGltb21lIGluIGNvbW1pdDpiZWZjN2Y1ZWRjNDkzOTAwY2UxNjFhZWQ4MjZhZWU0ZTQ2Njc3OTYzLCB3aXRoIG1lc3NhZ2U6YWRkZWQgbmV3IGpzIG1vZHVsZQorCSAgICAgICAgLmNsYXNzZWQoIm5vZGUtLWhvdmVyIiwgaG92ZXIpLy9BdXRob3JlZCBieTogbGV0aW1vbWUgaW4gY29tbWl0OmJlZmM3ZjVlZGM0OTM5MDBjZTE2MWFlZDgyNmFlZTRlNDY2Nzc5NjMsIHdpdGggbWVzc2FnZTphZGRlZCBuZXcganMgbW9kdWxlCisJICAgICAgLglzZWxlY3QoInJlY3QiKS8vQXV0aG9yZWQgYnk6IGxldGltb21lIGluIGNvbW1pdDpiZWZjN2Y1ZWRjNDkzOTAwY2UxNjFhZWQ4MjZhZWU0ZTQ2Njc3OTYzLCB3aXRoIG1lc3NhZ2U6YWRkZWQgbmV3IGpzIG1vZHVsZQorCSAgICAgIC5zdHlsZSgiYm9kZXItY29sb3IiLCJibGFjayIpLy9BdXRob3JlZCBieTogbGV0aW1vbWUgaW4gY29tbWl0OmJlZmM3ZjVlZGM0OTM5MDBjZTE2MWFlZDgyNmFlZTRlNDY2Nzc5NjMsIHdpdGggbWVzc2FnZTphZGRlZCBuZXcganMgbW9kdWxlCisJICAgICAgIC5zdHlsZSgic3Ryb2tlIiwiYmxhY2siKS8vQXV0aG9yZWQgYnk6IGxldGltb21lIGluIGNvbW1pdDpiZWZjN2Y1ZWRjNDkzOTAwY2UxNjFhZWQ4MjZhZWU0ZTQ2Njc3OTYzLCB3aXRoIG1lc3NhZ2U6YWRkZWQgbmV3IGpzIG1vZHVsZQorCSAgICAgICAgLmF0dHIoIndpZHRoIiwgZnVuY3Rpb24oZCkgeyByZXR1cm4gZC54MSAtIGQueDAgLSBob3ZlcjsgfSkvL0F1dGhvcmVkIGJ5OiBsZXRpbW9tZSBpbiBjb21taXQ6YmVmYzdmNWVkYzQ5MzkwMGNlMTYxYWVkODI2YWVlNGU0NjY3Nzk2Mywgd2l0aCBtZXNzYWdlOmFkZGVkIG5ldyBqcyBtb2R1bGUKKwkgICAgICAgIC5hdHRyKCJoZWlnaHQiLCBmdW5jdGlvbihkKSB7IHJldHVybiBkLnkxIC0gZC55MCAtIGhvdmVyOyB9KTsvL0F1dGhvcmVkIGJ5OiBsZXRpbW9tZSBpbiBjb21taXQ6YmVmYzdmNWVkYzQ5MzkwMGNlMTYxYWVkODI2YWVlNGU0NjY3Nzk2Mywgd2l0aCBtZXNzYWdlOmFkZGVkIG5ldyBqcyBtb2R1bGUKKwkgICAgLy9BdXRob3JlZCBieTogbGV0aW1vbWUgaW4gY29tbWl0OmJlZmM3ZjVlZGM0OTM5MDBjZTE2MWFlZDgyNmFlZTRlNDY2Nzc5NjMsIHdpdGggbWVzc2FnZTphZGRlZCBuZXcganMgbW9kdWxlCisJICAgIGlmKGhvdmVyPT1mYWxzZSkvL0F1dGhvcmVkIGJ5OiBsZXRpbW9tZSBpbiBjb21taXQ6YmVmYzdmNWVkYzQ5MzkwMGNlMTYxYWVkODI2YWVlNGU0NjY3Nzk2Mywgd2l0aCBtZXNzYWdlOmFkZGVkIG5ldyBqcyBtb2R1bGUKKwkgICAgCWQzLnNlbGVjdEFsbChkLmFuY2VzdG9ycygpLm1hcChmdW5jdGlvbihkKSB7IHJldHVybiBkLm5vZGU7IH0pKS8vQXV0aG9yZWQgYnk6IGxldGltb21lIGluIGNvbW1pdDpiZWZjN2Y1ZWRjNDkzOTAwY2UxNjFhZWQ4MjZhZWU0ZTQ2Njc3OTYzLCB3aXRoIG1lc3NhZ2U6YWRkZWQgbmV3IGpzIG1vZHVsZQorCSAgICAJICAgICAgLmNsYXNzZWQoIm5vZGUtLWhvdmVyIiwgaG92ZXIpLnNlbGVjdCgicmVjdCIpLi8vQXV0aG9yZWQgYnk6IGxldGltb21lIGluIGNvbW1pdDpiZWZjN2Y1ZWRjNDkzOTAwY2UxNjFhZWQ4MjZhZWU0ZTQ2Njc3OTYzLCB3aXRoIG1lc3NhZ2U6YWRkZWQgbmV3IGpzIG1vZHVsZQorCSAgICAJICAgICAgc3R5bGUoImZpbGwiLCBmdW5jdGlvbihkKSB7IC8vQXV0aG9yZWQgYnk6IGxldGltb21lIGluIGNvbW1pdDpiZWZjN2Y1ZWRjNDkzOTAwY2UxNjFhZWQ4MjZhZWU0ZTQ2Njc3OTYzLCB3aXRoIG1lc3NhZ2U6YWRkZWQgbmV3IGpzIG1vZHVsZQorCSAgICAJICAgIAkgIAl2YXIgb3BlcmF0aW9uID0gZC5kYXRhLm9wZXJhdGlvbjsvL0F1dGhvcmVkIGJ5OiBsZXRpbW9tZSBpbiBjb21taXQ6YmVmYzdmNWVkYzQ5MzkwMGNlMTYxYWVkODI2YWVlNGU0NjY3Nzk2Mywgd2l0aCBtZXNzYWdlOmFkZGVkIG5ldyBqcyBtb2R1bGUKKwkgIAkgICAgCQlpZiAoIChvcGVyYXRpb24gPT0idW5kZWZpbmVkIikgfHwgKGQuZGF0YS5vcGVyYXRpb249PW51bGwpKSByZXR1cm4gIiNjY2NjY2MiOy8vQXV0aG9yZWQgYnk6IGxldGltb21lIGluIGNvbW1pdDpiZWZjN2Y1ZWRjNDkzOTAwY2UxNjFhZWQ4MjZhZWU0ZTQ2Njc3OTYzLCB3aXRoIG1lc3NhZ2U6YWRkZWQgbmV3IGpzIG1vZHVsZQorCSAgCSAgICAJICAJZWxzZSBpZiAob3BlcmF0aW9uPT0oImFkZCIpKSByZXR1cm4gIiMzZmFjNTQiOy8vQXV0aG9yZWQgYnk6IGxldGltb21lIGluIGNvbW1pdDpiZWZjN2Y1ZWRjNDkzOTAwY2UxNjFhZWQ4MjZhZWU0ZTQ2Njc3OTYzLCB3aXRoIG1lc3NhZ2U6YWRkZWQgbmV3IGpzIG1vZHVsZQorCSAgCSAgICAJICAJZWxzZSBpZiAob3BlcmF0aW9uPT0oImRlbGV0ZSIpKSByZXR1cm4gIiNlNjMyM2QiOy8vQXV0aG9yZWQgYnk6IGxldGltb21lIGluIGNvbW1pdDpiZWZjN2Y1ZWRjNDkzOTAwY2UxNjFhZWQ4MjZhZWU0ZTQ2Njc3OTYzLCB3aXRoIG1lc3NhZ2U6YWRkZWQgbmV3IGpzIG1vZHVsZQorCSAgCSAgICAJICAJZWxzZSBpZiAob3BlcmF0aW9uPT0iY2h1cm4iKSByZXR1cm4gIiNGRjgxMDAiOy8vQXV0aG9yZWQgYnk6IGxldGltb21lIGluIGNvbW1pdDpiZWZjN2Y1ZWRjNDkzOTAwY2UxNjFhZWQ4MjZhZWU0ZTQ2Njc3OTYzLCB3aXRoIG1lc3NhZ2U6YWRkZWQgbmV3IGpzIG1vZHVsZQorCSAgICAJICAgIAkgIH0pOy8vQXV0aG9yZWQgYnk6IGxldGltb21lIGluIGNvbW1pdDpiZWZjN2Y1ZWRjNDkzOTAwY2UxNjFhZWQ4MjZhZWU0ZTQ2Njc3OTYzLCB3aXRoIG1lc3NhZ2U6YWRkZWQgbmV3IGpzIG1vZHVsZQorCSAgICBlbHNlIGQzLnNlbGVjdChkLm5vZGUpLmNsYXNzZWQoIm5vZGUtLWhvdmVyIiwgaG92ZXIpLi8vQXV0aG9yZWQgYnk6IGxldGltb21lIGluIGNvbW1pdDpiZWZjN2Y1ZWRjNDkzOTAwY2UxNjFhZWQ4MjZhZWU0ZTQ2Njc3OTYzLCB3aXRoIG1lc3NhZ2U6YWRkZWQgbmV3IGpzIG1vZHVsZQorCSAgICBzZWxlY3QoInJlY3QiKS5zdHlsZSgiZmlsbCIsIiM2NDk1ZWQiKTsvL0F1dGhvcmVkIGJ5OiBsZXRpbW9tZSBpbiBjb21taXQ6YmVmYzdmNWVkYzQ5MzkwMGNlMTYxYWVkODI2YWVlNGU0NjY3Nzk2Mywgd2l0aCBtZXNzYWdlOmFkZGVkIG5ldyBqcyBtb2R1bGUKKwkgIH07Ly9BdXRob3JlZCBieTogbGV0aW1vbWUgaW4gY29tbWl0OmJlZmM3ZjVlZGM0OTM5MDBjZTE2MWFlZDgyNmFlZTRlNDY2Nzc5NjMsIHdpdGggbWVzc2FnZTphZGRlZCBuZXcganMgbW9kdWxlCisgIC8qKi8vQXV0aG9yZWQgYnk6IGxldGltb21lIGluIGNvbW1pdDpiZWZjN2Y1ZWRjNDkzOTAwY2UxNjFhZWQ4MjZhZWU0ZTQ2Njc3OTYzLCB3aXRoIG1lc3NhZ2U6YWRkZWQgbmV3IGpzIG1vZHVsZQorICB2YXIgb3BlcmF0aW9uID0gZC5kYXRhLm9wZXJhdGlvbjsvL0F1dGhvcmVkIGJ5OiBsZXRpbW9tZSBpbiBjb21taXQ6YmVmYzdmNWVkYzQ5MzkwMGNlMTYxYWVkODI2YWVlNGU0NjY3Nzk2Mywgd2l0aCBtZXNzYWdlOmFkZGVkIG5ldyBqcyBtb2R1bGUKKwkgICAgCQlpZiAoIChvcGVyYXRpb24gPT0idW5kZWZpbmVkIikgfHwgKGQuZGF0YS5vcGVyYXRpb249PW51bGwpKSByZXR1cm4gIiNjY2NjY2MiOy8vQXV0aG9yZWQgYnk6IGxldGltb21lIGluIGNvbW1pdDpiZWZjN2Y1ZWRjNDkzOTAwY2UxNjFhZWQ4MjZhZWU0ZTQ2Njc3OTYzLCB3aXRoIG1lc3NhZ2U6YWRkZWQgbmV3IGpzIG1vZHVsZQorCSAgICAJICAJZWxzZSBpZiAob3BlcmF0aW9uPT0oImFkZCIpKSByZXR1cm4gIiMzZmFjNTQiOy8vQXV0aG9yZWQgYnk6IGxldGltb21lIGluIGNvbW1pdDpiZWZjN2Y1ZWRjNDkzOTAwY2UxNjFhZWQ4MjZhZWU0ZTQ2Njc3OTYzLCB3aXRoIG1lc3NhZ2U6YWRkZWQgbmV3IGpzIG1vZHVsZQorCSAgICAJICAJZWxzZSBpZiAob3BlcmF0aW9uPT0oImRlbGV0ZSIpKSByZXR1cm4gIiNlNjMyM2QiOy8vQXV0aG9yZWQgYnk6IGxldGltb21lIGluIGNvbW1pdDpiZWZjN2Y1ZWRjNDkzOTAwY2UxNjFhZWQ4MjZhZWU0ZTQ2Njc3OTYzLCB3aXRoIG1lc3NhZ2U6YWRkZWQgbmV3IGpzIG1vZHVsZQorICAqLy8vQXV0aG9yZWQgYnk6IGxldGltb21lIGluIGNvbW1pdDpiZWZjN2Y1ZWRjNDkzOTAwY2UxNjFhZWQ4MjZhZWU0ZTQ2Njc3OTYzLCB3aXRoIG1lc3NhZ2U6YWRkZWQgbmV3IGpzIG1vZHVsZQorICBmdW5jdGlvbiBjbGlja2VkKGNsaWNrKXsvL0F1dGhvcmVkIGJ5OiBsZXRpbW9tZSBpbiBjb21taXQ6YmVmYzdmNWVkYzQ5MzkwMGNlMTYxYWVkODI2YWVlNGU0NjY3Nzk2Mywgd2l0aCBtZXNzYWdlOmFkZGVkIG5ldyBqcyBtb2R1bGUKKwkgIGNvbnNvbGUubG9nKCJjbGlja2VkIik7Ly9BdXRob3JlZCBieTogbGV0aW1vbWUgaW4gY29tbWl0OmJlZmM3ZjVlZGM0OTM5MDBjZTE2MWFlZDgyNmFlZTRlNDY2Nzc5NjMsIHdpdGggbWVzc2FnZTphZGRlZCBuZXcganMgbW9kdWxlCisJICBjb25zb2xlLmxvZyhkLmRhdGEuaWRfY29yZV9hc3NldCk7Ly9BdXRob3JlZCBieTogbGV0aW1vbWUgaW4gY29tbWl0OmJlZmM3ZjVlZGM0OTM5MDBjZTE2MWFlZDgyNmFlZTRlNDY2Nzc5NjMsIHdpdGggbWVzc2FnZTphZGRlZCBuZXcganMgbW9kdWxlCisJICB3aW5kb3cubG9jYXRpb24uaHJlZigiaHR0dHBzOi8vbG9jYWxob3N0OjgwODAiKTsvL0F1dGhvcmVkIGJ5OiBsZXRpbW9tZSBpbiBjb21taXQ6YmVmYzdmNWVkYzQ5MzkwMGNlMTYxYWVkODI2YWVlNGU0NjY3Nzk2Mywgd2l0aCBtZXNzYWdlOmFkZGVkIG5ldyBqcyBtb2R1bGUKKyAgfTsvL0F1dGhvcmVkIGJ5OiBsZXRpbW9tZSBpbiBjb21taXQ6YmVmYzdmNWVkYzQ5MzkwMGNlMTYxYWVkODI2YWVlNGU0NjY3Nzk2Mywgd2l0aCBtZXNzYWdlOmFkZGVkIG5ldyBqcyBtb2R1bGUKKy8vQXV0aG9yZWQgYnk6IGxldGltb21lIGluIGNvbW1pdDpiZWZjN2Y1ZWRjNDkzOTAwY2UxNjFhZWQ4MjZhZWU0ZTQ2Njc3OTYzLCB3aXRoIG1lc3NhZ2U6YWRkZWQgbmV3IGpzIG1vZHVsZQorLy8gUFY6RU5EQ09ORC8vQXV0aG9yZWQgYnk6IGxldGltb21lIGluIGNvbW1pdDpiZWZjN2Y1ZWRjNDkzOTAwY2UxNjFhZWQ4MjZhZWU0ZTQ2Njc3OTYzLCB3aXRoIG1lc3NhZ2U6YWRkZWQgbmV3IGpzIG1vZHVsZQorLy9BdXRob3JlZCBieTogbGV0aW1vbWUgaW4gY29tbWl0OmJlZmM3ZjVlZGM0OTM5MDBjZTE2MWFlZDgyNmFlZTRlNDY2Nzc5NjMsIHdpdGggbWVzc2FnZTphZGRlZCBuZXcganMgbW9kdWxlCg==','befc7f5edc493900ce161aed826aee4e46677963; befc7f5edc493900ce161aed826aee4e46677963; befc7f5edc493900ce161aed826aee4e46677963; befc7f5edc493900ce161aed826aee4e46677963; befc7f5edc493900ce161aed826aee4e46677963; befc7f5edc493900ce161aed826aee4e46677963; befc7f5edc493900ce161aed826aee4e46677963; befc7f5edc493900ce161aed826aee4e46677963; befc7f5edc493900ce161aed826aee4e46677963; befc7f5edc493900ce161aed826aee4e46677963; befc7f5edc493900ce161aed826aee4e46677963; befc7f5edc493900ce161aed826aee4e46677963; befc7f5edc493900ce161aed826aee4e46677963; befc7f5edc493900ce161aed826aee4e46677963; befc7f5edc493900ce161aed826aee4e46677963; befc7f5edc493900ce161aed826aee4e46677963; befc7f5edc493900ce161aed826aee4e46677963; befc7f5edc493900ce161aed826aee4e46677963; befc7f5edc493900ce161aed826aee4e46677963; befc7f5edc493900ce161aed826aee4e46677963; befc7f5edc493900ce161aed826aee4e46677963; befc7f5edc493900ce161aed826aee4e46677963; befc7f5edc493900ce161aed826aee4e46677963; befc7f5edc493900ce161aed826aee4e46677963; befc7f5edc493900ce161aed826aee4e46677963; befc7f5edc493900ce161aed826aee4e46677963; befc7f5edc493900ce161aed826aee4e46677963; befc7f5edc493900ce161aed826aee4e46677963; befc7f5edc493900ce161aed826aee4e46677963; befc7f5edc493900ce161aed826aee4e46677963; befc7f5edc493900ce161aed826aee4e46677963; befc7f5edc493900ce161aed826aee4e46677963; befc7f5edc493900ce161aed826aee4e46677963; befc7f5edc493900ce161aed826aee4e46677963; befc7f5edc493900ce161aed826aee4e46677963; befc7f5edc493900ce161aed826aee4e46677963; befc7f5edc493900ce161aed826aee4e46677963; befc7f5edc493900ce161aed826aee4e46677963; befc7f5edc493900ce161aed826aee4e46677963; ','added new js module; ','ZGlmZiAtLWdpdCBhL2lucHV0L21vZHVsZS9pbml0IGIvaW5wdXQvbW9kdWxlL2luaXQKbmV3IGZpbGUgbW9kZSAxMDA2NDQKaW5kZXggMDAwMDAwMC4uYzI3OWVhYQotLS0gL2Rldi9udWxsCisrKyBiL2lucHV0L21vZHVsZS9pbml0CkBAIC0wLDAgKzEsMTg0IEBACisKK2Z1bmN0aW9uIGluaXRMYXlvdXQoKSB7CisJaW5pdGlhdGVTY2FsZXMoKTsKKwlzZXRUaXRsZXMoKTsKK30KKworZnVuY3Rpb24gaW5pdGlhdGVTY2FsZXMoKSB7CisvLyBQVjpJRkNPTkQocHY6aGFzRmVhdHVyZSgnQWlyUHJlc3N1cmUnKSkKKwl2YXIgcGFyZW50ID0gZG9jdW1lbnQuZ2V0RWxlbWVudEJ5SWQoJ3BfbWFpbicpOworCXNldFNjYWxlKHBhcmVudCwgbWluUHJlcywgbWF4UHJlcywgcHJlc1NjYWxlLCAxNCksCisJZnVuY3Rpb24oZCkgeworCSAgICBkMy5zZWxlY3RBbGwoZC5hbmNlc3RvcnMoKS5tYXAoZnVuY3Rpb24oZCkgeyByZXR1cm4gZC5ub2RlOyB9KSkKKwkgICAgICAgIC5jbGFzc2VkKCJub2RlLS1ob3ZlciIsIGhvdmVyKQorCSAgICAgIC4Jc2VsZWN0KCJyZWN0IikKKwkgICAgICAuc3R5bGUoImJvZGVyLWNvbG9yIiwiYmxhY2siKQorCSAgICAgICAuc3R5bGUoInN0cm9rZSIsImJsYWNrIikKKwkgICAgICAgIC5hdHRyKCJ3aWR0aCIsIGZ1bmN0aW9uKGQpIHsgcmV0dXJuIGQueDEgLSBkLngwIC0gaG92ZXI7IH0pCisJICAgICAgICAuYXR0cigiaGVpZ2h0IiwgZnVuY3Rpb24oZCkgeyByZXR1cm4gZC55MSAtIGQueTAgLSBob3ZlcjsgfSk7CisJICAgIAorCSAgICBpZihob3Zlcj09ZmFsc2UpCisJICAgIAlkMy5zZWxlY3RBbGwoZC5hbmNlc3RvcnMoKS5tYXAoZnVuY3Rpb24oZCkgeyByZXR1cm4gZC5ub2RlOyB9KSkKKwkgICAgCSAgICAgIC5jbGFzc2VkKCJub2RlLS1ob3ZlciIsIGhvdmVyKS5zZWxlY3QoInJlY3QiKS4KKwkgICAgCSAgICAgIHN0eWxlKCJmaWxsIiwgZnVuY3Rpb24oZCkgeyAKKwkgICAgCSAgICAJICAJdmFyIG9wZXJhdGlvbiA9IGQuZGF0YS5vcGVyYXRpb247CisJICAJICAgIAkJaWYgKCAob3BlcmF0aW9uID09InVuZGVmaW5lZCIpIHx8IChkLmRhdGEub3BlcmF0aW9uPT1udWxsKSkgcmV0dXJuICIjY2NjY2NjIjsKKwkgIAkgICAgCSAgCWVsc2UgaWYgKG9wZXJhdGlvbj09KCJhZGQiKSkgcmV0dXJuICIjM2ZhYzU0IjsKKwkgIAkgICAgCSAgCWVsc2UgaWYgKG9wZXJhdGlvbj09KCJkZWxldGUiKSkgcmV0dXJuICIjZTYzMjNkIjsKKwkgIAkgICAgCSAgCWVsc2UgaWYgKG9wZXJhdGlvbj09ImNodXJuIikgcmV0dXJuICIjRkY4MTAwIjsKKwkgICAgCSAgICAJICB9KTsKKwkgICAgZWxzZSBkMy5zZWxlY3QoZC5ub2RlKS5jbGFzc2VkKCJub2RlLS1ob3ZlciIsIGhvdmVyKS4KKwkgICAgc2VsZWN0KCJyZWN0Iikuc3R5bGUoImZpbGwiLCIjNjQ5NWVkIik7CisJICB9OworICAvKioKKyAgdmFyIG9wZXJhdGlvbiA9IGQuZGF0YS5vcGVyYXRpb247CisJICAgIAkJaWYgKCAob3BlcmF0aW9uID09InVuZGVmaW5lZCIpIHx8IChkLmRhdGEub3BlcmF0aW9uPT1udWxsKSkgcmV0dXJuICIjY2NjY2NjIjsKKwkgICAgCSAgCWVsc2UgaWYgKG9wZXJhdGlvbj09KCJhZGQiKSkgcmV0dXJuICIjM2ZhYzU0IjsKKwkgICAgCSAgCWVsc2UgaWYgKG9wZXJhdGlvbj09KCJkZWxldGUiKSkgcmV0dXJuICIjZTYzMjNkIjsKKyAgKi8KKyAgZnVuY3Rpb24gY2xpY2tlZChjbGljayl7CisJICBjb25zb2xlLmxvZygiY2xpY2tlZCIpOworCSAgY29uc29sZS5sb2coZC5kYXRhLmlkX2NvcmVfYXNzZXQpOworCSAgd2luZG93LmxvY2F0aW9uLmhyZWYoImh0dHRwczovL2xvY2FsaG9zdDo4MDgwIik7CisgIH07Cit9CisvLyBQVjpFTkRDT05ECisKKy8vIFBWOklGQ09ORChwdjpoYXNGZWF0dXJlKCdUZW1wZXJhdHVyZScpKQorCXZhciBwYXJlbnQgPSBkb2N1bWVudC5nZXRFbGVtZW50QnlJZCgndF9zY2FsZScpOworCXNldFNjYWxlKHBhcmVudCwgbWluVGVtcCwgbWF4VGVtcCwgdGVtcFNjYWxlLCA2KSwKKwlmdW5jdGlvbihkKSB7CisJICAgIGQzLnNlbGVjdEFsbChkLmFuY2VzdG9ycygpLm1hcChmdW5jdGlvbihkKSB7IHJldHVybiBkLm5vZGU7IH0pKQorCSAgICAgICAgLmNsYXNzZWQoIm5vZGUtLWhvdmVyIiwgaG92ZXIpCisJICAgICAgLglzZWxlY3QoInJlY3QiKQorCSAgICAgIC5zdHlsZSgiYm9kZXItY29sb3IiLCJibGFjayIpCisJICAgICAgIC5zdHlsZSgic3Ryb2tlIiwiYmxhY2siKQorCSAgICAgICAgLmF0dHIoIndpZHRoIiwgZnVuY3Rpb24oZCkgeyByZXR1cm4gZC54MSAtIGQueDAgLSBob3ZlcjsgfSkKKwkgICAgICAgIC5hdHRyKCJoZWlnaHQiLCBmdW5jdGlvbihkKSB7IHJldHVybiBkLnkxIC0gZC55MCAtIGhvdmVyOyB9KTsKKwkgICAgCisJICAgIGlmKGhvdmVyPT1mYWxzZSkKKwkgICAgCWQzLnNlbGVjdEFsbChkLmFuY2VzdG9ycygpLm1hcChmdW5jdGlvbihkKSB7IHJldHVybiBkLm5vZGU7IH0pKQorCSAgICAJICAgICAgLmNsYXNzZWQoIm5vZGUtLWhvdmVyIiwgaG92ZXIpLnNlbGVjdCgicmVjdCIpLgorCSAgICAJICAgICAgc3R5bGUoImZpbGwiLCBmdW5jdGlvbihkKSB7IAorCSAgICAJICAgIAkgIAl2YXIgb3BlcmF0aW9uID0gZC5kYXRhLm9wZXJhdGlvbjsKKwkgIAkgICAgCQlpZiAoIChvcGVyYXRpb24gPT0idW5kZWZpbmVkIikgfHwgKGQuZGF0YS5vcGVyYXRpb249PW51bGwpKSByZXR1cm4gIiNjY2NjY2MiOworCSAgCSAgICAJICAJZWxzZSBpZiAob3BlcmF0aW9uPT0oImFkZCIpKSByZXR1cm4gIiMzZmFjNTQiOworCSAgCSAgICAJICAJZWxzZSBpZiAob3BlcmF0aW9uPT0oImRlbGV0ZSIpKSByZXR1cm4gIiNlNjMyM2QiOworCSAgCSAgICAJICAJZWxzZSBpZiAob3BlcmF0aW9uPT0iY2h1cm4iKSByZXR1cm4gIiNGRjgxMDAiOworCSAgICAJICAgIAkgIH0pOworCSAgICBlbHNlIGQzLnNlbGVjdChkLm5vZGUpLmNsYXNzZWQoIm5vZGUtLWhvdmVyIiwgaG92ZXIpLgorCSAgICBzZWxlY3QoInJlY3QiKS5zdHlsZSgiZmlsbCIsIiM2NDk1ZWQiKTsKKwkgIH07CisgIC8qKgorICB2YXIgb3BlcmF0aW9uID0gZC5kYXRhLm9wZXJhdGlvbjsKKwkgICAgCQlpZiAoIChvcGVyYXRpb24gPT0idW5kZWZpbmVkIikgfHwgKGQuZGF0YS5vcGVyYXRpb249PW51bGwpKSByZXR1cm4gIiNjY2NjY2MiOworCSAgICAJICAJZWxzZSBpZiAob3BlcmF0aW9uPT0oImFkZCIpKSByZXR1cm4gIiMzZmFjNTQiOworCSAgICAJICAJZWxzZSBpZiAob3BlcmF0aW9uPT0oImRlbGV0ZSIpKSByZXR1cm4gIiNlNjMyM2QiOworICAqLworICBmdW5jdGlvbiBjbGlja2VkKGNsaWNrKXsKKwkgIGNvbnNvbGUubG9nKCJjbGlja2VkIik7CisJICBjb25zb2xlLmxvZyhkLmRhdGEuaWRfY29yZV9hc3NldCk7CisJICB3aW5kb3cubG9jYXRpb24uaHJlZigiaHR0dHBzOi8vbG9jYWxob3N0OjgwODAiKTsKKyAgfTsKKworLy8gUFY6RU5EQ09ORAorCisvLyBQVjpJRkNPTkQocHY6aGFzRmVhdHVyZSgnV2luZFNwZWVkJykpCisJdmFyIHBhcmVudCA9IGRvY3VtZW50LmdldEVsZW1lbnRCeUlkKCd3X21haW4nKTsKKwlzZXRTY2FsZShwYXJlbnQsIG1pbldpbmQsIG1heFdpbmQsIHdpbmRTY2FsZSwgMTQpOworCXZhciBjZWxsID0gc3ZnCisgICAgLnNlbGVjdEFsbCgiLm5vZGUiKQorICAgIC5kYXRhKHJvb3QuZGVzY2VuZGFudHMoKSkKKyAgICAuZW50ZXIoKS5hcHBlbmQoImciKQorICAgICAgIC5hdHRyKCJ0cmFuc2Zvcm0iLCBmdW5jdGlvbihkKSB7IHJldHVybiAidHJhbnNsYXRlKCIgKyBkLngwICsgIiwiICsgZC55MCArICIpIjsgfSkKKyAgICAgIC5hdHRyKCJjbGFzcyIsICJub2RlIikKKyAgICAgIC5lYWNoKGZ1bmN0aW9uKGQpIHsgZC5ub2RlID0gdGhpczsgfSkKKyAgICAgIC5vbigibW91c2VvdmVyIiwgaG92ZXJlZCh0cnVlKSkKKyAgICAgIC5vbigibW91c2VvdXQiLCBob3ZlcmVkKGZhbHNlKSkKKyAgICAub24oImNsaWNrIiwgZnVuY3Rpb24oZCl7CisgICAgCSAgICBpZihkLmRhdGEub3BlcmF0aW9uPT09InJldXNlZCIpIHdpbmRvdy5hbGVydCgiVGhpcyBhc3NldCBkb2VzIG5vdCBoYXZlIGFueSBEaWZmIGFzc29jaWF0ZWQhXG4gU2VsZWN0IGFub3RoZXIgYXNzZXQiKTsKKyAgICAJICAgIGVsc2V7CisgICAgCSAgICAJY29uc29sZS5sb2coImNsaWNrZWQgaWRfYXNzZXQiK2QuZGF0YS5wX2Fzc2V0X2lkKTsKKyAgICAJCSAgICAvKjwhW0NEQVRBWyovCisgICAgCQkgICAgd2luZG93LmxvY2F0aW9uLmhyZWYgPSAiaHR0cDovL2xvY2FsaG9zdDo4MDgwL2ZpbGVfdnBfc3RydWN0dXJlP3ByPSIgK2QuZGF0YS5wcisiJmZpbGU9IisgZC5kYXRhLnBfYXNzZXRfaWQ7CisgICAgCQkgICAgLypdXT4qLwkKKyAgICAJICAgIH0gIH0pOworLy8gUFY6RU5EQ09ORAorCisKK2Z1bmN0aW9uIHNldFNjYWxlKHBhcmVudCwgbWluLCBtYXgsIHVuaXQsIHBhcnRDb3VudCkgeworCXZhciBkaXN0ID0gKG1heCAtIG1pbikvKHBhcnRDb3VudC0xKTsKKworCWZvciAoaT0wOyBpPHBhcmVudC5jaGlsZE5vZGVzLmxlbmd0aDsgaSsrKSB7CisJCXZhciBlbGVtZW50ID0gcGFyZW50LmNoaWxkTm9kZXNbaV07CisJCWlmIChlbGVtZW50LmNsYXNzTmFtZSAhPSBudWxsICYmIGVsZW1lbnQuY2xhc3NOYW1lICE9ICcnICYmIGVsZW1lbnQuY2xhc3NOYW1lICE9IG51bGwpIHsKKwkJCWlmICgobnVtYmVyID0gZWxlbWVudC5jbGFzc05hbWUubWF0Y2goJ3RleHRfKFxcZCspJykpKSB7CisJCQkJc2V0RWxlbWVudFRleHQoZWxlbWVudCwgTWF0aC5yb3VuZChtaW4gKyBudW1iZXJbMV0qZGlzdCkpOworCQkJfQorCQkJaWYgKGVsZW1lbnQuY2xhc3NOYW1lID09ICd1bml0JykgeworCQkJCXNldEVsZW1lbnRUZXh0KGVsZW1lbnQsIHVuaXQpOworCQkJfQorCQl9CisJfQorfQorCitmdW5jdGlvbiBzZXRUaXRsZXMoKSB7CisJc2V0RWxlbWVudFRleHQoZG9jdW1lbnQuZ2V0RWxlbWVudEJ5SWQoJ21haW5fdGl0bGUnKSwgbWFpblRpdGxlKTsKKworLy8gUFY6SUZDT05EKHB2Omhhc0ZlYXR1cmUoJ0FpclByZXNzdXJlJykpCisJc2V0RWxlbWVudFRleHQoZG9jdW1lbnQuZ2V0RWxlbWVudEJ5SWQoJ3ByZXNfdGl0bGUnKSwgcHJlc1RpdGxlKTsKKwl2YXIgY2VsbCA9IHN2ZworICAgIC5zZWxlY3RBbGwoIi5ub2RlIikKKyAgICAuZGF0YShyb290LmRlc2NlbmRhbnRzKCkpCisgICAgLmVudGVyKCkuYXBwZW5kKCJnIikKKyAgICAgICAuYXR0cigidHJhbnNmb3JtIiwgZnVuY3Rpb24oZCkgeyByZXR1cm4gInRyYW5zbGF0ZSgiICsgZC54MCArICIsIiArIGQueTAgKyAiKSI7IH0pCisgICAgICAuYXR0cigiY2xhc3MiLCAibm9kZSIpCisgICAgICAuZWFjaChmdW5jdGlvbihkKSB7IGQubm9kZSA9IHRoaXM7IH0pCisgICAgICAub24oIm1vdXNlb3ZlciIsIGhvdmVyZWQodHJ1ZSkpCisgICAgICAub24oIm1vdXNlb3V0IiwgaG92ZXJlZChmYWxzZSkpCisgICAgLm9uKCJjbGljayIsIGZ1bmN0aW9uKGQpeworICAgIAkgICAgaWYoZC5kYXRhLm9wZXJhdGlvbj09PSJyZXVzZWQiKSB3aW5kb3cuYWxlcnQoIlRoaXMgYXNzZXQgZG9lcyBub3QgaGF2ZSBhbnkgRGlmZiBhc3NvY2lhdGVkIVxuIFNlbGVjdCBhbm90aGVyIGFzc2V0Iik7CisgICAgCSAgICBlbHNleworICAgIAkgICAgCWNvbnNvbGUubG9nKCJjbGlja2VkIGlkX2Fzc2V0IitkLmRhdGEucF9hc3NldF9pZCk7CisgICAgCQkgICAgLyo8IVtDREFUQVsqLworICAgIAkJICAgIHdpbmRvdy5sb2NhdGlvbi5ocmVmID0gImh0dHA6Ly9sb2NhbGhvc3Q6ODA4MC9maWxlX3ZwX3N0cnVjdHVyZT9wcj0iICtkLmRhdGEucHIrIiZmaWxlPSIrIGQuZGF0YS5wX2Fzc2V0X2lkOworICAgIAkJICAgIC8qXV0+Ki8JCisgICAgCSAgICB9ICB9KQorLy8gUFY6RU5EQ09ORAorCisvLyBQVjpJRkNPTkQocHY6aGFzRmVhdHVyZSgnVGVtcGVyYXR1cmUnKSkKKwlzZXRFbGVtZW50VGV4dChkb2N1bWVudC5nZXRFbGVtZW50QnlJZCgndGVtcF90aXRsZScpLCB0ZW1wVGl0bGUpOworCXZhciBsYWJlbCA9IGNlbGwuYXBwZW5kKCJ0ZXh0IikKKyAgICAuYXR0cigiY2xpcC1wYXRoIiwgZnVuY3Rpb24oZCkgeyByZXR1cm4gInVybCgjY2xpcC0iICsgZC5pZCArICIpIjsgfSk7CisKK2xhYmVsCisgIC5maWx0ZXIoZnVuY3Rpb24oZCkgeyByZXR1cm4gZC5jaGlsZHJlbjsgfSkKKyAgLnNlbGVjdEFsbCgidHNwYW4iKQorICAgIC5kYXRhKGZ1bmN0aW9uKGQpIHsgcmV0dXJuIGQuaWQuc3Vic3RyaW5nKGQuaWQubGFzdEluZGV4T2YoIi8iKSArIDEpLnNwbGl0KC8oPz1bQS1aXVteQS1aXSkvZykuY29uY2F0KCJceGEwIiArIGZvcm1hdChkLnZhbHVlKSk7IH0pCisgIC5lbnRlcigpLmFwcGVuZCgidHNwYW4iKQorICAgIC5hdHRyKCJ4IiwgZnVuY3Rpb24oZCwgaSkgeyByZXR1cm4gaSA/IG51bGwgOiA0OyB9KQorICAgIC5hdHRyKCJ5IiwgMTMpCisgICAgLnRleHQoZnVuY3Rpb24oZCkgeyByZXR1cm4gZDsgfSk7CisvLyBQVjpFTkRDT05ECisKKy8vIFBWOklGQ09ORChwdjpoYXNGZWF0dXJlKCdXaW5kU3BlZWQnKSkKKwlzZXRFbGVtZW50VGV4dChkb2N1bWVudC5nZXRFbGVtZW50QnlJZCgnd2luZF90aXRsZScpLCB3aW5kVGl0bGUpOworCXZhciBsYWJlbCA9IGNlbGwuYXBwZW5kKCJ0ZXh0IikKKyAgICAuYXR0cigiY2xpcC1wYXRoIiwgZnVuY3Rpb24oZCkgeyByZXR1cm4gInVybCgjY2xpcC0iICsgZC5pZCArICIpIjsgfSk7CisKK2xhYmVsCisgIC5maWx0ZXIoZnVuY3Rpb24oZCkgeyByZXR1cm4gZC5jaGlsZHJlbjsgfSkKKyAgLnNlbGVjdEFsbCgidHNwYW4iKQorICAgIC5kYXRhKGZ1bmN0aW9uKGQpIHsgcmV0dXJuIGQuaWQuc3Vic3RyaW5nKGQuaWQubGFzdEluZGV4T2YoIi8iKSArIDEpLnNwbGl0KC8oPz1bQS1aXVteQS1aXSkvZykuY29uY2F0KCJceGEwIiArIGZvcm1hdChkLnZhbHVlKSk7IH0pCisgIC5lbnRlcigpLmFwcGVuZCgidHNwYW4iKQorICAgIC5hdHRyKCJ4IiwgZnVuY3Rpb24oZCwgaSkgeyByZXR1cm4gaSA/IG51bGwgOiA0OyB9KQorICAgIC5hdHRyKCJ5IiwgMTMpCisgICAgLnRleHQoZnVuY3Rpb24oZCkgeyByZXR1cm4gZDsgfSk7CisvLyBQVjpFTkRDT05ECit9CisKK2Z1bmN0aW9uIHNldEVsZW1lbnRUZXh0KGVsZW1lbnQsIHRleHQpIHsKKwl2YXIgdGV4dE5vZGUgPSBkb2N1bWVudC5jcmVhdGVUZXh0Tm9kZSh0ZXh0KTsKKwlpZiAoZWxlbWVudC5oYXNDaGlsZE5vZGVzKCkpIGVsZW1lbnQucmVwbGFjZUNoaWxkKHRleHROb2RlLCBlbGVtZW50LmZpcnN0Q2hpbGQpOworCWVsc2UgZWxlbWVudC5hcHBlbmRDaGlsZCh0ZXh0Tm9kZSk7Cit9Cg==',111,33,2,'NEW_ASSET_WITH_NEW_VARIATIONPOINT_AND_NEW_FEATURES');
INSERT IGNORE INTO developer_group (id_developer_group) VALUES 
(34);
INSERT IGNORE INTO developer_bridge (id_developer_group,id_developer) VALUES 
(34,1);
INSERT IGNORE INTO developer_bridge (id_developer_group,id_developer) VALUES 
(34,1);
INSERT IGNORE INTO developer_bridge (id_developer_group,id_developer) VALUES 
(34,1);
INSERT IGNORE INTO developer_bridge (id_developer_group,id_developer) VALUES 
(34,1);
INSERT IGNORE INTO developer_bridge (id_developer_group,id_developer) VALUES 
(34,1);
INSERT IGNORE INTO developer_bridge (id_developer_group,id_developer) VALUES 
(34,1);
INSERT IGNORE INTO developer_bridge (id_developer_group,id_developer) VALUES 
(34,1);
INSERT IGNORE INTO developer_bridge (id_developer_group,id_developer) VALUES 
(34,1);
INSERT IGNORE INTO developer_bridge (id_developer_group,id_developer) VALUES 
(34,1);
INSERT IGNORE INTO developer_bridge (id_developer_group,id_developer) VALUES 
(34,1);
INSERT IGNORE INTO developer_bridge (id_developer_group,id_developer) VALUES 
(34,1);
INSERT IGNORE INTO developer_bridge (id_developer_group,id_developer) VALUES 
(34,1);
INSERT IGNORE INTO developer_bridge (id_developer_group,id_developer) VALUES 
(34,1);
INSERT IGNORE INTO developer_bridge (id_developer_group,id_developer) VALUES 
(34,1);
INSERT IGNORE INTO developer_bridge (id_developer_group,id_developer) VALUES 
(34,1);
INSERT IGNORE INTO developer_bridge (id_developer_group,id_developer) VALUES 
(34,1);
INSERT IGNORE INTO developer_bridge (id_developer_group,id_developer) VALUES 
(34,1);
INSERT IGNORE INTO developer_bridge (id_developer_group,id_developer) VALUES 
(34,1);
INSERT IGNORE INTO developer_bridge (id_developer_group,id_developer) VALUES 
(34,1);
INSERT IGNORE INTO developer_bridge (id_developer_group,id_developer) VALUES 
(34,1);
INSERT IGNORE INTO developer_bridge (id_developer_group,id_developer) VALUES 
(34,1);
INSERT IGNORE INTO developer_bridge (id_developer_group,id_developer) VALUES 
(34,1);
INSERT IGNORE INTO developer_bridge (id_developer_group,id_developer) VALUES 
(34,1);
INSERT IGNORE INTO developer_bridge (id_developer_group,id_developer) VALUES 
(34,1);
INSERT IGNORE INTO developer_bridge (id_developer_group,id_developer) VALUES 
(34,1);
INSERT IGNORE INTO developer_bridge (id_developer_group,id_developer) VALUES 
(34,1);
INSERT IGNORE INTO developer_bridge (id_developer_group,id_developer) VALUES 
(34,1);
INSERT IGNORE INTO developer_bridge (id_developer_group,id_developer) VALUES 
(34,1);
INSERT IGNORE INTO developer_bridge (id_developer_group,id_developer) VALUES 
(34,1);
INSERT IGNORE INTO developer_bridge (id_developer_group,id_developer) VALUES 
(34,1);
INSERT IGNORE INTO developer_bridge (id_developer_group,id_developer) VALUES 
(34,1);
INSERT IGNORE INTO developer_bridge (id_developer_group,id_developer) VALUES 
(34,1);
INSERT IGNORE INTO developer_bridge (id_developer_group,id_developer) VALUES 
(34,1);
INSERT IGNORE INTO developer_bridge (id_developer_group,id_developer) VALUES 
(34,1);
INSERT IGNORE INTO developer_bridge (id_developer_group,id_developer) VALUES 
(34,1);
INSERT IGNORE INTO developer_bridge (id_developer_group,id_developer) VALUES 
(34,1);
INSERT IGNORE INTO developer_bridge (id_developer_group,id_developer) VALUES 
(34,1);
INSERT IGNORE INTO developer_bridge (id_developer_group,id_developer) VALUES 
(34,1);
INSERT IGNORE INTO developer_bridge (id_developer_group,id_developer) VALUES 
(34,1);
INSERT IGNORE INTO developer_bridge (id_developer_group,id_developer) VALUES 
(34,1);
INSERT IGNORE INTO developer_bridge (id_developer_group,id_developer) VALUES 
(34,1);
INSERT IGNORE INTO developer_bridge (id_developer_group,id_developer) VALUES 
(34,1);
INSERT IGNORE INTO customization_fact (idcustomization, lines_added,lines_deleted,custom_diff,commit_set,message_set,greater_diff,idvariationpoint,id_developer_group, idproductrelease, type) VALUES
(34,42,0,'ZGlmZiAtLWdpdCBhL2lucHV0L21vZHVsZS9pbml0IGIvaW5wdXQvbW9kdWxlL2luaXQKbmV3IGZpbGUgbW9kZSAxMDA2NDQKaW5kZXggMDAwMDAwMC4uYzI3OWVhYQotLS0gL2Rldi9udWxsCkBAIC00LDIgKzg2LDQyIEBAIEV4cHJlc3Npb246ICAocHY6aGFzRmVhdHVyZSgnV2luZFNwZWVkJykpQ2hhbmdlIFR5cGU6IE5FV19BU1NFVF9XSVRIX05FV19WQVJJQVRJT05QT0lOVF9BTkRfTkVXX0ZFQVRVUkVTCisvLyBQVjpJRkNPTkQocHY6aGFzRmVhdHVyZSgnV2luZFNwZWVkJykpLy9BdXRob3JlZCBieTogbGV0aW1vbWUgaW4gY29tbWl0OmJlZmM3ZjVlZGM0OTM5MDBjZTE2MWFlZDgyNmFlZTRlNDY2Nzc5NjMsIHdpdGggbWVzc2FnZTphZGRlZCBuZXcganMgbW9kdWxlCisJdmFyIHBhcmVudCA9IGRvY3VtZW50LmdldEVsZW1lbnRCeUlkKCd3X21haW4nKTsvL0F1dGhvcmVkIGJ5OiBsZXRpbW9tZSBpbiBjb21taXQ6YmVmYzdmNWVkYzQ5MzkwMGNlMTYxYWVkODI2YWVlNGU0NjY3Nzk2Mywgd2l0aCBtZXNzYWdlOmFkZGVkIG5ldyBqcyBtb2R1bGUKKwlzZXRTY2FsZShwYXJlbnQsIG1pbldpbmQsIG1heFdpbmQsIHdpbmRTY2FsZSwgMTQpOy8vQXV0aG9yZWQgYnk6IGxldGltb21lIGluIGNvbW1pdDpiZWZjN2Y1ZWRjNDkzOTAwY2UxNjFhZWQ4MjZhZWU0ZTQ2Njc3OTYzLCB3aXRoIG1lc3NhZ2U6YWRkZWQgbmV3IGpzIG1vZHVsZQorCXZhciBjZWxsID0gc3ZnLy9BdXRob3JlZCBieTogbGV0aW1vbWUgaW4gY29tbWl0OmJlZmM3ZjVlZGM0OTM5MDBjZTE2MWFlZDgyNmFlZTRlNDY2Nzc5NjMsIHdpdGggbWVzc2FnZTphZGRlZCBuZXcganMgbW9kdWxlCisgICAgLnNlbGVjdEFsbCgiLm5vZGUiKS8vQXV0aG9yZWQgYnk6IGxldGltb21lIGluIGNvbW1pdDpiZWZjN2Y1ZWRjNDkzOTAwY2UxNjFhZWQ4MjZhZWU0ZTQ2Njc3OTYzLCB3aXRoIG1lc3NhZ2U6YWRkZWQgbmV3IGpzIG1vZHVsZQorICAgIC5kYXRhKHJvb3QuZGVzY2VuZGFudHMoKSkvL0F1dGhvcmVkIGJ5OiBsZXRpbW9tZSBpbiBjb21taXQ6YmVmYzdmNWVkYzQ5MzkwMGNlMTYxYWVkODI2YWVlNGU0NjY3Nzk2Mywgd2l0aCBtZXNzYWdlOmFkZGVkIG5ldyBqcyBtb2R1bGUKKyAgICAuZW50ZXIoKS5hcHBlbmQoImciKS8vQXV0aG9yZWQgYnk6IGxldGltb21lIGluIGNvbW1pdDpiZWZjN2Y1ZWRjNDkzOTAwY2UxNjFhZWQ4MjZhZWU0ZTQ2Njc3OTYzLCB3aXRoIG1lc3NhZ2U6YWRkZWQgbmV3IGpzIG1vZHVsZQorICAgICAgIC5hdHRyKCJ0cmFuc2Zvcm0iLCBmdW5jdGlvbihkKSB7IHJldHVybiAidHJhbnNsYXRlKCIgKyBkLngwICsgIiwiICsgZC55MCArICIpIjsgfSkvL0F1dGhvcmVkIGJ5OiBsZXRpbW9tZSBpbiBjb21taXQ6YmVmYzdmNWVkYzQ5MzkwMGNlMTYxYWVkODI2YWVlNGU0NjY3Nzk2Mywgd2l0aCBtZXNzYWdlOmFkZGVkIG5ldyBqcyBtb2R1bGUKKyAgICAgIC5hdHRyKCJjbGFzcyIsICJub2RlIikvL0F1dGhvcmVkIGJ5OiBsZXRpbW9tZSBpbiBjb21taXQ6YmVmYzdmNWVkYzQ5MzkwMGNlMTYxYWVkODI2YWVlNGU0NjY3Nzk2Mywgd2l0aCBtZXNzYWdlOmFkZGVkIG5ldyBqcyBtb2R1bGUKKyAgICAgIC5lYWNoKGZ1bmN0aW9uKGQpIHsgZC5ub2RlID0gdGhpczsgfSkvL0F1dGhvcmVkIGJ5OiBsZXRpbW9tZSBpbiBjb21taXQ6YmVmYzdmNWVkYzQ5MzkwMGNlMTYxYWVkODI2YWVlNGU0NjY3Nzk2Mywgd2l0aCBtZXNzYWdlOmFkZGVkIG5ldyBqcyBtb2R1bGUKKyAgICAgIC5vbigibW91c2VvdmVyIiwgaG92ZXJlZCh0cnVlKSkvL0F1dGhvcmVkIGJ5OiBsZXRpbW9tZSBpbiBjb21taXQ6YmVmYzdmNWVkYzQ5MzkwMGNlMTYxYWVkODI2YWVlNGU0NjY3Nzk2Mywgd2l0aCBtZXNzYWdlOmFkZGVkIG5ldyBqcyBtb2R1bGUKKyAgICAgIC5vbigibW91c2VvdXQiLCBob3ZlcmVkKGZhbHNlKSkvL0F1dGhvcmVkIGJ5OiBsZXRpbW9tZSBpbiBjb21taXQ6YmVmYzdmNWVkYzQ5MzkwMGNlMTYxYWVkODI2YWVlNGU0NjY3Nzk2Mywgd2l0aCBtZXNzYWdlOmFkZGVkIG5ldyBqcyBtb2R1bGUKKyAgICAub24oImNsaWNrIiwgZnVuY3Rpb24oZCl7Ly9BdXRob3JlZCBieTogbGV0aW1vbWUgaW4gY29tbWl0OmJlZmM3ZjVlZGM0OTM5MDBjZTE2MWFlZDgyNmFlZTRlNDY2Nzc5NjMsIHdpdGggbWVzc2FnZTphZGRlZCBuZXcganMgbW9kdWxlCisgICAgCSAgICBpZihkLmRhdGEub3BlcmF0aW9uPT09InJldXNlZCIpIHdpbmRvdy5hbGVydCgiVGhpcyBhc3NldCBkb2VzIG5vdCBoYXZlIGFueSBEaWZmIGFzc29jaWF0ZWQhXG4gU2VsZWN0IGFub3RoZXIgYXNzZXQiKTsvL0F1dGhvcmVkIGJ5OiBsZXRpbW9tZSBpbiBjb21taXQ6YmVmYzdmNWVkYzQ5MzkwMGNlMTYxYWVkODI2YWVlNGU0NjY3Nzk2Mywgd2l0aCBtZXNzYWdlOmFkZGVkIG5ldyBqcyBtb2R1bGUKKyAgICAJICAgIGVsc2V7Ly9BdXRob3JlZCBieTogbGV0aW1vbWUgaW4gY29tbWl0OmJlZmM3ZjVlZGM0OTM5MDBjZTE2MWFlZDgyNmFlZTRlNDY2Nzc5NjMsIHdpdGggbWVzc2FnZTphZGRlZCBuZXcganMgbW9kdWxlCisgICAgCSAgICAJY29uc29sZS5sb2coImNsaWNrZWQgaWRfYXNzZXQiK2QuZGF0YS5wX2Fzc2V0X2lkKTsvL0F1dGhvcmVkIGJ5OiBsZXRpbW9tZSBpbiBjb21taXQ6YmVmYzdmNWVkYzQ5MzkwMGNlMTYxYWVkODI2YWVlNGU0NjY3Nzk2Mywgd2l0aCBtZXNzYWdlOmFkZGVkIG5ldyBqcyBtb2R1bGUKKyAgICAJCSAgICAvKjwhW0NEQVRBWyovLy9BdXRob3JlZCBieTogbGV0aW1vbWUgaW4gY29tbWl0OmJlZmM3ZjVlZGM0OTM5MDBjZTE2MWFlZDgyNmFlZTRlNDY2Nzc5NjMsIHdpdGggbWVzc2FnZTphZGRlZCBuZXcganMgbW9kdWxlCisgICAgCQkgICAgd2luZG93LmxvY2F0aW9uLmhyZWYgPSAiaHR0cDovL2xvY2FsaG9zdDo4MDgwL2ZpbGVfdnBfc3RydWN0dXJlP3ByPSIgK2QuZGF0YS5wcisiJmZpbGU9IisgZC5kYXRhLnBfYXNzZXRfaWQ7Ly9BdXRob3JlZCBieTogbGV0aW1vbWUgaW4gY29tbWl0OmJlZmM3ZjVlZGM0OTM5MDBjZTE2MWFlZDgyNmFlZTRlNDY2Nzc5NjMsIHdpdGggbWVzc2FnZTphZGRlZCBuZXcganMgbW9kdWxlCisgICAgCQkgICAgLypdXT4qLwkvL0F1dGhvcmVkIGJ5OiBsZXRpbW9tZSBpbiBjb21taXQ6YmVmYzdmNWVkYzQ5MzkwMGNlMTYxYWVkODI2YWVlNGU0NjY3Nzk2Mywgd2l0aCBtZXNzYWdlOmFkZGVkIG5ldyBqcyBtb2R1bGUKKyAgICAJICAgIH0gIH0pOy8vQXV0aG9yZWQgYnk6IGxldGltb21lIGluIGNvbW1pdDpiZWZjN2Y1ZWRjNDkzOTAwY2UxNjFhZWQ4MjZhZWU0ZTQ2Njc3OTYzLCB3aXRoIG1lc3NhZ2U6YWRkZWQgbmV3IGpzIG1vZHVsZQorLy8gUFY6RU5EQ09ORC8vQXV0aG9yZWQgYnk6IGxldGltb21lIGluIGNvbW1pdDpiZWZjN2Y1ZWRjNDkzOTAwY2UxNjFhZWQ4MjZhZWU0ZTQ2Njc3OTYzLCB3aXRoIG1lc3NhZ2U6YWRkZWQgbmV3IGpzIG1vZHVsZQorLy9BdXRob3JlZCBieTogbGV0aW1vbWUgaW4gY29tbWl0OmJlZmM3ZjVlZGM0OTM5MDBjZTE2MWFlZDgyNmFlZTRlNDY2Nzc5NjMsIHdpdGggbWVzc2FnZTphZGRlZCBuZXcganMgbW9kdWxlCisvL0F1dGhvcmVkIGJ5OiBsZXRpbW9tZSBpbiBjb21taXQ6YmVmYzdmNWVkYzQ5MzkwMGNlMTYxYWVkODI2YWVlNGU0NjY3Nzk2Mywgd2l0aCBtZXNzYWdlOmFkZGVkIG5ldyBqcyBtb2R1bGUKK2Z1bmN0aW9uIHNldFNjYWxlKHBhcmVudCwgbWluLCBtYXgsIHVuaXQsIHBhcnRDb3VudCkgey8vQXV0aG9yZWQgYnk6IGxldGltb21lIGluIGNvbW1pdDpiZWZjN2Y1ZWRjNDkzOTAwY2UxNjFhZWQ4MjZhZWU0ZTQ2Njc3OTYzLCB3aXRoIG1lc3NhZ2U6YWRkZWQgbmV3IGpzIG1vZHVsZQorCXZhciBkaXN0ID0gKG1heCAtIG1pbikvKHBhcnRDb3VudC0xKTsvL0F1dGhvcmVkIGJ5OiBsZXRpbW9tZSBpbiBjb21taXQ6YmVmYzdmNWVkYzQ5MzkwMGNlMTYxYWVkODI2YWVlNGU0NjY3Nzk2Mywgd2l0aCBtZXNzYWdlOmFkZGVkIG5ldyBqcyBtb2R1bGUKKy8vQXV0aG9yZWQgYnk6IGxldGltb21lIGluIGNvbW1pdDpiZWZjN2Y1ZWRjNDkzOTAwY2UxNjFhZWQ4MjZhZWU0ZTQ2Njc3OTYzLCB3aXRoIG1lc3NhZ2U6YWRkZWQgbmV3IGpzIG1vZHVsZQorCWZvciAoaT0wOyBpPHBhcmVudC5jaGlsZE5vZGVzLmxlbmd0aDsgaSsrKSB7Ly9BdXRob3JlZCBieTogbGV0aW1vbWUgaW4gY29tbWl0OmJlZmM3ZjVlZGM0OTM5MDBjZTE2MWFlZDgyNmFlZTRlNDY2Nzc5NjMsIHdpdGggbWVzc2FnZTphZGRlZCBuZXcganMgbW9kdWxlCisJCXZhciBlbGVtZW50ID0gcGFyZW50LmNoaWxkTm9kZXNbaV07Ly9BdXRob3JlZCBieTogbGV0aW1vbWUgaW4gY29tbWl0OmJlZmM3ZjVlZGM0OTM5MDBjZTE2MWFlZDgyNmFlZTRlNDY2Nzc5NjMsIHdpdGggbWVzc2FnZTphZGRlZCBuZXcganMgbW9kdWxlCisJCWlmIChlbGVtZW50LmNsYXNzTmFtZSAhPSBudWxsICYmIGVsZW1lbnQuY2xhc3NOYW1lICE9ICcnICYmIGVsZW1lbnQuY2xhc3NOYW1lICE9IG51bGwpIHsvL0F1dGhvcmVkIGJ5OiBsZXRpbW9tZSBpbiBjb21taXQ6YmVmYzdmNWVkYzQ5MzkwMGNlMTYxYWVkODI2YWVlNGU0NjY3Nzk2Mywgd2l0aCBtZXNzYWdlOmFkZGVkIG5ldyBqcyBtb2R1bGUKKwkJCWlmICgobnVtYmVyID0gZWxlbWVudC5jbGFzc05hbWUubWF0Y2goJ3RleHRfKFxcZCspJykpKSB7Ly9BdXRob3JlZCBieTogbGV0aW1vbWUgaW4gY29tbWl0OmJlZmM3ZjVlZGM0OTM5MDBjZTE2MWFlZDgyNmFlZTRlNDY2Nzc5NjMsIHdpdGggbWVzc2FnZTphZGRlZCBuZXcganMgbW9kdWxlCisJCQkJc2V0RWxlbWVudFRleHQoZWxlbWVudCwgTWF0aC5yb3VuZChtaW4gKyBudW1iZXJbMV0qZGlzdCkpOy8vQXV0aG9yZWQgYnk6IGxldGltb21lIGluIGNvbW1pdDpiZWZjN2Y1ZWRjNDkzOTAwY2UxNjFhZWQ4MjZhZWU0ZTQ2Njc3OTYzLCB3aXRoIG1lc3NhZ2U6YWRkZWQgbmV3IGpzIG1vZHVsZQorCQkJfS8vQXV0aG9yZWQgYnk6IGxldGltb21lIGluIGNvbW1pdDpiZWZjN2Y1ZWRjNDkzOTAwY2UxNjFhZWQ4MjZhZWU0ZTQ2Njc3OTYzLCB3aXRoIG1lc3NhZ2U6YWRkZWQgbmV3IGpzIG1vZHVsZQorCQkJaWYgKGVsZW1lbnQuY2xhc3NOYW1lID09ICd1bml0Jykgey8vQXV0aG9yZWQgYnk6IGxldGltb21lIGluIGNvbW1pdDpiZWZjN2Y1ZWRjNDkzOTAwY2UxNjFhZWQ4MjZhZWU0ZTQ2Njc3OTYzLCB3aXRoIG1lc3NhZ2U6YWRkZWQgbmV3IGpzIG1vZHVsZQorCQkJCXNldEVsZW1lbnRUZXh0KGVsZW1lbnQsIHVuaXQpOy8vQXV0aG9yZWQgYnk6IGxldGltb21lIGluIGNvbW1pdDpiZWZjN2Y1ZWRjNDkzOTAwY2UxNjFhZWQ4MjZhZWU0ZTQ2Njc3OTYzLCB3aXRoIG1lc3NhZ2U6YWRkZWQgbmV3IGpzIG1vZHVsZQorCQkJfS8vQXV0aG9yZWQgYnk6IGxldGltb21lIGluIGNvbW1pdDpiZWZjN2Y1ZWRjNDkzOTAwY2UxNjFhZWQ4MjZhZWU0ZTQ2Njc3OTYzLCB3aXRoIG1lc3NhZ2U6YWRkZWQgbmV3IGpzIG1vZHVsZQorCQl9Ly9BdXRob3JlZCBieTogbGV0aW1vbWUgaW4gY29tbWl0OmJlZmM3ZjVlZGM0OTM5MDBjZTE2MWFlZDgyNmFlZTRlNDY2Nzc5NjMsIHdpdGggbWVzc2FnZTphZGRlZCBuZXcganMgbW9kdWxlCisJfS8vQXV0aG9yZWQgYnk6IGxldGltb21lIGluIGNvbW1pdDpiZWZjN2Y1ZWRjNDkzOTAwY2UxNjFhZWQ4MjZhZWU0ZTQ2Njc3OTYzLCB3aXRoIG1lc3NhZ2U6YWRkZWQgbmV3IGpzIG1vZHVsZQorfS8vQXV0aG9yZWQgYnk6IGxldGltb21lIGluIGNvbW1pdDpiZWZjN2Y1ZWRjNDkzOTAwY2UxNjFhZWQ4MjZhZWU0ZTQ2Njc3OTYzLCB3aXRoIG1lc3NhZ2U6YWRkZWQgbmV3IGpzIG1vZHVsZQorLy9BdXRob3JlZCBieTogbGV0aW1vbWUgaW4gY29tbWl0OmJlZmM3ZjVlZGM0OTM5MDBjZTE2MWFlZDgyNmFlZTRlNDY2Nzc5NjMsIHdpdGggbWVzc2FnZTphZGRlZCBuZXcganMgbW9kdWxlCitmdW5jdGlvbiBzZXRUaXRsZXMoKSB7Ly9BdXRob3JlZCBieTogbGV0aW1vbWUgaW4gY29tbWl0OmJlZmM3ZjVlZGM0OTM5MDBjZTE2MWFlZDgyNmFlZTRlNDY2Nzc5NjMsIHdpdGggbWVzc2FnZTphZGRlZCBuZXcganMgbW9kdWxlCisJc2V0RWxlbWVudFRleHQoZG9jdW1lbnQuZ2V0RWxlbWVudEJ5SWQoJ21haW5fdGl0bGUnKSwgbWFpblRpdGxlKTsvL0F1dGhvcmVkIGJ5OiBsZXRpbW9tZSBpbiBjb21taXQ6YmVmYzdmNWVkYzQ5MzkwMGNlMTYxYWVkODI2YWVlNGU0NjY3Nzk2Mywgd2l0aCBtZXNzYWdlOmFkZGVkIG5ldyBqcyBtb2R1bGUKKy8vQXV0aG9yZWQgYnk6IGxldGltb21lIGluIGNvbW1pdDpiZWZjN2Y1ZWRjNDkzOTAwY2UxNjFhZWQ4MjZhZWU0ZTQ2Njc3OTYzLCB3aXRoIG1lc3NhZ2U6YWRkZWQgbmV3IGpzIG1vZHVsZQo=','befc7f5edc493900ce161aed826aee4e46677963; befc7f5edc493900ce161aed826aee4e46677963; befc7f5edc493900ce161aed826aee4e46677963; befc7f5edc493900ce161aed826aee4e46677963; befc7f5edc493900ce161aed826aee4e46677963; befc7f5edc493900ce161aed826aee4e46677963; befc7f5edc493900ce161aed826aee4e46677963; befc7f5edc493900ce161aed826aee4e46677963; befc7f5edc493900ce161aed826aee4e46677963; befc7f5edc493900ce161aed826aee4e46677963; befc7f5edc493900ce161aed826aee4e46677963; befc7f5edc493900ce161aed826aee4e46677963; befc7f5edc493900ce161aed826aee4e46677963; befc7f5edc493900ce161aed826aee4e46677963; befc7f5edc493900ce161aed826aee4e46677963; befc7f5edc493900ce161aed826aee4e46677963; befc7f5edc493900ce161aed826aee4e46677963; befc7f5edc493900ce161aed826aee4e46677963; befc7f5edc493900ce161aed826aee4e46677963; befc7f5edc493900ce161aed826aee4e46677963; befc7f5edc493900ce161aed826aee4e46677963; befc7f5edc493900ce161aed826aee4e46677963; befc7f5edc493900ce161aed826aee4e46677963; befc7f5edc493900ce161aed826aee4e46677963; befc7f5edc493900ce161aed826aee4e46677963; befc7f5edc493900ce161aed826aee4e46677963; befc7f5edc493900ce161aed826aee4e46677963; befc7f5edc493900ce161aed826aee4e46677963; befc7f5edc493900ce161aed826aee4e46677963; befc7f5edc493900ce161aed826aee4e46677963; befc7f5edc493900ce161aed826aee4e46677963; befc7f5edc493900ce161aed826aee4e46677963; befc7f5edc493900ce161aed826aee4e46677963; befc7f5edc493900ce161aed826aee4e46677963; befc7f5edc493900ce161aed826aee4e46677963; befc7f5edc493900ce161aed826aee4e46677963; befc7f5edc493900ce161aed826aee4e46677963; befc7f5edc493900ce161aed826aee4e46677963; befc7f5edc493900ce161aed826aee4e46677963; befc7f5edc493900ce161aed826aee4e46677963; befc7f5edc493900ce161aed826aee4e46677963; befc7f5edc493900ce161aed826aee4e46677963; ','added new js module; ','ZGlmZiAtLWdpdCBhL2lucHV0L21vZHVsZS9pbml0IGIvaW5wdXQvbW9kdWxlL2luaXQKbmV3IGZpbGUgbW9kZSAxMDA2NDQKaW5kZXggMDAwMDAwMC4uYzI3OWVhYQotLS0gL2Rldi9udWxsCisrKyBiL2lucHV0L21vZHVsZS9pbml0CkBAIC0wLDAgKzEsMTg0IEBACisKK2Z1bmN0aW9uIGluaXRMYXlvdXQoKSB7CisJaW5pdGlhdGVTY2FsZXMoKTsKKwlzZXRUaXRsZXMoKTsKK30KKworZnVuY3Rpb24gaW5pdGlhdGVTY2FsZXMoKSB7CisvLyBQVjpJRkNPTkQocHY6aGFzRmVhdHVyZSgnQWlyUHJlc3N1cmUnKSkKKwl2YXIgcGFyZW50ID0gZG9jdW1lbnQuZ2V0RWxlbWVudEJ5SWQoJ3BfbWFpbicpOworCXNldFNjYWxlKHBhcmVudCwgbWluUHJlcywgbWF4UHJlcywgcHJlc1NjYWxlLCAxNCksCisJZnVuY3Rpb24oZCkgeworCSAgICBkMy5zZWxlY3RBbGwoZC5hbmNlc3RvcnMoKS5tYXAoZnVuY3Rpb24oZCkgeyByZXR1cm4gZC5ub2RlOyB9KSkKKwkgICAgICAgIC5jbGFzc2VkKCJub2RlLS1ob3ZlciIsIGhvdmVyKQorCSAgICAgIC4Jc2VsZWN0KCJyZWN0IikKKwkgICAgICAuc3R5bGUoImJvZGVyLWNvbG9yIiwiYmxhY2siKQorCSAgICAgICAuc3R5bGUoInN0cm9rZSIsImJsYWNrIikKKwkgICAgICAgIC5hdHRyKCJ3aWR0aCIsIGZ1bmN0aW9uKGQpIHsgcmV0dXJuIGQueDEgLSBkLngwIC0gaG92ZXI7IH0pCisJICAgICAgICAuYXR0cigiaGVpZ2h0IiwgZnVuY3Rpb24oZCkgeyByZXR1cm4gZC55MSAtIGQueTAgLSBob3ZlcjsgfSk7CisJICAgIAorCSAgICBpZihob3Zlcj09ZmFsc2UpCisJICAgIAlkMy5zZWxlY3RBbGwoZC5hbmNlc3RvcnMoKS5tYXAoZnVuY3Rpb24oZCkgeyByZXR1cm4gZC5ub2RlOyB9KSkKKwkgICAgCSAgICAgIC5jbGFzc2VkKCJub2RlLS1ob3ZlciIsIGhvdmVyKS5zZWxlY3QoInJlY3QiKS4KKwkgICAgCSAgICAgIHN0eWxlKCJmaWxsIiwgZnVuY3Rpb24oZCkgeyAKKwkgICAgCSAgICAJICAJdmFyIG9wZXJhdGlvbiA9IGQuZGF0YS5vcGVyYXRpb247CisJICAJICAgIAkJaWYgKCAob3BlcmF0aW9uID09InVuZGVmaW5lZCIpIHx8IChkLmRhdGEub3BlcmF0aW9uPT1udWxsKSkgcmV0dXJuICIjY2NjY2NjIjsKKwkgIAkgICAgCSAgCWVsc2UgaWYgKG9wZXJhdGlvbj09KCJhZGQiKSkgcmV0dXJuICIjM2ZhYzU0IjsKKwkgIAkgICAgCSAgCWVsc2UgaWYgKG9wZXJhdGlvbj09KCJkZWxldGUiKSkgcmV0dXJuICIjZTYzMjNkIjsKKwkgIAkgICAgCSAgCWVsc2UgaWYgKG9wZXJhdGlvbj09ImNodXJuIikgcmV0dXJuICIjRkY4MTAwIjsKKwkgICAgCSAgICAJICB9KTsKKwkgICAgZWxzZSBkMy5zZWxlY3QoZC5ub2RlKS5jbGFzc2VkKCJub2RlLS1ob3ZlciIsIGhvdmVyKS4KKwkgICAgc2VsZWN0KCJyZWN0Iikuc3R5bGUoImZpbGwiLCIjNjQ5NWVkIik7CisJICB9OworICAvKioKKyAgdmFyIG9wZXJhdGlvbiA9IGQuZGF0YS5vcGVyYXRpb247CisJICAgIAkJaWYgKCAob3BlcmF0aW9uID09InVuZGVmaW5lZCIpIHx8IChkLmRhdGEub3BlcmF0aW9uPT1udWxsKSkgcmV0dXJuICIjY2NjY2NjIjsKKwkgICAgCSAgCWVsc2UgaWYgKG9wZXJhdGlvbj09KCJhZGQiKSkgcmV0dXJuICIjM2ZhYzU0IjsKKwkgICAgCSAgCWVsc2UgaWYgKG9wZXJhdGlvbj09KCJkZWxldGUiKSkgcmV0dXJuICIjZTYzMjNkIjsKKyAgKi8KKyAgZnVuY3Rpb24gY2xpY2tlZChjbGljayl7CisJICBjb25zb2xlLmxvZygiY2xpY2tlZCIpOworCSAgY29uc29sZS5sb2coZC5kYXRhLmlkX2NvcmVfYXNzZXQpOworCSAgd2luZG93LmxvY2F0aW9uLmhyZWYoImh0dHRwczovL2xvY2FsaG9zdDo4MDgwIik7CisgIH07Cit9CisvLyBQVjpFTkRDT05ECisKKy8vIFBWOklGQ09ORChwdjpoYXNGZWF0dXJlKCdUZW1wZXJhdHVyZScpKQorCXZhciBwYXJlbnQgPSBkb2N1bWVudC5nZXRFbGVtZW50QnlJZCgndF9zY2FsZScpOworCXNldFNjYWxlKHBhcmVudCwgbWluVGVtcCwgbWF4VGVtcCwgdGVtcFNjYWxlLCA2KSwKKwlmdW5jdGlvbihkKSB7CisJICAgIGQzLnNlbGVjdEFsbChkLmFuY2VzdG9ycygpLm1hcChmdW5jdGlvbihkKSB7IHJldHVybiBkLm5vZGU7IH0pKQorCSAgICAgICAgLmNsYXNzZWQoIm5vZGUtLWhvdmVyIiwgaG92ZXIpCisJICAgICAgLglzZWxlY3QoInJlY3QiKQorCSAgICAgIC5zdHlsZSgiYm9kZXItY29sb3IiLCJibGFjayIpCisJICAgICAgIC5zdHlsZSgic3Ryb2tlIiwiYmxhY2siKQorCSAgICAgICAgLmF0dHIoIndpZHRoIiwgZnVuY3Rpb24oZCkgeyByZXR1cm4gZC54MSAtIGQueDAgLSBob3ZlcjsgfSkKKwkgICAgICAgIC5hdHRyKCJoZWlnaHQiLCBmdW5jdGlvbihkKSB7IHJldHVybiBkLnkxIC0gZC55MCAtIGhvdmVyOyB9KTsKKwkgICAgCisJICAgIGlmKGhvdmVyPT1mYWxzZSkKKwkgICAgCWQzLnNlbGVjdEFsbChkLmFuY2VzdG9ycygpLm1hcChmdW5jdGlvbihkKSB7IHJldHVybiBkLm5vZGU7IH0pKQorCSAgICAJICAgICAgLmNsYXNzZWQoIm5vZGUtLWhvdmVyIiwgaG92ZXIpLnNlbGVjdCgicmVjdCIpLgorCSAgICAJICAgICAgc3R5bGUoImZpbGwiLCBmdW5jdGlvbihkKSB7IAorCSAgICAJICAgIAkgIAl2YXIgb3BlcmF0aW9uID0gZC5kYXRhLm9wZXJhdGlvbjsKKwkgIAkgICAgCQlpZiAoIChvcGVyYXRpb24gPT0idW5kZWZpbmVkIikgfHwgKGQuZGF0YS5vcGVyYXRpb249PW51bGwpKSByZXR1cm4gIiNjY2NjY2MiOworCSAgCSAgICAJICAJZWxzZSBpZiAob3BlcmF0aW9uPT0oImFkZCIpKSByZXR1cm4gIiMzZmFjNTQiOworCSAgCSAgICAJICAJZWxzZSBpZiAob3BlcmF0aW9uPT0oImRlbGV0ZSIpKSByZXR1cm4gIiNlNjMyM2QiOworCSAgCSAgICAJICAJZWxzZSBpZiAob3BlcmF0aW9uPT0iY2h1cm4iKSByZXR1cm4gIiNGRjgxMDAiOworCSAgICAJICAgIAkgIH0pOworCSAgICBlbHNlIGQzLnNlbGVjdChkLm5vZGUpLmNsYXNzZWQoIm5vZGUtLWhvdmVyIiwgaG92ZXIpLgorCSAgICBzZWxlY3QoInJlY3QiKS5zdHlsZSgiZmlsbCIsIiM2NDk1ZWQiKTsKKwkgIH07CisgIC8qKgorICB2YXIgb3BlcmF0aW9uID0gZC5kYXRhLm9wZXJhdGlvbjsKKwkgICAgCQlpZiAoIChvcGVyYXRpb24gPT0idW5kZWZpbmVkIikgfHwgKGQuZGF0YS5vcGVyYXRpb249PW51bGwpKSByZXR1cm4gIiNjY2NjY2MiOworCSAgICAJICAJZWxzZSBpZiAob3BlcmF0aW9uPT0oImFkZCIpKSByZXR1cm4gIiMzZmFjNTQiOworCSAgICAJICAJZWxzZSBpZiAob3BlcmF0aW9uPT0oImRlbGV0ZSIpKSByZXR1cm4gIiNlNjMyM2QiOworICAqLworICBmdW5jdGlvbiBjbGlja2VkKGNsaWNrKXsKKwkgIGNvbnNvbGUubG9nKCJjbGlja2VkIik7CisJICBjb25zb2xlLmxvZyhkLmRhdGEuaWRfY29yZV9hc3NldCk7CisJICB3aW5kb3cubG9jYXRpb24uaHJlZigiaHR0dHBzOi8vbG9jYWxob3N0OjgwODAiKTsKKyAgfTsKKworLy8gUFY6RU5EQ09ORAorCisvLyBQVjpJRkNPTkQocHY6aGFzRmVhdHVyZSgnV2luZFNwZWVkJykpCisJdmFyIHBhcmVudCA9IGRvY3VtZW50LmdldEVsZW1lbnRCeUlkKCd3X21haW4nKTsKKwlzZXRTY2FsZShwYXJlbnQsIG1pbldpbmQsIG1heFdpbmQsIHdpbmRTY2FsZSwgMTQpOworCXZhciBjZWxsID0gc3ZnCisgICAgLnNlbGVjdEFsbCgiLm5vZGUiKQorICAgIC5kYXRhKHJvb3QuZGVzY2VuZGFudHMoKSkKKyAgICAuZW50ZXIoKS5hcHBlbmQoImciKQorICAgICAgIC5hdHRyKCJ0cmFuc2Zvcm0iLCBmdW5jdGlvbihkKSB7IHJldHVybiAidHJhbnNsYXRlKCIgKyBkLngwICsgIiwiICsgZC55MCArICIpIjsgfSkKKyAgICAgIC5hdHRyKCJjbGFzcyIsICJub2RlIikKKyAgICAgIC5lYWNoKGZ1bmN0aW9uKGQpIHsgZC5ub2RlID0gdGhpczsgfSkKKyAgICAgIC5vbigibW91c2VvdmVyIiwgaG92ZXJlZCh0cnVlKSkKKyAgICAgIC5vbigibW91c2VvdXQiLCBob3ZlcmVkKGZhbHNlKSkKKyAgICAub24oImNsaWNrIiwgZnVuY3Rpb24oZCl7CisgICAgCSAgICBpZihkLmRhdGEub3BlcmF0aW9uPT09InJldXNlZCIpIHdpbmRvdy5hbGVydCgiVGhpcyBhc3NldCBkb2VzIG5vdCBoYXZlIGFueSBEaWZmIGFzc29jaWF0ZWQhXG4gU2VsZWN0IGFub3RoZXIgYXNzZXQiKTsKKyAgICAJICAgIGVsc2V7CisgICAgCSAgICAJY29uc29sZS5sb2coImNsaWNrZWQgaWRfYXNzZXQiK2QuZGF0YS5wX2Fzc2V0X2lkKTsKKyAgICAJCSAgICAvKjwhW0NEQVRBWyovCisgICAgCQkgICAgd2luZG93LmxvY2F0aW9uLmhyZWYgPSAiaHR0cDovL2xvY2FsaG9zdDo4MDgwL2ZpbGVfdnBfc3RydWN0dXJlP3ByPSIgK2QuZGF0YS5wcisiJmZpbGU9IisgZC5kYXRhLnBfYXNzZXRfaWQ7CisgICAgCQkgICAgLypdXT4qLwkKKyAgICAJICAgIH0gIH0pOworLy8gUFY6RU5EQ09ORAorCisKK2Z1bmN0aW9uIHNldFNjYWxlKHBhcmVudCwgbWluLCBtYXgsIHVuaXQsIHBhcnRDb3VudCkgeworCXZhciBkaXN0ID0gKG1heCAtIG1pbikvKHBhcnRDb3VudC0xKTsKKworCWZvciAoaT0wOyBpPHBhcmVudC5jaGlsZE5vZGVzLmxlbmd0aDsgaSsrKSB7CisJCXZhciBlbGVtZW50ID0gcGFyZW50LmNoaWxkTm9kZXNbaV07CisJCWlmIChlbGVtZW50LmNsYXNzTmFtZSAhPSBudWxsICYmIGVsZW1lbnQuY2xhc3NOYW1lICE9ICcnICYmIGVsZW1lbnQuY2xhc3NOYW1lICE9IG51bGwpIHsKKwkJCWlmICgobnVtYmVyID0gZWxlbWVudC5jbGFzc05hbWUubWF0Y2goJ3RleHRfKFxcZCspJykpKSB7CisJCQkJc2V0RWxlbWVudFRleHQoZWxlbWVudCwgTWF0aC5yb3VuZChtaW4gKyBudW1iZXJbMV0qZGlzdCkpOworCQkJfQorCQkJaWYgKGVsZW1lbnQuY2xhc3NOYW1lID09ICd1bml0JykgeworCQkJCXNldEVsZW1lbnRUZXh0KGVsZW1lbnQsIHVuaXQpOworCQkJfQorCQl9CisJfQorfQorCitmdW5jdGlvbiBzZXRUaXRsZXMoKSB7CisJc2V0RWxlbWVudFRleHQoZG9jdW1lbnQuZ2V0RWxlbWVudEJ5SWQoJ21haW5fdGl0bGUnKSwgbWFpblRpdGxlKTsKKworLy8gUFY6SUZDT05EKHB2Omhhc0ZlYXR1cmUoJ0FpclByZXNzdXJlJykpCisJc2V0RWxlbWVudFRleHQoZG9jdW1lbnQuZ2V0RWxlbWVudEJ5SWQoJ3ByZXNfdGl0bGUnKSwgcHJlc1RpdGxlKTsKKwl2YXIgY2VsbCA9IHN2ZworICAgIC5zZWxlY3RBbGwoIi5ub2RlIikKKyAgICAuZGF0YShyb290LmRlc2NlbmRhbnRzKCkpCisgICAgLmVudGVyKCkuYXBwZW5kKCJnIikKKyAgICAgICAuYXR0cigidHJhbnNmb3JtIiwgZnVuY3Rpb24oZCkgeyByZXR1cm4gInRyYW5zbGF0ZSgiICsgZC54MCArICIsIiArIGQueTAgKyAiKSI7IH0pCisgICAgICAuYXR0cigiY2xhc3MiLCAibm9kZSIpCisgICAgICAuZWFjaChmdW5jdGlvbihkKSB7IGQubm9kZSA9IHRoaXM7IH0pCisgICAgICAub24oIm1vdXNlb3ZlciIsIGhvdmVyZWQodHJ1ZSkpCisgICAgICAub24oIm1vdXNlb3V0IiwgaG92ZXJlZChmYWxzZSkpCisgICAgLm9uKCJjbGljayIsIGZ1bmN0aW9uKGQpeworICAgIAkgICAgaWYoZC5kYXRhLm9wZXJhdGlvbj09PSJyZXVzZWQiKSB3aW5kb3cuYWxlcnQoIlRoaXMgYXNzZXQgZG9lcyBub3QgaGF2ZSBhbnkgRGlmZiBhc3NvY2lhdGVkIVxuIFNlbGVjdCBhbm90aGVyIGFzc2V0Iik7CisgICAgCSAgICBlbHNleworICAgIAkgICAgCWNvbnNvbGUubG9nKCJjbGlja2VkIGlkX2Fzc2V0IitkLmRhdGEucF9hc3NldF9pZCk7CisgICAgCQkgICAgLyo8IVtDREFUQVsqLworICAgIAkJICAgIHdpbmRvdy5sb2NhdGlvbi5ocmVmID0gImh0dHA6Ly9sb2NhbGhvc3Q6ODA4MC9maWxlX3ZwX3N0cnVjdHVyZT9wcj0iICtkLmRhdGEucHIrIiZmaWxlPSIrIGQuZGF0YS5wX2Fzc2V0X2lkOworICAgIAkJICAgIC8qXV0+Ki8JCisgICAgCSAgICB9ICB9KQorLy8gUFY6RU5EQ09ORAorCisvLyBQVjpJRkNPTkQocHY6aGFzRmVhdHVyZSgnVGVtcGVyYXR1cmUnKSkKKwlzZXRFbGVtZW50VGV4dChkb2N1bWVudC5nZXRFbGVtZW50QnlJZCgndGVtcF90aXRsZScpLCB0ZW1wVGl0bGUpOworCXZhciBsYWJlbCA9IGNlbGwuYXBwZW5kKCJ0ZXh0IikKKyAgICAuYXR0cigiY2xpcC1wYXRoIiwgZnVuY3Rpb24oZCkgeyByZXR1cm4gInVybCgjY2xpcC0iICsgZC5pZCArICIpIjsgfSk7CisKK2xhYmVsCisgIC5maWx0ZXIoZnVuY3Rpb24oZCkgeyByZXR1cm4gZC5jaGlsZHJlbjsgfSkKKyAgLnNlbGVjdEFsbCgidHNwYW4iKQorICAgIC5kYXRhKGZ1bmN0aW9uKGQpIHsgcmV0dXJuIGQuaWQuc3Vic3RyaW5nKGQuaWQubGFzdEluZGV4T2YoIi8iKSArIDEpLnNwbGl0KC8oPz1bQS1aXVteQS1aXSkvZykuY29uY2F0KCJceGEwIiArIGZvcm1hdChkLnZhbHVlKSk7IH0pCisgIC5lbnRlcigpLmFwcGVuZCgidHNwYW4iKQorICAgIC5hdHRyKCJ4IiwgZnVuY3Rpb24oZCwgaSkgeyByZXR1cm4gaSA/IG51bGwgOiA0OyB9KQorICAgIC5hdHRyKCJ5IiwgMTMpCisgICAgLnRleHQoZnVuY3Rpb24oZCkgeyByZXR1cm4gZDsgfSk7CisvLyBQVjpFTkRDT05ECisKKy8vIFBWOklGQ09ORChwdjpoYXNGZWF0dXJlKCdXaW5kU3BlZWQnKSkKKwlzZXRFbGVtZW50VGV4dChkb2N1bWVudC5nZXRFbGVtZW50QnlJZCgnd2luZF90aXRsZScpLCB3aW5kVGl0bGUpOworCXZhciBsYWJlbCA9IGNlbGwuYXBwZW5kKCJ0ZXh0IikKKyAgICAuYXR0cigiY2xpcC1wYXRoIiwgZnVuY3Rpb24oZCkgeyByZXR1cm4gInVybCgjY2xpcC0iICsgZC5pZCArICIpIjsgfSk7CisKK2xhYmVsCisgIC5maWx0ZXIoZnVuY3Rpb24oZCkgeyByZXR1cm4gZC5jaGlsZHJlbjsgfSkKKyAgLnNlbGVjdEFsbCgidHNwYW4iKQorICAgIC5kYXRhKGZ1bmN0aW9uKGQpIHsgcmV0dXJuIGQuaWQuc3Vic3RyaW5nKGQuaWQubGFzdEluZGV4T2YoIi8iKSArIDEpLnNwbGl0KC8oPz1bQS1aXVteQS1aXSkvZykuY29uY2F0KCJceGEwIiArIGZvcm1hdChkLnZhbHVlKSk7IH0pCisgIC5lbnRlcigpLmFwcGVuZCgidHNwYW4iKQorICAgIC5hdHRyKCJ4IiwgZnVuY3Rpb24oZCwgaSkgeyByZXR1cm4gaSA/IG51bGwgOiA0OyB9KQorICAgIC5hdHRyKCJ5IiwgMTMpCisgICAgLnRleHQoZnVuY3Rpb24oZCkgeyByZXR1cm4gZDsgfSk7CisvLyBQVjpFTkRDT05ECit9CisKK2Z1bmN0aW9uIHNldEVsZW1lbnRUZXh0KGVsZW1lbnQsIHRleHQpIHsKKwl2YXIgdGV4dE5vZGUgPSBkb2N1bWVudC5jcmVhdGVUZXh0Tm9kZSh0ZXh0KTsKKwlpZiAoZWxlbWVudC5oYXNDaGlsZE5vZGVzKCkpIGVsZW1lbnQucmVwbGFjZUNoaWxkKHRleHROb2RlLCBlbGVtZW50LmZpcnN0Q2hpbGQpOworCWVsc2UgZWxlbWVudC5hcHBlbmRDaGlsZCh0ZXh0Tm9kZSk7Cit9Cg==',112,34,2,'NEW_ASSET_WITH_NEW_VARIATIONPOINT_AND_NEW_FEATURES');
INSERT IGNORE INTO developer_group (id_developer_group) VALUES 
(35);
INSERT IGNORE INTO developer_bridge (id_developer_group,id_developer) VALUES 
(35,1);
INSERT IGNORE INTO developer_bridge (id_developer_group,id_developer) VALUES 
(35,1);
INSERT IGNORE INTO developer_bridge (id_developer_group,id_developer) VALUES 
(35,1);
INSERT IGNORE INTO developer_bridge (id_developer_group,id_developer) VALUES 
(35,1);
INSERT IGNORE INTO developer_bridge (id_developer_group,id_developer) VALUES 
(35,1);
INSERT IGNORE INTO developer_bridge (id_developer_group,id_developer) VALUES 
(35,1);
INSERT IGNORE INTO developer_bridge (id_developer_group,id_developer) VALUES 
(35,1);
INSERT IGNORE INTO developer_bridge (id_developer_group,id_developer) VALUES 
(35,1);
INSERT IGNORE INTO developer_bridge (id_developer_group,id_developer) VALUES 
(35,1);
INSERT IGNORE INTO developer_bridge (id_developer_group,id_developer) VALUES 
(35,1);
INSERT IGNORE INTO developer_bridge (id_developer_group,id_developer) VALUES 
(35,1);
INSERT IGNORE INTO developer_bridge (id_developer_group,id_developer) VALUES 
(35,1);
INSERT IGNORE INTO developer_bridge (id_developer_group,id_developer) VALUES 
(35,1);
INSERT IGNORE INTO developer_bridge (id_developer_group,id_developer) VALUES 
(35,1);
INSERT IGNORE INTO developer_bridge (id_developer_group,id_developer) VALUES 
(35,1);
INSERT IGNORE INTO developer_bridge (id_developer_group,id_developer) VALUES 
(35,1);
INSERT IGNORE INTO developer_bridge (id_developer_group,id_developer) VALUES 
(35,1);
INSERT IGNORE INTO developer_bridge (id_developer_group,id_developer) VALUES 
(35,1);
INSERT IGNORE INTO developer_bridge (id_developer_group,id_developer) VALUES 
(35,1);
INSERT IGNORE INTO developer_bridge (id_developer_group,id_developer) VALUES 
(35,1);
INSERT IGNORE INTO developer_bridge (id_developer_group,id_developer) VALUES 
(35,1);
INSERT IGNORE INTO customization_fact (idcustomization, lines_added,lines_deleted,custom_diff,commit_set,message_set,greater_diff,idvariationpoint,id_developer_group, idproductrelease, type) VALUES
(35,21,0,'ZGlmZiAtLWdpdCBhL2lucHV0L21vZHVsZS9pbml0IGIvaW5wdXQvbW9kdWxlL2luaXQKbmV3IGZpbGUgbW9kZSAxMDA2NDQKaW5kZXggMDAwMDAwMC4uYzI3OWVhYQotLS0gL2Rldi9udWxsCkBAIC02LDIgKzEyOCwyMSBAQCBFeHByZXNzaW9uOiAgKHB2Omhhc0ZlYXR1cmUoJ0FpclByZXNzdXJlJykpQ2hhbmdlIFR5cGU6IE5FV19BU1NFVF9XSVRIX05FV19WQVJJQVRJT05QT0lOVF9BTkRfTkVXX0ZFQVRVUkVTCisvLyBQVjpJRkNPTkQocHY6aGFzRmVhdHVyZSgnQWlyUHJlc3N1cmUnKSkvL0F1dGhvcmVkIGJ5OiBsZXRpbW9tZSBpbiBjb21taXQ6YmVmYzdmNWVkYzQ5MzkwMGNlMTYxYWVkODI2YWVlNGU0NjY3Nzk2Mywgd2l0aCBtZXNzYWdlOmFkZGVkIG5ldyBqcyBtb2R1bGUKKwlzZXRFbGVtZW50VGV4dChkb2N1bWVudC5nZXRFbGVtZW50QnlJZCgncHJlc190aXRsZScpLCBwcmVzVGl0bGUpOy8vQXV0aG9yZWQgYnk6IGxldGltb21lIGluIGNvbW1pdDpiZWZjN2Y1ZWRjNDkzOTAwY2UxNjFhZWQ4MjZhZWU0ZTQ2Njc3OTYzLCB3aXRoIG1lc3NhZ2U6YWRkZWQgbmV3IGpzIG1vZHVsZQorCXZhciBjZWxsID0gc3ZnLy9BdXRob3JlZCBieTogbGV0aW1vbWUgaW4gY29tbWl0OmJlZmM3ZjVlZGM0OTM5MDBjZTE2MWFlZDgyNmFlZTRlNDY2Nzc5NjMsIHdpdGggbWVzc2FnZTphZGRlZCBuZXcganMgbW9kdWxlCisgICAgLnNlbGVjdEFsbCgiLm5vZGUiKS8vQXV0aG9yZWQgYnk6IGxldGltb21lIGluIGNvbW1pdDpiZWZjN2Y1ZWRjNDkzOTAwY2UxNjFhZWQ4MjZhZWU0ZTQ2Njc3OTYzLCB3aXRoIG1lc3NhZ2U6YWRkZWQgbmV3IGpzIG1vZHVsZQorICAgIC5kYXRhKHJvb3QuZGVzY2VuZGFudHMoKSkvL0F1dGhvcmVkIGJ5OiBsZXRpbW9tZSBpbiBjb21taXQ6YmVmYzdmNWVkYzQ5MzkwMGNlMTYxYWVkODI2YWVlNGU0NjY3Nzk2Mywgd2l0aCBtZXNzYWdlOmFkZGVkIG5ldyBqcyBtb2R1bGUKKyAgICAuZW50ZXIoKS5hcHBlbmQoImciKS8vQXV0aG9yZWQgYnk6IGxldGltb21lIGluIGNvbW1pdDpiZWZjN2Y1ZWRjNDkzOTAwY2UxNjFhZWQ4MjZhZWU0ZTQ2Njc3OTYzLCB3aXRoIG1lc3NhZ2U6YWRkZWQgbmV3IGpzIG1vZHVsZQorICAgICAgIC5hdHRyKCJ0cmFuc2Zvcm0iLCBmdW5jdGlvbihkKSB7IHJldHVybiAidHJhbnNsYXRlKCIgKyBkLngwICsgIiwiICsgZC55MCArICIpIjsgfSkvL0F1dGhvcmVkIGJ5OiBsZXRpbW9tZSBpbiBjb21taXQ6YmVmYzdmNWVkYzQ5MzkwMGNlMTYxYWVkODI2YWVlNGU0NjY3Nzk2Mywgd2l0aCBtZXNzYWdlOmFkZGVkIG5ldyBqcyBtb2R1bGUKKyAgICAgIC5hdHRyKCJjbGFzcyIsICJub2RlIikvL0F1dGhvcmVkIGJ5OiBsZXRpbW9tZSBpbiBjb21taXQ6YmVmYzdmNWVkYzQ5MzkwMGNlMTYxYWVkODI2YWVlNGU0NjY3Nzk2Mywgd2l0aCBtZXNzYWdlOmFkZGVkIG5ldyBqcyBtb2R1bGUKKyAgICAgIC5lYWNoKGZ1bmN0aW9uKGQpIHsgZC5ub2RlID0gdGhpczsgfSkvL0F1dGhvcmVkIGJ5OiBsZXRpbW9tZSBpbiBjb21taXQ6YmVmYzdmNWVkYzQ5MzkwMGNlMTYxYWVkODI2YWVlNGU0NjY3Nzk2Mywgd2l0aCBtZXNzYWdlOmFkZGVkIG5ldyBqcyBtb2R1bGUKKyAgICAgIC5vbigibW91c2VvdmVyIiwgaG92ZXJlZCh0cnVlKSkvL0F1dGhvcmVkIGJ5OiBsZXRpbW9tZSBpbiBjb21taXQ6YmVmYzdmNWVkYzQ5MzkwMGNlMTYxYWVkODI2YWVlNGU0NjY3Nzk2Mywgd2l0aCBtZXNzYWdlOmFkZGVkIG5ldyBqcyBtb2R1bGUKKyAgICAgIC5vbigibW91c2VvdXQiLCBob3ZlcmVkKGZhbHNlKSkvL0F1dGhvcmVkIGJ5OiBsZXRpbW9tZSBpbiBjb21taXQ6YmVmYzdmNWVkYzQ5MzkwMGNlMTYxYWVkODI2YWVlNGU0NjY3Nzk2Mywgd2l0aCBtZXNzYWdlOmFkZGVkIG5ldyBqcyBtb2R1bGUKKyAgICAub24oImNsaWNrIiwgZnVuY3Rpb24oZCl7Ly9BdXRob3JlZCBieTogbGV0aW1vbWUgaW4gY29tbWl0OmJlZmM3ZjVlZGM0OTM5MDBjZTE2MWFlZDgyNmFlZTRlNDY2Nzc5NjMsIHdpdGggbWVzc2FnZTphZGRlZCBuZXcganMgbW9kdWxlCisgICAgCSAgICBpZihkLmRhdGEub3BlcmF0aW9uPT09InJldXNlZCIpIHdpbmRvdy5hbGVydCgiVGhpcyBhc3NldCBkb2VzIG5vdCBoYXZlIGFueSBEaWZmIGFzc29jaWF0ZWQhXG4gU2VsZWN0IGFub3RoZXIgYXNzZXQiKTsvL0F1dGhvcmVkIGJ5OiBsZXRpbW9tZSBpbiBjb21taXQ6YmVmYzdmNWVkYzQ5MzkwMGNlMTYxYWVkODI2YWVlNGU0NjY3Nzk2Mywgd2l0aCBtZXNzYWdlOmFkZGVkIG5ldyBqcyBtb2R1bGUKKyAgICAJICAgIGVsc2V7Ly9BdXRob3JlZCBieTogbGV0aW1vbWUgaW4gY29tbWl0OmJlZmM3ZjVlZGM0OTM5MDBjZTE2MWFlZDgyNmFlZTRlNDY2Nzc5NjMsIHdpdGggbWVzc2FnZTphZGRlZCBuZXcganMgbW9kdWxlCisgICAgCSAgICAJY29uc29sZS5sb2coImNsaWNrZWQgaWRfYXNzZXQiK2QuZGF0YS5wX2Fzc2V0X2lkKTsvL0F1dGhvcmVkIGJ5OiBsZXRpbW9tZSBpbiBjb21taXQ6YmVmYzdmNWVkYzQ5MzkwMGNlMTYxYWVkODI2YWVlNGU0NjY3Nzk2Mywgd2l0aCBtZXNzYWdlOmFkZGVkIG5ldyBqcyBtb2R1bGUKKyAgICAJCSAgICAvKjwhW0NEQVRBWyovLy9BdXRob3JlZCBieTogbGV0aW1vbWUgaW4gY29tbWl0OmJlZmM3ZjVlZGM0OTM5MDBjZTE2MWFlZDgyNmFlZTRlNDY2Nzc5NjMsIHdpdGggbWVzc2FnZTphZGRlZCBuZXcganMgbW9kdWxlCisgICAgCQkgICAgd2luZG93LmxvY2F0aW9uLmhyZWYgPSAiaHR0cDovL2xvY2FsaG9zdDo4MDgwL2ZpbGVfdnBfc3RydWN0dXJlP3ByPSIgK2QuZGF0YS5wcisiJmZpbGU9IisgZC5kYXRhLnBfYXNzZXRfaWQ7Ly9BdXRob3JlZCBieTogbGV0aW1vbWUgaW4gY29tbWl0OmJlZmM3ZjVlZGM0OTM5MDBjZTE2MWFlZDgyNmFlZTRlNDY2Nzc5NjMsIHdpdGggbWVzc2FnZTphZGRlZCBuZXcganMgbW9kdWxlCisgICAgCQkgICAgLypdXT4qLwkvL0F1dGhvcmVkIGJ5OiBsZXRpbW9tZSBpbiBjb21taXQ6YmVmYzdmNWVkYzQ5MzkwMGNlMTYxYWVkODI2YWVlNGU0NjY3Nzk2Mywgd2l0aCBtZXNzYWdlOmFkZGVkIG5ldyBqcyBtb2R1bGUKKyAgICAJICAgIH0gIH0pLy9BdXRob3JlZCBieTogbGV0aW1vbWUgaW4gY29tbWl0OmJlZmM3ZjVlZGM0OTM5MDBjZTE2MWFlZDgyNmFlZTRlNDY2Nzc5NjMsIHdpdGggbWVzc2FnZTphZGRlZCBuZXcganMgbW9kdWxlCisvLyBQVjpFTkRDT05ELy9BdXRob3JlZCBieTogbGV0aW1vbWUgaW4gY29tbWl0OmJlZmM3ZjVlZGM0OTM5MDBjZTE2MWFlZDgyNmFlZTRlNDY2Nzc5NjMsIHdpdGggbWVzc2FnZTphZGRlZCBuZXcganMgbW9kdWxlCisvL0F1dGhvcmVkIGJ5OiBsZXRpbW9tZSBpbiBjb21taXQ6YmVmYzdmNWVkYzQ5MzkwMGNlMTYxYWVkODI2YWVlNGU0NjY3Nzk2Mywgd2l0aCBtZXNzYWdlOmFkZGVkIG5ldyBqcyBtb2R1bGUK','befc7f5edc493900ce161aed826aee4e46677963; befc7f5edc493900ce161aed826aee4e46677963; befc7f5edc493900ce161aed826aee4e46677963; befc7f5edc493900ce161aed826aee4e46677963; befc7f5edc493900ce161aed826aee4e46677963; befc7f5edc493900ce161aed826aee4e46677963; befc7f5edc493900ce161aed826aee4e46677963; befc7f5edc493900ce161aed826aee4e46677963; befc7f5edc493900ce161aed826aee4e46677963; befc7f5edc493900ce161aed826aee4e46677963; befc7f5edc493900ce161aed826aee4e46677963; befc7f5edc493900ce161aed826aee4e46677963; befc7f5edc493900ce161aed826aee4e46677963; befc7f5edc493900ce161aed826aee4e46677963; befc7f5edc493900ce161aed826aee4e46677963; befc7f5edc493900ce161aed826aee4e46677963; befc7f5edc493900ce161aed826aee4e46677963; befc7f5edc493900ce161aed826aee4e46677963; befc7f5edc493900ce161aed826aee4e46677963; befc7f5edc493900ce161aed826aee4e46677963; befc7f5edc493900ce161aed826aee4e46677963; ','added new js module; ','ZGlmZiAtLWdpdCBhL2lucHV0L21vZHVsZS9pbml0IGIvaW5wdXQvbW9kdWxlL2luaXQKbmV3IGZpbGUgbW9kZSAxMDA2NDQKaW5kZXggMDAwMDAwMC4uYzI3OWVhYQotLS0gL2Rldi9udWxsCisrKyBiL2lucHV0L21vZHVsZS9pbml0CkBAIC0wLDAgKzEsMTg0IEBACisKK2Z1bmN0aW9uIGluaXRMYXlvdXQoKSB7CisJaW5pdGlhdGVTY2FsZXMoKTsKKwlzZXRUaXRsZXMoKTsKK30KKworZnVuY3Rpb24gaW5pdGlhdGVTY2FsZXMoKSB7CisvLyBQVjpJRkNPTkQocHY6aGFzRmVhdHVyZSgnQWlyUHJlc3N1cmUnKSkKKwl2YXIgcGFyZW50ID0gZG9jdW1lbnQuZ2V0RWxlbWVudEJ5SWQoJ3BfbWFpbicpOworCXNldFNjYWxlKHBhcmVudCwgbWluUHJlcywgbWF4UHJlcywgcHJlc1NjYWxlLCAxNCksCisJZnVuY3Rpb24oZCkgeworCSAgICBkMy5zZWxlY3RBbGwoZC5hbmNlc3RvcnMoKS5tYXAoZnVuY3Rpb24oZCkgeyByZXR1cm4gZC5ub2RlOyB9KSkKKwkgICAgICAgIC5jbGFzc2VkKCJub2RlLS1ob3ZlciIsIGhvdmVyKQorCSAgICAgIC4Jc2VsZWN0KCJyZWN0IikKKwkgICAgICAuc3R5bGUoImJvZGVyLWNvbG9yIiwiYmxhY2siKQorCSAgICAgICAuc3R5bGUoInN0cm9rZSIsImJsYWNrIikKKwkgICAgICAgIC5hdHRyKCJ3aWR0aCIsIGZ1bmN0aW9uKGQpIHsgcmV0dXJuIGQueDEgLSBkLngwIC0gaG92ZXI7IH0pCisJICAgICAgICAuYXR0cigiaGVpZ2h0IiwgZnVuY3Rpb24oZCkgeyByZXR1cm4gZC55MSAtIGQueTAgLSBob3ZlcjsgfSk7CisJICAgIAorCSAgICBpZihob3Zlcj09ZmFsc2UpCisJICAgIAlkMy5zZWxlY3RBbGwoZC5hbmNlc3RvcnMoKS5tYXAoZnVuY3Rpb24oZCkgeyByZXR1cm4gZC5ub2RlOyB9KSkKKwkgICAgCSAgICAgIC5jbGFzc2VkKCJub2RlLS1ob3ZlciIsIGhvdmVyKS5zZWxlY3QoInJlY3QiKS4KKwkgICAgCSAgICAgIHN0eWxlKCJmaWxsIiwgZnVuY3Rpb24oZCkgeyAKKwkgICAgCSAgICAJICAJdmFyIG9wZXJhdGlvbiA9IGQuZGF0YS5vcGVyYXRpb247CisJICAJICAgIAkJaWYgKCAob3BlcmF0aW9uID09InVuZGVmaW5lZCIpIHx8IChkLmRhdGEub3BlcmF0aW9uPT1udWxsKSkgcmV0dXJuICIjY2NjY2NjIjsKKwkgIAkgICAgCSAgCWVsc2UgaWYgKG9wZXJhdGlvbj09KCJhZGQiKSkgcmV0dXJuICIjM2ZhYzU0IjsKKwkgIAkgICAgCSAgCWVsc2UgaWYgKG9wZXJhdGlvbj09KCJkZWxldGUiKSkgcmV0dXJuICIjZTYzMjNkIjsKKwkgIAkgICAgCSAgCWVsc2UgaWYgKG9wZXJhdGlvbj09ImNodXJuIikgcmV0dXJuICIjRkY4MTAwIjsKKwkgICAgCSAgICAJICB9KTsKKwkgICAgZWxzZSBkMy5zZWxlY3QoZC5ub2RlKS5jbGFzc2VkKCJub2RlLS1ob3ZlciIsIGhvdmVyKS4KKwkgICAgc2VsZWN0KCJyZWN0Iikuc3R5bGUoImZpbGwiLCIjNjQ5NWVkIik7CisJICB9OworICAvKioKKyAgdmFyIG9wZXJhdGlvbiA9IGQuZGF0YS5vcGVyYXRpb247CisJICAgIAkJaWYgKCAob3BlcmF0aW9uID09InVuZGVmaW5lZCIpIHx8IChkLmRhdGEub3BlcmF0aW9uPT1udWxsKSkgcmV0dXJuICIjY2NjY2NjIjsKKwkgICAgCSAgCWVsc2UgaWYgKG9wZXJhdGlvbj09KCJhZGQiKSkgcmV0dXJuICIjM2ZhYzU0IjsKKwkgICAgCSAgCWVsc2UgaWYgKG9wZXJhdGlvbj09KCJkZWxldGUiKSkgcmV0dXJuICIjZTYzMjNkIjsKKyAgKi8KKyAgZnVuY3Rpb24gY2xpY2tlZChjbGljayl7CisJICBjb25zb2xlLmxvZygiY2xpY2tlZCIpOworCSAgY29uc29sZS5sb2coZC5kYXRhLmlkX2NvcmVfYXNzZXQpOworCSAgd2luZG93LmxvY2F0aW9uLmhyZWYoImh0dHRwczovL2xvY2FsaG9zdDo4MDgwIik7CisgIH07Cit9CisvLyBQVjpFTkRDT05ECisKKy8vIFBWOklGQ09ORChwdjpoYXNGZWF0dXJlKCdUZW1wZXJhdHVyZScpKQorCXZhciBwYXJlbnQgPSBkb2N1bWVudC5nZXRFbGVtZW50QnlJZCgndF9zY2FsZScpOworCXNldFNjYWxlKHBhcmVudCwgbWluVGVtcCwgbWF4VGVtcCwgdGVtcFNjYWxlLCA2KSwKKwlmdW5jdGlvbihkKSB7CisJICAgIGQzLnNlbGVjdEFsbChkLmFuY2VzdG9ycygpLm1hcChmdW5jdGlvbihkKSB7IHJldHVybiBkLm5vZGU7IH0pKQorCSAgICAgICAgLmNsYXNzZWQoIm5vZGUtLWhvdmVyIiwgaG92ZXIpCisJICAgICAgLglzZWxlY3QoInJlY3QiKQorCSAgICAgIC5zdHlsZSgiYm9kZXItY29sb3IiLCJibGFjayIpCisJICAgICAgIC5zdHlsZSgic3Ryb2tlIiwiYmxhY2siKQorCSAgICAgICAgLmF0dHIoIndpZHRoIiwgZnVuY3Rpb24oZCkgeyByZXR1cm4gZC54MSAtIGQueDAgLSBob3ZlcjsgfSkKKwkgICAgICAgIC5hdHRyKCJoZWlnaHQiLCBmdW5jdGlvbihkKSB7IHJldHVybiBkLnkxIC0gZC55MCAtIGhvdmVyOyB9KTsKKwkgICAgCisJICAgIGlmKGhvdmVyPT1mYWxzZSkKKwkgICAgCWQzLnNlbGVjdEFsbChkLmFuY2VzdG9ycygpLm1hcChmdW5jdGlvbihkKSB7IHJldHVybiBkLm5vZGU7IH0pKQorCSAgICAJICAgICAgLmNsYXNzZWQoIm5vZGUtLWhvdmVyIiwgaG92ZXIpLnNlbGVjdCgicmVjdCIpLgorCSAgICAJICAgICAgc3R5bGUoImZpbGwiLCBmdW5jdGlvbihkKSB7IAorCSAgICAJICAgIAkgIAl2YXIgb3BlcmF0aW9uID0gZC5kYXRhLm9wZXJhdGlvbjsKKwkgIAkgICAgCQlpZiAoIChvcGVyYXRpb24gPT0idW5kZWZpbmVkIikgfHwgKGQuZGF0YS5vcGVyYXRpb249PW51bGwpKSByZXR1cm4gIiNjY2NjY2MiOworCSAgCSAgICAJICAJZWxzZSBpZiAob3BlcmF0aW9uPT0oImFkZCIpKSByZXR1cm4gIiMzZmFjNTQiOworCSAgCSAgICAJICAJZWxzZSBpZiAob3BlcmF0aW9uPT0oImRlbGV0ZSIpKSByZXR1cm4gIiNlNjMyM2QiOworCSAgCSAgICAJICAJZWxzZSBpZiAob3BlcmF0aW9uPT0iY2h1cm4iKSByZXR1cm4gIiNGRjgxMDAiOworCSAgICAJICAgIAkgIH0pOworCSAgICBlbHNlIGQzLnNlbGVjdChkLm5vZGUpLmNsYXNzZWQoIm5vZGUtLWhvdmVyIiwgaG92ZXIpLgorCSAgICBzZWxlY3QoInJlY3QiKS5zdHlsZSgiZmlsbCIsIiM2NDk1ZWQiKTsKKwkgIH07CisgIC8qKgorICB2YXIgb3BlcmF0aW9uID0gZC5kYXRhLm9wZXJhdGlvbjsKKwkgICAgCQlpZiAoIChvcGVyYXRpb24gPT0idW5kZWZpbmVkIikgfHwgKGQuZGF0YS5vcGVyYXRpb249PW51bGwpKSByZXR1cm4gIiNjY2NjY2MiOworCSAgICAJICAJZWxzZSBpZiAob3BlcmF0aW9uPT0oImFkZCIpKSByZXR1cm4gIiMzZmFjNTQiOworCSAgICAJICAJZWxzZSBpZiAob3BlcmF0aW9uPT0oImRlbGV0ZSIpKSByZXR1cm4gIiNlNjMyM2QiOworICAqLworICBmdW5jdGlvbiBjbGlja2VkKGNsaWNrKXsKKwkgIGNvbnNvbGUubG9nKCJjbGlja2VkIik7CisJICBjb25zb2xlLmxvZyhkLmRhdGEuaWRfY29yZV9hc3NldCk7CisJICB3aW5kb3cubG9jYXRpb24uaHJlZigiaHR0dHBzOi8vbG9jYWxob3N0OjgwODAiKTsKKyAgfTsKKworLy8gUFY6RU5EQ09ORAorCisvLyBQVjpJRkNPTkQocHY6aGFzRmVhdHVyZSgnV2luZFNwZWVkJykpCisJdmFyIHBhcmVudCA9IGRvY3VtZW50LmdldEVsZW1lbnRCeUlkKCd3X21haW4nKTsKKwlzZXRTY2FsZShwYXJlbnQsIG1pbldpbmQsIG1heFdpbmQsIHdpbmRTY2FsZSwgMTQpOworCXZhciBjZWxsID0gc3ZnCisgICAgLnNlbGVjdEFsbCgiLm5vZGUiKQorICAgIC5kYXRhKHJvb3QuZGVzY2VuZGFudHMoKSkKKyAgICAuZW50ZXIoKS5hcHBlbmQoImciKQorICAgICAgIC5hdHRyKCJ0cmFuc2Zvcm0iLCBmdW5jdGlvbihkKSB7IHJldHVybiAidHJhbnNsYXRlKCIgKyBkLngwICsgIiwiICsgZC55MCArICIpIjsgfSkKKyAgICAgIC5hdHRyKCJjbGFzcyIsICJub2RlIikKKyAgICAgIC5lYWNoKGZ1bmN0aW9uKGQpIHsgZC5ub2RlID0gdGhpczsgfSkKKyAgICAgIC5vbigibW91c2VvdmVyIiwgaG92ZXJlZCh0cnVlKSkKKyAgICAgIC5vbigibW91c2VvdXQiLCBob3ZlcmVkKGZhbHNlKSkKKyAgICAub24oImNsaWNrIiwgZnVuY3Rpb24oZCl7CisgICAgCSAgICBpZihkLmRhdGEub3BlcmF0aW9uPT09InJldXNlZCIpIHdpbmRvdy5hbGVydCgiVGhpcyBhc3NldCBkb2VzIG5vdCBoYXZlIGFueSBEaWZmIGFzc29jaWF0ZWQhXG4gU2VsZWN0IGFub3RoZXIgYXNzZXQiKTsKKyAgICAJICAgIGVsc2V7CisgICAgCSAgICAJY29uc29sZS5sb2coImNsaWNrZWQgaWRfYXNzZXQiK2QuZGF0YS5wX2Fzc2V0X2lkKTsKKyAgICAJCSAgICAvKjwhW0NEQVRBWyovCisgICAgCQkgICAgd2luZG93LmxvY2F0aW9uLmhyZWYgPSAiaHR0cDovL2xvY2FsaG9zdDo4MDgwL2ZpbGVfdnBfc3RydWN0dXJlP3ByPSIgK2QuZGF0YS5wcisiJmZpbGU9IisgZC5kYXRhLnBfYXNzZXRfaWQ7CisgICAgCQkgICAgLypdXT4qLwkKKyAgICAJICAgIH0gIH0pOworLy8gUFY6RU5EQ09ORAorCisKK2Z1bmN0aW9uIHNldFNjYWxlKHBhcmVudCwgbWluLCBtYXgsIHVuaXQsIHBhcnRDb3VudCkgeworCXZhciBkaXN0ID0gKG1heCAtIG1pbikvKHBhcnRDb3VudC0xKTsKKworCWZvciAoaT0wOyBpPHBhcmVudC5jaGlsZE5vZGVzLmxlbmd0aDsgaSsrKSB7CisJCXZhciBlbGVtZW50ID0gcGFyZW50LmNoaWxkTm9kZXNbaV07CisJCWlmIChlbGVtZW50LmNsYXNzTmFtZSAhPSBudWxsICYmIGVsZW1lbnQuY2xhc3NOYW1lICE9ICcnICYmIGVsZW1lbnQuY2xhc3NOYW1lICE9IG51bGwpIHsKKwkJCWlmICgobnVtYmVyID0gZWxlbWVudC5jbGFzc05hbWUubWF0Y2goJ3RleHRfKFxcZCspJykpKSB7CisJCQkJc2V0RWxlbWVudFRleHQoZWxlbWVudCwgTWF0aC5yb3VuZChtaW4gKyBudW1iZXJbMV0qZGlzdCkpOworCQkJfQorCQkJaWYgKGVsZW1lbnQuY2xhc3NOYW1lID09ICd1bml0JykgeworCQkJCXNldEVsZW1lbnRUZXh0KGVsZW1lbnQsIHVuaXQpOworCQkJfQorCQl9CisJfQorfQorCitmdW5jdGlvbiBzZXRUaXRsZXMoKSB7CisJc2V0RWxlbWVudFRleHQoZG9jdW1lbnQuZ2V0RWxlbWVudEJ5SWQoJ21haW5fdGl0bGUnKSwgbWFpblRpdGxlKTsKKworLy8gUFY6SUZDT05EKHB2Omhhc0ZlYXR1cmUoJ0FpclByZXNzdXJlJykpCisJc2V0RWxlbWVudFRleHQoZG9jdW1lbnQuZ2V0RWxlbWVudEJ5SWQoJ3ByZXNfdGl0bGUnKSwgcHJlc1RpdGxlKTsKKwl2YXIgY2VsbCA9IHN2ZworICAgIC5zZWxlY3RBbGwoIi5ub2RlIikKKyAgICAuZGF0YShyb290LmRlc2NlbmRhbnRzKCkpCisgICAgLmVudGVyKCkuYXBwZW5kKCJnIikKKyAgICAgICAuYXR0cigidHJhbnNmb3JtIiwgZnVuY3Rpb24oZCkgeyByZXR1cm4gInRyYW5zbGF0ZSgiICsgZC54MCArICIsIiArIGQueTAgKyAiKSI7IH0pCisgICAgICAuYXR0cigiY2xhc3MiLCAibm9kZSIpCisgICAgICAuZWFjaChmdW5jdGlvbihkKSB7IGQubm9kZSA9IHRoaXM7IH0pCisgICAgICAub24oIm1vdXNlb3ZlciIsIGhvdmVyZWQodHJ1ZSkpCisgICAgICAub24oIm1vdXNlb3V0IiwgaG92ZXJlZChmYWxzZSkpCisgICAgLm9uKCJjbGljayIsIGZ1bmN0aW9uKGQpeworICAgIAkgICAgaWYoZC5kYXRhLm9wZXJhdGlvbj09PSJyZXVzZWQiKSB3aW5kb3cuYWxlcnQoIlRoaXMgYXNzZXQgZG9lcyBub3QgaGF2ZSBhbnkgRGlmZiBhc3NvY2lhdGVkIVxuIFNlbGVjdCBhbm90aGVyIGFzc2V0Iik7CisgICAgCSAgICBlbHNleworICAgIAkgICAgCWNvbnNvbGUubG9nKCJjbGlja2VkIGlkX2Fzc2V0IitkLmRhdGEucF9hc3NldF9pZCk7CisgICAgCQkgICAgLyo8IVtDREFUQVsqLworICAgIAkJICAgIHdpbmRvdy5sb2NhdGlvbi5ocmVmID0gImh0dHA6Ly9sb2NhbGhvc3Q6ODA4MC9maWxlX3ZwX3N0cnVjdHVyZT9wcj0iICtkLmRhdGEucHIrIiZmaWxlPSIrIGQuZGF0YS5wX2Fzc2V0X2lkOworICAgIAkJICAgIC8qXV0+Ki8JCisgICAgCSAgICB9ICB9KQorLy8gUFY6RU5EQ09ORAorCisvLyBQVjpJRkNPTkQocHY6aGFzRmVhdHVyZSgnVGVtcGVyYXR1cmUnKSkKKwlzZXRFbGVtZW50VGV4dChkb2N1bWVudC5nZXRFbGVtZW50QnlJZCgndGVtcF90aXRsZScpLCB0ZW1wVGl0bGUpOworCXZhciBsYWJlbCA9IGNlbGwuYXBwZW5kKCJ0ZXh0IikKKyAgICAuYXR0cigiY2xpcC1wYXRoIiwgZnVuY3Rpb24oZCkgeyByZXR1cm4gInVybCgjY2xpcC0iICsgZC5pZCArICIpIjsgfSk7CisKK2xhYmVsCisgIC5maWx0ZXIoZnVuY3Rpb24oZCkgeyByZXR1cm4gZC5jaGlsZHJlbjsgfSkKKyAgLnNlbGVjdEFsbCgidHNwYW4iKQorICAgIC5kYXRhKGZ1bmN0aW9uKGQpIHsgcmV0dXJuIGQuaWQuc3Vic3RyaW5nKGQuaWQubGFzdEluZGV4T2YoIi8iKSArIDEpLnNwbGl0KC8oPz1bQS1aXVteQS1aXSkvZykuY29uY2F0KCJceGEwIiArIGZvcm1hdChkLnZhbHVlKSk7IH0pCisgIC5lbnRlcigpLmFwcGVuZCgidHNwYW4iKQorICAgIC5hdHRyKCJ4IiwgZnVuY3Rpb24oZCwgaSkgeyByZXR1cm4gaSA/IG51bGwgOiA0OyB9KQorICAgIC5hdHRyKCJ5IiwgMTMpCisgICAgLnRleHQoZnVuY3Rpb24oZCkgeyByZXR1cm4gZDsgfSk7CisvLyBQVjpFTkRDT05ECisKKy8vIFBWOklGQ09ORChwdjpoYXNGZWF0dXJlKCdXaW5kU3BlZWQnKSkKKwlzZXRFbGVtZW50VGV4dChkb2N1bWVudC5nZXRFbGVtZW50QnlJZCgnd2luZF90aXRsZScpLCB3aW5kVGl0bGUpOworCXZhciBsYWJlbCA9IGNlbGwuYXBwZW5kKCJ0ZXh0IikKKyAgICAuYXR0cigiY2xpcC1wYXRoIiwgZnVuY3Rpb24oZCkgeyByZXR1cm4gInVybCgjY2xpcC0iICsgZC5pZCArICIpIjsgfSk7CisKK2xhYmVsCisgIC5maWx0ZXIoZnVuY3Rpb24oZCkgeyByZXR1cm4gZC5jaGlsZHJlbjsgfSkKKyAgLnNlbGVjdEFsbCgidHNwYW4iKQorICAgIC5kYXRhKGZ1bmN0aW9uKGQpIHsgcmV0dXJuIGQuaWQuc3Vic3RyaW5nKGQuaWQubGFzdEluZGV4T2YoIi8iKSArIDEpLnNwbGl0KC8oPz1bQS1aXVteQS1aXSkvZykuY29uY2F0KCJceGEwIiArIGZvcm1hdChkLnZhbHVlKSk7IH0pCisgIC5lbnRlcigpLmFwcGVuZCgidHNwYW4iKQorICAgIC5hdHRyKCJ4IiwgZnVuY3Rpb24oZCwgaSkgeyByZXR1cm4gaSA/IG51bGwgOiA0OyB9KQorICAgIC5hdHRyKCJ5IiwgMTMpCisgICAgLnRleHQoZnVuY3Rpb24oZCkgeyByZXR1cm4gZDsgfSk7CisvLyBQVjpFTkRDT05ECit9CisKK2Z1bmN0aW9uIHNldEVsZW1lbnRUZXh0KGVsZW1lbnQsIHRleHQpIHsKKwl2YXIgdGV4dE5vZGUgPSBkb2N1bWVudC5jcmVhdGVUZXh0Tm9kZSh0ZXh0KTsKKwlpZiAoZWxlbWVudC5oYXNDaGlsZE5vZGVzKCkpIGVsZW1lbnQucmVwbGFjZUNoaWxkKHRleHROb2RlLCBlbGVtZW50LmZpcnN0Q2hpbGQpOworCWVsc2UgZWxlbWVudC5hcHBlbmRDaGlsZCh0ZXh0Tm9kZSk7Cit9Cg==',113,35,2,'NEW_ASSET_WITH_NEW_VARIATIONPOINT_AND_NEW_FEATURES');
INSERT IGNORE INTO developer_group (id_developer_group) VALUES 
(36);
INSERT IGNORE INTO developer_bridge (id_developer_group,id_developer) VALUES 
(36,1);
INSERT IGNORE INTO developer_bridge (id_developer_group,id_developer) VALUES 
(36,1);
INSERT IGNORE INTO developer_bridge (id_developer_group,id_developer) VALUES 
(36,1);
INSERT IGNORE INTO developer_bridge (id_developer_group,id_developer) VALUES 
(36,1);
INSERT IGNORE INTO developer_bridge (id_developer_group,id_developer) VALUES 
(36,1);
INSERT IGNORE INTO developer_bridge (id_developer_group,id_developer) VALUES 
(36,1);
INSERT IGNORE INTO developer_bridge (id_developer_group,id_developer) VALUES 
(36,1);
INSERT IGNORE INTO developer_bridge (id_developer_group,id_developer) VALUES 
(36,1);
INSERT IGNORE INTO developer_bridge (id_developer_group,id_developer) VALUES 
(36,1);
INSERT IGNORE INTO developer_bridge (id_developer_group,id_developer) VALUES 
(36,1);
INSERT IGNORE INTO developer_bridge (id_developer_group,id_developer) VALUES 
(36,1);
INSERT IGNORE INTO developer_bridge (id_developer_group,id_developer) VALUES 
(36,1);
INSERT IGNORE INTO developer_bridge (id_developer_group,id_developer) VALUES 
(36,1);
INSERT IGNORE INTO developer_bridge (id_developer_group,id_developer) VALUES 
(36,1);
INSERT IGNORE INTO developer_bridge (id_developer_group,id_developer) VALUES 
(36,1);
INSERT IGNORE INTO customization_fact (idcustomization, lines_added,lines_deleted,custom_diff,commit_set,message_set,greater_diff,idvariationpoint,id_developer_group, idproductrelease, type) VALUES
(36,15,0,'ZGlmZiAtLWdpdCBhL2lucHV0L21vZHVsZS9pbml0IGIvaW5wdXQvbW9kdWxlL2luaXQKbmV3IGZpbGUgbW9kZSAxMDA2NDQKaW5kZXggMDAwMDAwMC4uYzI3OWVhYQotLS0gL2Rldi9udWxsCkBAIC04LDIgKzE0OSwxNSBAQCBFeHByZXNzaW9uOiAgKHB2Omhhc0ZlYXR1cmUoJ1RlbXBlcmF0dXJlJykpQ2hhbmdlIFR5cGU6IE5FV19BU1NFVF9XSVRIX05FV19WQVJJQVRJT05QT0lOVF9BTkRfTkVXX0ZFQVRVUkVTCisvLyBQVjpJRkNPTkQocHY6aGFzRmVhdHVyZSgnVGVtcGVyYXR1cmUnKSkvL0F1dGhvcmVkIGJ5OiBsZXRpbW9tZSBpbiBjb21taXQ6YmVmYzdmNWVkYzQ5MzkwMGNlMTYxYWVkODI2YWVlNGU0NjY3Nzk2Mywgd2l0aCBtZXNzYWdlOmFkZGVkIG5ldyBqcyBtb2R1bGUKKwlzZXRFbGVtZW50VGV4dChkb2N1bWVudC5nZXRFbGVtZW50QnlJZCgndGVtcF90aXRsZScpLCB0ZW1wVGl0bGUpOy8vQXV0aG9yZWQgYnk6IGxldGltb21lIGluIGNvbW1pdDpiZWZjN2Y1ZWRjNDkzOTAwY2UxNjFhZWQ4MjZhZWU0ZTQ2Njc3OTYzLCB3aXRoIG1lc3NhZ2U6YWRkZWQgbmV3IGpzIG1vZHVsZQorCXZhciBsYWJlbCA9IGNlbGwuYXBwZW5kKCJ0ZXh0IikvL0F1dGhvcmVkIGJ5OiBsZXRpbW9tZSBpbiBjb21taXQ6YmVmYzdmNWVkYzQ5MzkwMGNlMTYxYWVkODI2YWVlNGU0NjY3Nzk2Mywgd2l0aCBtZXNzYWdlOmFkZGVkIG5ldyBqcyBtb2R1bGUKKyAgICAuYXR0cigiY2xpcC1wYXRoIiwgZnVuY3Rpb24oZCkgeyByZXR1cm4gInVybCgjY2xpcC0iICsgZC5pZCArICIpIjsgfSk7Ly9BdXRob3JlZCBieTogbGV0aW1vbWUgaW4gY29tbWl0OmJlZmM3ZjVlZGM0OTM5MDBjZTE2MWFlZDgyNmFlZTRlNDY2Nzc5NjMsIHdpdGggbWVzc2FnZTphZGRlZCBuZXcganMgbW9kdWxlCisvL0F1dGhvcmVkIGJ5OiBsZXRpbW9tZSBpbiBjb21taXQ6YmVmYzdmNWVkYzQ5MzkwMGNlMTYxYWVkODI2YWVlNGU0NjY3Nzk2Mywgd2l0aCBtZXNzYWdlOmFkZGVkIG5ldyBqcyBtb2R1bGUKK2xhYmVsLy9BdXRob3JlZCBieTogbGV0aW1vbWUgaW4gY29tbWl0OmJlZmM3ZjVlZGM0OTM5MDBjZTE2MWFlZDgyNmFlZTRlNDY2Nzc5NjMsIHdpdGggbWVzc2FnZTphZGRlZCBuZXcganMgbW9kdWxlCisgIC5maWx0ZXIoZnVuY3Rpb24oZCkgeyByZXR1cm4gZC5jaGlsZHJlbjsgfSkvL0F1dGhvcmVkIGJ5OiBsZXRpbW9tZSBpbiBjb21taXQ6YmVmYzdmNWVkYzQ5MzkwMGNlMTYxYWVkODI2YWVlNGU0NjY3Nzk2Mywgd2l0aCBtZXNzYWdlOmFkZGVkIG5ldyBqcyBtb2R1bGUKKyAgLnNlbGVjdEFsbCgidHNwYW4iKS8vQXV0aG9yZWQgYnk6IGxldGltb21lIGluIGNvbW1pdDpiZWZjN2Y1ZWRjNDkzOTAwY2UxNjFhZWQ4MjZhZWU0ZTQ2Njc3OTYzLCB3aXRoIG1lc3NhZ2U6YWRkZWQgbmV3IGpzIG1vZHVsZQorICAgIC5kYXRhKGZ1bmN0aW9uKGQpIHsgcmV0dXJuIGQuaWQuc3Vic3RyaW5nKGQuaWQubGFzdEluZGV4T2YoIi8iKSArIDEpLnNwbGl0KC8oPz1bQS1aXVteQS1aXSkvZykuY29uY2F0KCJceGEwIiArIGZvcm1hdChkLnZhbHVlKSk7IH0pLy9BdXRob3JlZCBieTogbGV0aW1vbWUgaW4gY29tbWl0OmJlZmM3ZjVlZGM0OTM5MDBjZTE2MWFlZDgyNmFlZTRlNDY2Nzc5NjMsIHdpdGggbWVzc2FnZTphZGRlZCBuZXcganMgbW9kdWxlCisgIC5lbnRlcigpLmFwcGVuZCgidHNwYW4iKS8vQXV0aG9yZWQgYnk6IGxldGltb21lIGluIGNvbW1pdDpiZWZjN2Y1ZWRjNDkzOTAwY2UxNjFhZWQ4MjZhZWU0ZTQ2Njc3OTYzLCB3aXRoIG1lc3NhZ2U6YWRkZWQgbmV3IGpzIG1vZHVsZQorICAgIC5hdHRyKCJ4IiwgZnVuY3Rpb24oZCwgaSkgeyByZXR1cm4gaSA/IG51bGwgOiA0OyB9KS8vQXV0aG9yZWQgYnk6IGxldGltb21lIGluIGNvbW1pdDpiZWZjN2Y1ZWRjNDkzOTAwY2UxNjFhZWQ4MjZhZWU0ZTQ2Njc3OTYzLCB3aXRoIG1lc3NhZ2U6YWRkZWQgbmV3IGpzIG1vZHVsZQorICAgIC5hdHRyKCJ5IiwgMTMpLy9BdXRob3JlZCBieTogbGV0aW1vbWUgaW4gY29tbWl0OmJlZmM3ZjVlZGM0OTM5MDBjZTE2MWFlZDgyNmFlZTRlNDY2Nzc5NjMsIHdpdGggbWVzc2FnZTphZGRlZCBuZXcganMgbW9kdWxlCisgICAgLnRleHQoZnVuY3Rpb24oZCkgeyByZXR1cm4gZDsgfSk7Ly9BdXRob3JlZCBieTogbGV0aW1vbWUgaW4gY29tbWl0OmJlZmM3ZjVlZGM0OTM5MDBjZTE2MWFlZDgyNmFlZTRlNDY2Nzc5NjMsIHdpdGggbWVzc2FnZTphZGRlZCBuZXcganMgbW9kdWxlCisvLyBQVjpFTkRDT05ELy9BdXRob3JlZCBieTogbGV0aW1vbWUgaW4gY29tbWl0OmJlZmM3ZjVlZGM0OTM5MDBjZTE2MWFlZDgyNmFlZTRlNDY2Nzc5NjMsIHdpdGggbWVzc2FnZTphZGRlZCBuZXcganMgbW9kdWxlCisvL0F1dGhvcmVkIGJ5OiBsZXRpbW9tZSBpbiBjb21taXQ6YmVmYzdmNWVkYzQ5MzkwMGNlMTYxYWVkODI2YWVlNGU0NjY3Nzk2Mywgd2l0aCBtZXNzYWdlOmFkZGVkIG5ldyBqcyBtb2R1bGUK','befc7f5edc493900ce161aed826aee4e46677963; befc7f5edc493900ce161aed826aee4e46677963; befc7f5edc493900ce161aed826aee4e46677963; befc7f5edc493900ce161aed826aee4e46677963; befc7f5edc493900ce161aed826aee4e46677963; befc7f5edc493900ce161aed826aee4e46677963; befc7f5edc493900ce161aed826aee4e46677963; befc7f5edc493900ce161aed826aee4e46677963; befc7f5edc493900ce161aed826aee4e46677963; befc7f5edc493900ce161aed826aee4e46677963; befc7f5edc493900ce161aed826aee4e46677963; befc7f5edc493900ce161aed826aee4e46677963; befc7f5edc493900ce161aed826aee4e46677963; befc7f5edc493900ce161aed826aee4e46677963; befc7f5edc493900ce161aed826aee4e46677963; ','added new js module; ','ZGlmZiAtLWdpdCBhL2lucHV0L21vZHVsZS9pbml0IGIvaW5wdXQvbW9kdWxlL2luaXQKbmV3IGZpbGUgbW9kZSAxMDA2NDQKaW5kZXggMDAwMDAwMC4uYzI3OWVhYQotLS0gL2Rldi9udWxsCisrKyBiL2lucHV0L21vZHVsZS9pbml0CkBAIC0wLDAgKzEsMTg0IEBACisKK2Z1bmN0aW9uIGluaXRMYXlvdXQoKSB7CisJaW5pdGlhdGVTY2FsZXMoKTsKKwlzZXRUaXRsZXMoKTsKK30KKworZnVuY3Rpb24gaW5pdGlhdGVTY2FsZXMoKSB7CisvLyBQVjpJRkNPTkQocHY6aGFzRmVhdHVyZSgnQWlyUHJlc3N1cmUnKSkKKwl2YXIgcGFyZW50ID0gZG9jdW1lbnQuZ2V0RWxlbWVudEJ5SWQoJ3BfbWFpbicpOworCXNldFNjYWxlKHBhcmVudCwgbWluUHJlcywgbWF4UHJlcywgcHJlc1NjYWxlLCAxNCksCisJZnVuY3Rpb24oZCkgeworCSAgICBkMy5zZWxlY3RBbGwoZC5hbmNlc3RvcnMoKS5tYXAoZnVuY3Rpb24oZCkgeyByZXR1cm4gZC5ub2RlOyB9KSkKKwkgICAgICAgIC5jbGFzc2VkKCJub2RlLS1ob3ZlciIsIGhvdmVyKQorCSAgICAgIC4Jc2VsZWN0KCJyZWN0IikKKwkgICAgICAuc3R5bGUoImJvZGVyLWNvbG9yIiwiYmxhY2siKQorCSAgICAgICAuc3R5bGUoInN0cm9rZSIsImJsYWNrIikKKwkgICAgICAgIC5hdHRyKCJ3aWR0aCIsIGZ1bmN0aW9uKGQpIHsgcmV0dXJuIGQueDEgLSBkLngwIC0gaG92ZXI7IH0pCisJICAgICAgICAuYXR0cigiaGVpZ2h0IiwgZnVuY3Rpb24oZCkgeyByZXR1cm4gZC55MSAtIGQueTAgLSBob3ZlcjsgfSk7CisJICAgIAorCSAgICBpZihob3Zlcj09ZmFsc2UpCisJICAgIAlkMy5zZWxlY3RBbGwoZC5hbmNlc3RvcnMoKS5tYXAoZnVuY3Rpb24oZCkgeyByZXR1cm4gZC5ub2RlOyB9KSkKKwkgICAgCSAgICAgIC5jbGFzc2VkKCJub2RlLS1ob3ZlciIsIGhvdmVyKS5zZWxlY3QoInJlY3QiKS4KKwkgICAgCSAgICAgIHN0eWxlKCJmaWxsIiwgZnVuY3Rpb24oZCkgeyAKKwkgICAgCSAgICAJICAJdmFyIG9wZXJhdGlvbiA9IGQuZGF0YS5vcGVyYXRpb247CisJICAJICAgIAkJaWYgKCAob3BlcmF0aW9uID09InVuZGVmaW5lZCIpIHx8IChkLmRhdGEub3BlcmF0aW9uPT1udWxsKSkgcmV0dXJuICIjY2NjY2NjIjsKKwkgIAkgICAgCSAgCWVsc2UgaWYgKG9wZXJhdGlvbj09KCJhZGQiKSkgcmV0dXJuICIjM2ZhYzU0IjsKKwkgIAkgICAgCSAgCWVsc2UgaWYgKG9wZXJhdGlvbj09KCJkZWxldGUiKSkgcmV0dXJuICIjZTYzMjNkIjsKKwkgIAkgICAgCSAgCWVsc2UgaWYgKG9wZXJhdGlvbj09ImNodXJuIikgcmV0dXJuICIjRkY4MTAwIjsKKwkgICAgCSAgICAJICB9KTsKKwkgICAgZWxzZSBkMy5zZWxlY3QoZC5ub2RlKS5jbGFzc2VkKCJub2RlLS1ob3ZlciIsIGhvdmVyKS4KKwkgICAgc2VsZWN0KCJyZWN0Iikuc3R5bGUoImZpbGwiLCIjNjQ5NWVkIik7CisJICB9OworICAvKioKKyAgdmFyIG9wZXJhdGlvbiA9IGQuZGF0YS5vcGVyYXRpb247CisJICAgIAkJaWYgKCAob3BlcmF0aW9uID09InVuZGVmaW5lZCIpIHx8IChkLmRhdGEub3BlcmF0aW9uPT1udWxsKSkgcmV0dXJuICIjY2NjY2NjIjsKKwkgICAgCSAgCWVsc2UgaWYgKG9wZXJhdGlvbj09KCJhZGQiKSkgcmV0dXJuICIjM2ZhYzU0IjsKKwkgICAgCSAgCWVsc2UgaWYgKG9wZXJhdGlvbj09KCJkZWxldGUiKSkgcmV0dXJuICIjZTYzMjNkIjsKKyAgKi8KKyAgZnVuY3Rpb24gY2xpY2tlZChjbGljayl7CisJICBjb25zb2xlLmxvZygiY2xpY2tlZCIpOworCSAgY29uc29sZS5sb2coZC5kYXRhLmlkX2NvcmVfYXNzZXQpOworCSAgd2luZG93LmxvY2F0aW9uLmhyZWYoImh0dHRwczovL2xvY2FsaG9zdDo4MDgwIik7CisgIH07Cit9CisvLyBQVjpFTkRDT05ECisKKy8vIFBWOklGQ09ORChwdjpoYXNGZWF0dXJlKCdUZW1wZXJhdHVyZScpKQorCXZhciBwYXJlbnQgPSBkb2N1bWVudC5nZXRFbGVtZW50QnlJZCgndF9zY2FsZScpOworCXNldFNjYWxlKHBhcmVudCwgbWluVGVtcCwgbWF4VGVtcCwgdGVtcFNjYWxlLCA2KSwKKwlmdW5jdGlvbihkKSB7CisJICAgIGQzLnNlbGVjdEFsbChkLmFuY2VzdG9ycygpLm1hcChmdW5jdGlvbihkKSB7IHJldHVybiBkLm5vZGU7IH0pKQorCSAgICAgICAgLmNsYXNzZWQoIm5vZGUtLWhvdmVyIiwgaG92ZXIpCisJICAgICAgLglzZWxlY3QoInJlY3QiKQorCSAgICAgIC5zdHlsZSgiYm9kZXItY29sb3IiLCJibGFjayIpCisJICAgICAgIC5zdHlsZSgic3Ryb2tlIiwiYmxhY2siKQorCSAgICAgICAgLmF0dHIoIndpZHRoIiwgZnVuY3Rpb24oZCkgeyByZXR1cm4gZC54MSAtIGQueDAgLSBob3ZlcjsgfSkKKwkgICAgICAgIC5hdHRyKCJoZWlnaHQiLCBmdW5jdGlvbihkKSB7IHJldHVybiBkLnkxIC0gZC55MCAtIGhvdmVyOyB9KTsKKwkgICAgCisJICAgIGlmKGhvdmVyPT1mYWxzZSkKKwkgICAgCWQzLnNlbGVjdEFsbChkLmFuY2VzdG9ycygpLm1hcChmdW5jdGlvbihkKSB7IHJldHVybiBkLm5vZGU7IH0pKQorCSAgICAJICAgICAgLmNsYXNzZWQoIm5vZGUtLWhvdmVyIiwgaG92ZXIpLnNlbGVjdCgicmVjdCIpLgorCSAgICAJICAgICAgc3R5bGUoImZpbGwiLCBmdW5jdGlvbihkKSB7IAorCSAgICAJICAgIAkgIAl2YXIgb3BlcmF0aW9uID0gZC5kYXRhLm9wZXJhdGlvbjsKKwkgIAkgICAgCQlpZiAoIChvcGVyYXRpb24gPT0idW5kZWZpbmVkIikgfHwgKGQuZGF0YS5vcGVyYXRpb249PW51bGwpKSByZXR1cm4gIiNjY2NjY2MiOworCSAgCSAgICAJICAJZWxzZSBpZiAob3BlcmF0aW9uPT0oImFkZCIpKSByZXR1cm4gIiMzZmFjNTQiOworCSAgCSAgICAJICAJZWxzZSBpZiAob3BlcmF0aW9uPT0oImRlbGV0ZSIpKSByZXR1cm4gIiNlNjMyM2QiOworCSAgCSAgICAJICAJZWxzZSBpZiAob3BlcmF0aW9uPT0iY2h1cm4iKSByZXR1cm4gIiNGRjgxMDAiOworCSAgICAJICAgIAkgIH0pOworCSAgICBlbHNlIGQzLnNlbGVjdChkLm5vZGUpLmNsYXNzZWQoIm5vZGUtLWhvdmVyIiwgaG92ZXIpLgorCSAgICBzZWxlY3QoInJlY3QiKS5zdHlsZSgiZmlsbCIsIiM2NDk1ZWQiKTsKKwkgIH07CisgIC8qKgorICB2YXIgb3BlcmF0aW9uID0gZC5kYXRhLm9wZXJhdGlvbjsKKwkgICAgCQlpZiAoIChvcGVyYXRpb24gPT0idW5kZWZpbmVkIikgfHwgKGQuZGF0YS5vcGVyYXRpb249PW51bGwpKSByZXR1cm4gIiNjY2NjY2MiOworCSAgICAJICAJZWxzZSBpZiAob3BlcmF0aW9uPT0oImFkZCIpKSByZXR1cm4gIiMzZmFjNTQiOworCSAgICAJICAJZWxzZSBpZiAob3BlcmF0aW9uPT0oImRlbGV0ZSIpKSByZXR1cm4gIiNlNjMyM2QiOworICAqLworICBmdW5jdGlvbiBjbGlja2VkKGNsaWNrKXsKKwkgIGNvbnNvbGUubG9nKCJjbGlja2VkIik7CisJICBjb25zb2xlLmxvZyhkLmRhdGEuaWRfY29yZV9hc3NldCk7CisJICB3aW5kb3cubG9jYXRpb24uaHJlZigiaHR0dHBzOi8vbG9jYWxob3N0OjgwODAiKTsKKyAgfTsKKworLy8gUFY6RU5EQ09ORAorCisvLyBQVjpJRkNPTkQocHY6aGFzRmVhdHVyZSgnV2luZFNwZWVkJykpCisJdmFyIHBhcmVudCA9IGRvY3VtZW50LmdldEVsZW1lbnRCeUlkKCd3X21haW4nKTsKKwlzZXRTY2FsZShwYXJlbnQsIG1pbldpbmQsIG1heFdpbmQsIHdpbmRTY2FsZSwgMTQpOworCXZhciBjZWxsID0gc3ZnCisgICAgLnNlbGVjdEFsbCgiLm5vZGUiKQorICAgIC5kYXRhKHJvb3QuZGVzY2VuZGFudHMoKSkKKyAgICAuZW50ZXIoKS5hcHBlbmQoImciKQorICAgICAgIC5hdHRyKCJ0cmFuc2Zvcm0iLCBmdW5jdGlvbihkKSB7IHJldHVybiAidHJhbnNsYXRlKCIgKyBkLngwICsgIiwiICsgZC55MCArICIpIjsgfSkKKyAgICAgIC5hdHRyKCJjbGFzcyIsICJub2RlIikKKyAgICAgIC5lYWNoKGZ1bmN0aW9uKGQpIHsgZC5ub2RlID0gdGhpczsgfSkKKyAgICAgIC5vbigibW91c2VvdmVyIiwgaG92ZXJlZCh0cnVlKSkKKyAgICAgIC5vbigibW91c2VvdXQiLCBob3ZlcmVkKGZhbHNlKSkKKyAgICAub24oImNsaWNrIiwgZnVuY3Rpb24oZCl7CisgICAgCSAgICBpZihkLmRhdGEub3BlcmF0aW9uPT09InJldXNlZCIpIHdpbmRvdy5hbGVydCgiVGhpcyBhc3NldCBkb2VzIG5vdCBoYXZlIGFueSBEaWZmIGFzc29jaWF0ZWQhXG4gU2VsZWN0IGFub3RoZXIgYXNzZXQiKTsKKyAgICAJICAgIGVsc2V7CisgICAgCSAgICAJY29uc29sZS5sb2coImNsaWNrZWQgaWRfYXNzZXQiK2QuZGF0YS5wX2Fzc2V0X2lkKTsKKyAgICAJCSAgICAvKjwhW0NEQVRBWyovCisgICAgCQkgICAgd2luZG93LmxvY2F0aW9uLmhyZWYgPSAiaHR0cDovL2xvY2FsaG9zdDo4MDgwL2ZpbGVfdnBfc3RydWN0dXJlP3ByPSIgK2QuZGF0YS5wcisiJmZpbGU9IisgZC5kYXRhLnBfYXNzZXRfaWQ7CisgICAgCQkgICAgLypdXT4qLwkKKyAgICAJICAgIH0gIH0pOworLy8gUFY6RU5EQ09ORAorCisKK2Z1bmN0aW9uIHNldFNjYWxlKHBhcmVudCwgbWluLCBtYXgsIHVuaXQsIHBhcnRDb3VudCkgeworCXZhciBkaXN0ID0gKG1heCAtIG1pbikvKHBhcnRDb3VudC0xKTsKKworCWZvciAoaT0wOyBpPHBhcmVudC5jaGlsZE5vZGVzLmxlbmd0aDsgaSsrKSB7CisJCXZhciBlbGVtZW50ID0gcGFyZW50LmNoaWxkTm9kZXNbaV07CisJCWlmIChlbGVtZW50LmNsYXNzTmFtZSAhPSBudWxsICYmIGVsZW1lbnQuY2xhc3NOYW1lICE9ICcnICYmIGVsZW1lbnQuY2xhc3NOYW1lICE9IG51bGwpIHsKKwkJCWlmICgobnVtYmVyID0gZWxlbWVudC5jbGFzc05hbWUubWF0Y2goJ3RleHRfKFxcZCspJykpKSB7CisJCQkJc2V0RWxlbWVudFRleHQoZWxlbWVudCwgTWF0aC5yb3VuZChtaW4gKyBudW1iZXJbMV0qZGlzdCkpOworCQkJfQorCQkJaWYgKGVsZW1lbnQuY2xhc3NOYW1lID09ICd1bml0JykgeworCQkJCXNldEVsZW1lbnRUZXh0KGVsZW1lbnQsIHVuaXQpOworCQkJfQorCQl9CisJfQorfQorCitmdW5jdGlvbiBzZXRUaXRsZXMoKSB7CisJc2V0RWxlbWVudFRleHQoZG9jdW1lbnQuZ2V0RWxlbWVudEJ5SWQoJ21haW5fdGl0bGUnKSwgbWFpblRpdGxlKTsKKworLy8gUFY6SUZDT05EKHB2Omhhc0ZlYXR1cmUoJ0FpclByZXNzdXJlJykpCisJc2V0RWxlbWVudFRleHQoZG9jdW1lbnQuZ2V0RWxlbWVudEJ5SWQoJ3ByZXNfdGl0bGUnKSwgcHJlc1RpdGxlKTsKKwl2YXIgY2VsbCA9IHN2ZworICAgIC5zZWxlY3RBbGwoIi5ub2RlIikKKyAgICAuZGF0YShyb290LmRlc2NlbmRhbnRzKCkpCisgICAgLmVudGVyKCkuYXBwZW5kKCJnIikKKyAgICAgICAuYXR0cigidHJhbnNmb3JtIiwgZnVuY3Rpb24oZCkgeyByZXR1cm4gInRyYW5zbGF0ZSgiICsgZC54MCArICIsIiArIGQueTAgKyAiKSI7IH0pCisgICAgICAuYXR0cigiY2xhc3MiLCAibm9kZSIpCisgICAgICAuZWFjaChmdW5jdGlvbihkKSB7IGQubm9kZSA9IHRoaXM7IH0pCisgICAgICAub24oIm1vdXNlb3ZlciIsIGhvdmVyZWQodHJ1ZSkpCisgICAgICAub24oIm1vdXNlb3V0IiwgaG92ZXJlZChmYWxzZSkpCisgICAgLm9uKCJjbGljayIsIGZ1bmN0aW9uKGQpeworICAgIAkgICAgaWYoZC5kYXRhLm9wZXJhdGlvbj09PSJyZXVzZWQiKSB3aW5kb3cuYWxlcnQoIlRoaXMgYXNzZXQgZG9lcyBub3QgaGF2ZSBhbnkgRGlmZiBhc3NvY2lhdGVkIVxuIFNlbGVjdCBhbm90aGVyIGFzc2V0Iik7CisgICAgCSAgICBlbHNleworICAgIAkgICAgCWNvbnNvbGUubG9nKCJjbGlja2VkIGlkX2Fzc2V0IitkLmRhdGEucF9hc3NldF9pZCk7CisgICAgCQkgICAgLyo8IVtDREFUQVsqLworICAgIAkJICAgIHdpbmRvdy5sb2NhdGlvbi5ocmVmID0gImh0dHA6Ly9sb2NhbGhvc3Q6ODA4MC9maWxlX3ZwX3N0cnVjdHVyZT9wcj0iICtkLmRhdGEucHIrIiZmaWxlPSIrIGQuZGF0YS5wX2Fzc2V0X2lkOworICAgIAkJICAgIC8qXV0+Ki8JCisgICAgCSAgICB9ICB9KQorLy8gUFY6RU5EQ09ORAorCisvLyBQVjpJRkNPTkQocHY6aGFzRmVhdHVyZSgnVGVtcGVyYXR1cmUnKSkKKwlzZXRFbGVtZW50VGV4dChkb2N1bWVudC5nZXRFbGVtZW50QnlJZCgndGVtcF90aXRsZScpLCB0ZW1wVGl0bGUpOworCXZhciBsYWJlbCA9IGNlbGwuYXBwZW5kKCJ0ZXh0IikKKyAgICAuYXR0cigiY2xpcC1wYXRoIiwgZnVuY3Rpb24oZCkgeyByZXR1cm4gInVybCgjY2xpcC0iICsgZC5pZCArICIpIjsgfSk7CisKK2xhYmVsCisgIC5maWx0ZXIoZnVuY3Rpb24oZCkgeyByZXR1cm4gZC5jaGlsZHJlbjsgfSkKKyAgLnNlbGVjdEFsbCgidHNwYW4iKQorICAgIC5kYXRhKGZ1bmN0aW9uKGQpIHsgcmV0dXJuIGQuaWQuc3Vic3RyaW5nKGQuaWQubGFzdEluZGV4T2YoIi8iKSArIDEpLnNwbGl0KC8oPz1bQS1aXVteQS1aXSkvZykuY29uY2F0KCJceGEwIiArIGZvcm1hdChkLnZhbHVlKSk7IH0pCisgIC5lbnRlcigpLmFwcGVuZCgidHNwYW4iKQorICAgIC5hdHRyKCJ4IiwgZnVuY3Rpb24oZCwgaSkgeyByZXR1cm4gaSA/IG51bGwgOiA0OyB9KQorICAgIC5hdHRyKCJ5IiwgMTMpCisgICAgLnRleHQoZnVuY3Rpb24oZCkgeyByZXR1cm4gZDsgfSk7CisvLyBQVjpFTkRDT05ECisKKy8vIFBWOklGQ09ORChwdjpoYXNGZWF0dXJlKCdXaW5kU3BlZWQnKSkKKwlzZXRFbGVtZW50VGV4dChkb2N1bWVudC5nZXRFbGVtZW50QnlJZCgnd2luZF90aXRsZScpLCB3aW5kVGl0bGUpOworCXZhciBsYWJlbCA9IGNlbGwuYXBwZW5kKCJ0ZXh0IikKKyAgICAuYXR0cigiY2xpcC1wYXRoIiwgZnVuY3Rpb24oZCkgeyByZXR1cm4gInVybCgjY2xpcC0iICsgZC5pZCArICIpIjsgfSk7CisKK2xhYmVsCisgIC5maWx0ZXIoZnVuY3Rpb24oZCkgeyByZXR1cm4gZC5jaGlsZHJlbjsgfSkKKyAgLnNlbGVjdEFsbCgidHNwYW4iKQorICAgIC5kYXRhKGZ1bmN0aW9uKGQpIHsgcmV0dXJuIGQuaWQuc3Vic3RyaW5nKGQuaWQubGFzdEluZGV4T2YoIi8iKSArIDEpLnNwbGl0KC8oPz1bQS1aXVteQS1aXSkvZykuY29uY2F0KCJceGEwIiArIGZvcm1hdChkLnZhbHVlKSk7IH0pCisgIC5lbnRlcigpLmFwcGVuZCgidHNwYW4iKQorICAgIC5hdHRyKCJ4IiwgZnVuY3Rpb24oZCwgaSkgeyByZXR1cm4gaSA/IG51bGwgOiA0OyB9KQorICAgIC5hdHRyKCJ5IiwgMTMpCisgICAgLnRleHQoZnVuY3Rpb24oZCkgeyByZXR1cm4gZDsgfSk7CisvLyBQVjpFTkRDT05ECit9CisKK2Z1bmN0aW9uIHNldEVsZW1lbnRUZXh0KGVsZW1lbnQsIHRleHQpIHsKKwl2YXIgdGV4dE5vZGUgPSBkb2N1bWVudC5jcmVhdGVUZXh0Tm9kZSh0ZXh0KTsKKwlpZiAoZWxlbWVudC5oYXNDaGlsZE5vZGVzKCkpIGVsZW1lbnQucmVwbGFjZUNoaWxkKHRleHROb2RlLCBlbGVtZW50LmZpcnN0Q2hpbGQpOworCWVsc2UgZWxlbWVudC5hcHBlbmRDaGlsZCh0ZXh0Tm9kZSk7Cit9Cg==',114,36,2,'NEW_ASSET_WITH_NEW_VARIATIONPOINT_AND_NEW_FEATURES');
INSERT IGNORE INTO developer_group (id_developer_group) VALUES 
(37);
INSERT IGNORE INTO developer_bridge (id_developer_group,id_developer) VALUES 
(37,1);
INSERT IGNORE INTO variation_point (idvariationpoint, expression, idcoreasset,id_feature_group) VALUES
(267,'No Expression',104,0);
INSERT IGNORE INTO customization_fact (idcustomization, lines_added,lines_deleted,custom_diff,commit_set,message_set,greater_diff,idvariationpoint,id_developer_group, idproductrelease, type) VALUES
(37,1,0,'ZGlmZiAtLWdpdCBhL2lucHV0L21vZHVsZS9wYXJhbWV0ZXJzLmpzIGIvaW5wdXQvbW9kdWxlL3BhcmFtZXRlcnMuanMKbmV3IGZpbGUgbW9kZSAxMDA2NDQKaW5kZXggMDAwMDAwMC4uMGM0YTY0MwotLS0gL2Rldi9udWxsCkBAIC0wLDEgKzEsMiBAQCBFeHByZXNzaW9uOiBObyBFeHByZXNzaW9uQ2hhbmdlIFR5cGU6IE5FV19BU1NFVF9XSVRIX05PX1ZBUklBVElPTlBPSU5UCisvL0F1dGhvcmVkIGJ5OiBsZXRpbW9tZSBpbiBjb21taXQ6YmVmYzdmNWVkYzQ5MzkwMGNlMTYxYWVkODI2YWVlNGU0NjY3Nzk2Mywgd2l0aCBtZXNzYWdlOmFkZGVkIG5ldyBqcyBtb2R1bGUK','befc7f5edc493900ce161aed826aee4e46677963; ','added new js module; ','ZGlmZiAtLWdpdCBhL2lucHV0L21vZHVsZS9wYXJhbWV0ZXJzLmpzIGIvaW5wdXQvbW9kdWxlL3BhcmFtZXRlcnMuanMKbmV3IGZpbGUgbW9kZSAxMDA2NDQKaW5kZXggMDAwMDAwMC4uMGM0YTY0MwotLS0gL2Rldi9udWxsCisrKyBiL2lucHV0L21vZHVsZS9wYXJhbWV0ZXJzLmpzCkBAIC0wLDAgKzEsNDEgQEAKKworLy8gUFY6SUZDT05EKHB2Omhhc0ZlYXR1cmUoJ1RlbXBlcmF0dXJlJykpCit2YXIgbWluVGVtcCA9IC00MDsKK3ZhciBtYXhUZW1wID0gNjA7Cit2YXIgdGVtcFNjYWxlID0gJ8KwQyc7CisvL1BWOkVORENPTkQKKy8vUFY6SUZDT05EKHB2Omhhc0ZlYXR1cmUoJ0hlYXQnKSkKK3ZhciB0ZW1wTGltaXQgPSA0NTsKKy8vUFY6RU5EQ09ORAorCisvL1BWOklGQ09ORChwdjpoYXNGZWF0dXJlKCdBaXJQcmVzc3VyZScpKQordmFyIG1pblByZXMgPSA5MTA7Cit2YXIgbWF4UHJlcyA9IDEwNDA7Cit2YXIgcHJlc1NjYWxlID0gJ2hQYSc7CisvL1BWOkVORENPTkQKKworLy9QVjpJRkNPTkQocHY6aGFzRmVhdHVyZSgnV2luZFNwZWVkJykpCit2YXIgbWluV2luZCA9IDA7Cit2YXIgbWF4V2luZCA9IDEzMDsKK3ZhciB3aW5kU2NhbGUgPSAna20vaCc7CisvL1BWOkVORENPTkQKKy8vUFY6SUZDT05EKHB2Omhhc0ZlYXR1cmUoJ0dhbGUnKSkKK3ZhciB3aW5kTGltaXQgPSA4MDsKKy8vUFY6RU5EQ09ORAorCisvLyBQVjpJRkNPTkQocHY6aGFzRmVhdHVyZSgnRW5nbGlzaCcpKQordmFyIG1haW5UaXRsZSA9ICdXZWF0aGVyIFN0YXRpb24nOwordmFyIHRlbXBUaXRsZSA9ICdUZW1wZXJhdHVyZSc7Cit2YXIgcHJlc1RpdGxlID0gJ0FpciBQcmVzc3VyZSc7Cit2YXIgdGVtcFdhcm5pbmcgPSAnRXh0cmVtIEhlYXQnOwordmFyIHdpbmRUaXRsZSA9ICdXaW5kIFNwZWVkJzsKK3ZhciB3aW5kV2FybmluZyA9ICdTdG9ybSBXYXJuaW5nJzsKKy8vIFBWOkVORENPTkQKKy8vIFBWOklGQ09ORChwdjpoYXNGZWF0dXJlKCdHZXJtYW4nKSkKK3ZhciBtYWluVGl0bGUgPSAnV2V0dGVyc3RhdGlvbic7Cit2YXIgdGVtcFRpdGxlID0gJ1RlbXBlcmF0dXInOwordmFyIHByZXNUaXRsZSA9ICdMdWZ0ZHJ1Y2snOwordmFyIHRlbXBXYXJuaW5nID0gJ0V4dHJlbWUgSGl0emUnOwordmFyIHdpbmRUaXRsZSA9ICdXaW5kZ2VzY2h3aW5kaWdrZWl0JzsKK3ZhciB3aW5kV2FybmluZyA9ICdTdHVybXdhcm51bmcnOworLy8gUFY6RU5EQ09ORApcIE5vIG5ld2xpbmUgYXQgZW5kIG9mIGZpbGUK',267,37,2,'NEW_ASSET_WITH_NO_VARIATIONPOINT');
INSERT IGNORE INTO developer_group (id_developer_group) VALUES 
(38);
INSERT IGNORE INTO developer_bridge (id_developer_group,id_developer) VALUES 
(38,1);
INSERT IGNORE INTO developer_bridge (id_developer_group,id_developer) VALUES 
(38,1);
INSERT IGNORE INTO developer_bridge (id_developer_group,id_developer) VALUES 
(38,1);
INSERT IGNORE INTO developer_bridge (id_developer_group,id_developer) VALUES 
(38,1);
INSERT IGNORE INTO developer_bridge (id_developer_group,id_developer) VALUES 
(38,1);
INSERT IGNORE INTO customization_fact (idcustomization, lines_added,lines_deleted,custom_diff,commit_set,message_set,greater_diff,idvariationpoint,id_developer_group, idproductrelease, type) VALUES
(38,5,0,'ZGlmZiAtLWdpdCBhL2lucHV0L21vZHVsZS9wYXJhbWV0ZXJzLmpzIGIvaW5wdXQvbW9kdWxlL3BhcmFtZXRlcnMuanMKbmV3IGZpbGUgbW9kZSAxMDA2NDQKaW5kZXggMDAwMDAwMC4uMGM0YTY0MwotLS0gL2Rldi9udWxsCkBAIC0wLDIgKzIsNSBAQCBFeHByZXNzaW9uOiAgKHB2Omhhc0ZlYXR1cmUoJ1RlbXBlcmF0dXJlJykpQ2hhbmdlIFR5cGU6IE5FV19BU1NFVF9XSVRIX05FV19WQVJJQVRJT05QT0lOVF9BTkRfTkVXX0ZFQVRVUkVTCisvLyBQVjpJRkNPTkQocHY6aGFzRmVhdHVyZSgnVGVtcGVyYXR1cmUnKSkvL0F1dGhvcmVkIGJ5OiBsZXRpbW9tZSBpbiBjb21taXQ6YmVmYzdmNWVkYzQ5MzkwMGNlMTYxYWVkODI2YWVlNGU0NjY3Nzk2Mywgd2l0aCBtZXNzYWdlOmFkZGVkIG5ldyBqcyBtb2R1bGUKK3ZhciBtaW5UZW1wID0gLTQwOy8vQXV0aG9yZWQgYnk6IGxldGltb21lIGluIGNvbW1pdDpiZWZjN2Y1ZWRjNDkzOTAwY2UxNjFhZWQ4MjZhZWU0ZTQ2Njc3OTYzLCB3aXRoIG1lc3NhZ2U6YWRkZWQgbmV3IGpzIG1vZHVsZQordmFyIG1heFRlbXAgPSA2MDsvL0F1dGhvcmVkIGJ5OiBsZXRpbW9tZSBpbiBjb21taXQ6YmVmYzdmNWVkYzQ5MzkwMGNlMTYxYWVkODI2YWVlNGU0NjY3Nzk2Mywgd2l0aCBtZXNzYWdlOmFkZGVkIG5ldyBqcyBtb2R1bGUKK3ZhciB0ZW1wU2NhbGUgPSAnwrBDJzsvL0F1dGhvcmVkIGJ5OiBsZXRpbW9tZSBpbiBjb21taXQ6YmVmYzdmNWVkYzQ5MzkwMGNlMTYxYWVkODI2YWVlNGU0NjY3Nzk2Mywgd2l0aCBtZXNzYWdlOmFkZGVkIG5ldyBqcyBtb2R1bGUKKy8vUFY6RU5EQ09ORC8vQXV0aG9yZWQgYnk6IGxldGltb21lIGluIGNvbW1pdDpiZWZjN2Y1ZWRjNDkzOTAwY2UxNjFhZWQ4MjZhZWU0ZTQ2Njc3OTYzLCB3aXRoIG1lc3NhZ2U6YWRkZWQgbmV3IGpzIG1vZHVsZQo=','befc7f5edc493900ce161aed826aee4e46677963; befc7f5edc493900ce161aed826aee4e46677963; befc7f5edc493900ce161aed826aee4e46677963; befc7f5edc493900ce161aed826aee4e46677963; befc7f5edc493900ce161aed826aee4e46677963; ','added new js module; ','ZGlmZiAtLWdpdCBhL2lucHV0L21vZHVsZS9wYXJhbWV0ZXJzLmpzIGIvaW5wdXQvbW9kdWxlL3BhcmFtZXRlcnMuanMKbmV3IGZpbGUgbW9kZSAxMDA2NDQKaW5kZXggMDAwMDAwMC4uMGM0YTY0MwotLS0gL2Rldi9udWxsCisrKyBiL2lucHV0L21vZHVsZS9wYXJhbWV0ZXJzLmpzCkBAIC0wLDAgKzEsNDEgQEAKKworLy8gUFY6SUZDT05EKHB2Omhhc0ZlYXR1cmUoJ1RlbXBlcmF0dXJlJykpCit2YXIgbWluVGVtcCA9IC00MDsKK3ZhciBtYXhUZW1wID0gNjA7Cit2YXIgdGVtcFNjYWxlID0gJ8KwQyc7CisvL1BWOkVORENPTkQKKy8vUFY6SUZDT05EKHB2Omhhc0ZlYXR1cmUoJ0hlYXQnKSkKK3ZhciB0ZW1wTGltaXQgPSA0NTsKKy8vUFY6RU5EQ09ORAorCisvL1BWOklGQ09ORChwdjpoYXNGZWF0dXJlKCdBaXJQcmVzc3VyZScpKQordmFyIG1pblByZXMgPSA5MTA7Cit2YXIgbWF4UHJlcyA9IDEwNDA7Cit2YXIgcHJlc1NjYWxlID0gJ2hQYSc7CisvL1BWOkVORENPTkQKKworLy9QVjpJRkNPTkQocHY6aGFzRmVhdHVyZSgnV2luZFNwZWVkJykpCit2YXIgbWluV2luZCA9IDA7Cit2YXIgbWF4V2luZCA9IDEzMDsKK3ZhciB3aW5kU2NhbGUgPSAna20vaCc7CisvL1BWOkVORENPTkQKKy8vUFY6SUZDT05EKHB2Omhhc0ZlYXR1cmUoJ0dhbGUnKSkKK3ZhciB3aW5kTGltaXQgPSA4MDsKKy8vUFY6RU5EQ09ORAorCisvLyBQVjpJRkNPTkQocHY6aGFzRmVhdHVyZSgnRW5nbGlzaCcpKQordmFyIG1haW5UaXRsZSA9ICdXZWF0aGVyIFN0YXRpb24nOwordmFyIHRlbXBUaXRsZSA9ICdUZW1wZXJhdHVyZSc7Cit2YXIgcHJlc1RpdGxlID0gJ0FpciBQcmVzc3VyZSc7Cit2YXIgdGVtcFdhcm5pbmcgPSAnRXh0cmVtIEhlYXQnOwordmFyIHdpbmRUaXRsZSA9ICdXaW5kIFNwZWVkJzsKK3ZhciB3aW5kV2FybmluZyA9ICdTdG9ybSBXYXJuaW5nJzsKKy8vIFBWOkVORENPTkQKKy8vIFBWOklGQ09ORChwdjpoYXNGZWF0dXJlKCdHZXJtYW4nKSkKK3ZhciBtYWluVGl0bGUgPSAnV2V0dGVyc3RhdGlvbic7Cit2YXIgdGVtcFRpdGxlID0gJ1RlbXBlcmF0dXInOwordmFyIHByZXNUaXRsZSA9ICdMdWZ0ZHJ1Y2snOwordmFyIHRlbXBXYXJuaW5nID0gJ0V4dHJlbWUgSGl0emUnOwordmFyIHdpbmRUaXRsZSA9ICdXaW5kZ2VzY2h3aW5kaWdrZWl0JzsKK3ZhciB3aW5kV2FybmluZyA9ICdTdHVybXdhcm51bmcnOworLy8gUFY6RU5EQ09ORApcIE5vIG5ld2xpbmUgYXQgZW5kIG9mIGZpbGUK',116,38,2,'NEW_ASSET_WITH_NEW_VARIATIONPOINT_AND_NEW_FEATURES');
INSERT IGNORE INTO developer_group (id_developer_group) VALUES 
(39);
INSERT IGNORE INTO developer_bridge (id_developer_group,id_developer) VALUES 
(39,1);
INSERT IGNORE INTO developer_bridge (id_developer_group,id_developer) VALUES 
(39,1);
INSERT IGNORE INTO developer_bridge (id_developer_group,id_developer) VALUES 
(39,1);
INSERT IGNORE INTO developer_bridge (id_developer_group,id_developer) VALUES 
(39,1);
INSERT IGNORE INTO customization_fact (idcustomization, lines_added,lines_deleted,custom_diff,commit_set,message_set,greater_diff,idvariationpoint,id_developer_group, idproductrelease, type) VALUES
(39,4,0,'ZGlmZiAtLWdpdCBhL2lucHV0L21vZHVsZS9wYXJhbWV0ZXJzLmpzIGIvaW5wdXQvbW9kdWxlL3BhcmFtZXRlcnMuanMKbmV3IGZpbGUgbW9kZSAxMDA2NDQKaW5kZXggMDAwMDAwMC4uMGM0YTY0MwotLS0gL2Rldi9udWxsCkBAIC0yLDIgKzcsNCBAQCBFeHByZXNzaW9uOiAocHY6aGFzRmVhdHVyZSgnSGVhdCcpKUNoYW5nZSBUeXBlOiBORVdfQVNTRVRfV0lUSF9ORVdfVkFSSUFUSU9OUE9JTlRfQU5EX05FV19GRUFUVVJFUworLy9QVjpJRkNPTkQocHY6aGFzRmVhdHVyZSgnSGVhdCcpKS8vQXV0aG9yZWQgYnk6IGxldGltb21lIGluIGNvbW1pdDpiZWZjN2Y1ZWRjNDkzOTAwY2UxNjFhZWQ4MjZhZWU0ZTQ2Njc3OTYzLCB3aXRoIG1lc3NhZ2U6YWRkZWQgbmV3IGpzIG1vZHVsZQordmFyIHRlbXBMaW1pdCA9IDQ1Oy8vQXV0aG9yZWQgYnk6IGxldGltb21lIGluIGNvbW1pdDpiZWZjN2Y1ZWRjNDkzOTAwY2UxNjFhZWQ4MjZhZWU0ZTQ2Njc3OTYzLCB3aXRoIG1lc3NhZ2U6YWRkZWQgbmV3IGpzIG1vZHVsZQorLy9QVjpFTkRDT05ELy9BdXRob3JlZCBieTogbGV0aW1vbWUgaW4gY29tbWl0OmJlZmM3ZjVlZGM0OTM5MDBjZTE2MWFlZDgyNmFlZTRlNDY2Nzc5NjMsIHdpdGggbWVzc2FnZTphZGRlZCBuZXcganMgbW9kdWxlCisvL0F1dGhvcmVkIGJ5OiBsZXRpbW9tZSBpbiBjb21taXQ6YmVmYzdmNWVkYzQ5MzkwMGNlMTYxYWVkODI2YWVlNGU0NjY3Nzk2Mywgd2l0aCBtZXNzYWdlOmFkZGVkIG5ldyBqcyBtb2R1bGUK','befc7f5edc493900ce161aed826aee4e46677963; befc7f5edc493900ce161aed826aee4e46677963; befc7f5edc493900ce161aed826aee4e46677963; befc7f5edc493900ce161aed826aee4e46677963; ','added new js module; ','ZGlmZiAtLWdpdCBhL2lucHV0L21vZHVsZS9wYXJhbWV0ZXJzLmpzIGIvaW5wdXQvbW9kdWxlL3BhcmFtZXRlcnMuanMKbmV3IGZpbGUgbW9kZSAxMDA2NDQKaW5kZXggMDAwMDAwMC4uMGM0YTY0MwotLS0gL2Rldi9udWxsCisrKyBiL2lucHV0L21vZHVsZS9wYXJhbWV0ZXJzLmpzCkBAIC0wLDAgKzEsNDEgQEAKKworLy8gUFY6SUZDT05EKHB2Omhhc0ZlYXR1cmUoJ1RlbXBlcmF0dXJlJykpCit2YXIgbWluVGVtcCA9IC00MDsKK3ZhciBtYXhUZW1wID0gNjA7Cit2YXIgdGVtcFNjYWxlID0gJ8KwQyc7CisvL1BWOkVORENPTkQKKy8vUFY6SUZDT05EKHB2Omhhc0ZlYXR1cmUoJ0hlYXQnKSkKK3ZhciB0ZW1wTGltaXQgPSA0NTsKKy8vUFY6RU5EQ09ORAorCisvL1BWOklGQ09ORChwdjpoYXNGZWF0dXJlKCdBaXJQcmVzc3VyZScpKQordmFyIG1pblByZXMgPSA5MTA7Cit2YXIgbWF4UHJlcyA9IDEwNDA7Cit2YXIgcHJlc1NjYWxlID0gJ2hQYSc7CisvL1BWOkVORENPTkQKKworLy9QVjpJRkNPTkQocHY6aGFzRmVhdHVyZSgnV2luZFNwZWVkJykpCit2YXIgbWluV2luZCA9IDA7Cit2YXIgbWF4V2luZCA9IDEzMDsKK3ZhciB3aW5kU2NhbGUgPSAna20vaCc7CisvL1BWOkVORENPTkQKKy8vUFY6SUZDT05EKHB2Omhhc0ZlYXR1cmUoJ0dhbGUnKSkKK3ZhciB3aW5kTGltaXQgPSA4MDsKKy8vUFY6RU5EQ09ORAorCisvLyBQVjpJRkNPTkQocHY6aGFzRmVhdHVyZSgnRW5nbGlzaCcpKQordmFyIG1haW5UaXRsZSA9ICdXZWF0aGVyIFN0YXRpb24nOwordmFyIHRlbXBUaXRsZSA9ICdUZW1wZXJhdHVyZSc7Cit2YXIgcHJlc1RpdGxlID0gJ0FpciBQcmVzc3VyZSc7Cit2YXIgdGVtcFdhcm5pbmcgPSAnRXh0cmVtIEhlYXQnOwordmFyIHdpbmRUaXRsZSA9ICdXaW5kIFNwZWVkJzsKK3ZhciB3aW5kV2FybmluZyA9ICdTdG9ybSBXYXJuaW5nJzsKKy8vIFBWOkVORENPTkQKKy8vIFBWOklGQ09ORChwdjpoYXNGZWF0dXJlKCdHZXJtYW4nKSkKK3ZhciBtYWluVGl0bGUgPSAnV2V0dGVyc3RhdGlvbic7Cit2YXIgdGVtcFRpdGxlID0gJ1RlbXBlcmF0dXInOwordmFyIHByZXNUaXRsZSA9ICdMdWZ0ZHJ1Y2snOwordmFyIHRlbXBXYXJuaW5nID0gJ0V4dHJlbWUgSGl0emUnOwordmFyIHdpbmRUaXRsZSA9ICdXaW5kZ2VzY2h3aW5kaWdrZWl0JzsKK3ZhciB3aW5kV2FybmluZyA9ICdTdHVybXdhcm51bmcnOworLy8gUFY6RU5EQ09ORApcIE5vIG5ld2xpbmUgYXQgZW5kIG9mIGZpbGUK',117,39,2,'NEW_ASSET_WITH_NEW_VARIATIONPOINT_AND_NEW_FEATURES');
INSERT IGNORE INTO developer_group (id_developer_group) VALUES 
(40);
INSERT IGNORE INTO developer_bridge (id_developer_group,id_developer) VALUES 
(40,1);
INSERT IGNORE INTO developer_bridge (id_developer_group,id_developer) VALUES 
(40,1);
INSERT IGNORE INTO developer_bridge (id_developer_group,id_developer) VALUES 
(40,1);
INSERT IGNORE INTO developer_bridge (id_developer_group,id_developer) VALUES 
(40,1);
INSERT IGNORE INTO developer_bridge (id_developer_group,id_developer) VALUES 
(40,1);
INSERT IGNORE INTO developer_bridge (id_developer_group,id_developer) VALUES 
(40,1);
INSERT IGNORE INTO customization_fact (idcustomization, lines_added,lines_deleted,custom_diff,commit_set,message_set,greater_diff,idvariationpoint,id_developer_group, idproductrelease, type) VALUES
(40,6,0,'ZGlmZiAtLWdpdCBhL2lucHV0L21vZHVsZS9wYXJhbWV0ZXJzLmpzIGIvaW5wdXQvbW9kdWxlL3BhcmFtZXRlcnMuanMKbmV3IGZpbGUgbW9kZSAxMDA2NDQKaW5kZXggMDAwMDAwMC4uMGM0YTY0MwotLS0gL2Rldi9udWxsCkBAIC00LDIgKzExLDYgQEAgRXhwcmVzc2lvbjogKHB2Omhhc0ZlYXR1cmUoJ0FpclByZXNzdXJlJykpQ2hhbmdlIFR5cGU6IE5FV19BU1NFVF9XSVRIX05FV19WQVJJQVRJT05QT0lOVF9BTkRfTkVXX0ZFQVRVUkVTCisvL1BWOklGQ09ORChwdjpoYXNGZWF0dXJlKCdBaXJQcmVzc3VyZScpKS8vQXV0aG9yZWQgYnk6IGxldGltb21lIGluIGNvbW1pdDpiZWZjN2Y1ZWRjNDkzOTAwY2UxNjFhZWQ4MjZhZWU0ZTQ2Njc3OTYzLCB3aXRoIG1lc3NhZ2U6YWRkZWQgbmV3IGpzIG1vZHVsZQordmFyIG1pblByZXMgPSA5MTA7Ly9BdXRob3JlZCBieTogbGV0aW1vbWUgaW4gY29tbWl0OmJlZmM3ZjVlZGM0OTM5MDBjZTE2MWFlZDgyNmFlZTRlNDY2Nzc5NjMsIHdpdGggbWVzc2FnZTphZGRlZCBuZXcganMgbW9kdWxlCit2YXIgbWF4UHJlcyA9IDEwNDA7Ly9BdXRob3JlZCBieTogbGV0aW1vbWUgaW4gY29tbWl0OmJlZmM3ZjVlZGM0OTM5MDBjZTE2MWFlZDgyNmFlZTRlNDY2Nzc5NjMsIHdpdGggbWVzc2FnZTphZGRlZCBuZXcganMgbW9kdWxlCit2YXIgcHJlc1NjYWxlID0gJ2hQYSc7Ly9BdXRob3JlZCBieTogbGV0aW1vbWUgaW4gY29tbWl0OmJlZmM3ZjVlZGM0OTM5MDBjZTE2MWFlZDgyNmFlZTRlNDY2Nzc5NjMsIHdpdGggbWVzc2FnZTphZGRlZCBuZXcganMgbW9kdWxlCisvL1BWOkVORENPTkQvL0F1dGhvcmVkIGJ5OiBsZXRpbW9tZSBpbiBjb21taXQ6YmVmYzdmNWVkYzQ5MzkwMGNlMTYxYWVkODI2YWVlNGU0NjY3Nzk2Mywgd2l0aCBtZXNzYWdlOmFkZGVkIG5ldyBqcyBtb2R1bGUKKy8vQXV0aG9yZWQgYnk6IGxldGltb21lIGluIGNvbW1pdDpiZWZjN2Y1ZWRjNDkzOTAwY2UxNjFhZWQ4MjZhZWU0ZTQ2Njc3OTYzLCB3aXRoIG1lc3NhZ2U6YWRkZWQgbmV3IGpzIG1vZHVsZQo=','befc7f5edc493900ce161aed826aee4e46677963; befc7f5edc493900ce161aed826aee4e46677963; befc7f5edc493900ce161aed826aee4e46677963; befc7f5edc493900ce161aed826aee4e46677963; befc7f5edc493900ce161aed826aee4e46677963; befc7f5edc493900ce161aed826aee4e46677963; ','added new js module; ','ZGlmZiAtLWdpdCBhL2lucHV0L21vZHVsZS9wYXJhbWV0ZXJzLmpzIGIvaW5wdXQvbW9kdWxlL3BhcmFtZXRlcnMuanMKbmV3IGZpbGUgbW9kZSAxMDA2NDQKaW5kZXggMDAwMDAwMC4uMGM0YTY0MwotLS0gL2Rldi9udWxsCisrKyBiL2lucHV0L21vZHVsZS9wYXJhbWV0ZXJzLmpzCkBAIC0wLDAgKzEsNDEgQEAKKworLy8gUFY6SUZDT05EKHB2Omhhc0ZlYXR1cmUoJ1RlbXBlcmF0dXJlJykpCit2YXIgbWluVGVtcCA9IC00MDsKK3ZhciBtYXhUZW1wID0gNjA7Cit2YXIgdGVtcFNjYWxlID0gJ8KwQyc7CisvL1BWOkVORENPTkQKKy8vUFY6SUZDT05EKHB2Omhhc0ZlYXR1cmUoJ0hlYXQnKSkKK3ZhciB0ZW1wTGltaXQgPSA0NTsKKy8vUFY6RU5EQ09ORAorCisvL1BWOklGQ09ORChwdjpoYXNGZWF0dXJlKCdBaXJQcmVzc3VyZScpKQordmFyIG1pblByZXMgPSA5MTA7Cit2YXIgbWF4UHJlcyA9IDEwNDA7Cit2YXIgcHJlc1NjYWxlID0gJ2hQYSc7CisvL1BWOkVORENPTkQKKworLy9QVjpJRkNPTkQocHY6aGFzRmVhdHVyZSgnV2luZFNwZWVkJykpCit2YXIgbWluV2luZCA9IDA7Cit2YXIgbWF4V2luZCA9IDEzMDsKK3ZhciB3aW5kU2NhbGUgPSAna20vaCc7CisvL1BWOkVORENPTkQKKy8vUFY6SUZDT05EKHB2Omhhc0ZlYXR1cmUoJ0dhbGUnKSkKK3ZhciB3aW5kTGltaXQgPSA4MDsKKy8vUFY6RU5EQ09ORAorCisvLyBQVjpJRkNPTkQocHY6aGFzRmVhdHVyZSgnRW5nbGlzaCcpKQordmFyIG1haW5UaXRsZSA9ICdXZWF0aGVyIFN0YXRpb24nOwordmFyIHRlbXBUaXRsZSA9ICdUZW1wZXJhdHVyZSc7Cit2YXIgcHJlc1RpdGxlID0gJ0FpciBQcmVzc3VyZSc7Cit2YXIgdGVtcFdhcm5pbmcgPSAnRXh0cmVtIEhlYXQnOwordmFyIHdpbmRUaXRsZSA9ICdXaW5kIFNwZWVkJzsKK3ZhciB3aW5kV2FybmluZyA9ICdTdG9ybSBXYXJuaW5nJzsKKy8vIFBWOkVORENPTkQKKy8vIFBWOklGQ09ORChwdjpoYXNGZWF0dXJlKCdHZXJtYW4nKSkKK3ZhciBtYWluVGl0bGUgPSAnV2V0dGVyc3RhdGlvbic7Cit2YXIgdGVtcFRpdGxlID0gJ1RlbXBlcmF0dXInOwordmFyIHByZXNUaXRsZSA9ICdMdWZ0ZHJ1Y2snOwordmFyIHRlbXBXYXJuaW5nID0gJ0V4dHJlbWUgSGl0emUnOwordmFyIHdpbmRUaXRsZSA9ICdXaW5kZ2VzY2h3aW5kaWdrZWl0JzsKK3ZhciB3aW5kV2FybmluZyA9ICdTdHVybXdhcm51bmcnOworLy8gUFY6RU5EQ09ORApcIE5vIG5ld2xpbmUgYXQgZW5kIG9mIGZpbGUK',118,40,2,'NEW_ASSET_WITH_NEW_VARIATIONPOINT_AND_NEW_FEATURES');
INSERT IGNORE INTO developer_group (id_developer_group) VALUES 
(41);
INSERT IGNORE INTO developer_bridge (id_developer_group,id_developer) VALUES 
(41,1);
INSERT IGNORE INTO developer_bridge (id_developer_group,id_developer) VALUES 
(41,1);
INSERT IGNORE INTO developer_bridge (id_developer_group,id_developer) VALUES 
(41,1);
INSERT IGNORE INTO developer_bridge (id_developer_group,id_developer) VALUES 
(41,1);
INSERT IGNORE INTO developer_bridge (id_developer_group,id_developer) VALUES 
(41,1);
INSERT IGNORE INTO customization_fact (idcustomization, lines_added,lines_deleted,custom_diff,commit_set,message_set,greater_diff,idvariationpoint,id_developer_group, idproductrelease, type) VALUES
(41,5,0,'ZGlmZiAtLWdpdCBhL2lucHV0L21vZHVsZS9wYXJhbWV0ZXJzLmpzIGIvaW5wdXQvbW9kdWxlL3BhcmFtZXRlcnMuanMKbmV3IGZpbGUgbW9kZSAxMDA2NDQKaW5kZXggMDAwMDAwMC4uMGM0YTY0MwotLS0gL2Rldi9udWxsCkBAIC02LDIgKzE3LDUgQEAgRXhwcmVzc2lvbjogKHB2Omhhc0ZlYXR1cmUoJ1dpbmRTcGVlZCcpKUNoYW5nZSBUeXBlOiBORVdfQVNTRVRfV0lUSF9ORVdfVkFSSUFUSU9OUE9JTlRfQU5EX05FV19GRUFUVVJFUworLy9QVjpJRkNPTkQocHY6aGFzRmVhdHVyZSgnV2luZFNwZWVkJykpLy9BdXRob3JlZCBieTogbGV0aW1vbWUgaW4gY29tbWl0OmJlZmM3ZjVlZGM0OTM5MDBjZTE2MWFlZDgyNmFlZTRlNDY2Nzc5NjMsIHdpdGggbWVzc2FnZTphZGRlZCBuZXcganMgbW9kdWxlCit2YXIgbWluV2luZCA9IDA7Ly9BdXRob3JlZCBieTogbGV0aW1vbWUgaW4gY29tbWl0OmJlZmM3ZjVlZGM0OTM5MDBjZTE2MWFlZDgyNmFlZTRlNDY2Nzc5NjMsIHdpdGggbWVzc2FnZTphZGRlZCBuZXcganMgbW9kdWxlCit2YXIgbWF4V2luZCA9IDEzMDsvL0F1dGhvcmVkIGJ5OiBsZXRpbW9tZSBpbiBjb21taXQ6YmVmYzdmNWVkYzQ5MzkwMGNlMTYxYWVkODI2YWVlNGU0NjY3Nzk2Mywgd2l0aCBtZXNzYWdlOmFkZGVkIG5ldyBqcyBtb2R1bGUKK3ZhciB3aW5kU2NhbGUgPSAna20vaCc7Ly9BdXRob3JlZCBieTogbGV0aW1vbWUgaW4gY29tbWl0OmJlZmM3ZjVlZGM0OTM5MDBjZTE2MWFlZDgyNmFlZTRlNDY2Nzc5NjMsIHdpdGggbWVzc2FnZTphZGRlZCBuZXcganMgbW9kdWxlCisvL1BWOkVORENPTkQvL0F1dGhvcmVkIGJ5OiBsZXRpbW9tZSBpbiBjb21taXQ6YmVmYzdmNWVkYzQ5MzkwMGNlMTYxYWVkODI2YWVlNGU0NjY3Nzk2Mywgd2l0aCBtZXNzYWdlOmFkZGVkIG5ldyBqcyBtb2R1bGUK','befc7f5edc493900ce161aed826aee4e46677963; befc7f5edc493900ce161aed826aee4e46677963; befc7f5edc493900ce161aed826aee4e46677963; befc7f5edc493900ce161aed826aee4e46677963; befc7f5edc493900ce161aed826aee4e46677963; ','added new js module; ','ZGlmZiAtLWdpdCBhL2lucHV0L21vZHVsZS9wYXJhbWV0ZXJzLmpzIGIvaW5wdXQvbW9kdWxlL3BhcmFtZXRlcnMuanMKbmV3IGZpbGUgbW9kZSAxMDA2NDQKaW5kZXggMDAwMDAwMC4uMGM0YTY0MwotLS0gL2Rldi9udWxsCisrKyBiL2lucHV0L21vZHVsZS9wYXJhbWV0ZXJzLmpzCkBAIC0wLDAgKzEsNDEgQEAKKworLy8gUFY6SUZDT05EKHB2Omhhc0ZlYXR1cmUoJ1RlbXBlcmF0dXJlJykpCit2YXIgbWluVGVtcCA9IC00MDsKK3ZhciBtYXhUZW1wID0gNjA7Cit2YXIgdGVtcFNjYWxlID0gJ8KwQyc7CisvL1BWOkVORENPTkQKKy8vUFY6SUZDT05EKHB2Omhhc0ZlYXR1cmUoJ0hlYXQnKSkKK3ZhciB0ZW1wTGltaXQgPSA0NTsKKy8vUFY6RU5EQ09ORAorCisvL1BWOklGQ09ORChwdjpoYXNGZWF0dXJlKCdBaXJQcmVzc3VyZScpKQordmFyIG1pblByZXMgPSA5MTA7Cit2YXIgbWF4UHJlcyA9IDEwNDA7Cit2YXIgcHJlc1NjYWxlID0gJ2hQYSc7CisvL1BWOkVORENPTkQKKworLy9QVjpJRkNPTkQocHY6aGFzRmVhdHVyZSgnV2luZFNwZWVkJykpCit2YXIgbWluV2luZCA9IDA7Cit2YXIgbWF4V2luZCA9IDEzMDsKK3ZhciB3aW5kU2NhbGUgPSAna20vaCc7CisvL1BWOkVORENPTkQKKy8vUFY6SUZDT05EKHB2Omhhc0ZlYXR1cmUoJ0dhbGUnKSkKK3ZhciB3aW5kTGltaXQgPSA4MDsKKy8vUFY6RU5EQ09ORAorCisvLyBQVjpJRkNPTkQocHY6aGFzRmVhdHVyZSgnRW5nbGlzaCcpKQordmFyIG1haW5UaXRsZSA9ICdXZWF0aGVyIFN0YXRpb24nOwordmFyIHRlbXBUaXRsZSA9ICdUZW1wZXJhdHVyZSc7Cit2YXIgcHJlc1RpdGxlID0gJ0FpciBQcmVzc3VyZSc7Cit2YXIgdGVtcFdhcm5pbmcgPSAnRXh0cmVtIEhlYXQnOwordmFyIHdpbmRUaXRsZSA9ICdXaW5kIFNwZWVkJzsKK3ZhciB3aW5kV2FybmluZyA9ICdTdG9ybSBXYXJuaW5nJzsKKy8vIFBWOkVORENPTkQKKy8vIFBWOklGQ09ORChwdjpoYXNGZWF0dXJlKCdHZXJtYW4nKSkKK3ZhciBtYWluVGl0bGUgPSAnV2V0dGVyc3RhdGlvbic7Cit2YXIgdGVtcFRpdGxlID0gJ1RlbXBlcmF0dXInOwordmFyIHByZXNUaXRsZSA9ICdMdWZ0ZHJ1Y2snOwordmFyIHRlbXBXYXJuaW5nID0gJ0V4dHJlbWUgSGl0emUnOwordmFyIHdpbmRUaXRsZSA9ICdXaW5kZ2VzY2h3aW5kaWdrZWl0JzsKK3ZhciB3aW5kV2FybmluZyA9ICdTdHVybXdhcm51bmcnOworLy8gUFY6RU5EQ09ORApcIE5vIG5ld2xpbmUgYXQgZW5kIG9mIGZpbGUK',119,41,2,'NEW_ASSET_WITH_NEW_VARIATIONPOINT_AND_NEW_FEATURES');
INSERT IGNORE INTO developer_group (id_developer_group) VALUES 
(42);
INSERT IGNORE INTO developer_bridge (id_developer_group,id_developer) VALUES 
(42,1);
INSERT IGNORE INTO developer_bridge (id_developer_group,id_developer) VALUES 
(42,1);
INSERT IGNORE INTO developer_bridge (id_developer_group,id_developer) VALUES 
(42,1);
INSERT IGNORE INTO developer_bridge (id_developer_group,id_developer) VALUES 
(42,1);
INSERT IGNORE INTO customization_fact (idcustomization, lines_added,lines_deleted,custom_diff,commit_set,message_set,greater_diff,idvariationpoint,id_developer_group, idproductrelease, type) VALUES
(42,4,0,'ZGlmZiAtLWdpdCBhL2lucHV0L21vZHVsZS9wYXJhbWV0ZXJzLmpzIGIvaW5wdXQvbW9kdWxlL3BhcmFtZXRlcnMuanMKbmV3IGZpbGUgbW9kZSAxMDA2NDQKaW5kZXggMDAwMDAwMC4uMGM0YTY0MwotLS0gL2Rldi9udWxsCkBAIC04LDIgKzIyLDQgQEAgRXhwcmVzc2lvbjogKHB2Omhhc0ZlYXR1cmUoJ0dhbGUnKSlDaGFuZ2UgVHlwZTogTkVXX0FTU0VUX1dJVEhfTkVXX1ZBUklBVElPTlBPSU5UX0FORF9ORVdfRkVBVFVSRVMKKy8vUFY6SUZDT05EKHB2Omhhc0ZlYXR1cmUoJ0dhbGUnKSkvL0F1dGhvcmVkIGJ5OiBsZXRpbW9tZSBpbiBjb21taXQ6YmVmYzdmNWVkYzQ5MzkwMGNlMTYxYWVkODI2YWVlNGU0NjY3Nzk2Mywgd2l0aCBtZXNzYWdlOmFkZGVkIG5ldyBqcyBtb2R1bGUKK3ZhciB3aW5kTGltaXQgPSA4MDsvL0F1dGhvcmVkIGJ5OiBsZXRpbW9tZSBpbiBjb21taXQ6YmVmYzdmNWVkYzQ5MzkwMGNlMTYxYWVkODI2YWVlNGU0NjY3Nzk2Mywgd2l0aCBtZXNzYWdlOmFkZGVkIG5ldyBqcyBtb2R1bGUKKy8vUFY6RU5EQ09ORC8vQXV0aG9yZWQgYnk6IGxldGltb21lIGluIGNvbW1pdDpiZWZjN2Y1ZWRjNDkzOTAwY2UxNjFhZWQ4MjZhZWU0ZTQ2Njc3OTYzLCB3aXRoIG1lc3NhZ2U6YWRkZWQgbmV3IGpzIG1vZHVsZQorLy9BdXRob3JlZCBieTogbGV0aW1vbWUgaW4gY29tbWl0OmJlZmM3ZjVlZGM0OTM5MDBjZTE2MWFlZDgyNmFlZTRlNDY2Nzc5NjMsIHdpdGggbWVzc2FnZTphZGRlZCBuZXcganMgbW9kdWxlCg==','befc7f5edc493900ce161aed826aee4e46677963; befc7f5edc493900ce161aed826aee4e46677963; befc7f5edc493900ce161aed826aee4e46677963; befc7f5edc493900ce161aed826aee4e46677963; ','added new js module; ','ZGlmZiAtLWdpdCBhL2lucHV0L21vZHVsZS9wYXJhbWV0ZXJzLmpzIGIvaW5wdXQvbW9kdWxlL3BhcmFtZXRlcnMuanMKbmV3IGZpbGUgbW9kZSAxMDA2NDQKaW5kZXggMDAwMDAwMC4uMGM0YTY0MwotLS0gL2Rldi9udWxsCisrKyBiL2lucHV0L21vZHVsZS9wYXJhbWV0ZXJzLmpzCkBAIC0wLDAgKzEsNDEgQEAKKworLy8gUFY6SUZDT05EKHB2Omhhc0ZlYXR1cmUoJ1RlbXBlcmF0dXJlJykpCit2YXIgbWluVGVtcCA9IC00MDsKK3ZhciBtYXhUZW1wID0gNjA7Cit2YXIgdGVtcFNjYWxlID0gJ8KwQyc7CisvL1BWOkVORENPTkQKKy8vUFY6SUZDT05EKHB2Omhhc0ZlYXR1cmUoJ0hlYXQnKSkKK3ZhciB0ZW1wTGltaXQgPSA0NTsKKy8vUFY6RU5EQ09ORAorCisvL1BWOklGQ09ORChwdjpoYXNGZWF0dXJlKCdBaXJQcmVzc3VyZScpKQordmFyIG1pblByZXMgPSA5MTA7Cit2YXIgbWF4UHJlcyA9IDEwNDA7Cit2YXIgcHJlc1NjYWxlID0gJ2hQYSc7CisvL1BWOkVORENPTkQKKworLy9QVjpJRkNPTkQocHY6aGFzRmVhdHVyZSgnV2luZFNwZWVkJykpCit2YXIgbWluV2luZCA9IDA7Cit2YXIgbWF4V2luZCA9IDEzMDsKK3ZhciB3aW5kU2NhbGUgPSAna20vaCc7CisvL1BWOkVORENPTkQKKy8vUFY6SUZDT05EKHB2Omhhc0ZlYXR1cmUoJ0dhbGUnKSkKK3ZhciB3aW5kTGltaXQgPSA4MDsKKy8vUFY6RU5EQ09ORAorCisvLyBQVjpJRkNPTkQocHY6aGFzRmVhdHVyZSgnRW5nbGlzaCcpKQordmFyIG1haW5UaXRsZSA9ICdXZWF0aGVyIFN0YXRpb24nOwordmFyIHRlbXBUaXRsZSA9ICdUZW1wZXJhdHVyZSc7Cit2YXIgcHJlc1RpdGxlID0gJ0FpciBQcmVzc3VyZSc7Cit2YXIgdGVtcFdhcm5pbmcgPSAnRXh0cmVtIEhlYXQnOwordmFyIHdpbmRUaXRsZSA9ICdXaW5kIFNwZWVkJzsKK3ZhciB3aW5kV2FybmluZyA9ICdTdG9ybSBXYXJuaW5nJzsKKy8vIFBWOkVORENPTkQKKy8vIFBWOklGQ09ORChwdjpoYXNGZWF0dXJlKCdHZXJtYW4nKSkKK3ZhciBtYWluVGl0bGUgPSAnV2V0dGVyc3RhdGlvbic7Cit2YXIgdGVtcFRpdGxlID0gJ1RlbXBlcmF0dXInOwordmFyIHByZXNUaXRsZSA9ICdMdWZ0ZHJ1Y2snOwordmFyIHRlbXBXYXJuaW5nID0gJ0V4dHJlbWUgSGl0emUnOwordmFyIHdpbmRUaXRsZSA9ICdXaW5kZ2VzY2h3aW5kaWdrZWl0JzsKK3ZhciB3aW5kV2FybmluZyA9ICdTdHVybXdhcm51bmcnOworLy8gUFY6RU5EQ09ORApcIE5vIG5ld2xpbmUgYXQgZW5kIG9mIGZpbGUK',120,42,2,'NEW_ASSET_WITH_NEW_VARIATIONPOINT_AND_NEW_FEATURES');
INSERT IGNORE INTO developer_group (id_developer_group) VALUES 
(43);
INSERT IGNORE INTO developer_bridge (id_developer_group,id_developer) VALUES 
(43,1);
INSERT IGNORE INTO developer_bridge (id_developer_group,id_developer) VALUES 
(43,1);
INSERT IGNORE INTO developer_bridge (id_developer_group,id_developer) VALUES 
(43,1);
INSERT IGNORE INTO developer_bridge (id_developer_group,id_developer) VALUES 
(43,1);
INSERT IGNORE INTO developer_bridge (id_developer_group,id_developer) VALUES 
(43,1);
INSERT IGNORE INTO developer_bridge (id_developer_group,id_developer) VALUES 
(43,1);
INSERT IGNORE INTO developer_bridge (id_developer_group,id_developer) VALUES 
(43,1);
INSERT IGNORE INTO developer_bridge (id_developer_group,id_developer) VALUES 
(43,1);
INSERT IGNORE INTO customization_fact (idcustomization, lines_added,lines_deleted,custom_diff,commit_set,message_set,greater_diff,idvariationpoint,id_developer_group, idproductrelease, type) VALUES
(43,8,0,'ZGlmZiAtLWdpdCBhL2lucHV0L21vZHVsZS9wYXJhbWV0ZXJzLmpzIGIvaW5wdXQvbW9kdWxlL3BhcmFtZXRlcnMuanMKbmV3IGZpbGUgbW9kZSAxMDA2NDQKaW5kZXggMDAwMDAwMC4uMGM0YTY0MwotLS0gL2Rldi9udWxsCkBAIC0xMCwyICsyNiw4IEBAIEV4cHJlc3Npb246ICAocHY6aGFzRmVhdHVyZSgnRW5nbGlzaCcpKUNoYW5nZSBUeXBlOiBORVdfQVNTRVRfV0lUSF9ORVdfVkFSSUFUSU9OUE9JTlRfQU5EX05FV19GRUFUVVJFUworLy8gUFY6SUZDT05EKHB2Omhhc0ZlYXR1cmUoJ0VuZ2xpc2gnKSkvL0F1dGhvcmVkIGJ5OiBsZXRpbW9tZSBpbiBjb21taXQ6YmVmYzdmNWVkYzQ5MzkwMGNlMTYxYWVkODI2YWVlNGU0NjY3Nzk2Mywgd2l0aCBtZXNzYWdlOmFkZGVkIG5ldyBqcyBtb2R1bGUKK3ZhciBtYWluVGl0bGUgPSAnV2VhdGhlciBTdGF0aW9uJzsvL0F1dGhvcmVkIGJ5OiBsZXRpbW9tZSBpbiBjb21taXQ6YmVmYzdmNWVkYzQ5MzkwMGNlMTYxYWVkODI2YWVlNGU0NjY3Nzk2Mywgd2l0aCBtZXNzYWdlOmFkZGVkIG5ldyBqcyBtb2R1bGUKK3ZhciB0ZW1wVGl0bGUgPSAnVGVtcGVyYXR1cmUnOy8vQXV0aG9yZWQgYnk6IGxldGltb21lIGluIGNvbW1pdDpiZWZjN2Y1ZWRjNDkzOTAwY2UxNjFhZWQ4MjZhZWU0ZTQ2Njc3OTYzLCB3aXRoIG1lc3NhZ2U6YWRkZWQgbmV3IGpzIG1vZHVsZQordmFyIHByZXNUaXRsZSA9ICdBaXIgUHJlc3N1cmUnOy8vQXV0aG9yZWQgYnk6IGxldGltb21lIGluIGNvbW1pdDpiZWZjN2Y1ZWRjNDkzOTAwY2UxNjFhZWQ4MjZhZWU0ZTQ2Njc3OTYzLCB3aXRoIG1lc3NhZ2U6YWRkZWQgbmV3IGpzIG1vZHVsZQordmFyIHRlbXBXYXJuaW5nID0gJ0V4dHJlbSBIZWF0JzsvL0F1dGhvcmVkIGJ5OiBsZXRpbW9tZSBpbiBjb21taXQ6YmVmYzdmNWVkYzQ5MzkwMGNlMTYxYWVkODI2YWVlNGU0NjY3Nzk2Mywgd2l0aCBtZXNzYWdlOmFkZGVkIG5ldyBqcyBtb2R1bGUKK3ZhciB3aW5kVGl0bGUgPSAnV2luZCBTcGVlZCc7Ly9BdXRob3JlZCBieTogbGV0aW1vbWUgaW4gY29tbWl0OmJlZmM3ZjVlZGM0OTM5MDBjZTE2MWFlZDgyNmFlZTRlNDY2Nzc5NjMsIHdpdGggbWVzc2FnZTphZGRlZCBuZXcganMgbW9kdWxlCit2YXIgd2luZFdhcm5pbmcgPSAnU3Rvcm0gV2FybmluZyc7Ly9BdXRob3JlZCBieTogbGV0aW1vbWUgaW4gY29tbWl0OmJlZmM3ZjVlZGM0OTM5MDBjZTE2MWFlZDgyNmFlZTRlNDY2Nzc5NjMsIHdpdGggbWVzc2FnZTphZGRlZCBuZXcganMgbW9kdWxlCisvLyBQVjpFTkRDT05ELy9BdXRob3JlZCBieTogbGV0aW1vbWUgaW4gY29tbWl0OmJlZmM3ZjVlZGM0OTM5MDBjZTE2MWFlZDgyNmFlZTRlNDY2Nzc5NjMsIHdpdGggbWVzc2FnZTphZGRlZCBuZXcganMgbW9kdWxlCg==','befc7f5edc493900ce161aed826aee4e46677963; befc7f5edc493900ce161aed826aee4e46677963; befc7f5edc493900ce161aed826aee4e46677963; befc7f5edc493900ce161aed826aee4e46677963; befc7f5edc493900ce161aed826aee4e46677963; befc7f5edc493900ce161aed826aee4e46677963; befc7f5edc493900ce161aed826aee4e46677963; befc7f5edc493900ce161aed826aee4e46677963; ','added new js module; ','ZGlmZiAtLWdpdCBhL2lucHV0L21vZHVsZS9wYXJhbWV0ZXJzLmpzIGIvaW5wdXQvbW9kdWxlL3BhcmFtZXRlcnMuanMKbmV3IGZpbGUgbW9kZSAxMDA2NDQKaW5kZXggMDAwMDAwMC4uMGM0YTY0MwotLS0gL2Rldi9udWxsCisrKyBiL2lucHV0L21vZHVsZS9wYXJhbWV0ZXJzLmpzCkBAIC0wLDAgKzEsNDEgQEAKKworLy8gUFY6SUZDT05EKHB2Omhhc0ZlYXR1cmUoJ1RlbXBlcmF0dXJlJykpCit2YXIgbWluVGVtcCA9IC00MDsKK3ZhciBtYXhUZW1wID0gNjA7Cit2YXIgdGVtcFNjYWxlID0gJ8KwQyc7CisvL1BWOkVORENPTkQKKy8vUFY6SUZDT05EKHB2Omhhc0ZlYXR1cmUoJ0hlYXQnKSkKK3ZhciB0ZW1wTGltaXQgPSA0NTsKKy8vUFY6RU5EQ09ORAorCisvL1BWOklGQ09ORChwdjpoYXNGZWF0dXJlKCdBaXJQcmVzc3VyZScpKQordmFyIG1pblByZXMgPSA5MTA7Cit2YXIgbWF4UHJlcyA9IDEwNDA7Cit2YXIgcHJlc1NjYWxlID0gJ2hQYSc7CisvL1BWOkVORENPTkQKKworLy9QVjpJRkNPTkQocHY6aGFzRmVhdHVyZSgnV2luZFNwZWVkJykpCit2YXIgbWluV2luZCA9IDA7Cit2YXIgbWF4V2luZCA9IDEzMDsKK3ZhciB3aW5kU2NhbGUgPSAna20vaCc7CisvL1BWOkVORENPTkQKKy8vUFY6SUZDT05EKHB2Omhhc0ZlYXR1cmUoJ0dhbGUnKSkKK3ZhciB3aW5kTGltaXQgPSA4MDsKKy8vUFY6RU5EQ09ORAorCisvLyBQVjpJRkNPTkQocHY6aGFzRmVhdHVyZSgnRW5nbGlzaCcpKQordmFyIG1haW5UaXRsZSA9ICdXZWF0aGVyIFN0YXRpb24nOwordmFyIHRlbXBUaXRsZSA9ICdUZW1wZXJhdHVyZSc7Cit2YXIgcHJlc1RpdGxlID0gJ0FpciBQcmVzc3VyZSc7Cit2YXIgdGVtcFdhcm5pbmcgPSAnRXh0cmVtIEhlYXQnOwordmFyIHdpbmRUaXRsZSA9ICdXaW5kIFNwZWVkJzsKK3ZhciB3aW5kV2FybmluZyA9ICdTdG9ybSBXYXJuaW5nJzsKKy8vIFBWOkVORENPTkQKKy8vIFBWOklGQ09ORChwdjpoYXNGZWF0dXJlKCdHZXJtYW4nKSkKK3ZhciBtYWluVGl0bGUgPSAnV2V0dGVyc3RhdGlvbic7Cit2YXIgdGVtcFRpdGxlID0gJ1RlbXBlcmF0dXInOwordmFyIHByZXNUaXRsZSA9ICdMdWZ0ZHJ1Y2snOwordmFyIHRlbXBXYXJuaW5nID0gJ0V4dHJlbWUgSGl0emUnOwordmFyIHdpbmRUaXRsZSA9ICdXaW5kZ2VzY2h3aW5kaWdrZWl0JzsKK3ZhciB3aW5kV2FybmluZyA9ICdTdHVybXdhcm51bmcnOworLy8gUFY6RU5EQ09ORApcIE5vIG5ld2xpbmUgYXQgZW5kIG9mIGZpbGUK',121,43,2,'NEW_ASSET_WITH_NEW_VARIATIONPOINT_AND_NEW_FEATURES');
INSERT IGNORE INTO developer_group (id_developer_group) VALUES 
(44);
INSERT IGNORE INTO developer_bridge (id_developer_group,id_developer) VALUES 
(44,1);
INSERT IGNORE INTO variation_point (idvariationpoint, expression, idcoreasset,id_feature_group) VALUES
(268,'No Expression',105,0);
INSERT IGNORE INTO customization_fact (idcustomization, lines_added,lines_deleted,custom_diff,commit_set,message_set,greater_diff,idvariationpoint,id_developer_group, idproductrelease, type) VALUES
(44,1,0,'ZGlmZiAtLWdpdCBhL2lucHV0L21vZHVsZS9wcm9wZXJ0aWVzLmpzIGIvaW5wdXQvbW9kdWxlL3Byb3BlcnRpZXMuanMKbmV3IGZpbGUgbW9kZSAxMDA2NDQKaW5kZXggMDAwMDAwMC4uZWRiNmUyOQotLS0gL2Rldi9udWxsCkBAIC0wLDEgKzEsMiBAQCBFeHByZXNzaW9uOiBObyBFeHByZXNzaW9uQ2hhbmdlIFR5cGU6IE5FV19BU1NFVF9XSVRIX05PX1ZBUklBVElPTlBPSU5UCisvL0F1dGhvcmVkIGJ5OiBsZXRpbW9tZSBpbiBjb21taXQ6YmVmYzdmNWVkYzQ5MzkwMGNlMTYxYWVkODI2YWVlNGU0NjY3Nzk2Mywgd2l0aCBtZXNzYWdlOmFkZGVkIG5ldyBqcyBtb2R1bGUK','befc7f5edc493900ce161aed826aee4e46677963; ','added new js module; ','ZGlmZiAtLWdpdCBhL2lucHV0L21vZHVsZS9wcm9wZXJ0aWVzLmpzIGIvaW5wdXQvbW9kdWxlL3Byb3BlcnRpZXMuanMKbmV3IGZpbGUgbW9kZSAxMDA2NDQKaW5kZXggMDAwMDAwMC4uZWRiNmUyOQotLS0gL2Rldi9udWxsCisrKyBiL2lucHV0L21vZHVsZS9wcm9wZXJ0aWVzLmpzCkBAIC0wLDAgKzEsNDAgQEAKKworLy8gUFY6SUZDT05EKHB2Omhhc0ZlYXR1cmUoJ1RlbXBlcmF0dXJlJykpCit2YXIgbWluVGVtcCA9IC00MDsKK3ZhciBtYXhUZW1wID0gNjA7Cit2YXIgdGVtcFNjYWxlID0gJ8KwQyc7CisvL1BWOkVORENPTkQKKy8vUFY6SUZDT05EKHB2Omhhc0ZlYXR1cmUoJ0hlYXQnKSkKK3ZhciB0ZW1wTGltaXQgPSA0NTsKKy8vUFY6RU5EQ09ORAorCisvL1BWOklGQ09ORChwdjpoYXNGZWF0dXJlKCdBaXJQcmVzc3VyZScpKQordmFyIG1pblByZXMgPSA5MTA7Cit2YXIgbWF4UHJlcyA9IDEwNDA7Cit2YXIgcHJlc1NjYWxlID0gJ2hQYSc7CisvL1BWOkVORENPTkQKKworLy9QVjpJRkNPTkQocHY6aGFzRmVhdHVyZSgnV2luZFNwZWVkJykpCit2YXIgbWluV2luZCA9IDA7Cit2YXIgbWF4V2luZCA9IDEzMDsKK3ZhciB3aW5kU2NhbGUgPSAna20vaCc7CisvL1BWOkVORENPTkQKKy8vUFY6SUZDT05EKHB2Omhhc0ZlYXR1cmUoJ0dhbGUnKSkKK3ZhciB3aW5kTGltaXQgPSA4MDsKKy8vUFY6RU5EQ09ORAorCisvLyBQVjpJRkNPTkQocHY6aGFzRmVhdHVyZSgnRW5nbGlzaCcpKQordmFyIG1haW5UaXRsZSA9ICdXZWF0aGVyIFN0YXRpb24nOwordmFyIHRlbXBUaXRsZSA9ICdUZW1wZXJhdHVyZSc7Cit2YXIgcHJlc1RpdGxlID0gJ0FpciBQcmVzc3VyZSc7Cit2YXIgdGVtcFdhcm5pbmcgPSAnRXh0cmVtIEhlYXQnOwordmFyIHdpbmRXYXJuaW5nID0gJ1N0b3JtIFdhcm5pbmcnOworLy8gUFY6RU5EQ09ORAorLy8gUFY6SUZDT05EKHB2Omhhc0ZlYXR1cmUoJ0dlcm1hbicpKQordmFyIG1haW5UaXRsZSA9ICdXZXR0ZXJzdGF0aW9uJzsKK3ZhciB0ZW1wVGl0bGUgPSAnVGVtcGVyYXR1cic7Cit2YXIgcHJlc1RpdGxlID0gJ0x1ZnRkcnVjayc7Cit2YXIgdGVtcFdhcm5pbmcgPSAnRXh0cmVtZSBIaXR6ZSc7Cit2YXIgd2luZFRpdGxlID0gJ1dpbmRnZXNjaHdpbmRpZ2tlaXQnOwordmFyIHdpbmRXYXJuaW5nID0gJ1N0dXJtd2FybnVuZyc7CisvLyBQVjpFTkRDT05EClwgTm8gbmV3bGluZSBhdCBlbmQgb2YgZmlsZQo=',268,44,2,'NEW_ASSET_WITH_NO_VARIATIONPOINT');
INSERT IGNORE INTO developer_group (id_developer_group) VALUES 
(45);
INSERT IGNORE INTO developer_bridge (id_developer_group,id_developer) VALUES 
(45,1);
INSERT IGNORE INTO developer_bridge (id_developer_group,id_developer) VALUES 
(45,1);
INSERT IGNORE INTO developer_bridge (id_developer_group,id_developer) VALUES 
(45,1);
INSERT IGNORE INTO developer_bridge (id_developer_group,id_developer) VALUES 
(45,1);
INSERT IGNORE INTO developer_bridge (id_developer_group,id_developer) VALUES 
(45,1);
INSERT IGNORE INTO customization_fact (idcustomization, lines_added,lines_deleted,custom_diff,commit_set,message_set,greater_diff,idvariationpoint,id_developer_group, idproductrelease, type) VALUES
(45,5,0,'ZGlmZiAtLWdpdCBhL2lucHV0L21vZHVsZS9wcm9wZXJ0aWVzLmpzIGIvaW5wdXQvbW9kdWxlL3Byb3BlcnRpZXMuanMKbmV3IGZpbGUgbW9kZSAxMDA2NDQKaW5kZXggMDAwMDAwMC4uZWRiNmUyOQotLS0gL2Rldi9udWxsCkBAIC0wLDIgKzIsNSBAQCBFeHByZXNzaW9uOiAgKHB2Omhhc0ZlYXR1cmUoJ1RlbXBlcmF0dXJlJykpQ2hhbmdlIFR5cGU6IE5FV19BU1NFVF9XSVRIX05FV19WQVJJQVRJT05QT0lOVF9BTkRfTkVXX0ZFQVRVUkVTCisvLyBQVjpJRkNPTkQocHY6aGFzRmVhdHVyZSgnVGVtcGVyYXR1cmUnKSkvL0F1dGhvcmVkIGJ5OiBsZXRpbW9tZSBpbiBjb21taXQ6YmVmYzdmNWVkYzQ5MzkwMGNlMTYxYWVkODI2YWVlNGU0NjY3Nzk2Mywgd2l0aCBtZXNzYWdlOmFkZGVkIG5ldyBqcyBtb2R1bGUKK3ZhciBtaW5UZW1wID0gLTQwOy8vQXV0aG9yZWQgYnk6IGxldGltb21lIGluIGNvbW1pdDpiZWZjN2Y1ZWRjNDkzOTAwY2UxNjFhZWQ4MjZhZWU0ZTQ2Njc3OTYzLCB3aXRoIG1lc3NhZ2U6YWRkZWQgbmV3IGpzIG1vZHVsZQordmFyIG1heFRlbXAgPSA2MDsvL0F1dGhvcmVkIGJ5OiBsZXRpbW9tZSBpbiBjb21taXQ6YmVmYzdmNWVkYzQ5MzkwMGNlMTYxYWVkODI2YWVlNGU0NjY3Nzk2Mywgd2l0aCBtZXNzYWdlOmFkZGVkIG5ldyBqcyBtb2R1bGUKK3ZhciB0ZW1wU2NhbGUgPSAnwrBDJzsvL0F1dGhvcmVkIGJ5OiBsZXRpbW9tZSBpbiBjb21taXQ6YmVmYzdmNWVkYzQ5MzkwMGNlMTYxYWVkODI2YWVlNGU0NjY3Nzk2Mywgd2l0aCBtZXNzYWdlOmFkZGVkIG5ldyBqcyBtb2R1bGUKKy8vUFY6RU5EQ09ORC8vQXV0aG9yZWQgYnk6IGxldGltb21lIGluIGNvbW1pdDpiZWZjN2Y1ZWRjNDkzOTAwY2UxNjFhZWQ4MjZhZWU0ZTQ2Njc3OTYzLCB3aXRoIG1lc3NhZ2U6YWRkZWQgbmV3IGpzIG1vZHVsZQo=','befc7f5edc493900ce161aed826aee4e46677963; befc7f5edc493900ce161aed826aee4e46677963; befc7f5edc493900ce161aed826aee4e46677963; befc7f5edc493900ce161aed826aee4e46677963; befc7f5edc493900ce161aed826aee4e46677963; ','added new js module; ','ZGlmZiAtLWdpdCBhL2lucHV0L21vZHVsZS9wcm9wZXJ0aWVzLmpzIGIvaW5wdXQvbW9kdWxlL3Byb3BlcnRpZXMuanMKbmV3IGZpbGUgbW9kZSAxMDA2NDQKaW5kZXggMDAwMDAwMC4uZWRiNmUyOQotLS0gL2Rldi9udWxsCisrKyBiL2lucHV0L21vZHVsZS9wcm9wZXJ0aWVzLmpzCkBAIC0wLDAgKzEsNDAgQEAKKworLy8gUFY6SUZDT05EKHB2Omhhc0ZlYXR1cmUoJ1RlbXBlcmF0dXJlJykpCit2YXIgbWluVGVtcCA9IC00MDsKK3ZhciBtYXhUZW1wID0gNjA7Cit2YXIgdGVtcFNjYWxlID0gJ8KwQyc7CisvL1BWOkVORENPTkQKKy8vUFY6SUZDT05EKHB2Omhhc0ZlYXR1cmUoJ0hlYXQnKSkKK3ZhciB0ZW1wTGltaXQgPSA0NTsKKy8vUFY6RU5EQ09ORAorCisvL1BWOklGQ09ORChwdjpoYXNGZWF0dXJlKCdBaXJQcmVzc3VyZScpKQordmFyIG1pblByZXMgPSA5MTA7Cit2YXIgbWF4UHJlcyA9IDEwNDA7Cit2YXIgcHJlc1NjYWxlID0gJ2hQYSc7CisvL1BWOkVORENPTkQKKworLy9QVjpJRkNPTkQocHY6aGFzRmVhdHVyZSgnV2luZFNwZWVkJykpCit2YXIgbWluV2luZCA9IDA7Cit2YXIgbWF4V2luZCA9IDEzMDsKK3ZhciB3aW5kU2NhbGUgPSAna20vaCc7CisvL1BWOkVORENPTkQKKy8vUFY6SUZDT05EKHB2Omhhc0ZlYXR1cmUoJ0dhbGUnKSkKK3ZhciB3aW5kTGltaXQgPSA4MDsKKy8vUFY6RU5EQ09ORAorCisvLyBQVjpJRkNPTkQocHY6aGFzRmVhdHVyZSgnRW5nbGlzaCcpKQordmFyIG1haW5UaXRsZSA9ICdXZWF0aGVyIFN0YXRpb24nOwordmFyIHRlbXBUaXRsZSA9ICdUZW1wZXJhdHVyZSc7Cit2YXIgcHJlc1RpdGxlID0gJ0FpciBQcmVzc3VyZSc7Cit2YXIgdGVtcFdhcm5pbmcgPSAnRXh0cmVtIEhlYXQnOwordmFyIHdpbmRXYXJuaW5nID0gJ1N0b3JtIFdhcm5pbmcnOworLy8gUFY6RU5EQ09ORAorLy8gUFY6SUZDT05EKHB2Omhhc0ZlYXR1cmUoJ0dlcm1hbicpKQordmFyIG1haW5UaXRsZSA9ICdXZXR0ZXJzdGF0aW9uJzsKK3ZhciB0ZW1wVGl0bGUgPSAnVGVtcGVyYXR1cic7Cit2YXIgcHJlc1RpdGxlID0gJ0x1ZnRkcnVjayc7Cit2YXIgdGVtcFdhcm5pbmcgPSAnRXh0cmVtZSBIaXR6ZSc7Cit2YXIgd2luZFRpdGxlID0gJ1dpbmRnZXNjaHdpbmRpZ2tlaXQnOwordmFyIHdpbmRXYXJuaW5nID0gJ1N0dXJtd2FybnVuZyc7CisvLyBQVjpFTkRDT05EClwgTm8gbmV3bGluZSBhdCBlbmQgb2YgZmlsZQo=',123,45,2,'NEW_ASSET_WITH_NEW_VARIATIONPOINT_AND_NEW_FEATURES');
INSERT IGNORE INTO developer_group (id_developer_group) VALUES 
(46);
INSERT IGNORE INTO developer_bridge (id_developer_group,id_developer) VALUES 
(46,1);
INSERT IGNORE INTO developer_bridge (id_developer_group,id_developer) VALUES 
(46,1);
INSERT IGNORE INTO developer_bridge (id_developer_group,id_developer) VALUES 
(46,1);
INSERT IGNORE INTO developer_bridge (id_developer_group,id_developer) VALUES 
(46,1);
INSERT IGNORE INTO customization_fact (idcustomization, lines_added,lines_deleted,custom_diff,commit_set,message_set,greater_diff,idvariationpoint,id_developer_group, idproductrelease, type) VALUES
(46,4,0,'ZGlmZiAtLWdpdCBhL2lucHV0L21vZHVsZS9wcm9wZXJ0aWVzLmpzIGIvaW5wdXQvbW9kdWxlL3Byb3BlcnRpZXMuanMKbmV3IGZpbGUgbW9kZSAxMDA2NDQKaW5kZXggMDAwMDAwMC4uZWRiNmUyOQotLS0gL2Rldi9udWxsCkBAIC0yLDIgKzcsNCBAQCBFeHByZXNzaW9uOiAocHY6aGFzRmVhdHVyZSgnSGVhdCcpKUNoYW5nZSBUeXBlOiBORVdfQVNTRVRfV0lUSF9ORVdfVkFSSUFUSU9OUE9JTlRfQU5EX05FV19GRUFUVVJFUworLy9QVjpJRkNPTkQocHY6aGFzRmVhdHVyZSgnSGVhdCcpKS8vQXV0aG9yZWQgYnk6IGxldGltb21lIGluIGNvbW1pdDpiZWZjN2Y1ZWRjNDkzOTAwY2UxNjFhZWQ4MjZhZWU0ZTQ2Njc3OTYzLCB3aXRoIG1lc3NhZ2U6YWRkZWQgbmV3IGpzIG1vZHVsZQordmFyIHRlbXBMaW1pdCA9IDQ1Oy8vQXV0aG9yZWQgYnk6IGxldGltb21lIGluIGNvbW1pdDpiZWZjN2Y1ZWRjNDkzOTAwY2UxNjFhZWQ4MjZhZWU0ZTQ2Njc3OTYzLCB3aXRoIG1lc3NhZ2U6YWRkZWQgbmV3IGpzIG1vZHVsZQorLy9QVjpFTkRDT05ELy9BdXRob3JlZCBieTogbGV0aW1vbWUgaW4gY29tbWl0OmJlZmM3ZjVlZGM0OTM5MDBjZTE2MWFlZDgyNmFlZTRlNDY2Nzc5NjMsIHdpdGggbWVzc2FnZTphZGRlZCBuZXcganMgbW9kdWxlCisvL0F1dGhvcmVkIGJ5OiBsZXRpbW9tZSBpbiBjb21taXQ6YmVmYzdmNWVkYzQ5MzkwMGNlMTYxYWVkODI2YWVlNGU0NjY3Nzk2Mywgd2l0aCBtZXNzYWdlOmFkZGVkIG5ldyBqcyBtb2R1bGUK','befc7f5edc493900ce161aed826aee4e46677963; befc7f5edc493900ce161aed826aee4e46677963; befc7f5edc493900ce161aed826aee4e46677963; befc7f5edc493900ce161aed826aee4e46677963; ','added new js module; ','ZGlmZiAtLWdpdCBhL2lucHV0L21vZHVsZS9wcm9wZXJ0aWVzLmpzIGIvaW5wdXQvbW9kdWxlL3Byb3BlcnRpZXMuanMKbmV3IGZpbGUgbW9kZSAxMDA2NDQKaW5kZXggMDAwMDAwMC4uZWRiNmUyOQotLS0gL2Rldi9udWxsCisrKyBiL2lucHV0L21vZHVsZS9wcm9wZXJ0aWVzLmpzCkBAIC0wLDAgKzEsNDAgQEAKKworLy8gUFY6SUZDT05EKHB2Omhhc0ZlYXR1cmUoJ1RlbXBlcmF0dXJlJykpCit2YXIgbWluVGVtcCA9IC00MDsKK3ZhciBtYXhUZW1wID0gNjA7Cit2YXIgdGVtcFNjYWxlID0gJ8KwQyc7CisvL1BWOkVORENPTkQKKy8vUFY6SUZDT05EKHB2Omhhc0ZlYXR1cmUoJ0hlYXQnKSkKK3ZhciB0ZW1wTGltaXQgPSA0NTsKKy8vUFY6RU5EQ09ORAorCisvL1BWOklGQ09ORChwdjpoYXNGZWF0dXJlKCdBaXJQcmVzc3VyZScpKQordmFyIG1pblByZXMgPSA5MTA7Cit2YXIgbWF4UHJlcyA9IDEwNDA7Cit2YXIgcHJlc1NjYWxlID0gJ2hQYSc7CisvL1BWOkVORENPTkQKKworLy9QVjpJRkNPTkQocHY6aGFzRmVhdHVyZSgnV2luZFNwZWVkJykpCit2YXIgbWluV2luZCA9IDA7Cit2YXIgbWF4V2luZCA9IDEzMDsKK3ZhciB3aW5kU2NhbGUgPSAna20vaCc7CisvL1BWOkVORENPTkQKKy8vUFY6SUZDT05EKHB2Omhhc0ZlYXR1cmUoJ0dhbGUnKSkKK3ZhciB3aW5kTGltaXQgPSA4MDsKKy8vUFY6RU5EQ09ORAorCisvLyBQVjpJRkNPTkQocHY6aGFzRmVhdHVyZSgnRW5nbGlzaCcpKQordmFyIG1haW5UaXRsZSA9ICdXZWF0aGVyIFN0YXRpb24nOwordmFyIHRlbXBUaXRsZSA9ICdUZW1wZXJhdHVyZSc7Cit2YXIgcHJlc1RpdGxlID0gJ0FpciBQcmVzc3VyZSc7Cit2YXIgdGVtcFdhcm5pbmcgPSAnRXh0cmVtIEhlYXQnOwordmFyIHdpbmRXYXJuaW5nID0gJ1N0b3JtIFdhcm5pbmcnOworLy8gUFY6RU5EQ09ORAorLy8gUFY6SUZDT05EKHB2Omhhc0ZlYXR1cmUoJ0dlcm1hbicpKQordmFyIG1haW5UaXRsZSA9ICdXZXR0ZXJzdGF0aW9uJzsKK3ZhciB0ZW1wVGl0bGUgPSAnVGVtcGVyYXR1cic7Cit2YXIgcHJlc1RpdGxlID0gJ0x1ZnRkcnVjayc7Cit2YXIgdGVtcFdhcm5pbmcgPSAnRXh0cmVtZSBIaXR6ZSc7Cit2YXIgd2luZFRpdGxlID0gJ1dpbmRnZXNjaHdpbmRpZ2tlaXQnOwordmFyIHdpbmRXYXJuaW5nID0gJ1N0dXJtd2FybnVuZyc7CisvLyBQVjpFTkRDT05EClwgTm8gbmV3bGluZSBhdCBlbmQgb2YgZmlsZQo=',124,46,2,'NEW_ASSET_WITH_NEW_VARIATIONPOINT_AND_NEW_FEATURES');
INSERT IGNORE INTO developer_group (id_developer_group) VALUES 
(47);
INSERT IGNORE INTO developer_bridge (id_developer_group,id_developer) VALUES 
(47,1);
INSERT IGNORE INTO developer_bridge (id_developer_group,id_developer) VALUES 
(47,1);
INSERT IGNORE INTO developer_bridge (id_developer_group,id_developer) VALUES 
(47,1);
INSERT IGNORE INTO developer_bridge (id_developer_group,id_developer) VALUES 
(47,1);
INSERT IGNORE INTO developer_bridge (id_developer_group,id_developer) VALUES 
(47,1);
INSERT IGNORE INTO developer_bridge (id_developer_group,id_developer) VALUES 
(47,1);
INSERT IGNORE INTO customization_fact (idcustomization, lines_added,lines_deleted,custom_diff,commit_set,message_set,greater_diff,idvariationpoint,id_developer_group, idproductrelease, type) VALUES
(47,6,0,'ZGlmZiAtLWdpdCBhL2lucHV0L21vZHVsZS9wcm9wZXJ0aWVzLmpzIGIvaW5wdXQvbW9kdWxlL3Byb3BlcnRpZXMuanMKbmV3IGZpbGUgbW9kZSAxMDA2NDQKaW5kZXggMDAwMDAwMC4uZWRiNmUyOQotLS0gL2Rldi9udWxsCkBAIC00LDIgKzExLDYgQEAgRXhwcmVzc2lvbjogKHB2Omhhc0ZlYXR1cmUoJ0FpclByZXNzdXJlJykpQ2hhbmdlIFR5cGU6IE5FV19BU1NFVF9XSVRIX05FV19WQVJJQVRJT05QT0lOVF9BTkRfTkVXX0ZFQVRVUkVTCisvL1BWOklGQ09ORChwdjpoYXNGZWF0dXJlKCdBaXJQcmVzc3VyZScpKS8vQXV0aG9yZWQgYnk6IGxldGltb21lIGluIGNvbW1pdDpiZWZjN2Y1ZWRjNDkzOTAwY2UxNjFhZWQ4MjZhZWU0ZTQ2Njc3OTYzLCB3aXRoIG1lc3NhZ2U6YWRkZWQgbmV3IGpzIG1vZHVsZQordmFyIG1pblByZXMgPSA5MTA7Ly9BdXRob3JlZCBieTogbGV0aW1vbWUgaW4gY29tbWl0OmJlZmM3ZjVlZGM0OTM5MDBjZTE2MWFlZDgyNmFlZTRlNDY2Nzc5NjMsIHdpdGggbWVzc2FnZTphZGRlZCBuZXcganMgbW9kdWxlCit2YXIgbWF4UHJlcyA9IDEwNDA7Ly9BdXRob3JlZCBieTogbGV0aW1vbWUgaW4gY29tbWl0OmJlZmM3ZjVlZGM0OTM5MDBjZTE2MWFlZDgyNmFlZTRlNDY2Nzc5NjMsIHdpdGggbWVzc2FnZTphZGRlZCBuZXcganMgbW9kdWxlCit2YXIgcHJlc1NjYWxlID0gJ2hQYSc7Ly9BdXRob3JlZCBieTogbGV0aW1vbWUgaW4gY29tbWl0OmJlZmM3ZjVlZGM0OTM5MDBjZTE2MWFlZDgyNmFlZTRlNDY2Nzc5NjMsIHdpdGggbWVzc2FnZTphZGRlZCBuZXcganMgbW9kdWxlCisvL1BWOkVORENPTkQvL0F1dGhvcmVkIGJ5OiBsZXRpbW9tZSBpbiBjb21taXQ6YmVmYzdmNWVkYzQ5MzkwMGNlMTYxYWVkODI2YWVlNGU0NjY3Nzk2Mywgd2l0aCBtZXNzYWdlOmFkZGVkIG5ldyBqcyBtb2R1bGUKKy8vQXV0aG9yZWQgYnk6IGxldGltb21lIGluIGNvbW1pdDpiZWZjN2Y1ZWRjNDkzOTAwY2UxNjFhZWQ4MjZhZWU0ZTQ2Njc3OTYzLCB3aXRoIG1lc3NhZ2U6YWRkZWQgbmV3IGpzIG1vZHVsZQo=','befc7f5edc493900ce161aed826aee4e46677963; befc7f5edc493900ce161aed826aee4e46677963; befc7f5edc493900ce161aed826aee4e46677963; befc7f5edc493900ce161aed826aee4e46677963; befc7f5edc493900ce161aed826aee4e46677963; befc7f5edc493900ce161aed826aee4e46677963; ','added new js module; ','ZGlmZiAtLWdpdCBhL2lucHV0L21vZHVsZS9wcm9wZXJ0aWVzLmpzIGIvaW5wdXQvbW9kdWxlL3Byb3BlcnRpZXMuanMKbmV3IGZpbGUgbW9kZSAxMDA2NDQKaW5kZXggMDAwMDAwMC4uZWRiNmUyOQotLS0gL2Rldi9udWxsCisrKyBiL2lucHV0L21vZHVsZS9wcm9wZXJ0aWVzLmpzCkBAIC0wLDAgKzEsNDAgQEAKKworLy8gUFY6SUZDT05EKHB2Omhhc0ZlYXR1cmUoJ1RlbXBlcmF0dXJlJykpCit2YXIgbWluVGVtcCA9IC00MDsKK3ZhciBtYXhUZW1wID0gNjA7Cit2YXIgdGVtcFNjYWxlID0gJ8KwQyc7CisvL1BWOkVORENPTkQKKy8vUFY6SUZDT05EKHB2Omhhc0ZlYXR1cmUoJ0hlYXQnKSkKK3ZhciB0ZW1wTGltaXQgPSA0NTsKKy8vUFY6RU5EQ09ORAorCisvL1BWOklGQ09ORChwdjpoYXNGZWF0dXJlKCdBaXJQcmVzc3VyZScpKQordmFyIG1pblByZXMgPSA5MTA7Cit2YXIgbWF4UHJlcyA9IDEwNDA7Cit2YXIgcHJlc1NjYWxlID0gJ2hQYSc7CisvL1BWOkVORENPTkQKKworLy9QVjpJRkNPTkQocHY6aGFzRmVhdHVyZSgnV2luZFNwZWVkJykpCit2YXIgbWluV2luZCA9IDA7Cit2YXIgbWF4V2luZCA9IDEzMDsKK3ZhciB3aW5kU2NhbGUgPSAna20vaCc7CisvL1BWOkVORENPTkQKKy8vUFY6SUZDT05EKHB2Omhhc0ZlYXR1cmUoJ0dhbGUnKSkKK3ZhciB3aW5kTGltaXQgPSA4MDsKKy8vUFY6RU5EQ09ORAorCisvLyBQVjpJRkNPTkQocHY6aGFzRmVhdHVyZSgnRW5nbGlzaCcpKQordmFyIG1haW5UaXRsZSA9ICdXZWF0aGVyIFN0YXRpb24nOwordmFyIHRlbXBUaXRsZSA9ICdUZW1wZXJhdHVyZSc7Cit2YXIgcHJlc1RpdGxlID0gJ0FpciBQcmVzc3VyZSc7Cit2YXIgdGVtcFdhcm5pbmcgPSAnRXh0cmVtIEhlYXQnOwordmFyIHdpbmRXYXJuaW5nID0gJ1N0b3JtIFdhcm5pbmcnOworLy8gUFY6RU5EQ09ORAorLy8gUFY6SUZDT05EKHB2Omhhc0ZlYXR1cmUoJ0dlcm1hbicpKQordmFyIG1haW5UaXRsZSA9ICdXZXR0ZXJzdGF0aW9uJzsKK3ZhciB0ZW1wVGl0bGUgPSAnVGVtcGVyYXR1cic7Cit2YXIgcHJlc1RpdGxlID0gJ0x1ZnRkcnVjayc7Cit2YXIgdGVtcFdhcm5pbmcgPSAnRXh0cmVtZSBIaXR6ZSc7Cit2YXIgd2luZFRpdGxlID0gJ1dpbmRnZXNjaHdpbmRpZ2tlaXQnOwordmFyIHdpbmRXYXJuaW5nID0gJ1N0dXJtd2FybnVuZyc7CisvLyBQVjpFTkRDT05EClwgTm8gbmV3bGluZSBhdCBlbmQgb2YgZmlsZQo=',125,47,2,'NEW_ASSET_WITH_NEW_VARIATIONPOINT_AND_NEW_FEATURES');
INSERT IGNORE INTO developer_group (id_developer_group) VALUES 
(48);
INSERT IGNORE INTO developer_bridge (id_developer_group,id_developer) VALUES 
(48,1);
INSERT IGNORE INTO developer_bridge (id_developer_group,id_developer) VALUES 
(48,1);
INSERT IGNORE INTO developer_bridge (id_developer_group,id_developer) VALUES 
(48,1);
INSERT IGNORE INTO developer_bridge (id_developer_group,id_developer) VALUES 
(48,1);
INSERT IGNORE INTO developer_bridge (id_developer_group,id_developer) VALUES 
(48,1);
INSERT IGNORE INTO customization_fact (idcustomization, lines_added,lines_deleted,custom_diff,commit_set,message_set,greater_diff,idvariationpoint,id_developer_group, idproductrelease, type) VALUES
(48,5,0,'ZGlmZiAtLWdpdCBhL2lucHV0L21vZHVsZS9wcm9wZXJ0aWVzLmpzIGIvaW5wdXQvbW9kdWxlL3Byb3BlcnRpZXMuanMKbmV3IGZpbGUgbW9kZSAxMDA2NDQKaW5kZXggMDAwMDAwMC4uZWRiNmUyOQotLS0gL2Rldi9udWxsCkBAIC02LDIgKzE3LDUgQEAgRXhwcmVzc2lvbjogKHB2Omhhc0ZlYXR1cmUoJ1dpbmRTcGVlZCcpKUNoYW5nZSBUeXBlOiBORVdfQVNTRVRfV0lUSF9ORVdfVkFSSUFUSU9OUE9JTlRfQU5EX05FV19GRUFUVVJFUworLy9QVjpJRkNPTkQocHY6aGFzRmVhdHVyZSgnV2luZFNwZWVkJykpLy9BdXRob3JlZCBieTogbGV0aW1vbWUgaW4gY29tbWl0OmJlZmM3ZjVlZGM0OTM5MDBjZTE2MWFlZDgyNmFlZTRlNDY2Nzc5NjMsIHdpdGggbWVzc2FnZTphZGRlZCBuZXcganMgbW9kdWxlCit2YXIgbWluV2luZCA9IDA7Ly9BdXRob3JlZCBieTogbGV0aW1vbWUgaW4gY29tbWl0OmJlZmM3ZjVlZGM0OTM5MDBjZTE2MWFlZDgyNmFlZTRlNDY2Nzc5NjMsIHdpdGggbWVzc2FnZTphZGRlZCBuZXcganMgbW9kdWxlCit2YXIgbWF4V2luZCA9IDEzMDsvL0F1dGhvcmVkIGJ5OiBsZXRpbW9tZSBpbiBjb21taXQ6YmVmYzdmNWVkYzQ5MzkwMGNlMTYxYWVkODI2YWVlNGU0NjY3Nzk2Mywgd2l0aCBtZXNzYWdlOmFkZGVkIG5ldyBqcyBtb2R1bGUKK3ZhciB3aW5kU2NhbGUgPSAna20vaCc7Ly9BdXRob3JlZCBieTogbGV0aW1vbWUgaW4gY29tbWl0OmJlZmM3ZjVlZGM0OTM5MDBjZTE2MWFlZDgyNmFlZTRlNDY2Nzc5NjMsIHdpdGggbWVzc2FnZTphZGRlZCBuZXcganMgbW9kdWxlCisvL1BWOkVORENPTkQvL0F1dGhvcmVkIGJ5OiBsZXRpbW9tZSBpbiBjb21taXQ6YmVmYzdmNWVkYzQ5MzkwMGNlMTYxYWVkODI2YWVlNGU0NjY3Nzk2Mywgd2l0aCBtZXNzYWdlOmFkZGVkIG5ldyBqcyBtb2R1bGUK','befc7f5edc493900ce161aed826aee4e46677963; befc7f5edc493900ce161aed826aee4e46677963; befc7f5edc493900ce161aed826aee4e46677963; befc7f5edc493900ce161aed826aee4e46677963; befc7f5edc493900ce161aed826aee4e46677963; ','added new js module; ','ZGlmZiAtLWdpdCBhL2lucHV0L21vZHVsZS9wcm9wZXJ0aWVzLmpzIGIvaW5wdXQvbW9kdWxlL3Byb3BlcnRpZXMuanMKbmV3IGZpbGUgbW9kZSAxMDA2NDQKaW5kZXggMDAwMDAwMC4uZWRiNmUyOQotLS0gL2Rldi9udWxsCisrKyBiL2lucHV0L21vZHVsZS9wcm9wZXJ0aWVzLmpzCkBAIC0wLDAgKzEsNDAgQEAKKworLy8gUFY6SUZDT05EKHB2Omhhc0ZlYXR1cmUoJ1RlbXBlcmF0dXJlJykpCit2YXIgbWluVGVtcCA9IC00MDsKK3ZhciBtYXhUZW1wID0gNjA7Cit2YXIgdGVtcFNjYWxlID0gJ8KwQyc7CisvL1BWOkVORENPTkQKKy8vUFY6SUZDT05EKHB2Omhhc0ZlYXR1cmUoJ0hlYXQnKSkKK3ZhciB0ZW1wTGltaXQgPSA0NTsKKy8vUFY6RU5EQ09ORAorCisvL1BWOklGQ09ORChwdjpoYXNGZWF0dXJlKCdBaXJQcmVzc3VyZScpKQordmFyIG1pblByZXMgPSA5MTA7Cit2YXIgbWF4UHJlcyA9IDEwNDA7Cit2YXIgcHJlc1NjYWxlID0gJ2hQYSc7CisvL1BWOkVORENPTkQKKworLy9QVjpJRkNPTkQocHY6aGFzRmVhdHVyZSgnV2luZFNwZWVkJykpCit2YXIgbWluV2luZCA9IDA7Cit2YXIgbWF4V2luZCA9IDEzMDsKK3ZhciB3aW5kU2NhbGUgPSAna20vaCc7CisvL1BWOkVORENPTkQKKy8vUFY6SUZDT05EKHB2Omhhc0ZlYXR1cmUoJ0dhbGUnKSkKK3ZhciB3aW5kTGltaXQgPSA4MDsKKy8vUFY6RU5EQ09ORAorCisvLyBQVjpJRkNPTkQocHY6aGFzRmVhdHVyZSgnRW5nbGlzaCcpKQordmFyIG1haW5UaXRsZSA9ICdXZWF0aGVyIFN0YXRpb24nOwordmFyIHRlbXBUaXRsZSA9ICdUZW1wZXJhdHVyZSc7Cit2YXIgcHJlc1RpdGxlID0gJ0FpciBQcmVzc3VyZSc7Cit2YXIgdGVtcFdhcm5pbmcgPSAnRXh0cmVtIEhlYXQnOwordmFyIHdpbmRXYXJuaW5nID0gJ1N0b3JtIFdhcm5pbmcnOworLy8gUFY6RU5EQ09ORAorLy8gUFY6SUZDT05EKHB2Omhhc0ZlYXR1cmUoJ0dlcm1hbicpKQordmFyIG1haW5UaXRsZSA9ICdXZXR0ZXJzdGF0aW9uJzsKK3ZhciB0ZW1wVGl0bGUgPSAnVGVtcGVyYXR1cic7Cit2YXIgcHJlc1RpdGxlID0gJ0x1ZnRkcnVjayc7Cit2YXIgdGVtcFdhcm5pbmcgPSAnRXh0cmVtZSBIaXR6ZSc7Cit2YXIgd2luZFRpdGxlID0gJ1dpbmRnZXNjaHdpbmRpZ2tlaXQnOwordmFyIHdpbmRXYXJuaW5nID0gJ1N0dXJtd2FybnVuZyc7CisvLyBQVjpFTkRDT05EClwgTm8gbmV3bGluZSBhdCBlbmQgb2YgZmlsZQo=',126,48,2,'NEW_ASSET_WITH_NEW_VARIATIONPOINT_AND_NEW_FEATURES');
INSERT IGNORE INTO developer_group (id_developer_group) VALUES 
(49);
INSERT IGNORE INTO developer_bridge (id_developer_group,id_developer) VALUES 
(49,1);
INSERT IGNORE INTO developer_bridge (id_developer_group,id_developer) VALUES 
(49,1);
INSERT IGNORE INTO developer_bridge (id_developer_group,id_developer) VALUES 
(49,1);
INSERT IGNORE INTO developer_bridge (id_developer_group,id_developer) VALUES 
(49,1);
INSERT IGNORE INTO customization_fact (idcustomization, lines_added,lines_deleted,custom_diff,commit_set,message_set,greater_diff,idvariationpoint,id_developer_group, idproductrelease, type) VALUES
(49,4,0,'ZGlmZiAtLWdpdCBhL2lucHV0L21vZHVsZS9wcm9wZXJ0aWVzLmpzIGIvaW5wdXQvbW9kdWxlL3Byb3BlcnRpZXMuanMKbmV3IGZpbGUgbW9kZSAxMDA2NDQKaW5kZXggMDAwMDAwMC4uZWRiNmUyOQotLS0gL2Rldi9udWxsCkBAIC04LDIgKzIyLDQgQEAgRXhwcmVzc2lvbjogKHB2Omhhc0ZlYXR1cmUoJ0dhbGUnKSlDaGFuZ2UgVHlwZTogTkVXX0FTU0VUX1dJVEhfTkVXX1ZBUklBVElPTlBPSU5UX0FORF9ORVdfRkVBVFVSRVMKKy8vUFY6SUZDT05EKHB2Omhhc0ZlYXR1cmUoJ0dhbGUnKSkvL0F1dGhvcmVkIGJ5OiBsZXRpbW9tZSBpbiBjb21taXQ6YmVmYzdmNWVkYzQ5MzkwMGNlMTYxYWVkODI2YWVlNGU0NjY3Nzk2Mywgd2l0aCBtZXNzYWdlOmFkZGVkIG5ldyBqcyBtb2R1bGUKK3ZhciB3aW5kTGltaXQgPSA4MDsvL0F1dGhvcmVkIGJ5OiBsZXRpbW9tZSBpbiBjb21taXQ6YmVmYzdmNWVkYzQ5MzkwMGNlMTYxYWVkODI2YWVlNGU0NjY3Nzk2Mywgd2l0aCBtZXNzYWdlOmFkZGVkIG5ldyBqcyBtb2R1bGUKKy8vUFY6RU5EQ09ORC8vQXV0aG9yZWQgYnk6IGxldGltb21lIGluIGNvbW1pdDpiZWZjN2Y1ZWRjNDkzOTAwY2UxNjFhZWQ4MjZhZWU0ZTQ2Njc3OTYzLCB3aXRoIG1lc3NhZ2U6YWRkZWQgbmV3IGpzIG1vZHVsZQorLy9BdXRob3JlZCBieTogbGV0aW1vbWUgaW4gY29tbWl0OmJlZmM3ZjVlZGM0OTM5MDBjZTE2MWFlZDgyNmFlZTRlNDY2Nzc5NjMsIHdpdGggbWVzc2FnZTphZGRlZCBuZXcganMgbW9kdWxlCg==','befc7f5edc493900ce161aed826aee4e46677963; befc7f5edc493900ce161aed826aee4e46677963; befc7f5edc493900ce161aed826aee4e46677963; befc7f5edc493900ce161aed826aee4e46677963; ','added new js module; ','ZGlmZiAtLWdpdCBhL2lucHV0L21vZHVsZS9wcm9wZXJ0aWVzLmpzIGIvaW5wdXQvbW9kdWxlL3Byb3BlcnRpZXMuanMKbmV3IGZpbGUgbW9kZSAxMDA2NDQKaW5kZXggMDAwMDAwMC4uZWRiNmUyOQotLS0gL2Rldi9udWxsCisrKyBiL2lucHV0L21vZHVsZS9wcm9wZXJ0aWVzLmpzCkBAIC0wLDAgKzEsNDAgQEAKKworLy8gUFY6SUZDT05EKHB2Omhhc0ZlYXR1cmUoJ1RlbXBlcmF0dXJlJykpCit2YXIgbWluVGVtcCA9IC00MDsKK3ZhciBtYXhUZW1wID0gNjA7Cit2YXIgdGVtcFNjYWxlID0gJ8KwQyc7CisvL1BWOkVORENPTkQKKy8vUFY6SUZDT05EKHB2Omhhc0ZlYXR1cmUoJ0hlYXQnKSkKK3ZhciB0ZW1wTGltaXQgPSA0NTsKKy8vUFY6RU5EQ09ORAorCisvL1BWOklGQ09ORChwdjpoYXNGZWF0dXJlKCdBaXJQcmVzc3VyZScpKQordmFyIG1pblByZXMgPSA5MTA7Cit2YXIgbWF4UHJlcyA9IDEwNDA7Cit2YXIgcHJlc1NjYWxlID0gJ2hQYSc7CisvL1BWOkVORENPTkQKKworLy9QVjpJRkNPTkQocHY6aGFzRmVhdHVyZSgnV2luZFNwZWVkJykpCit2YXIgbWluV2luZCA9IDA7Cit2YXIgbWF4V2luZCA9IDEzMDsKK3ZhciB3aW5kU2NhbGUgPSAna20vaCc7CisvL1BWOkVORENPTkQKKy8vUFY6SUZDT05EKHB2Omhhc0ZlYXR1cmUoJ0dhbGUnKSkKK3ZhciB3aW5kTGltaXQgPSA4MDsKKy8vUFY6RU5EQ09ORAorCisvLyBQVjpJRkNPTkQocHY6aGFzRmVhdHVyZSgnRW5nbGlzaCcpKQordmFyIG1haW5UaXRsZSA9ICdXZWF0aGVyIFN0YXRpb24nOwordmFyIHRlbXBUaXRsZSA9ICdUZW1wZXJhdHVyZSc7Cit2YXIgcHJlc1RpdGxlID0gJ0FpciBQcmVzc3VyZSc7Cit2YXIgdGVtcFdhcm5pbmcgPSAnRXh0cmVtIEhlYXQnOwordmFyIHdpbmRXYXJuaW5nID0gJ1N0b3JtIFdhcm5pbmcnOworLy8gUFY6RU5EQ09ORAorLy8gUFY6SUZDT05EKHB2Omhhc0ZlYXR1cmUoJ0dlcm1hbicpKQordmFyIG1haW5UaXRsZSA9ICdXZXR0ZXJzdGF0aW9uJzsKK3ZhciB0ZW1wVGl0bGUgPSAnVGVtcGVyYXR1cic7Cit2YXIgcHJlc1RpdGxlID0gJ0x1ZnRkcnVjayc7Cit2YXIgdGVtcFdhcm5pbmcgPSAnRXh0cmVtZSBIaXR6ZSc7Cit2YXIgd2luZFRpdGxlID0gJ1dpbmRnZXNjaHdpbmRpZ2tlaXQnOwordmFyIHdpbmRXYXJuaW5nID0gJ1N0dXJtd2FybnVuZyc7CisvLyBQVjpFTkRDT05EClwgTm8gbmV3bGluZSBhdCBlbmQgb2YgZmlsZQo=',127,49,2,'NEW_ASSET_WITH_NEW_VARIATIONPOINT_AND_NEW_FEATURES');
INSERT IGNORE INTO developer_group (id_developer_group) VALUES 
(50);
INSERT IGNORE INTO developer_bridge (id_developer_group,id_developer) VALUES 
(50,1);
INSERT IGNORE INTO developer_bridge (id_developer_group,id_developer) VALUES 
(50,1);
INSERT IGNORE INTO developer_bridge (id_developer_group,id_developer) VALUES 
(50,1);
INSERT IGNORE INTO developer_bridge (id_developer_group,id_developer) VALUES 
(50,1);
INSERT IGNORE INTO developer_bridge (id_developer_group,id_developer) VALUES 
(50,1);
INSERT IGNORE INTO developer_bridge (id_developer_group,id_developer) VALUES 
(50,1);
INSERT IGNORE INTO developer_bridge (id_developer_group,id_developer) VALUES 
(50,1);
INSERT IGNORE INTO customization_fact (idcustomization, lines_added,lines_deleted,custom_diff,commit_set,message_set,greater_diff,idvariationpoint,id_developer_group, idproductrelease, type) VALUES
(50,7,0,'ZGlmZiAtLWdpdCBhL2lucHV0L21vZHVsZS9wcm9wZXJ0aWVzLmpzIGIvaW5wdXQvbW9kdWxlL3Byb3BlcnRpZXMuanMKbmV3IGZpbGUgbW9kZSAxMDA2NDQKaW5kZXggMDAwMDAwMC4uZWRiNmUyOQotLS0gL2Rldi9udWxsCkBAIC0xMCwyICsyNiw3IEBAIEV4cHJlc3Npb246ICAocHY6aGFzRmVhdHVyZSgnRW5nbGlzaCcpKUNoYW5nZSBUeXBlOiBORVdfQVNTRVRfV0lUSF9ORVdfVkFSSUFUSU9OUE9JTlRfQU5EX05FV19GRUFUVVJFUworLy8gUFY6SUZDT05EKHB2Omhhc0ZlYXR1cmUoJ0VuZ2xpc2gnKSkvL0F1dGhvcmVkIGJ5OiBsZXRpbW9tZSBpbiBjb21taXQ6YmVmYzdmNWVkYzQ5MzkwMGNlMTYxYWVkODI2YWVlNGU0NjY3Nzk2Mywgd2l0aCBtZXNzYWdlOmFkZGVkIG5ldyBqcyBtb2R1bGUKK3ZhciBtYWluVGl0bGUgPSAnV2VhdGhlciBTdGF0aW9uJzsvL0F1dGhvcmVkIGJ5OiBsZXRpbW9tZSBpbiBjb21taXQ6YmVmYzdmNWVkYzQ5MzkwMGNlMTYxYWVkODI2YWVlNGU0NjY3Nzk2Mywgd2l0aCBtZXNzYWdlOmFkZGVkIG5ldyBqcyBtb2R1bGUKK3ZhciB0ZW1wVGl0bGUgPSAnVGVtcGVyYXR1cmUnOy8vQXV0aG9yZWQgYnk6IGxldGltb21lIGluIGNvbW1pdDpiZWZjN2Y1ZWRjNDkzOTAwY2UxNjFhZWQ4MjZhZWU0ZTQ2Njc3OTYzLCB3aXRoIG1lc3NhZ2U6YWRkZWQgbmV3IGpzIG1vZHVsZQordmFyIHByZXNUaXRsZSA9ICdBaXIgUHJlc3N1cmUnOy8vQXV0aG9yZWQgYnk6IGxldGltb21lIGluIGNvbW1pdDpiZWZjN2Y1ZWRjNDkzOTAwY2UxNjFhZWQ4MjZhZWU0ZTQ2Njc3OTYzLCB3aXRoIG1lc3NhZ2U6YWRkZWQgbmV3IGpzIG1vZHVsZQordmFyIHRlbXBXYXJuaW5nID0gJ0V4dHJlbSBIZWF0JzsvL0F1dGhvcmVkIGJ5OiBsZXRpbW9tZSBpbiBjb21taXQ6YmVmYzdmNWVkYzQ5MzkwMGNlMTYxYWVkODI2YWVlNGU0NjY3Nzk2Mywgd2l0aCBtZXNzYWdlOmFkZGVkIG5ldyBqcyBtb2R1bGUKK3ZhciB3aW5kV2FybmluZyA9ICdTdG9ybSBXYXJuaW5nJzsvL0F1dGhvcmVkIGJ5OiBsZXRpbW9tZSBpbiBjb21taXQ6YmVmYzdmNWVkYzQ5MzkwMGNlMTYxYWVkODI2YWVlNGU0NjY3Nzk2Mywgd2l0aCBtZXNzYWdlOmFkZGVkIG5ldyBqcyBtb2R1bGUKKy8vIFBWOkVORENPTkQvL0F1dGhvcmVkIGJ5OiBsZXRpbW9tZSBpbiBjb21taXQ6YmVmYzdmNWVkYzQ5MzkwMGNlMTYxYWVkODI2YWVlNGU0NjY3Nzk2Mywgd2l0aCBtZXNzYWdlOmFkZGVkIG5ldyBqcyBtb2R1bGUK','befc7f5edc493900ce161aed826aee4e46677963; befc7f5edc493900ce161aed826aee4e46677963; befc7f5edc493900ce161aed826aee4e46677963; befc7f5edc493900ce161aed826aee4e46677963; befc7f5edc493900ce161aed826aee4e46677963; befc7f5edc493900ce161aed826aee4e46677963; befc7f5edc493900ce161aed826aee4e46677963; ','added new js module; ','ZGlmZiAtLWdpdCBhL2lucHV0L21vZHVsZS9wcm9wZXJ0aWVzLmpzIGIvaW5wdXQvbW9kdWxlL3Byb3BlcnRpZXMuanMKbmV3IGZpbGUgbW9kZSAxMDA2NDQKaW5kZXggMDAwMDAwMC4uZWRiNmUyOQotLS0gL2Rldi9udWxsCisrKyBiL2lucHV0L21vZHVsZS9wcm9wZXJ0aWVzLmpzCkBAIC0wLDAgKzEsNDAgQEAKKworLy8gUFY6SUZDT05EKHB2Omhhc0ZlYXR1cmUoJ1RlbXBlcmF0dXJlJykpCit2YXIgbWluVGVtcCA9IC00MDsKK3ZhciBtYXhUZW1wID0gNjA7Cit2YXIgdGVtcFNjYWxlID0gJ8KwQyc7CisvL1BWOkVORENPTkQKKy8vUFY6SUZDT05EKHB2Omhhc0ZlYXR1cmUoJ0hlYXQnKSkKK3ZhciB0ZW1wTGltaXQgPSA0NTsKKy8vUFY6RU5EQ09ORAorCisvL1BWOklGQ09ORChwdjpoYXNGZWF0dXJlKCdBaXJQcmVzc3VyZScpKQordmFyIG1pblByZXMgPSA5MTA7Cit2YXIgbWF4UHJlcyA9IDEwNDA7Cit2YXIgcHJlc1NjYWxlID0gJ2hQYSc7CisvL1BWOkVORENPTkQKKworLy9QVjpJRkNPTkQocHY6aGFzRmVhdHVyZSgnV2luZFNwZWVkJykpCit2YXIgbWluV2luZCA9IDA7Cit2YXIgbWF4V2luZCA9IDEzMDsKK3ZhciB3aW5kU2NhbGUgPSAna20vaCc7CisvL1BWOkVORENPTkQKKy8vUFY6SUZDT05EKHB2Omhhc0ZlYXR1cmUoJ0dhbGUnKSkKK3ZhciB3aW5kTGltaXQgPSA4MDsKKy8vUFY6RU5EQ09ORAorCisvLyBQVjpJRkNPTkQocHY6aGFzRmVhdHVyZSgnRW5nbGlzaCcpKQordmFyIG1haW5UaXRsZSA9ICdXZWF0aGVyIFN0YXRpb24nOwordmFyIHRlbXBUaXRsZSA9ICdUZW1wZXJhdHVyZSc7Cit2YXIgcHJlc1RpdGxlID0gJ0FpciBQcmVzc3VyZSc7Cit2YXIgdGVtcFdhcm5pbmcgPSAnRXh0cmVtIEhlYXQnOwordmFyIHdpbmRXYXJuaW5nID0gJ1N0b3JtIFdhcm5pbmcnOworLy8gUFY6RU5EQ09ORAorLy8gUFY6SUZDT05EKHB2Omhhc0ZlYXR1cmUoJ0dlcm1hbicpKQordmFyIG1haW5UaXRsZSA9ICdXZXR0ZXJzdGF0aW9uJzsKK3ZhciB0ZW1wVGl0bGUgPSAnVGVtcGVyYXR1cic7Cit2YXIgcHJlc1RpdGxlID0gJ0x1ZnRkcnVjayc7Cit2YXIgdGVtcFdhcm5pbmcgPSAnRXh0cmVtZSBIaXR6ZSc7Cit2YXIgd2luZFRpdGxlID0gJ1dpbmRnZXNjaHdpbmRpZ2tlaXQnOwordmFyIHdpbmRXYXJuaW5nID0gJ1N0dXJtd2FybnVuZyc7CisvLyBQVjpFTkRDT05EClwgTm8gbmV3bGluZSBhdCBlbmQgb2YgZmlsZQo=',128,50,2,'NEW_ASSET_WITH_NEW_VARIATIONPOINT_AND_NEW_FEATURES');
INSERT IGNORE INTO product_release (idproductrelease,name,date,commits_set) VALUES
(3,'productNewYork-v1.0','1970-01-18 11:24:09','');
INSERT IGNORE INTO product_release (idproductrelease,name,date,commits_set) VALUES
(4,'productParis-v1.0','1970-01-18 11:24:10','');
INSERT IGNORE INTO developer_group (id_developer_group) VALUES 
(51);
INSERT IGNORE INTO developer_bridge (id_developer_group,id_developer) VALUES 
(51,1);
INSERT IGNORE INTO developer_bridge (id_developer_group,id_developer) VALUES 
(51,1);
INSERT IGNORE INTO developer_bridge (id_developer_group,id_developer) VALUES 
(51,1);
INSERT IGNORE INTO developer_bridge (id_developer_group,id_developer) VALUES 
(51,1);
INSERT IGNORE INTO developer_bridge (id_developer_group,id_developer) VALUES 
(51,1);
INSERT IGNORE INTO developer_bridge (id_developer_group,id_developer) VALUES 
(51,1);
INSERT IGNORE INTO developer_bridge (id_developer_group,id_developer) VALUES 
(51,1);
INSERT IGNORE INTO developer_bridge (id_developer_group,id_developer) VALUES 
(51,1);
INSERT IGNORE INTO developer_bridge (id_developer_group,id_developer) VALUES 
(51,1);
INSERT IGNORE INTO developer_bridge (id_developer_group,id_developer) VALUES 
(51,1);
INSERT IGNORE INTO developer_bridge (id_developer_group,id_developer) VALUES 
(51,1);
INSERT IGNORE INTO developer_bridge (id_developer_group,id_developer) VALUES 
(51,1);
INSERT IGNORE INTO developer_bridge (id_developer_group,id_developer) VALUES 
(51,1);
INSERT IGNORE INTO developer_bridge (id_developer_group,id_developer) VALUES 
(51,1);
INSERT IGNORE INTO developer_bridge (id_developer_group,id_developer) VALUES 
(51,1);
INSERT IGNORE INTO developer_bridge (id_developer_group,id_developer) VALUES 
(51,1);
INSERT IGNORE INTO developer_bridge (id_developer_group,id_developer) VALUES 
(51,1);
INSERT IGNORE INTO developer_bridge (id_developer_group,id_developer) VALUES 
(51,1);
INSERT IGNORE INTO developer_bridge (id_developer_group,id_developer) VALUES 
(51,1);
INSERT IGNORE INTO developer_bridge (id_developer_group,id_developer) VALUES 
(51,1);
INSERT IGNORE INTO customization_fact (idcustomization, lines_added,lines_deleted,custom_diff,commit_set,message_set,greater_diff,idvariationpoint,id_developer_group, idproductrelease, type) VALUES
(51,20,0,'ZGlmZiAtLWdpdCBhL2lucHV0L2pzL21lYXN1cmVtZW50cy5qcyBiL2lucHV0L2pzL21lYXN1cmVtZW50cy5qcwpuZXcgZmlsZSBtb2RlIDEwMDY0NAppbmRleCAwMDAwMDAwLi5iYzM5M2JhCi0tLSAvZGV2L251bGwKQEAgLTAsMiArMSwyMCBAQCBFeHByZXNzaW9uOiAgKHB2Omhhc0ZlYXR1cmUoJ0FpclByZXNzdXJlJykpQ2hhbmdlIFR5cGU6IE5FV19BU1NFVF9XSVRIX05FV19WQVJJQVRJT05QT0lOVF9BTkRfTkVXX0ZFQVRVUkVTCisvLyBQVjpJRkNPTkQocHY6aGFzRmVhdHVyZSgnQWlyUHJlc3N1cmUnKSkvL0F1dGhvcmVkIGJ5OiBsZXRpbW9tZSBpbiBjb21taXQ6YmVjYzk5ZjY5ODA4MjcwYTgzM2Q2NTBmOTdiYWYyZjQyYWNkYWYzMiwgd2l0aCBtZXNzYWdlOmNoYW5nZXMgZm9yIFBhcmlzIFdTIAorZnVuY3Rpb24gYXBwbHlQcmVzc3VyZSgpIHsvL0F1dGhvcmVkIGJ5OiBsZXRpbW9tZSBpbiBjb21taXQ6YmVjYzk5ZjY5ODA4MjcwYTgzM2Q2NTBmOTdiYWYyZjQyYWNkYWYzMiwgd2l0aCBtZXNzYWdlOmNoYW5nZXMgZm9yIFBhcmlzIFdTIAorCXZhciBtZWFzdXJlVGV4dCA9IGRvY3VtZW50LmdldEVsZW1lbnRCeUlkKCJwX21lYXN1cmUiKTsvL0F1dGhvcmVkIGJ5OiBsZXRpbW9tZSBpbiBjb21taXQ6YmVjYzk5ZjY5ODA4MjcwYTgzM2Q2NTBmOTdiYWYyZjQyYWNkYWYzMiwgd2l0aCBtZXNzYWdlOmNoYW5nZXMgZm9yIFBhcmlzIFdTIAorCXZhciBwb2ludGVyID0gZG9jdW1lbnQuZ2V0RWxlbWVudEJ5SWQoInBfcG9pbnQiKTsvL0F1dGhvcmVkIGJ5OiBsZXRpbW9tZSBpbiBjb21taXQ6YmVjYzk5ZjY5ODA4MjcwYTgzM2Q2NTBmOTdiYWYyZjQyYWNkYWYzMiwgd2l0aCBtZXNzYWdlOmNoYW5nZXMgZm9yIFBhcmlzIFdTIAorCWFwcGx5VGFjaG9WYWx1ZShtaW5QcmVzLCBtYXhQcmVzLCBtZWFzdXJlVGV4dCwgcG9pbnRlcik7Ly9BdXRob3JlZCBieTogbGV0aW1vbWUgaW4gY29tbWl0OmJlY2M5OWY2OTgwODI3MGE4MzNkNjUwZjk3YmFmMmY0MmFjZGFmMzIsIHdpdGggbWVzc2FnZTpjaGFuZ2VzIGZvciBQYXJpcyBXUyAKKwlmdW5jdGlvbiBnZXRNZXRhQ29udGVudEJ5TmFtZShuYW1lLGNvbnRlbnQpey8vQXV0aG9yZWQgYnk6IGxldGltb21lIGluIGNvbW1pdDpiZWNjOTlmNjk4MDgyNzBhODMzZDY1MGY5N2JhZjJmNDJhY2RhZjMyLCB3aXRoIG1lc3NhZ2U6Y2hhbmdlcyBmb3IgUGFyaXMgV1MgCisJCSAgIHZhciBjb250ZW50ID0gKGNvbnRlbnQ9PW51bGwpPydjb250ZW50Jzpjb250ZW50Oy8vQXV0aG9yZWQgYnk6IGxldGltb21lIGluIGNvbW1pdDpiZWNjOTlmNjk4MDgyNzBhODMzZDY1MGY5N2JhZjJmNDJhY2RhZjMyLCB3aXRoIG1lc3NhZ2U6Y2hhbmdlcyBmb3IgUGFyaXMgV1MgCisJCSAgIHJldHVybiBkb2N1bWVudC5xdWVyeVNlbGVjdG9yKCJtZXRhW25hbWU9JyIrbmFtZSsiJ10iKS5nZXRBdHRyaWJ1dGUoY29udGVudCk7Ly9BdXRob3JlZCBieTogbGV0aW1vbWUgaW4gY29tbWl0OmJlY2M5OWY2OTgwODI3MGE4MzNkNjUwZjk3YmFmMmY0MmFjZGFmMzIsIHdpdGggbWVzc2FnZTpjaGFuZ2VzIGZvciBQYXJpcyBXUyAKKwkJfS8vQXV0aG9yZWQgYnk6IGxldGltb21lIGluIGNvbW1pdDpiZWNjOTlmNjk4MDgyNzBhODMzZDY1MGY5N2JhZjJmNDJhY2RhZjMyLCB3aXRoIG1lc3NhZ2U6Y2hhbmdlcyBmb3IgUGFyaXMgV1MgCisJCS8vQXV0aG9yZWQgYnk6IGxldGltb21lIGluIGNvbW1pdDpiZWNjOTlmNjk4MDgyNzBhODMzZDY1MGY5N2JhZjJmNDJhY2RhZjMyLCB3aXRoIG1lc3NhZ2U6Y2hhbmdlcyBmb3IgUGFyaXMgV1MgCisJCSQoZG9jdW1lbnQpLnJlYWR5KGZ1bmN0aW9uKCl7Ly9BdXRob3JlZCBieTogbGV0aW1vbWUgaW4gY29tbWl0OmJlY2M5OWY2OTgwODI3MGE4MzNkNjUwZjk3YmFmMmY0MmFjZGFmMzIsIHdpdGggbWVzc2FnZTpjaGFuZ2VzIGZvciBQYXJpcyBXUyAKKwkJCS8vY29uc29sZS5sb2coZGlmZlN0cmluZyk7IC8vZGlmZlN0cmluZyBzaG91bGQgYmUgdGhlIHZhbHVlIG9mIGRpZmZ2aWV3IHZhbHVlLy9BdXRob3JlZCBieTogbGV0aW1vbWUgaW4gY29tbWl0OmJlY2M5OWY2OTgwODI3MGE4MzNkNjUwZjk3YmFmMmY0MmFjZGFmMzIsIHdpdGggbWVzc2FnZTpjaGFuZ2VzIGZvciBQYXJpcyBXUyAKKwkJCS8vZ2V0IHNlbGVjdCgiI2RpZmZ2YWx1ZSIpLiBtZXRhZGF0YS8vQXV0aG9yZWQgYnk6IGxldGltb21lIGluIGNvbW1pdDpiZWNjOTlmNjk4MDgyNzBhODMzZDY1MGY5N2JhZjJmNDJhY2RhZjMyLCB3aXRoIG1lc3NhZ2U6Y2hhbmdlcyBmb3IgUGFyaXMgV1MgCisJCQl2YXIgZGlmZnZhbHVlID0gZ2V0TWV0YUNvbnRlbnRCeU5hbWUoImRpZmZ2YWx1ZSIpOy8vQXV0aG9yZWQgYnk6IGxldGltb21lIGluIGNvbW1pdDpiZWNjOTlmNjk4MDgyNzBhODMzZDY1MGY5N2JhZjJmNDJhY2RhZjMyLCB3aXRoIG1lc3NhZ2U6Y2hhbmdlcyBmb3IgUGFyaXMgV1MgCisJCQlpZiAoZGlmZnZhbHVlPT1udWxsKSByZXR1cm4gbnVsbDsvL0F1dGhvcmVkIGJ5OiBsZXRpbW9tZSBpbiBjb21taXQ6YmVjYzk5ZjY5ODA4MjcwYTgzM2Q2NTBmOTdiYWYyZjQyYWNkYWYzMiwgd2l0aCBtZXNzYWdlOmNoYW5nZXMgZm9yIFBhcmlzIFdTIAorCQl9KTsvL0F1dGhvcmVkIGJ5OiBsZXRpbW9tZSBpbiBjb21taXQ6YmVjYzk5ZjY5ODA4MjcwYTgzM2Q2NTBmOTdiYWYyZjQyYWNkYWYzMiwgd2l0aCBtZXNzYWdlOmNoYW5nZXMgZm9yIFBhcmlzIFdTIAorCXJldHVybiBmYWxzZTsvL0F1dGhvcmVkIGJ5OiBsZXRpbW9tZSBpbiBjb21taXQ6YmVjYzk5ZjY5ODA4MjcwYTgzM2Q2NTBmOTdiYWYyZjQyYWNkYWYzMiwgd2l0aCBtZXNzYWdlOmNoYW5nZXMgZm9yIFBhcmlzIFdTIAorfS8vQXV0aG9yZWQgYnk6IGxldGltb21lIGluIGNvbW1pdDpiZWNjOTlmNjk4MDgyNzBhODMzZDY1MGY5N2JhZjJmNDJhY2RhZjMyLCB3aXRoIG1lc3NhZ2U6Y2hhbmdlcyBmb3IgUGFyaXMgV1MgCisvLyBQVjpFTkRDT05ELy9BdXRob3JlZCBieTogbGV0aW1vbWUgaW4gY29tbWl0OmJlY2M5OWY2OTgwODI3MGE4MzNkNjUwZjk3YmFmMmY0MmFjZGFmMzIsIHdpdGggbWVzc2FnZTpjaGFuZ2VzIGZvciBQYXJpcyBXUyAKKy8vQXV0aG9yZWQgYnk6IGxldGltb21lIGluIGNvbW1pdDpiZWNjOTlmNjk4MDgyNzBhODMzZDY1MGY5N2JhZjJmNDJhY2RhZjMyLCB3aXRoIG1lc3NhZ2U6Y2hhbmdlcyBmb3IgUGFyaXMgV1MgCg==','becc99f69808270a833d650f97baf2f42acdaf32; becc99f69808270a833d650f97baf2f42acdaf32; becc99f69808270a833d650f97baf2f42acdaf32; becc99f69808270a833d650f97baf2f42acdaf32; becc99f69808270a833d650f97baf2f42acdaf32; becc99f69808270a833d650f97baf2f42acdaf32; becc99f69808270a833d650f97baf2f42acdaf32; becc99f69808270a833d650f97baf2f42acdaf32; becc99f69808270a833d650f97baf2f42acdaf32; becc99f69808270a833d650f97baf2f42acdaf32; becc99f69808270a833d650f97baf2f42acdaf32; becc99f69808270a833d650f97baf2f42acdaf32; becc99f69808270a833d650f97baf2f42acdaf32; becc99f69808270a833d650f97baf2f42acdaf32; becc99f69808270a833d650f97baf2f42acdaf32; becc99f69808270a833d650f97baf2f42acdaf32; becc99f69808270a833d650f97baf2f42acdaf32; becc99f69808270a833d650f97baf2f42acdaf32; becc99f69808270a833d650f97baf2f42acdaf32; becc99f69808270a833d650f97baf2f42acdaf32; ','changes for Paris WS
; ','ZGlmZiAtLWdpdCBhL2lucHV0L2pzL21lYXN1cmVtZW50cy5qcyBiL2lucHV0L2pzL21lYXN1cmVtZW50cy5qcwpuZXcgZmlsZSBtb2RlIDEwMDY0NAppbmRleCAwMDAwMDAwLi5iYzM5M2JhCi0tLSAvZGV2L251bGwKKysrIGIvaW5wdXQvanMvbWVhc3VyZW1lbnRzLmpzCkBAIC0wLDAgKzEsMTYyIEBACisvLyBQVjpJRkNPTkQocHY6aGFzRmVhdHVyZSgnQWlyUHJlc3N1cmUnKSkKK2Z1bmN0aW9uIGFwcGx5UHJlc3N1cmUoKSB7CisJdmFyIG1lYXN1cmVUZXh0ID0gZG9jdW1lbnQuZ2V0RWxlbWVudEJ5SWQoInBfbWVhc3VyZSIpOworCXZhciBwb2ludGVyID0gZG9jdW1lbnQuZ2V0RWxlbWVudEJ5SWQoInBfcG9pbnQiKTsKKwlhcHBseVRhY2hvVmFsdWUobWluUHJlcywgbWF4UHJlcywgbWVhc3VyZVRleHQsIHBvaW50ZXIpOworCWZ1bmN0aW9uIGdldE1ldGFDb250ZW50QnlOYW1lKG5hbWUsY29udGVudCl7CisJCSAgIHZhciBjb250ZW50ID0gKGNvbnRlbnQ9PW51bGwpPydjb250ZW50Jzpjb250ZW50OworCQkgICByZXR1cm4gZG9jdW1lbnQucXVlcnlTZWxlY3RvcigibWV0YVtuYW1lPSciK25hbWUrIiddIikuZ2V0QXR0cmlidXRlKGNvbnRlbnQpOworCQl9CisJCQorCQkkKGRvY3VtZW50KS5yZWFkeShmdW5jdGlvbigpeworCQkJLy9jb25zb2xlLmxvZyhkaWZmU3RyaW5nKTsgLy9kaWZmU3RyaW5nIHNob3VsZCBiZSB0aGUgdmFsdWUgb2YgZGlmZnZpZXcgdmFsdWUKKwkJCS8vZ2V0IHNlbGVjdCgiI2RpZmZ2YWx1ZSIpLiBtZXRhZGF0YQorCQkJdmFyIGRpZmZ2YWx1ZSA9IGdldE1ldGFDb250ZW50QnlOYW1lKCJkaWZmdmFsdWUiKTsKKwkJCWlmIChkaWZmdmFsdWU9PW51bGwpIHJldHVybiBudWxsOworCQl9KTsKKwlyZXR1cm4gZmFsc2U7Cit9CisvLyBQVjpFTkRDT05ECisKKy8vIFBWOklGQ09ORChwdjpoYXNGZWF0dXJlKCdXaW5kU3BlZWQnKSkKK3ZhciB3aW5kTWVhc3VyZSA9IDA7CitmdW5jdGlvbiBhcHBseVdpbmRTcGVlZCgpIHsKKwl2YXIgbWVhc3VyZVRleHQgPSBkb2N1bWVudC5nZXRFbGVtZW50QnlJZCgid19tZWFzdXJlIik7CisJd2luZE1lYXN1cmUgPSBtZWFzdXJlVGV4dC52YWx1ZTsKKwl2YXIgcG9pbnRlciA9IGRvY3VtZW50LmdldEVsZW1lbnRCeUlkKCJ3X3BvaW50Iik7CisJCisJYXBwbHlUYWNob1ZhbHVlKG1pbldpbmQsIG1heFdpbmQsIG1lYXN1cmVUZXh0LCBwb2ludGVyKTsKKwlzZXRXYXJuaW5ncygpOworCXJldHVybiBmYWxzZTsKK30KKy8vIFBWOkVORENPTkQKKworLy8gUFY6SUZDT05EKHB2Omhhc0ZlYXR1cmUoJ1dpbmRTcGVlZCcpIG9yIHB2Omhhc0ZlYXR1cmUoJ0FpclByZXNzdXJlJykpCitmdW5jdGlvbiBhcHBseVRhY2hvVmFsdWUobWluLCBtYXgsIG1lYXN1cmVUZXh0LCBwb2ludGVyKSB7CisJdmFyIGRpdmlzb3IgPSBNYXRoLnJvdW5kKChtYXggLSBtaW4pLzEzKTsKKwl2YXIgYyA9IE1hdGgucm91bmQoZGl2aXNvci8yKTsKKwkKKwlpZiAobWVhc3VyZVRleHQgJiYgcG9pbnRlcikgeworCQl2YXIgbWVhc3VyZSA9IG1lYXN1cmVUZXh0LnZhbHVlOworCQl2YXIgaW50VmFsdWUgPSBjaGVja01lYXN1cmUobWluLCBtYXgsIG1lYXN1cmUpOworCQlpZiAoaXNOYU4oaW50VmFsdWUpKSByZXR1cm4gZmFsc2U7CisJCWZ1bmN0aW9uIGdldE1ldGFDb250ZW50QnlOYW1lKG5hbWUsY29udGVudCl7CisJCQkgICB2YXIgY29udGVudCA9IChjb250ZW50PT1udWxsKT8nY29udGVudCc6Y29udGVudDsKKwkJCSAgIHJldHVybiBkb2N1bWVudC5xdWVyeVNlbGVjdG9yKCJtZXRhW25hbWU9JyIrbmFtZSsiJ10iKS5nZXRBdHRyaWJ1dGUoY29udGVudCk7CisJCQl9CisJCQkKKwkJCSQoZG9jdW1lbnQpLnJlYWR5KGZ1bmN0aW9uKCl7CisJCQkJLy9jb25zb2xlLmxvZyhkaWZmU3RyaW5nKTsgLy9kaWZmU3RyaW5nIHNob3VsZCBiZSB0aGUgdmFsdWUgb2YgZGlmZnZpZXcgdmFsdWUKKwkJCQkvL2dldCBzZWxlY3QoIiNkaWZmdmFsdWUiKS4gbWV0YWRhdGEKKwkJCQl2YXIgZGlmZnZhbHVlID0gZ2V0TWV0YUNvbnRlbnRCeU5hbWUoImRpZmZ2YWx1ZSIpOworCQkJCWlmIChkaWZmdmFsdWU9PW51bGwpIHJldHVybiBudWxsOworCQkJfSk7CisJCXJldHVybiBmYWxzZTsKKwkJaW50VmFsdWUgLT0gbWluOworCQlpZiAoaW50VmFsdWUgJSBkaXZpc29yIDwgYykgaW50VmFsdWUgLT0gaW50VmFsdWUgJSBkaXZpc29yOworCQllbHNlIGludFZhbHVlICs9IGRpdmlzb3IgLSBpbnRWYWx1ZSAlIGRpdmlzb3I7CisKKwkJaW50VmFsdWUgLz0gZGl2aXNvcjsKKwkJcG9pbnRlci5zdHlsZS5iYWNrZ3JvdW5kID0gInVybCgnaW1hZ2VzL25fIiArIGludFZhbHVlICsgIi5wbmcnKSI7CisJfQorCXJldHVybiBmYWxzZTsKK30KKy8vIFBWOkVORENPTkQKKworLy8gUFY6SUZDT05EKHB2Omhhc0ZlYXR1cmUoJ1RlbXBlcmF0dXJlJykpCit2YXIgdGVtcE1lYXN1cmUgPSAwOworZnVuY3Rpb24gYXBwbHlUZW1wZXJhdHVyZSgpIHsKKwl2YXIgbWluID0gbWluVGVtcDsKKwl2YXIgbWF4ID0gbWF4VGVtcDsKKworCXZhciBweFJhbmdlID0gMTcwOworCisJdmFyIG1lYXN1cmVUZXh0ID0gZG9jdW1lbnQuZ2V0RWxlbWVudEJ5SWQoInRfbWVhc3VyZSIpOworCXZhciBwb2ludGVyID0gZG9jdW1lbnQuZ2V0RWxlbWVudEJ5SWQoInRfcG9pbnQiKTsKKworCWlmIChtZWFzdXJlVGV4dCAmJiBwb2ludGVyKSB7CisJCXRlbXBNZWFzdXJlID0gbWVhc3VyZVRleHQudmFsdWU7CisJCXZhciBpbnRWYWx1ZSA9IGNoZWNrTWVhc3VyZShtaW4sIG1heCwgdGVtcE1lYXN1cmUpOworCQlpZiAoaXNOYU4oaW50VmFsdWUpKSByZXR1cm4gZmFsc2U7CisJCWludFZhbHVlID0gKGludFZhbHVlIC0gbWluKSoocHhSYW5nZSAvIChtYXggLSBtaW4pKTsKKwkJCisJCXBvaW50ZXIuc3R5bGUuaGVpZ2h0ID0gKDE3NyAtIGludFZhbHVlKSArICJweCI7CisJfQorCXNldFdhcm5pbmdzKCk7CisJcmV0dXJuIGZhbHNlOworfQorLy8gUFY6RU5EQ09ORAorCitmdW5jdGlvbiBjaGVja01lYXN1cmUobWluLCBtYXgsIG1lYXN1cmUpIHsKKwlpZiAobWVhc3VyZSA9PSAiIiB8fCBtZWFzdXJlID09IG51bGwpIHJldHVybiBOYU47CisJaWYgKGlzTmFOKHBhcnNlSW50KG1lYXN1cmUpKSB8fAorCQlwYXJzZUludChtZWFzdXJlKSA8IG1pbiB8fAorCQlwYXJzZUludChtZWFzdXJlKSA+IG1heCkgeworCQlhbGVydCgiQml0dGUgZWluZSBaYWhsIHp3aXNjaGVuICIgKyBtaW4gKyAiIHVuZCAiICsgbWF4ICsgIiBlaW5nZWJlbiEiKTsKKwkJcmV0dXJuIE5hTjsKKwl9CisJcmV0dXJuIHBhcnNlSW50KG1lYXN1cmUpOworfQorCitmdW5jdGlvbiBzZXRXYXJuaW5ncygpIHsKKwl3YXJuaW5nVGV4dCA9ICcnOworLy8gUFY6SUZDT05EKHB2Omhhc0ZlYXR1cmUoJ0hlYXQnKSkKKwlpZiAoIWlzTmFOKHRlbXBMaW1pdCkgJiYgdGVtcE1lYXN1cmUgPiB0ZW1wTGltaXQpIHsKKwkJd2FybmluZ1RleHQgKz0gdGVtcFdhcm5pbmc7CisJfQorLy8gUFY6RU5EQ09ORAorLy8gUFY6SUZDT05EKHB2Omhhc0ZlYXR1cmUoJ0dhbGUnKSkKKwlpZiAoIWlzTmFOKHdpbmRMaW1pdCkgJiYgd2luZE1lYXN1cmUgPiB3aW5kTGltaXQpIHsKKwkJd2FybmluZ1RleHQgKz0gKHdhcm5pbmdUZXh0ID09ICcnKSA/ICcnIDogJywgJzsKKwkJd2FybmluZ1RleHQgKz0gd2luZFdhcm5pbmc7CisJCXZhciBnYWxldmFsdWUgPSBnZXRNZXRhQ29udGVudEJ5TmFtZSgiZ2FsZSIpOworCQkKKwkJaWYgKGdhbGU9PW51bGwpIHJldHVybjsJCisJCXZhciBkaWZmMmh0bWxVaSA9IG5ldyBEaWZmMkh0bWxVSSh7ZGlmZjogZGlmZnZhbHVlfSk7CisJCWNvbnNvbGUubG9nKGRpZmYyaHRtbFVpKTsKKwkJZGlmZjJodG1sVWkuZHJhdygnI2dhbGVWaWV3Jywge2lucHV0Rm9ybWF0OiAnanNvbicsIHNob3dGaWxlczogdHJ1ZSwgbWF0Y2hpbmc6ICdsaW5lcyd9KTsKKwkgICAgZGlmZjJodG1sVWkuaGlnaGxpZ2h0Q29kZSgnI2dhbGVWaWV3Jyk7CisJICAgIGNlbGwuYXBwZW5kKCJyZWN0IikKKwkgICAgICAuYXR0cigiaWQiLCBmdW5jdGlvbihkKSB7IHJldHVybiAicmVjdC0iICsgZC5pZDsgfSkKKwkgICAgICAuYXR0cigiaWRfY29yZV9hc3NldCIsIGZ1bmN0aW9uKGQpIHsgY29uc29sZS5sb2cgKGQpOyByZXR1cm4gZC5kYXRhLmlkX2NvcmVfYXNzZXQ7fSkKKwkgICAgICAuYXR0cigiZm5hbWUiLCBmdW5jdGlvbihkKSB7IGNvbnNvbGUubG9nIChkKTsgcmV0dXJuIGQuZGF0YS5mbmFtZTt9KQorCSAgICAgIC5hdHRyKCJwciIsIGZ1bmN0aW9uKGQpIHsgY29uc29sZS5sb2cgKGQpOyByZXR1cm4gZC5kYXRhLnByb2R1Y3RfcmVsZWFzZTt9KQorCSAgICAgIC5hdHRyKCJ3aWR0aCIsIGZ1bmN0aW9uKGQpIHsgcmV0dXJuIGQueDEgLSBkLngwOyB9KQorCSAgICAgIC5hdHRyKCJoZWlnaHQiLCBmdW5jdGlvbihkKSB7IHJldHVybiBkLnkxIC0gZC55MDsgfSkKKwkgICAgIC5zdHlsZSgic3Ryb2tlIiwiYmxhY2siKQorCSAgICAgIC5hdHRyKCJvcGVyYXRpb24iLGZ1bmN0aW9uKGQpIHsgY29uc29sZS5sb2cgKGQpOyByZXR1cm4gZC5kYXRhLm9wZXJhdGlvbjt9KQorCSAgICAgLnN0eWxlKCJmaWxsIiwgZnVuY3Rpb24oZCkgeyAKKwkJICAgIAkgIGNvbnNvbGUubG9nKCJpbiBjb2xvciIpOwkJCisJCSAgICAJICB2YXIgb3BlcmF0aW9uID0gZC5kYXRhLm9wZXJhdGlvbjsKKwkJICAgIAkJaWYgKCAob3BlcmF0aW9uID09InVuZGVmaW5lZCIpIHx8IChkLmRhdGEub3BlcmF0aW9uPT1udWxsKSkgcmV0dXJuICIjY2NjY2NjIjsKKwkJICAgIAkgIAllbHNlIGlmIChvcGVyYXRpb249PSgiYWRkIikpIHJldHVybiAiIzNmYWM1NCI7CisJCSAgICAJICAJZWxzZSBpZiAob3BlcmF0aW9uPT0oImRlbGV0ZSIpKSByZXR1cm4gIiNlNjMyM2QiOworCQkgICAgCQllbHNlIGlmIChvcGVyYXRpb249PSJjaHVybiIpIHJldHVybiAiI0ZGODEwMCI7CisJCSAgICAJcmV0dXJuICIjY2NjY2NjIjsvL2NvbG9yKGQudmFsdWUpOy8vdGhlIHZhbHVlIC0gY2h1cm4gLSBvZiB0aGUgY3VzdG9taXphdGlvbgorCSAgICAJICB9KTsKKworCSAgY2VsbC5hcHBlbmQoImNsaXBQYXRoIikKKwkgICAgICAuYXR0cigiaWQiLCBmdW5jdGlvbihkKSB7IHJldHVybiAiY2xpcC0iICsgZC5pZDsgfSkKKwkgICAgLmFwcGVuZCgidXNlIikKKwkgICAgICAuYXR0cigieGxpbms6aHJlZiIsIGZ1bmN0aW9uKGQpIHsgcmV0dXJuICIjcmVjdC0iICsgZC5pZCArICIiOyB9KTsKKwl9OworCX0KKy8vIFBWOkVORENPTkQKKwl2YXIgZWxlbWVudCA9IGRvY3VtZW50LmdldEVsZW1lbnRCeUlkKCd3YXJuaW5nJyk7CisJaWYgKHdhcm5pbmdUZXh0ICE9ICcnKSB7CisKKy8vIFBWOklGQ09ORChwdjpoYXNGZWF0dXJlKCdHZXJtYW4nKSkKKwkJd2FybmluZ1RleHQgPSAnQWNodHVuZzogJyArIHdhcm5pbmdUZXh0OworLy8gUFY6RU5EQ09ORAorLy8gUFY6SUZDT05EKHB2Omhhc0ZlYXR1cmUoJ0VuZ2xpc2gnKSkKKwkJaWYgKHdhcm5pbmdUZXh0ICE9ICcnKSB3YXJuaW5nVGV4dCA9ICdBdHRlbnRpb246ICcgKyB3YXJuaW5nVGV4dDsKKy8vIFBWOkVORENPTkQKKwkJc2V0RWxlbWVudFRleHQoZWxlbWVudCwgd2FybmluZ1RleHQpOworCQkvL2VsZW1lbnQuc3R5bGUuZGlzcGxheSA9ICdpbmhlcml0JzsKKwl9CisJZWxzZSB7CisJCS8vZWxlbWVudC5zdHlsZS5kaXNwbGF5ID0gJ25vbmUnOworCQlzZXRFbGVtZW50VGV4dChlbGVtZW50LCAnJyk7CisJfQorCisK',173,51,4,'NEW_ASSET_WITH_NEW_VARIATIONPOINT_AND_NEW_FEATURES');
INSERT IGNORE INTO developer_group (id_developer_group) VALUES 
(52);
INSERT IGNORE INTO developer_bridge (id_developer_group,id_developer) VALUES 
(52,1);
INSERT IGNORE INTO developer_bridge (id_developer_group,id_developer) VALUES 
(52,1);
INSERT IGNORE INTO developer_bridge (id_developer_group,id_developer) VALUES 
(52,1);
INSERT IGNORE INTO developer_bridge (id_developer_group,id_developer) VALUES 
(52,1);
INSERT IGNORE INTO developer_bridge (id_developer_group,id_developer) VALUES 
(52,1);
INSERT IGNORE INTO developer_bridge (id_developer_group,id_developer) VALUES 
(52,1);
INSERT IGNORE INTO developer_bridge (id_developer_group,id_developer) VALUES 
(52,1);
INSERT IGNORE INTO developer_bridge (id_developer_group,id_developer) VALUES 
(52,1);
INSERT IGNORE INTO developer_bridge (id_developer_group,id_developer) VALUES 
(52,1);
INSERT IGNORE INTO developer_bridge (id_developer_group,id_developer) VALUES 
(52,1);
INSERT IGNORE INTO developer_bridge (id_developer_group,id_developer) VALUES 
(52,1);
INSERT IGNORE INTO developer_bridge (id_developer_group,id_developer) VALUES 
(52,1);
INSERT IGNORE INTO developer_bridge (id_developer_group,id_developer) VALUES 
(52,1);
INSERT IGNORE INTO customization_fact (idcustomization, lines_added,lines_deleted,custom_diff,commit_set,message_set,greater_diff,idvariationpoint,id_developer_group, idproductrelease, type) VALUES
(52,13,0,'ZGlmZiAtLWdpdCBhL2lucHV0L2pzL21lYXN1cmVtZW50cy5qcyBiL2lucHV0L2pzL21lYXN1cmVtZW50cy5qcwpuZXcgZmlsZSBtb2RlIDEwMDY0NAppbmRleCAwMDAwMDAwLi5iYzM5M2JhCi0tLSAvZGV2L251bGwKQEAgLTIsMiArMjEsMTMgQEAgRXhwcmVzc2lvbjogIChwdjpoYXNGZWF0dXJlKCdXaW5kU3BlZWQnKSlDaGFuZ2UgVHlwZTogTkVXX0FTU0VUX1dJVEhfTkVXX1ZBUklBVElPTlBPSU5UX0FORF9ORVdfRkVBVFVSRVMKKy8vIFBWOklGQ09ORChwdjpoYXNGZWF0dXJlKCdXaW5kU3BlZWQnKSkvL0F1dGhvcmVkIGJ5OiBsZXRpbW9tZSBpbiBjb21taXQ6YmVjYzk5ZjY5ODA4MjcwYTgzM2Q2NTBmOTdiYWYyZjQyYWNkYWYzMiwgd2l0aCBtZXNzYWdlOmNoYW5nZXMgZm9yIFBhcmlzIFdTIAordmFyIHdpbmRNZWFzdXJlID0gMDsvL0F1dGhvcmVkIGJ5OiBsZXRpbW9tZSBpbiBjb21taXQ6YmVjYzk5ZjY5ODA4MjcwYTgzM2Q2NTBmOTdiYWYyZjQyYWNkYWYzMiwgd2l0aCBtZXNzYWdlOmNoYW5nZXMgZm9yIFBhcmlzIFdTIAorZnVuY3Rpb24gYXBwbHlXaW5kU3BlZWQoKSB7Ly9BdXRob3JlZCBieTogbGV0aW1vbWUgaW4gY29tbWl0OmJlY2M5OWY2OTgwODI3MGE4MzNkNjUwZjk3YmFmMmY0MmFjZGFmMzIsIHdpdGggbWVzc2FnZTpjaGFuZ2VzIGZvciBQYXJpcyBXUyAKKwl2YXIgbWVhc3VyZVRleHQgPSBkb2N1bWVudC5nZXRFbGVtZW50QnlJZCgid19tZWFzdXJlIik7Ly9BdXRob3JlZCBieTogbGV0aW1vbWUgaW4gY29tbWl0OmJlY2M5OWY2OTgwODI3MGE4MzNkNjUwZjk3YmFmMmY0MmFjZGFmMzIsIHdpdGggbWVzc2FnZTpjaGFuZ2VzIGZvciBQYXJpcyBXUyAKKwl3aW5kTWVhc3VyZSA9IG1lYXN1cmVUZXh0LnZhbHVlOy8vQXV0aG9yZWQgYnk6IGxldGltb21lIGluIGNvbW1pdDpiZWNjOTlmNjk4MDgyNzBhODMzZDY1MGY5N2JhZjJmNDJhY2RhZjMyLCB3aXRoIG1lc3NhZ2U6Y2hhbmdlcyBmb3IgUGFyaXMgV1MgCisJdmFyIHBvaW50ZXIgPSBkb2N1bWVudC5nZXRFbGVtZW50QnlJZCgid19wb2ludCIpOy8vQXV0aG9yZWQgYnk6IGxldGltb21lIGluIGNvbW1pdDpiZWNjOTlmNjk4MDgyNzBhODMzZDY1MGY5N2JhZjJmNDJhY2RhZjMyLCB3aXRoIG1lc3NhZ2U6Y2hhbmdlcyBmb3IgUGFyaXMgV1MgCisJLy9BdXRob3JlZCBieTogbGV0aW1vbWUgaW4gY29tbWl0OmJlY2M5OWY2OTgwODI3MGE4MzNkNjUwZjk3YmFmMmY0MmFjZGFmMzIsIHdpdGggbWVzc2FnZTpjaGFuZ2VzIGZvciBQYXJpcyBXUyAKKwlhcHBseVRhY2hvVmFsdWUobWluV2luZCwgbWF4V2luZCwgbWVhc3VyZVRleHQsIHBvaW50ZXIpOy8vQXV0aG9yZWQgYnk6IGxldGltb21lIGluIGNvbW1pdDpiZWNjOTlmNjk4MDgyNzBhODMzZDY1MGY5N2JhZjJmNDJhY2RhZjMyLCB3aXRoIG1lc3NhZ2U6Y2hhbmdlcyBmb3IgUGFyaXMgV1MgCisJc2V0V2FybmluZ3MoKTsvL0F1dGhvcmVkIGJ5OiBsZXRpbW9tZSBpbiBjb21taXQ6YmVjYzk5ZjY5ODA4MjcwYTgzM2Q2NTBmOTdiYWYyZjQyYWNkYWYzMiwgd2l0aCBtZXNzYWdlOmNoYW5nZXMgZm9yIFBhcmlzIFdTIAorCXJldHVybiBmYWxzZTsvL0F1dGhvcmVkIGJ5OiBsZXRpbW9tZSBpbiBjb21taXQ6YmVjYzk5ZjY5ODA4MjcwYTgzM2Q2NTBmOTdiYWYyZjQyYWNkYWYzMiwgd2l0aCBtZXNzYWdlOmNoYW5nZXMgZm9yIFBhcmlzIFdTIAorfS8vQXV0aG9yZWQgYnk6IGxldGltb21lIGluIGNvbW1pdDpiZWNjOTlmNjk4MDgyNzBhODMzZDY1MGY5N2JhZjJmNDJhY2RhZjMyLCB3aXRoIG1lc3NhZ2U6Y2hhbmdlcyBmb3IgUGFyaXMgV1MgCisvLyBQVjpFTkRDT05ELy9BdXRob3JlZCBieTogbGV0aW1vbWUgaW4gY29tbWl0OmJlY2M5OWY2OTgwODI3MGE4MzNkNjUwZjk3YmFmMmY0MmFjZGFmMzIsIHdpdGggbWVzc2FnZTpjaGFuZ2VzIGZvciBQYXJpcyBXUyAKKy8vQXV0aG9yZWQgYnk6IGxldGltb21lIGluIGNvbW1pdDpiZWNjOTlmNjk4MDgyNzBhODMzZDY1MGY5N2JhZjJmNDJhY2RhZjMyLCB3aXRoIG1lc3NhZ2U6Y2hhbmdlcyBmb3IgUGFyaXMgV1MgCg==','becc99f69808270a833d650f97baf2f42acdaf32; becc99f69808270a833d650f97baf2f42acdaf32; becc99f69808270a833d650f97baf2f42acdaf32; becc99f69808270a833d650f97baf2f42acdaf32; becc99f69808270a833d650f97baf2f42acdaf32; becc99f69808270a833d650f97baf2f42acdaf32; becc99f69808270a833d650f97baf2f42acdaf32; becc99f69808270a833d650f97baf2f42acdaf32; becc99f69808270a833d650f97baf2f42acdaf32; becc99f69808270a833d650f97baf2f42acdaf32; becc99f69808270a833d650f97baf2f42acdaf32; becc99f69808270a833d650f97baf2f42acdaf32; becc99f69808270a833d650f97baf2f42acdaf32; ','changes for Paris WS
; ','ZGlmZiAtLWdpdCBhL2lucHV0L2pzL21lYXN1cmVtZW50cy5qcyBiL2lucHV0L2pzL21lYXN1cmVtZW50cy5qcwpuZXcgZmlsZSBtb2RlIDEwMDY0NAppbmRleCAwMDAwMDAwLi5iYzM5M2JhCi0tLSAvZGV2L251bGwKKysrIGIvaW5wdXQvanMvbWVhc3VyZW1lbnRzLmpzCkBAIC0wLDAgKzEsMTYyIEBACisvLyBQVjpJRkNPTkQocHY6aGFzRmVhdHVyZSgnQWlyUHJlc3N1cmUnKSkKK2Z1bmN0aW9uIGFwcGx5UHJlc3N1cmUoKSB7CisJdmFyIG1lYXN1cmVUZXh0ID0gZG9jdW1lbnQuZ2V0RWxlbWVudEJ5SWQoInBfbWVhc3VyZSIpOworCXZhciBwb2ludGVyID0gZG9jdW1lbnQuZ2V0RWxlbWVudEJ5SWQoInBfcG9pbnQiKTsKKwlhcHBseVRhY2hvVmFsdWUobWluUHJlcywgbWF4UHJlcywgbWVhc3VyZVRleHQsIHBvaW50ZXIpOworCWZ1bmN0aW9uIGdldE1ldGFDb250ZW50QnlOYW1lKG5hbWUsY29udGVudCl7CisJCSAgIHZhciBjb250ZW50ID0gKGNvbnRlbnQ9PW51bGwpPydjb250ZW50Jzpjb250ZW50OworCQkgICByZXR1cm4gZG9jdW1lbnQucXVlcnlTZWxlY3RvcigibWV0YVtuYW1lPSciK25hbWUrIiddIikuZ2V0QXR0cmlidXRlKGNvbnRlbnQpOworCQl9CisJCQorCQkkKGRvY3VtZW50KS5yZWFkeShmdW5jdGlvbigpeworCQkJLy9jb25zb2xlLmxvZyhkaWZmU3RyaW5nKTsgLy9kaWZmU3RyaW5nIHNob3VsZCBiZSB0aGUgdmFsdWUgb2YgZGlmZnZpZXcgdmFsdWUKKwkJCS8vZ2V0IHNlbGVjdCgiI2RpZmZ2YWx1ZSIpLiBtZXRhZGF0YQorCQkJdmFyIGRpZmZ2YWx1ZSA9IGdldE1ldGFDb250ZW50QnlOYW1lKCJkaWZmdmFsdWUiKTsKKwkJCWlmIChkaWZmdmFsdWU9PW51bGwpIHJldHVybiBudWxsOworCQl9KTsKKwlyZXR1cm4gZmFsc2U7Cit9CisvLyBQVjpFTkRDT05ECisKKy8vIFBWOklGQ09ORChwdjpoYXNGZWF0dXJlKCdXaW5kU3BlZWQnKSkKK3ZhciB3aW5kTWVhc3VyZSA9IDA7CitmdW5jdGlvbiBhcHBseVdpbmRTcGVlZCgpIHsKKwl2YXIgbWVhc3VyZVRleHQgPSBkb2N1bWVudC5nZXRFbGVtZW50QnlJZCgid19tZWFzdXJlIik7CisJd2luZE1lYXN1cmUgPSBtZWFzdXJlVGV4dC52YWx1ZTsKKwl2YXIgcG9pbnRlciA9IGRvY3VtZW50LmdldEVsZW1lbnRCeUlkKCJ3X3BvaW50Iik7CisJCisJYXBwbHlUYWNob1ZhbHVlKG1pbldpbmQsIG1heFdpbmQsIG1lYXN1cmVUZXh0LCBwb2ludGVyKTsKKwlzZXRXYXJuaW5ncygpOworCXJldHVybiBmYWxzZTsKK30KKy8vIFBWOkVORENPTkQKKworLy8gUFY6SUZDT05EKHB2Omhhc0ZlYXR1cmUoJ1dpbmRTcGVlZCcpIG9yIHB2Omhhc0ZlYXR1cmUoJ0FpclByZXNzdXJlJykpCitmdW5jdGlvbiBhcHBseVRhY2hvVmFsdWUobWluLCBtYXgsIG1lYXN1cmVUZXh0LCBwb2ludGVyKSB7CisJdmFyIGRpdmlzb3IgPSBNYXRoLnJvdW5kKChtYXggLSBtaW4pLzEzKTsKKwl2YXIgYyA9IE1hdGgucm91bmQoZGl2aXNvci8yKTsKKwkKKwlpZiAobWVhc3VyZVRleHQgJiYgcG9pbnRlcikgeworCQl2YXIgbWVhc3VyZSA9IG1lYXN1cmVUZXh0LnZhbHVlOworCQl2YXIgaW50VmFsdWUgPSBjaGVja01lYXN1cmUobWluLCBtYXgsIG1lYXN1cmUpOworCQlpZiAoaXNOYU4oaW50VmFsdWUpKSByZXR1cm4gZmFsc2U7CisJCWZ1bmN0aW9uIGdldE1ldGFDb250ZW50QnlOYW1lKG5hbWUsY29udGVudCl7CisJCQkgICB2YXIgY29udGVudCA9IChjb250ZW50PT1udWxsKT8nY29udGVudCc6Y29udGVudDsKKwkJCSAgIHJldHVybiBkb2N1bWVudC5xdWVyeVNlbGVjdG9yKCJtZXRhW25hbWU9JyIrbmFtZSsiJ10iKS5nZXRBdHRyaWJ1dGUoY29udGVudCk7CisJCQl9CisJCQkKKwkJCSQoZG9jdW1lbnQpLnJlYWR5KGZ1bmN0aW9uKCl7CisJCQkJLy9jb25zb2xlLmxvZyhkaWZmU3RyaW5nKTsgLy9kaWZmU3RyaW5nIHNob3VsZCBiZSB0aGUgdmFsdWUgb2YgZGlmZnZpZXcgdmFsdWUKKwkJCQkvL2dldCBzZWxlY3QoIiNkaWZmdmFsdWUiKS4gbWV0YWRhdGEKKwkJCQl2YXIgZGlmZnZhbHVlID0gZ2V0TWV0YUNvbnRlbnRCeU5hbWUoImRpZmZ2YWx1ZSIpOworCQkJCWlmIChkaWZmdmFsdWU9PW51bGwpIHJldHVybiBudWxsOworCQkJfSk7CisJCXJldHVybiBmYWxzZTsKKwkJaW50VmFsdWUgLT0gbWluOworCQlpZiAoaW50VmFsdWUgJSBkaXZpc29yIDwgYykgaW50VmFsdWUgLT0gaW50VmFsdWUgJSBkaXZpc29yOworCQllbHNlIGludFZhbHVlICs9IGRpdmlzb3IgLSBpbnRWYWx1ZSAlIGRpdmlzb3I7CisKKwkJaW50VmFsdWUgLz0gZGl2aXNvcjsKKwkJcG9pbnRlci5zdHlsZS5iYWNrZ3JvdW5kID0gInVybCgnaW1hZ2VzL25fIiArIGludFZhbHVlICsgIi5wbmcnKSI7CisJfQorCXJldHVybiBmYWxzZTsKK30KKy8vIFBWOkVORENPTkQKKworLy8gUFY6SUZDT05EKHB2Omhhc0ZlYXR1cmUoJ1RlbXBlcmF0dXJlJykpCit2YXIgdGVtcE1lYXN1cmUgPSAwOworZnVuY3Rpb24gYXBwbHlUZW1wZXJhdHVyZSgpIHsKKwl2YXIgbWluID0gbWluVGVtcDsKKwl2YXIgbWF4ID0gbWF4VGVtcDsKKworCXZhciBweFJhbmdlID0gMTcwOworCisJdmFyIG1lYXN1cmVUZXh0ID0gZG9jdW1lbnQuZ2V0RWxlbWVudEJ5SWQoInRfbWVhc3VyZSIpOworCXZhciBwb2ludGVyID0gZG9jdW1lbnQuZ2V0RWxlbWVudEJ5SWQoInRfcG9pbnQiKTsKKworCWlmIChtZWFzdXJlVGV4dCAmJiBwb2ludGVyKSB7CisJCXRlbXBNZWFzdXJlID0gbWVhc3VyZVRleHQudmFsdWU7CisJCXZhciBpbnRWYWx1ZSA9IGNoZWNrTWVhc3VyZShtaW4sIG1heCwgdGVtcE1lYXN1cmUpOworCQlpZiAoaXNOYU4oaW50VmFsdWUpKSByZXR1cm4gZmFsc2U7CisJCWludFZhbHVlID0gKGludFZhbHVlIC0gbWluKSoocHhSYW5nZSAvIChtYXggLSBtaW4pKTsKKwkJCisJCXBvaW50ZXIuc3R5bGUuaGVpZ2h0ID0gKDE3NyAtIGludFZhbHVlKSArICJweCI7CisJfQorCXNldFdhcm5pbmdzKCk7CisJcmV0dXJuIGZhbHNlOworfQorLy8gUFY6RU5EQ09ORAorCitmdW5jdGlvbiBjaGVja01lYXN1cmUobWluLCBtYXgsIG1lYXN1cmUpIHsKKwlpZiAobWVhc3VyZSA9PSAiIiB8fCBtZWFzdXJlID09IG51bGwpIHJldHVybiBOYU47CisJaWYgKGlzTmFOKHBhcnNlSW50KG1lYXN1cmUpKSB8fAorCQlwYXJzZUludChtZWFzdXJlKSA8IG1pbiB8fAorCQlwYXJzZUludChtZWFzdXJlKSA+IG1heCkgeworCQlhbGVydCgiQml0dGUgZWluZSBaYWhsIHp3aXNjaGVuICIgKyBtaW4gKyAiIHVuZCAiICsgbWF4ICsgIiBlaW5nZWJlbiEiKTsKKwkJcmV0dXJuIE5hTjsKKwl9CisJcmV0dXJuIHBhcnNlSW50KG1lYXN1cmUpOworfQorCitmdW5jdGlvbiBzZXRXYXJuaW5ncygpIHsKKwl3YXJuaW5nVGV4dCA9ICcnOworLy8gUFY6SUZDT05EKHB2Omhhc0ZlYXR1cmUoJ0hlYXQnKSkKKwlpZiAoIWlzTmFOKHRlbXBMaW1pdCkgJiYgdGVtcE1lYXN1cmUgPiB0ZW1wTGltaXQpIHsKKwkJd2FybmluZ1RleHQgKz0gdGVtcFdhcm5pbmc7CisJfQorLy8gUFY6RU5EQ09ORAorLy8gUFY6SUZDT05EKHB2Omhhc0ZlYXR1cmUoJ0dhbGUnKSkKKwlpZiAoIWlzTmFOKHdpbmRMaW1pdCkgJiYgd2luZE1lYXN1cmUgPiB3aW5kTGltaXQpIHsKKwkJd2FybmluZ1RleHQgKz0gKHdhcm5pbmdUZXh0ID09ICcnKSA/ICcnIDogJywgJzsKKwkJd2FybmluZ1RleHQgKz0gd2luZFdhcm5pbmc7CisJCXZhciBnYWxldmFsdWUgPSBnZXRNZXRhQ29udGVudEJ5TmFtZSgiZ2FsZSIpOworCQkKKwkJaWYgKGdhbGU9PW51bGwpIHJldHVybjsJCisJCXZhciBkaWZmMmh0bWxVaSA9IG5ldyBEaWZmMkh0bWxVSSh7ZGlmZjogZGlmZnZhbHVlfSk7CisJCWNvbnNvbGUubG9nKGRpZmYyaHRtbFVpKTsKKwkJZGlmZjJodG1sVWkuZHJhdygnI2dhbGVWaWV3Jywge2lucHV0Rm9ybWF0OiAnanNvbicsIHNob3dGaWxlczogdHJ1ZSwgbWF0Y2hpbmc6ICdsaW5lcyd9KTsKKwkgICAgZGlmZjJodG1sVWkuaGlnaGxpZ2h0Q29kZSgnI2dhbGVWaWV3Jyk7CisJICAgIGNlbGwuYXBwZW5kKCJyZWN0IikKKwkgICAgICAuYXR0cigiaWQiLCBmdW5jdGlvbihkKSB7IHJldHVybiAicmVjdC0iICsgZC5pZDsgfSkKKwkgICAgICAuYXR0cigiaWRfY29yZV9hc3NldCIsIGZ1bmN0aW9uKGQpIHsgY29uc29sZS5sb2cgKGQpOyByZXR1cm4gZC5kYXRhLmlkX2NvcmVfYXNzZXQ7fSkKKwkgICAgICAuYXR0cigiZm5hbWUiLCBmdW5jdGlvbihkKSB7IGNvbnNvbGUubG9nIChkKTsgcmV0dXJuIGQuZGF0YS5mbmFtZTt9KQorCSAgICAgIC5hdHRyKCJwciIsIGZ1bmN0aW9uKGQpIHsgY29uc29sZS5sb2cgKGQpOyByZXR1cm4gZC5kYXRhLnByb2R1Y3RfcmVsZWFzZTt9KQorCSAgICAgIC5hdHRyKCJ3aWR0aCIsIGZ1bmN0aW9uKGQpIHsgcmV0dXJuIGQueDEgLSBkLngwOyB9KQorCSAgICAgIC5hdHRyKCJoZWlnaHQiLCBmdW5jdGlvbihkKSB7IHJldHVybiBkLnkxIC0gZC55MDsgfSkKKwkgICAgIC5zdHlsZSgic3Ryb2tlIiwiYmxhY2siKQorCSAgICAgIC5hdHRyKCJvcGVyYXRpb24iLGZ1bmN0aW9uKGQpIHsgY29uc29sZS5sb2cgKGQpOyByZXR1cm4gZC5kYXRhLm9wZXJhdGlvbjt9KQorCSAgICAgLnN0eWxlKCJmaWxsIiwgZnVuY3Rpb24oZCkgeyAKKwkJICAgIAkgIGNvbnNvbGUubG9nKCJpbiBjb2xvciIpOwkJCisJCSAgICAJICB2YXIgb3BlcmF0aW9uID0gZC5kYXRhLm9wZXJhdGlvbjsKKwkJICAgIAkJaWYgKCAob3BlcmF0aW9uID09InVuZGVmaW5lZCIpIHx8IChkLmRhdGEub3BlcmF0aW9uPT1udWxsKSkgcmV0dXJuICIjY2NjY2NjIjsKKwkJICAgIAkgIAllbHNlIGlmIChvcGVyYXRpb249PSgiYWRkIikpIHJldHVybiAiIzNmYWM1NCI7CisJCSAgICAJICAJZWxzZSBpZiAob3BlcmF0aW9uPT0oImRlbGV0ZSIpKSByZXR1cm4gIiNlNjMyM2QiOworCQkgICAgCQllbHNlIGlmIChvcGVyYXRpb249PSJjaHVybiIpIHJldHVybiAiI0ZGODEwMCI7CisJCSAgICAJcmV0dXJuICIjY2NjY2NjIjsvL2NvbG9yKGQudmFsdWUpOy8vdGhlIHZhbHVlIC0gY2h1cm4gLSBvZiB0aGUgY3VzdG9taXphdGlvbgorCSAgICAJICB9KTsKKworCSAgY2VsbC5hcHBlbmQoImNsaXBQYXRoIikKKwkgICAgICAuYXR0cigiaWQiLCBmdW5jdGlvbihkKSB7IHJldHVybiAiY2xpcC0iICsgZC5pZDsgfSkKKwkgICAgLmFwcGVuZCgidXNlIikKKwkgICAgICAuYXR0cigieGxpbms6aHJlZiIsIGZ1bmN0aW9uKGQpIHsgcmV0dXJuICIjcmVjdC0iICsgZC5pZCArICIiOyB9KTsKKwl9OworCX0KKy8vIFBWOkVORENPTkQKKwl2YXIgZWxlbWVudCA9IGRvY3VtZW50LmdldEVsZW1lbnRCeUlkKCd3YXJuaW5nJyk7CisJaWYgKHdhcm5pbmdUZXh0ICE9ICcnKSB7CisKKy8vIFBWOklGQ09ORChwdjpoYXNGZWF0dXJlKCdHZXJtYW4nKSkKKwkJd2FybmluZ1RleHQgPSAnQWNodHVuZzogJyArIHdhcm5pbmdUZXh0OworLy8gUFY6RU5EQ09ORAorLy8gUFY6SUZDT05EKHB2Omhhc0ZlYXR1cmUoJ0VuZ2xpc2gnKSkKKwkJaWYgKHdhcm5pbmdUZXh0ICE9ICcnKSB3YXJuaW5nVGV4dCA9ICdBdHRlbnRpb246ICcgKyB3YXJuaW5nVGV4dDsKKy8vIFBWOkVORENPTkQKKwkJc2V0RWxlbWVudFRleHQoZWxlbWVudCwgd2FybmluZ1RleHQpOworCQkvL2VsZW1lbnQuc3R5bGUuZGlzcGxheSA9ICdpbmhlcml0JzsKKwl9CisJZWxzZSB7CisJCS8vZWxlbWVudC5zdHlsZS5kaXNwbGF5ID0gJ25vbmUnOworCQlzZXRFbGVtZW50VGV4dChlbGVtZW50LCAnJyk7CisJfQorCisK',174,52,4,'NEW_ASSET_WITH_NEW_VARIATIONPOINT_AND_NEW_FEATURES');
INSERT IGNORE INTO developer_group (id_developer_group) VALUES 
(53);
INSERT IGNORE INTO developer_bridge (id_developer_group,id_developer) VALUES 
(53,1);
INSERT IGNORE INTO developer_bridge (id_developer_group,id_developer) VALUES 
(53,1);
INSERT IGNORE INTO developer_bridge (id_developer_group,id_developer) VALUES 
(53,1);
INSERT IGNORE INTO developer_bridge (id_developer_group,id_developer) VALUES 
(53,1);
INSERT IGNORE INTO developer_bridge (id_developer_group,id_developer) VALUES 
(53,1);
INSERT IGNORE INTO developer_bridge (id_developer_group,id_developer) VALUES 
(53,1);
INSERT IGNORE INTO developer_bridge (id_developer_group,id_developer) VALUES 
(53,1);
INSERT IGNORE INTO developer_bridge (id_developer_group,id_developer) VALUES 
(53,1);
INSERT IGNORE INTO developer_bridge (id_developer_group,id_developer) VALUES 
(53,1);
INSERT IGNORE INTO developer_bridge (id_developer_group,id_developer) VALUES 
(53,1);
INSERT IGNORE INTO developer_bridge (id_developer_group,id_developer) VALUES 
(53,1);
INSERT IGNORE INTO developer_bridge (id_developer_group,id_developer) VALUES 
(53,1);
INSERT IGNORE INTO developer_bridge (id_developer_group,id_developer) VALUES 
(53,1);
INSERT IGNORE INTO developer_bridge (id_developer_group,id_developer) VALUES 
(53,1);
INSERT IGNORE INTO developer_bridge (id_developer_group,id_developer) VALUES 
(53,1);
INSERT IGNORE INTO developer_bridge (id_developer_group,id_developer) VALUES 
(53,1);
INSERT IGNORE INTO developer_bridge (id_developer_group,id_developer) VALUES 
(53,1);
INSERT IGNORE INTO developer_bridge (id_developer_group,id_developer) VALUES 
(53,1);
INSERT IGNORE INTO developer_bridge (id_developer_group,id_developer) VALUES 
(53,1);
INSERT IGNORE INTO developer_bridge (id_developer_group,id_developer) VALUES 
(53,1);
INSERT IGNORE INTO developer_bridge (id_developer_group,id_developer) VALUES 
(53,1);
INSERT IGNORE INTO developer_bridge (id_developer_group,id_developer) VALUES 
(53,1);
INSERT IGNORE INTO developer_bridge (id_developer_group,id_developer) VALUES 
(53,1);
INSERT IGNORE INTO developer_bridge (id_developer_group,id_developer) VALUES 
(53,1);
INSERT IGNORE INTO developer_bridge (id_developer_group,id_developer) VALUES 
(53,1);
INSERT IGNORE INTO developer_bridge (id_developer_group,id_developer) VALUES 
(53,1);
INSERT IGNORE INTO developer_bridge (id_developer_group,id_developer) VALUES 
(53,1);
INSERT IGNORE INTO developer_bridge (id_developer_group,id_developer) VALUES 
(53,1);
INSERT IGNORE INTO developer_bridge (id_developer_group,id_developer) VALUES 
(53,1);
INSERT IGNORE INTO developer_bridge (id_developer_group,id_developer) VALUES 
(53,1);
INSERT IGNORE INTO developer_bridge (id_developer_group,id_developer) VALUES 
(53,1);
INSERT IGNORE INTO developer_bridge (id_developer_group,id_developer) VALUES 
(53,1);
INSERT IGNORE INTO customization_fact (idcustomization, lines_added,lines_deleted,custom_diff,commit_set,message_set,greater_diff,idvariationpoint,id_developer_group, idproductrelease, type) VALUES
(53,32,0,'ZGlmZiAtLWdpdCBhL2lucHV0L2pzL21lYXN1cmVtZW50cy5qcyBiL2lucHV0L2pzL21lYXN1cmVtZW50cy5qcwpuZXcgZmlsZSBtb2RlIDEwMDY0NAppbmRleCAwMDAwMDAwLi5iYzM5M2JhCi0tLSAvZGV2L251bGwKQEAgLTQsMiArMzQsMzIgQEAgRXhwcmVzc2lvbjogIChwdjpoYXNGZWF0dXJlKCdXaW5kU3BlZWQnKSBvciBwdjpoYXNGZWF0dXJlKCdBaXJQcmVzc3VyZScpKUNoYW5nZSBUeXBlOiBORVdfQVNTRVRfV0lUSF9ORVdfVkFSSUFUSU9OUE9JTlRfQU5EX05FV19GRUFUVVJFUworLy8gUFY6SUZDT05EKHB2Omhhc0ZlYXR1cmUoJ1dpbmRTcGVlZCcpIG9yIHB2Omhhc0ZlYXR1cmUoJ0FpclByZXNzdXJlJykpLy9BdXRob3JlZCBieTogbGV0aW1vbWUgaW4gY29tbWl0OmJlY2M5OWY2OTgwODI3MGE4MzNkNjUwZjk3YmFmMmY0MmFjZGFmMzIsIHdpdGggbWVzc2FnZTpjaGFuZ2VzIGZvciBQYXJpcyBXUyAKK2Z1bmN0aW9uIGFwcGx5VGFjaG9WYWx1ZShtaW4sIG1heCwgbWVhc3VyZVRleHQsIHBvaW50ZXIpIHsvL0F1dGhvcmVkIGJ5OiBsZXRpbW9tZSBpbiBjb21taXQ6YmVjYzk5ZjY5ODA4MjcwYTgzM2Q2NTBmOTdiYWYyZjQyYWNkYWYzMiwgd2l0aCBtZXNzYWdlOmNoYW5nZXMgZm9yIFBhcmlzIFdTIAorCXZhciBkaXZpc29yID0gTWF0aC5yb3VuZCgobWF4IC0gbWluKS8xMyk7Ly9BdXRob3JlZCBieTogbGV0aW1vbWUgaW4gY29tbWl0OmJlY2M5OWY2OTgwODI3MGE4MzNkNjUwZjk3YmFmMmY0MmFjZGFmMzIsIHdpdGggbWVzc2FnZTpjaGFuZ2VzIGZvciBQYXJpcyBXUyAKKwl2YXIgYyA9IE1hdGgucm91bmQoZGl2aXNvci8yKTsvL0F1dGhvcmVkIGJ5OiBsZXRpbW9tZSBpbiBjb21taXQ6YmVjYzk5ZjY5ODA4MjcwYTgzM2Q2NTBmOTdiYWYyZjQyYWNkYWYzMiwgd2l0aCBtZXNzYWdlOmNoYW5nZXMgZm9yIFBhcmlzIFdTIAorCS8vQXV0aG9yZWQgYnk6IGxldGltb21lIGluIGNvbW1pdDpiZWNjOTlmNjk4MDgyNzBhODMzZDY1MGY5N2JhZjJmNDJhY2RhZjMyLCB3aXRoIG1lc3NhZ2U6Y2hhbmdlcyBmb3IgUGFyaXMgV1MgCisJaWYgKG1lYXN1cmVUZXh0ICYmIHBvaW50ZXIpIHsvL0F1dGhvcmVkIGJ5OiBsZXRpbW9tZSBpbiBjb21taXQ6YmVjYzk5ZjY5ODA4MjcwYTgzM2Q2NTBmOTdiYWYyZjQyYWNkYWYzMiwgd2l0aCBtZXNzYWdlOmNoYW5nZXMgZm9yIFBhcmlzIFdTIAorCQl2YXIgbWVhc3VyZSA9IG1lYXN1cmVUZXh0LnZhbHVlOy8vQXV0aG9yZWQgYnk6IGxldGltb21lIGluIGNvbW1pdDpiZWNjOTlmNjk4MDgyNzBhODMzZDY1MGY5N2JhZjJmNDJhY2RhZjMyLCB3aXRoIG1lc3NhZ2U6Y2hhbmdlcyBmb3IgUGFyaXMgV1MgCisJCXZhciBpbnRWYWx1ZSA9IGNoZWNrTWVhc3VyZShtaW4sIG1heCwgbWVhc3VyZSk7Ly9BdXRob3JlZCBieTogbGV0aW1vbWUgaW4gY29tbWl0OmJlY2M5OWY2OTgwODI3MGE4MzNkNjUwZjk3YmFmMmY0MmFjZGFmMzIsIHdpdGggbWVzc2FnZTpjaGFuZ2VzIGZvciBQYXJpcyBXUyAKKwkJaWYgKGlzTmFOKGludFZhbHVlKSkgcmV0dXJuIGZhbHNlOy8vQXV0aG9yZWQgYnk6IGxldGltb21lIGluIGNvbW1pdDpiZWNjOTlmNjk4MDgyNzBhODMzZDY1MGY5N2JhZjJmNDJhY2RhZjMyLCB3aXRoIG1lc3NhZ2U6Y2hhbmdlcyBmb3IgUGFyaXMgV1MgCisJCWZ1bmN0aW9uIGdldE1ldGFDb250ZW50QnlOYW1lKG5hbWUsY29udGVudCl7Ly9BdXRob3JlZCBieTogbGV0aW1vbWUgaW4gY29tbWl0OmJlY2M5OWY2OTgwODI3MGE4MzNkNjUwZjk3YmFmMmY0MmFjZGFmMzIsIHdpdGggbWVzc2FnZTpjaGFuZ2VzIGZvciBQYXJpcyBXUyAKKwkJCSAgIHZhciBjb250ZW50ID0gKGNvbnRlbnQ9PW51bGwpPydjb250ZW50Jzpjb250ZW50Oy8vQXV0aG9yZWQgYnk6IGxldGltb21lIGluIGNvbW1pdDpiZWNjOTlmNjk4MDgyNzBhODMzZDY1MGY5N2JhZjJmNDJhY2RhZjMyLCB3aXRoIG1lc3NhZ2U6Y2hhbmdlcyBmb3IgUGFyaXMgV1MgCisJCQkgICByZXR1cm4gZG9jdW1lbnQucXVlcnlTZWxlY3RvcigibWV0YVtuYW1lPSciK25hbWUrIiddIikuZ2V0QXR0cmlidXRlKGNvbnRlbnQpOy8vQXV0aG9yZWQgYnk6IGxldGltb21lIGluIGNvbW1pdDpiZWNjOTlmNjk4MDgyNzBhODMzZDY1MGY5N2JhZjJmNDJhY2RhZjMyLCB3aXRoIG1lc3NhZ2U6Y2hhbmdlcyBmb3IgUGFyaXMgV1MgCisJCQl9Ly9BdXRob3JlZCBieTogbGV0aW1vbWUgaW4gY29tbWl0OmJlY2M5OWY2OTgwODI3MGE4MzNkNjUwZjk3YmFmMmY0MmFjZGFmMzIsIHdpdGggbWVzc2FnZTpjaGFuZ2VzIGZvciBQYXJpcyBXUyAKKwkJCS8vQXV0aG9yZWQgYnk6IGxldGltb21lIGluIGNvbW1pdDpiZWNjOTlmNjk4MDgyNzBhODMzZDY1MGY5N2JhZjJmNDJhY2RhZjMyLCB3aXRoIG1lc3NhZ2U6Y2hhbmdlcyBmb3IgUGFyaXMgV1MgCisJCQkkKGRvY3VtZW50KS5yZWFkeShmdW5jdGlvbigpey8vQXV0aG9yZWQgYnk6IGxldGltb21lIGluIGNvbW1pdDpiZWNjOTlmNjk4MDgyNzBhODMzZDY1MGY5N2JhZjJmNDJhY2RhZjMyLCB3aXRoIG1lc3NhZ2U6Y2hhbmdlcyBmb3IgUGFyaXMgV1MgCisJCQkJLy9jb25zb2xlLmxvZyhkaWZmU3RyaW5nKTsgLy9kaWZmU3RyaW5nIHNob3VsZCBiZSB0aGUgdmFsdWUgb2YgZGlmZnZpZXcgdmFsdWUvL0F1dGhvcmVkIGJ5OiBsZXRpbW9tZSBpbiBjb21taXQ6YmVjYzk5ZjY5ODA4MjcwYTgzM2Q2NTBmOTdiYWYyZjQyYWNkYWYzMiwgd2l0aCBtZXNzYWdlOmNoYW5nZXMgZm9yIFBhcmlzIFdTIAorCQkJCS8vZ2V0IHNlbGVjdCgiI2RpZmZ2YWx1ZSIpLiBtZXRhZGF0YS8vQXV0aG9yZWQgYnk6IGxldGltb21lIGluIGNvbW1pdDpiZWNjOTlmNjk4MDgyNzBhODMzZDY1MGY5N2JhZjJmNDJhY2RhZjMyLCB3aXRoIG1lc3NhZ2U6Y2hhbmdlcyBmb3IgUGFyaXMgV1MgCisJCQkJdmFyIGRpZmZ2YWx1ZSA9IGdldE1ldGFDb250ZW50QnlOYW1lKCJkaWZmdmFsdWUiKTsvL0F1dGhvcmVkIGJ5OiBsZXRpbW9tZSBpbiBjb21taXQ6YmVjYzk5ZjY5ODA4MjcwYTgzM2Q2NTBmOTdiYWYyZjQyYWNkYWYzMiwgd2l0aCBtZXNzYWdlOmNoYW5nZXMgZm9yIFBhcmlzIFdTIAorCQkJCWlmIChkaWZmdmFsdWU9PW51bGwpIHJldHVybiBudWxsOy8vQXV0aG9yZWQgYnk6IGxldGltb21lIGluIGNvbW1pdDpiZWNjOTlmNjk4MDgyNzBhODMzZDY1MGY5N2JhZjJmNDJhY2RhZjMyLCB3aXRoIG1lc3NhZ2U6Y2hhbmdlcyBmb3IgUGFyaXMgV1MgCisJCQl9KTsvL0F1dGhvcmVkIGJ5OiBsZXRpbW9tZSBpbiBjb21taXQ6YmVjYzk5ZjY5ODA4MjcwYTgzM2Q2NTBmOTdiYWYyZjQyYWNkYWYzMiwgd2l0aCBtZXNzYWdlOmNoYW5nZXMgZm9yIFBhcmlzIFdTIAorCQlyZXR1cm4gZmFsc2U7Ly9BdXRob3JlZCBieTogbGV0aW1vbWUgaW4gY29tbWl0OmJlY2M5OWY2OTgwODI3MGE4MzNkNjUwZjk3YmFmMmY0MmFjZGFmMzIsIHdpdGggbWVzc2FnZTpjaGFuZ2VzIGZvciBQYXJpcyBXUyAKKwkJaW50VmFsdWUgLT0gbWluOy8vQXV0aG9yZWQgYnk6IGxldGltb21lIGluIGNvbW1pdDpiZWNjOTlmNjk4MDgyNzBhODMzZDY1MGY5N2JhZjJmNDJhY2RhZjMyLCB3aXRoIG1lc3NhZ2U6Y2hhbmdlcyBmb3IgUGFyaXMgV1MgCisJCWlmIChpbnRWYWx1ZSAlIGRpdmlzb3IgPCBjKSBpbnRWYWx1ZSAtPSBpbnRWYWx1ZSAlIGRpdmlzb3I7Ly9BdXRob3JlZCBieTogbGV0aW1vbWUgaW4gY29tbWl0OmJlY2M5OWY2OTgwODI3MGE4MzNkNjUwZjk3YmFmMmY0MmFjZGFmMzIsIHdpdGggbWVzc2FnZTpjaGFuZ2VzIGZvciBQYXJpcyBXUyAKKwkJZWxzZSBpbnRWYWx1ZSArPSBkaXZpc29yIC0gaW50VmFsdWUgJSBkaXZpc29yOy8vQXV0aG9yZWQgYnk6IGxldGltb21lIGluIGNvbW1pdDpiZWNjOTlmNjk4MDgyNzBhODMzZDY1MGY5N2JhZjJmNDJhY2RhZjMyLCB3aXRoIG1lc3NhZ2U6Y2hhbmdlcyBmb3IgUGFyaXMgV1MgCisvL0F1dGhvcmVkIGJ5OiBsZXRpbW9tZSBpbiBjb21taXQ6YmVjYzk5ZjY5ODA4MjcwYTgzM2Q2NTBmOTdiYWYyZjQyYWNkYWYzMiwgd2l0aCBtZXNzYWdlOmNoYW5nZXMgZm9yIFBhcmlzIFdTIAorCQlpbnRWYWx1ZSAvPSBkaXZpc29yOy8vQXV0aG9yZWQgYnk6IGxldGltb21lIGluIGNvbW1pdDpiZWNjOTlmNjk4MDgyNzBhODMzZDY1MGY5N2JhZjJmNDJhY2RhZjMyLCB3aXRoIG1lc3NhZ2U6Y2hhbmdlcyBmb3IgUGFyaXMgV1MgCisJCXBvaW50ZXIuc3R5bGUuYmFja2dyb3VuZCA9ICJ1cmwoJ2ltYWdlcy9uXyIgKyBpbnRWYWx1ZSArICIucG5nJykiOy8vQXV0aG9yZWQgYnk6IGxldGltb21lIGluIGNvbW1pdDpiZWNjOTlmNjk4MDgyNzBhODMzZDY1MGY5N2JhZjJmNDJhY2RhZjMyLCB3aXRoIG1lc3NhZ2U6Y2hhbmdlcyBmb3IgUGFyaXMgV1MgCisJfS8vQXV0aG9yZWQgYnk6IGxldGltb21lIGluIGNvbW1pdDpiZWNjOTlmNjk4MDgyNzBhODMzZDY1MGY5N2JhZjJmNDJhY2RhZjMyLCB3aXRoIG1lc3NhZ2U6Y2hhbmdlcyBmb3IgUGFyaXMgV1MgCisJcmV0dXJuIGZhbHNlOy8vQXV0aG9yZWQgYnk6IGxldGltb21lIGluIGNvbW1pdDpiZWNjOTlmNjk4MDgyNzBhODMzZDY1MGY5N2JhZjJmNDJhY2RhZjMyLCB3aXRoIG1lc3NhZ2U6Y2hhbmdlcyBmb3IgUGFyaXMgV1MgCit9Ly9BdXRob3JlZCBieTogbGV0aW1vbWUgaW4gY29tbWl0OmJlY2M5OWY2OTgwODI3MGE4MzNkNjUwZjk3YmFmMmY0MmFjZGFmMzIsIHdpdGggbWVzc2FnZTpjaGFuZ2VzIGZvciBQYXJpcyBXUyAKKy8vIFBWOkVORENPTkQvL0F1dGhvcmVkIGJ5OiBsZXRpbW9tZSBpbiBjb21taXQ6YmVjYzk5ZjY5ODA4MjcwYTgzM2Q2NTBmOTdiYWYyZjQyYWNkYWYzMiwgd2l0aCBtZXNzYWdlOmNoYW5nZXMgZm9yIFBhcmlzIFdTIAorLy9BdXRob3JlZCBieTogbGV0aW1vbWUgaW4gY29tbWl0OmJlY2M5OWY2OTgwODI3MGE4MzNkNjUwZjk3YmFmMmY0MmFjZGFmMzIsIHdpdGggbWVzc2FnZTpjaGFuZ2VzIGZvciBQYXJpcyBXUyAK','becc99f69808270a833d650f97baf2f42acdaf32; becc99f69808270a833d650f97baf2f42acdaf32; becc99f69808270a833d650f97baf2f42acdaf32; becc99f69808270a833d650f97baf2f42acdaf32; becc99f69808270a833d650f97baf2f42acdaf32; becc99f69808270a833d650f97baf2f42acdaf32; becc99f69808270a833d650f97baf2f42acdaf32; becc99f69808270a833d650f97baf2f42acdaf32; becc99f69808270a833d650f97baf2f42acdaf32; becc99f69808270a833d650f97baf2f42acdaf32; becc99f69808270a833d650f97baf2f42acdaf32; becc99f69808270a833d650f97baf2f42acdaf32; becc99f69808270a833d650f97baf2f42acdaf32; becc99f69808270a833d650f97baf2f42acdaf32; becc99f69808270a833d650f97baf2f42acdaf32; becc99f69808270a833d650f97baf2f42acdaf32; becc99f69808270a833d650f97baf2f42acdaf32; becc99f69808270a833d650f97baf2f42acdaf32; becc99f69808270a833d650f97baf2f42acdaf32; becc99f69808270a833d650f97baf2f42acdaf32; becc99f69808270a833d650f97baf2f42acdaf32; becc99f69808270a833d650f97baf2f42acdaf32; becc99f69808270a833d650f97baf2f42acdaf32; becc99f69808270a833d650f97baf2f42acdaf32; becc99f69808270a833d650f97baf2f42acdaf32; becc99f69808270a833d650f97baf2f42acdaf32; becc99f69808270a833d650f97baf2f42acdaf32; becc99f69808270a833d650f97baf2f42acdaf32; becc99f69808270a833d650f97baf2f42acdaf32; becc99f69808270a833d650f97baf2f42acdaf32; becc99f69808270a833d650f97baf2f42acdaf32; becc99f69808270a833d650f97baf2f42acdaf32; ','changes for Paris WS
; ','ZGlmZiAtLWdpdCBhL2lucHV0L2pzL21lYXN1cmVtZW50cy5qcyBiL2lucHV0L2pzL21lYXN1cmVtZW50cy5qcwpuZXcgZmlsZSBtb2RlIDEwMDY0NAppbmRleCAwMDAwMDAwLi5iYzM5M2JhCi0tLSAvZGV2L251bGwKKysrIGIvaW5wdXQvanMvbWVhc3VyZW1lbnRzLmpzCkBAIC0wLDAgKzEsMTYyIEBACisvLyBQVjpJRkNPTkQocHY6aGFzRmVhdHVyZSgnQWlyUHJlc3N1cmUnKSkKK2Z1bmN0aW9uIGFwcGx5UHJlc3N1cmUoKSB7CisJdmFyIG1lYXN1cmVUZXh0ID0gZG9jdW1lbnQuZ2V0RWxlbWVudEJ5SWQoInBfbWVhc3VyZSIpOworCXZhciBwb2ludGVyID0gZG9jdW1lbnQuZ2V0RWxlbWVudEJ5SWQoInBfcG9pbnQiKTsKKwlhcHBseVRhY2hvVmFsdWUobWluUHJlcywgbWF4UHJlcywgbWVhc3VyZVRleHQsIHBvaW50ZXIpOworCWZ1bmN0aW9uIGdldE1ldGFDb250ZW50QnlOYW1lKG5hbWUsY29udGVudCl7CisJCSAgIHZhciBjb250ZW50ID0gKGNvbnRlbnQ9PW51bGwpPydjb250ZW50Jzpjb250ZW50OworCQkgICByZXR1cm4gZG9jdW1lbnQucXVlcnlTZWxlY3RvcigibWV0YVtuYW1lPSciK25hbWUrIiddIikuZ2V0QXR0cmlidXRlKGNvbnRlbnQpOworCQl9CisJCQorCQkkKGRvY3VtZW50KS5yZWFkeShmdW5jdGlvbigpeworCQkJLy9jb25zb2xlLmxvZyhkaWZmU3RyaW5nKTsgLy9kaWZmU3RyaW5nIHNob3VsZCBiZSB0aGUgdmFsdWUgb2YgZGlmZnZpZXcgdmFsdWUKKwkJCS8vZ2V0IHNlbGVjdCgiI2RpZmZ2YWx1ZSIpLiBtZXRhZGF0YQorCQkJdmFyIGRpZmZ2YWx1ZSA9IGdldE1ldGFDb250ZW50QnlOYW1lKCJkaWZmdmFsdWUiKTsKKwkJCWlmIChkaWZmdmFsdWU9PW51bGwpIHJldHVybiBudWxsOworCQl9KTsKKwlyZXR1cm4gZmFsc2U7Cit9CisvLyBQVjpFTkRDT05ECisKKy8vIFBWOklGQ09ORChwdjpoYXNGZWF0dXJlKCdXaW5kU3BlZWQnKSkKK3ZhciB3aW5kTWVhc3VyZSA9IDA7CitmdW5jdGlvbiBhcHBseVdpbmRTcGVlZCgpIHsKKwl2YXIgbWVhc3VyZVRleHQgPSBkb2N1bWVudC5nZXRFbGVtZW50QnlJZCgid19tZWFzdXJlIik7CisJd2luZE1lYXN1cmUgPSBtZWFzdXJlVGV4dC52YWx1ZTsKKwl2YXIgcG9pbnRlciA9IGRvY3VtZW50LmdldEVsZW1lbnRCeUlkKCJ3X3BvaW50Iik7CisJCisJYXBwbHlUYWNob1ZhbHVlKG1pbldpbmQsIG1heFdpbmQsIG1lYXN1cmVUZXh0LCBwb2ludGVyKTsKKwlzZXRXYXJuaW5ncygpOworCXJldHVybiBmYWxzZTsKK30KKy8vIFBWOkVORENPTkQKKworLy8gUFY6SUZDT05EKHB2Omhhc0ZlYXR1cmUoJ1dpbmRTcGVlZCcpIG9yIHB2Omhhc0ZlYXR1cmUoJ0FpclByZXNzdXJlJykpCitmdW5jdGlvbiBhcHBseVRhY2hvVmFsdWUobWluLCBtYXgsIG1lYXN1cmVUZXh0LCBwb2ludGVyKSB7CisJdmFyIGRpdmlzb3IgPSBNYXRoLnJvdW5kKChtYXggLSBtaW4pLzEzKTsKKwl2YXIgYyA9IE1hdGgucm91bmQoZGl2aXNvci8yKTsKKwkKKwlpZiAobWVhc3VyZVRleHQgJiYgcG9pbnRlcikgeworCQl2YXIgbWVhc3VyZSA9IG1lYXN1cmVUZXh0LnZhbHVlOworCQl2YXIgaW50VmFsdWUgPSBjaGVja01lYXN1cmUobWluLCBtYXgsIG1lYXN1cmUpOworCQlpZiAoaXNOYU4oaW50VmFsdWUpKSByZXR1cm4gZmFsc2U7CisJCWZ1bmN0aW9uIGdldE1ldGFDb250ZW50QnlOYW1lKG5hbWUsY29udGVudCl7CisJCQkgICB2YXIgY29udGVudCA9IChjb250ZW50PT1udWxsKT8nY29udGVudCc6Y29udGVudDsKKwkJCSAgIHJldHVybiBkb2N1bWVudC5xdWVyeVNlbGVjdG9yKCJtZXRhW25hbWU9JyIrbmFtZSsiJ10iKS5nZXRBdHRyaWJ1dGUoY29udGVudCk7CisJCQl9CisJCQkKKwkJCSQoZG9jdW1lbnQpLnJlYWR5KGZ1bmN0aW9uKCl7CisJCQkJLy9jb25zb2xlLmxvZyhkaWZmU3RyaW5nKTsgLy9kaWZmU3RyaW5nIHNob3VsZCBiZSB0aGUgdmFsdWUgb2YgZGlmZnZpZXcgdmFsdWUKKwkJCQkvL2dldCBzZWxlY3QoIiNkaWZmdmFsdWUiKS4gbWV0YWRhdGEKKwkJCQl2YXIgZGlmZnZhbHVlID0gZ2V0TWV0YUNvbnRlbnRCeU5hbWUoImRpZmZ2YWx1ZSIpOworCQkJCWlmIChkaWZmdmFsdWU9PW51bGwpIHJldHVybiBudWxsOworCQkJfSk7CisJCXJldHVybiBmYWxzZTsKKwkJaW50VmFsdWUgLT0gbWluOworCQlpZiAoaW50VmFsdWUgJSBkaXZpc29yIDwgYykgaW50VmFsdWUgLT0gaW50VmFsdWUgJSBkaXZpc29yOworCQllbHNlIGludFZhbHVlICs9IGRpdmlzb3IgLSBpbnRWYWx1ZSAlIGRpdmlzb3I7CisKKwkJaW50VmFsdWUgLz0gZGl2aXNvcjsKKwkJcG9pbnRlci5zdHlsZS5iYWNrZ3JvdW5kID0gInVybCgnaW1hZ2VzL25fIiArIGludFZhbHVlICsgIi5wbmcnKSI7CisJfQorCXJldHVybiBmYWxzZTsKK30KKy8vIFBWOkVORENPTkQKKworLy8gUFY6SUZDT05EKHB2Omhhc0ZlYXR1cmUoJ1RlbXBlcmF0dXJlJykpCit2YXIgdGVtcE1lYXN1cmUgPSAwOworZnVuY3Rpb24gYXBwbHlUZW1wZXJhdHVyZSgpIHsKKwl2YXIgbWluID0gbWluVGVtcDsKKwl2YXIgbWF4ID0gbWF4VGVtcDsKKworCXZhciBweFJhbmdlID0gMTcwOworCisJdmFyIG1lYXN1cmVUZXh0ID0gZG9jdW1lbnQuZ2V0RWxlbWVudEJ5SWQoInRfbWVhc3VyZSIpOworCXZhciBwb2ludGVyID0gZG9jdW1lbnQuZ2V0RWxlbWVudEJ5SWQoInRfcG9pbnQiKTsKKworCWlmIChtZWFzdXJlVGV4dCAmJiBwb2ludGVyKSB7CisJCXRlbXBNZWFzdXJlID0gbWVhc3VyZVRleHQudmFsdWU7CisJCXZhciBpbnRWYWx1ZSA9IGNoZWNrTWVhc3VyZShtaW4sIG1heCwgdGVtcE1lYXN1cmUpOworCQlpZiAoaXNOYU4oaW50VmFsdWUpKSByZXR1cm4gZmFsc2U7CisJCWludFZhbHVlID0gKGludFZhbHVlIC0gbWluKSoocHhSYW5nZSAvIChtYXggLSBtaW4pKTsKKwkJCisJCXBvaW50ZXIuc3R5bGUuaGVpZ2h0ID0gKDE3NyAtIGludFZhbHVlKSArICJweCI7CisJfQorCXNldFdhcm5pbmdzKCk7CisJcmV0dXJuIGZhbHNlOworfQorLy8gUFY6RU5EQ09ORAorCitmdW5jdGlvbiBjaGVja01lYXN1cmUobWluLCBtYXgsIG1lYXN1cmUpIHsKKwlpZiAobWVhc3VyZSA9PSAiIiB8fCBtZWFzdXJlID09IG51bGwpIHJldHVybiBOYU47CisJaWYgKGlzTmFOKHBhcnNlSW50KG1lYXN1cmUpKSB8fAorCQlwYXJzZUludChtZWFzdXJlKSA8IG1pbiB8fAorCQlwYXJzZUludChtZWFzdXJlKSA+IG1heCkgeworCQlhbGVydCgiQml0dGUgZWluZSBaYWhsIHp3aXNjaGVuICIgKyBtaW4gKyAiIHVuZCAiICsgbWF4ICsgIiBlaW5nZWJlbiEiKTsKKwkJcmV0dXJuIE5hTjsKKwl9CisJcmV0dXJuIHBhcnNlSW50KG1lYXN1cmUpOworfQorCitmdW5jdGlvbiBzZXRXYXJuaW5ncygpIHsKKwl3YXJuaW5nVGV4dCA9ICcnOworLy8gUFY6SUZDT05EKHB2Omhhc0ZlYXR1cmUoJ0hlYXQnKSkKKwlpZiAoIWlzTmFOKHRlbXBMaW1pdCkgJiYgdGVtcE1lYXN1cmUgPiB0ZW1wTGltaXQpIHsKKwkJd2FybmluZ1RleHQgKz0gdGVtcFdhcm5pbmc7CisJfQorLy8gUFY6RU5EQ09ORAorLy8gUFY6SUZDT05EKHB2Omhhc0ZlYXR1cmUoJ0dhbGUnKSkKKwlpZiAoIWlzTmFOKHdpbmRMaW1pdCkgJiYgd2luZE1lYXN1cmUgPiB3aW5kTGltaXQpIHsKKwkJd2FybmluZ1RleHQgKz0gKHdhcm5pbmdUZXh0ID09ICcnKSA/ICcnIDogJywgJzsKKwkJd2FybmluZ1RleHQgKz0gd2luZFdhcm5pbmc7CisJCXZhciBnYWxldmFsdWUgPSBnZXRNZXRhQ29udGVudEJ5TmFtZSgiZ2FsZSIpOworCQkKKwkJaWYgKGdhbGU9PW51bGwpIHJldHVybjsJCisJCXZhciBkaWZmMmh0bWxVaSA9IG5ldyBEaWZmMkh0bWxVSSh7ZGlmZjogZGlmZnZhbHVlfSk7CisJCWNvbnNvbGUubG9nKGRpZmYyaHRtbFVpKTsKKwkJZGlmZjJodG1sVWkuZHJhdygnI2dhbGVWaWV3Jywge2lucHV0Rm9ybWF0OiAnanNvbicsIHNob3dGaWxlczogdHJ1ZSwgbWF0Y2hpbmc6ICdsaW5lcyd9KTsKKwkgICAgZGlmZjJodG1sVWkuaGlnaGxpZ2h0Q29kZSgnI2dhbGVWaWV3Jyk7CisJICAgIGNlbGwuYXBwZW5kKCJyZWN0IikKKwkgICAgICAuYXR0cigiaWQiLCBmdW5jdGlvbihkKSB7IHJldHVybiAicmVjdC0iICsgZC5pZDsgfSkKKwkgICAgICAuYXR0cigiaWRfY29yZV9hc3NldCIsIGZ1bmN0aW9uKGQpIHsgY29uc29sZS5sb2cgKGQpOyByZXR1cm4gZC5kYXRhLmlkX2NvcmVfYXNzZXQ7fSkKKwkgICAgICAuYXR0cigiZm5hbWUiLCBmdW5jdGlvbihkKSB7IGNvbnNvbGUubG9nIChkKTsgcmV0dXJuIGQuZGF0YS5mbmFtZTt9KQorCSAgICAgIC5hdHRyKCJwciIsIGZ1bmN0aW9uKGQpIHsgY29uc29sZS5sb2cgKGQpOyByZXR1cm4gZC5kYXRhLnByb2R1Y3RfcmVsZWFzZTt9KQorCSAgICAgIC5hdHRyKCJ3aWR0aCIsIGZ1bmN0aW9uKGQpIHsgcmV0dXJuIGQueDEgLSBkLngwOyB9KQorCSAgICAgIC5hdHRyKCJoZWlnaHQiLCBmdW5jdGlvbihkKSB7IHJldHVybiBkLnkxIC0gZC55MDsgfSkKKwkgICAgIC5zdHlsZSgic3Ryb2tlIiwiYmxhY2siKQorCSAgICAgIC5hdHRyKCJvcGVyYXRpb24iLGZ1bmN0aW9uKGQpIHsgY29uc29sZS5sb2cgKGQpOyByZXR1cm4gZC5kYXRhLm9wZXJhdGlvbjt9KQorCSAgICAgLnN0eWxlKCJmaWxsIiwgZnVuY3Rpb24oZCkgeyAKKwkJICAgIAkgIGNvbnNvbGUubG9nKCJpbiBjb2xvciIpOwkJCisJCSAgICAJICB2YXIgb3BlcmF0aW9uID0gZC5kYXRhLm9wZXJhdGlvbjsKKwkJICAgIAkJaWYgKCAob3BlcmF0aW9uID09InVuZGVmaW5lZCIpIHx8IChkLmRhdGEub3BlcmF0aW9uPT1udWxsKSkgcmV0dXJuICIjY2NjY2NjIjsKKwkJICAgIAkgIAllbHNlIGlmIChvcGVyYXRpb249PSgiYWRkIikpIHJldHVybiAiIzNmYWM1NCI7CisJCSAgICAJICAJZWxzZSBpZiAob3BlcmF0aW9uPT0oImRlbGV0ZSIpKSByZXR1cm4gIiNlNjMyM2QiOworCQkgICAgCQllbHNlIGlmIChvcGVyYXRpb249PSJjaHVybiIpIHJldHVybiAiI0ZGODEwMCI7CisJCSAgICAJcmV0dXJuICIjY2NjY2NjIjsvL2NvbG9yKGQudmFsdWUpOy8vdGhlIHZhbHVlIC0gY2h1cm4gLSBvZiB0aGUgY3VzdG9taXphdGlvbgorCSAgICAJICB9KTsKKworCSAgY2VsbC5hcHBlbmQoImNsaXBQYXRoIikKKwkgICAgICAuYXR0cigiaWQiLCBmdW5jdGlvbihkKSB7IHJldHVybiAiY2xpcC0iICsgZC5pZDsgfSkKKwkgICAgLmFwcGVuZCgidXNlIikKKwkgICAgICAuYXR0cigieGxpbms6aHJlZiIsIGZ1bmN0aW9uKGQpIHsgcmV0dXJuICIjcmVjdC0iICsgZC5pZCArICIiOyB9KTsKKwl9OworCX0KKy8vIFBWOkVORENPTkQKKwl2YXIgZWxlbWVudCA9IGRvY3VtZW50LmdldEVsZW1lbnRCeUlkKCd3YXJuaW5nJyk7CisJaWYgKHdhcm5pbmdUZXh0ICE9ICcnKSB7CisKKy8vIFBWOklGQ09ORChwdjpoYXNGZWF0dXJlKCdHZXJtYW4nKSkKKwkJd2FybmluZ1RleHQgPSAnQWNodHVuZzogJyArIHdhcm5pbmdUZXh0OworLy8gUFY6RU5EQ09ORAorLy8gUFY6SUZDT05EKHB2Omhhc0ZlYXR1cmUoJ0VuZ2xpc2gnKSkKKwkJaWYgKHdhcm5pbmdUZXh0ICE9ICcnKSB3YXJuaW5nVGV4dCA9ICdBdHRlbnRpb246ICcgKyB3YXJuaW5nVGV4dDsKKy8vIFBWOkVORENPTkQKKwkJc2V0RWxlbWVudFRleHQoZWxlbWVudCwgd2FybmluZ1RleHQpOworCQkvL2VsZW1lbnQuc3R5bGUuZGlzcGxheSA9ICdpbmhlcml0JzsKKwl9CisJZWxzZSB7CisJCS8vZWxlbWVudC5zdHlsZS5kaXNwbGF5ID0gJ25vbmUnOworCQlzZXRFbGVtZW50VGV4dChlbGVtZW50LCAnJyk7CisJfQorCisK',175,53,4,'NEW_ASSET_WITH_NEW_VARIATIONPOINT_AND_NEW_FEATURES');
INSERT IGNORE INTO developer_group (id_developer_group) VALUES 
(54);
INSERT IGNORE INTO developer_bridge (id_developer_group,id_developer) VALUES 
(54,1);
INSERT IGNORE INTO developer_bridge (id_developer_group,id_developer) VALUES 
(54,1);
INSERT IGNORE INTO developer_bridge (id_developer_group,id_developer) VALUES 
(54,1);
INSERT IGNORE INTO developer_bridge (id_developer_group,id_developer) VALUES 
(54,1);
INSERT IGNORE INTO developer_bridge (id_developer_group,id_developer) VALUES 
(54,1);
INSERT IGNORE INTO developer_bridge (id_developer_group,id_developer) VALUES 
(54,1);
INSERT IGNORE INTO developer_bridge (id_developer_group,id_developer) VALUES 
(54,1);
INSERT IGNORE INTO developer_bridge (id_developer_group,id_developer) VALUES 
(54,1);
INSERT IGNORE INTO developer_bridge (id_developer_group,id_developer) VALUES 
(54,1);
INSERT IGNORE INTO developer_bridge (id_developer_group,id_developer) VALUES 
(54,1);
INSERT IGNORE INTO developer_bridge (id_developer_group,id_developer) VALUES 
(54,1);
INSERT IGNORE INTO developer_bridge (id_developer_group,id_developer) VALUES 
(54,1);
INSERT IGNORE INTO developer_bridge (id_developer_group,id_developer) VALUES 
(54,1);
INSERT IGNORE INTO developer_bridge (id_developer_group,id_developer) VALUES 
(54,1);
INSERT IGNORE INTO developer_bridge (id_developer_group,id_developer) VALUES 
(54,1);
INSERT IGNORE INTO developer_bridge (id_developer_group,id_developer) VALUES 
(54,1);
INSERT IGNORE INTO developer_bridge (id_developer_group,id_developer) VALUES 
(54,1);
INSERT IGNORE INTO developer_bridge (id_developer_group,id_developer) VALUES 
(54,1);
INSERT IGNORE INTO developer_bridge (id_developer_group,id_developer) VALUES 
(54,1);
INSERT IGNORE INTO developer_bridge (id_developer_group,id_developer) VALUES 
(54,1);
INSERT IGNORE INTO developer_bridge (id_developer_group,id_developer) VALUES 
(54,1);
INSERT IGNORE INTO developer_bridge (id_developer_group,id_developer) VALUES 
(54,1);
INSERT IGNORE INTO developer_bridge (id_developer_group,id_developer) VALUES 
(54,1);
INSERT IGNORE INTO developer_bridge (id_developer_group,id_developer) VALUES 
(54,1);
INSERT IGNORE INTO developer_bridge (id_developer_group,id_developer) VALUES 
(54,1);
INSERT IGNORE INTO developer_bridge (id_developer_group,id_developer) VALUES 
(54,1);
INSERT IGNORE INTO developer_bridge (id_developer_group,id_developer) VALUES 
(54,1);
INSERT IGNORE INTO developer_bridge (id_developer_group,id_developer) VALUES 
(54,1);
INSERT IGNORE INTO developer_bridge (id_developer_group,id_developer) VALUES 
(54,1);
INSERT IGNORE INTO developer_bridge (id_developer_group,id_developer) VALUES 
(54,1);
INSERT IGNORE INTO developer_bridge (id_developer_group,id_developer) VALUES 
(54,1);
INSERT IGNORE INTO developer_bridge (id_developer_group,id_developer) VALUES 
(54,1);
INSERT IGNORE INTO developer_bridge (id_developer_group,id_developer) VALUES 
(54,1);
INSERT IGNORE INTO developer_bridge (id_developer_group,id_developer) VALUES 
(54,1);
INSERT IGNORE INTO developer_bridge (id_developer_group,id_developer) VALUES 
(54,1);
INSERT IGNORE INTO developer_bridge (id_developer_group,id_developer) VALUES 
(54,1);
INSERT IGNORE INTO developer_bridge (id_developer_group,id_developer) VALUES 
(54,1);
INSERT IGNORE INTO customization_fact (idcustomization, lines_added,lines_deleted,custom_diff,commit_set,message_set,greater_diff,idvariationpoint,id_developer_group, idproductrelease, type) VALUES
(54,37,0,'ZGlmZiAtLWdpdCBhL2lucHV0L2pzL21lYXN1cmVtZW50cy5qcyBiL2lucHV0L2pzL21lYXN1cmVtZW50cy5qcwpuZXcgZmlsZSBtb2RlIDEwMDY0NAppbmRleCAwMDAwMDAwLi5iYzM5M2JhCi0tLSAvZGV2L251bGwKQEAgLTYsMiArNjYsMzcgQEAgRXhwcmVzc2lvbjogIChwdjpoYXNGZWF0dXJlKCdUZW1wZXJhdHVyZScpKUNoYW5nZSBUeXBlOiBORVdfQVNTRVRfV0lUSF9ORVdfVkFSSUFUSU9OUE9JTlRfQU5EX05FV19GRUFUVVJFUworLy8gUFY6SUZDT05EKHB2Omhhc0ZlYXR1cmUoJ1RlbXBlcmF0dXJlJykpLy9BdXRob3JlZCBieTogbGV0aW1vbWUgaW4gY29tbWl0OmJlY2M5OWY2OTgwODI3MGE4MzNkNjUwZjk3YmFmMmY0MmFjZGFmMzIsIHdpdGggbWVzc2FnZTpjaGFuZ2VzIGZvciBQYXJpcyBXUyAKK3ZhciB0ZW1wTWVhc3VyZSA9IDA7Ly9BdXRob3JlZCBieTogbGV0aW1vbWUgaW4gY29tbWl0OmJlY2M5OWY2OTgwODI3MGE4MzNkNjUwZjk3YmFmMmY0MmFjZGFmMzIsIHdpdGggbWVzc2FnZTpjaGFuZ2VzIGZvciBQYXJpcyBXUyAKK2Z1bmN0aW9uIGFwcGx5VGVtcGVyYXR1cmUoKSB7Ly9BdXRob3JlZCBieTogbGV0aW1vbWUgaW4gY29tbWl0OmJlY2M5OWY2OTgwODI3MGE4MzNkNjUwZjk3YmFmMmY0MmFjZGFmMzIsIHdpdGggbWVzc2FnZTpjaGFuZ2VzIGZvciBQYXJpcyBXUyAKKwl2YXIgbWluID0gbWluVGVtcDsvL0F1dGhvcmVkIGJ5OiBsZXRpbW9tZSBpbiBjb21taXQ6YmVjYzk5ZjY5ODA4MjcwYTgzM2Q2NTBmOTdiYWYyZjQyYWNkYWYzMiwgd2l0aCBtZXNzYWdlOmNoYW5nZXMgZm9yIFBhcmlzIFdTIAorCXZhciBtYXggPSBtYXhUZW1wOy8vQXV0aG9yZWQgYnk6IGxldGltb21lIGluIGNvbW1pdDpiZWNjOTlmNjk4MDgyNzBhODMzZDY1MGY5N2JhZjJmNDJhY2RhZjMyLCB3aXRoIG1lc3NhZ2U6Y2hhbmdlcyBmb3IgUGFyaXMgV1MgCisvL0F1dGhvcmVkIGJ5OiBsZXRpbW9tZSBpbiBjb21taXQ6YmVjYzk5ZjY5ODA4MjcwYTgzM2Q2NTBmOTdiYWYyZjQyYWNkYWYzMiwgd2l0aCBtZXNzYWdlOmNoYW5nZXMgZm9yIFBhcmlzIFdTIAorCXZhciBweFJhbmdlID0gMTcwOy8vQXV0aG9yZWQgYnk6IGxldGltb21lIGluIGNvbW1pdDpiZWNjOTlmNjk4MDgyNzBhODMzZDY1MGY5N2JhZjJmNDJhY2RhZjMyLCB3aXRoIG1lc3NhZ2U6Y2hhbmdlcyBmb3IgUGFyaXMgV1MgCisvL0F1dGhvcmVkIGJ5OiBsZXRpbW9tZSBpbiBjb21taXQ6YmVjYzk5ZjY5ODA4MjcwYTgzM2Q2NTBmOTdiYWYyZjQyYWNkYWYzMiwgd2l0aCBtZXNzYWdlOmNoYW5nZXMgZm9yIFBhcmlzIFdTIAorCXZhciBtZWFzdXJlVGV4dCA9IGRvY3VtZW50LmdldEVsZW1lbnRCeUlkKCJ0X21lYXN1cmUiKTsvL0F1dGhvcmVkIGJ5OiBsZXRpbW9tZSBpbiBjb21taXQ6YmVjYzk5ZjY5ODA4MjcwYTgzM2Q2NTBmOTdiYWYyZjQyYWNkYWYzMiwgd2l0aCBtZXNzYWdlOmNoYW5nZXMgZm9yIFBhcmlzIFdTIAorCXZhciBwb2ludGVyID0gZG9jdW1lbnQuZ2V0RWxlbWVudEJ5SWQoInRfcG9pbnQiKTsvL0F1dGhvcmVkIGJ5OiBsZXRpbW9tZSBpbiBjb21taXQ6YmVjYzk5ZjY5ODA4MjcwYTgzM2Q2NTBmOTdiYWYyZjQyYWNkYWYzMiwgd2l0aCBtZXNzYWdlOmNoYW5nZXMgZm9yIFBhcmlzIFdTIAorLy9BdXRob3JlZCBieTogbGV0aW1vbWUgaW4gY29tbWl0OmJlY2M5OWY2OTgwODI3MGE4MzNkNjUwZjk3YmFmMmY0MmFjZGFmMzIsIHdpdGggbWVzc2FnZTpjaGFuZ2VzIGZvciBQYXJpcyBXUyAKKwlpZiAobWVhc3VyZVRleHQgJiYgcG9pbnRlcikgey8vQXV0aG9yZWQgYnk6IGxldGltb21lIGluIGNvbW1pdDpiZWNjOTlmNjk4MDgyNzBhODMzZDY1MGY5N2JhZjJmNDJhY2RhZjMyLCB3aXRoIG1lc3NhZ2U6Y2hhbmdlcyBmb3IgUGFyaXMgV1MgCisJCXRlbXBNZWFzdXJlID0gbWVhc3VyZVRleHQudmFsdWU7Ly9BdXRob3JlZCBieTogbGV0aW1vbWUgaW4gY29tbWl0OmJlY2M5OWY2OTgwODI3MGE4MzNkNjUwZjk3YmFmMmY0MmFjZGFmMzIsIHdpdGggbWVzc2FnZTpjaGFuZ2VzIGZvciBQYXJpcyBXUyAKKwkJdmFyIGludFZhbHVlID0gY2hlY2tNZWFzdXJlKG1pbiwgbWF4LCB0ZW1wTWVhc3VyZSk7Ly9BdXRob3JlZCBieTogbGV0aW1vbWUgaW4gY29tbWl0OmJlY2M5OWY2OTgwODI3MGE4MzNkNjUwZjk3YmFmMmY0MmFjZGFmMzIsIHdpdGggbWVzc2FnZTpjaGFuZ2VzIGZvciBQYXJpcyBXUyAKKwkJaWYgKGlzTmFOKGludFZhbHVlKSkgcmV0dXJuIGZhbHNlOy8vQXV0aG9yZWQgYnk6IGxldGltb21lIGluIGNvbW1pdDpiZWNjOTlmNjk4MDgyNzBhODMzZDY1MGY5N2JhZjJmNDJhY2RhZjMyLCB3aXRoIG1lc3NhZ2U6Y2hhbmdlcyBmb3IgUGFyaXMgV1MgCisJCWludFZhbHVlID0gKGludFZhbHVlIC0gbWluKSoocHhSYW5nZSAvIChtYXggLSBtaW4pKTsvL0F1dGhvcmVkIGJ5OiBsZXRpbW9tZSBpbiBjb21taXQ6YmVjYzk5ZjY5ODA4MjcwYTgzM2Q2NTBmOTdiYWYyZjQyYWNkYWYzMiwgd2l0aCBtZXNzYWdlOmNoYW5nZXMgZm9yIFBhcmlzIFdTIAorCQkvL0F1dGhvcmVkIGJ5OiBsZXRpbW9tZSBpbiBjb21taXQ6YmVjYzk5ZjY5ODA4MjcwYTgzM2Q2NTBmOTdiYWYyZjQyYWNkYWYzMiwgd2l0aCBtZXNzYWdlOmNoYW5nZXMgZm9yIFBhcmlzIFdTIAorCQlwb2ludGVyLnN0eWxlLmhlaWdodCA9ICgxNzcgLSBpbnRWYWx1ZSkgKyAicHgiOy8vQXV0aG9yZWQgYnk6IGxldGltb21lIGluIGNvbW1pdDpiZWNjOTlmNjk4MDgyNzBhODMzZDY1MGY5N2JhZjJmNDJhY2RhZjMyLCB3aXRoIG1lc3NhZ2U6Y2hhbmdlcyBmb3IgUGFyaXMgV1MgCisJfS8vQXV0aG9yZWQgYnk6IGxldGltb21lIGluIGNvbW1pdDpiZWNjOTlmNjk4MDgyNzBhODMzZDY1MGY5N2JhZjJmNDJhY2RhZjMyLCB3aXRoIG1lc3NhZ2U6Y2hhbmdlcyBmb3IgUGFyaXMgV1MgCisJc2V0V2FybmluZ3MoKTsvL0F1dGhvcmVkIGJ5OiBsZXRpbW9tZSBpbiBjb21taXQ6YmVjYzk5ZjY5ODA4MjcwYTgzM2Q2NTBmOTdiYWYyZjQyYWNkYWYzMiwgd2l0aCBtZXNzYWdlOmNoYW5nZXMgZm9yIFBhcmlzIFdTIAorCXJldHVybiBmYWxzZTsvL0F1dGhvcmVkIGJ5OiBsZXRpbW9tZSBpbiBjb21taXQ6YmVjYzk5ZjY5ODA4MjcwYTgzM2Q2NTBmOTdiYWYyZjQyYWNkYWYzMiwgd2l0aCBtZXNzYWdlOmNoYW5nZXMgZm9yIFBhcmlzIFdTIAorfS8vQXV0aG9yZWQgYnk6IGxldGltb21lIGluIGNvbW1pdDpiZWNjOTlmNjk4MDgyNzBhODMzZDY1MGY5N2JhZjJmNDJhY2RhZjMyLCB3aXRoIG1lc3NhZ2U6Y2hhbmdlcyBmb3IgUGFyaXMgV1MgCisvLyBQVjpFTkRDT05ELy9BdXRob3JlZCBieTogbGV0aW1vbWUgaW4gY29tbWl0OmJlY2M5OWY2OTgwODI3MGE4MzNkNjUwZjk3YmFmMmY0MmFjZGFmMzIsIHdpdGggbWVzc2FnZTpjaGFuZ2VzIGZvciBQYXJpcyBXUyAKKy8vQXV0aG9yZWQgYnk6IGxldGltb21lIGluIGNvbW1pdDpiZWNjOTlmNjk4MDgyNzBhODMzZDY1MGY5N2JhZjJmNDJhY2RhZjMyLCB3aXRoIG1lc3NhZ2U6Y2hhbmdlcyBmb3IgUGFyaXMgV1MgCitmdW5jdGlvbiBjaGVja01lYXN1cmUobWluLCBtYXgsIG1lYXN1cmUpIHsvL0F1dGhvcmVkIGJ5OiBsZXRpbW9tZSBpbiBjb21taXQ6YmVjYzk5ZjY5ODA4MjcwYTgzM2Q2NTBmOTdiYWYyZjQyYWNkYWYzMiwgd2l0aCBtZXNzYWdlOmNoYW5nZXMgZm9yIFBhcmlzIFdTIAorCWlmIChtZWFzdXJlID09ICIiIHx8IG1lYXN1cmUgPT0gbnVsbCkgcmV0dXJuIE5hTjsvL0F1dGhvcmVkIGJ5OiBsZXRpbW9tZSBpbiBjb21taXQ6YmVjYzk5ZjY5ODA4MjcwYTgzM2Q2NTBmOTdiYWYyZjQyYWNkYWYzMiwgd2l0aCBtZXNzYWdlOmNoYW5nZXMgZm9yIFBhcmlzIFdTIAorCWlmIChpc05hTihwYXJzZUludChtZWFzdXJlKSkgfHwvL0F1dGhvcmVkIGJ5OiBsZXRpbW9tZSBpbiBjb21taXQ6YmVjYzk5ZjY5ODA4MjcwYTgzM2Q2NTBmOTdiYWYyZjQyYWNkYWYzMiwgd2l0aCBtZXNzYWdlOmNoYW5nZXMgZm9yIFBhcmlzIFdTIAorCQlwYXJzZUludChtZWFzdXJlKSA8IG1pbiB8fC8vQXV0aG9yZWQgYnk6IGxldGltb21lIGluIGNvbW1pdDpiZWNjOTlmNjk4MDgyNzBhODMzZDY1MGY5N2JhZjJmNDJhY2RhZjMyLCB3aXRoIG1lc3NhZ2U6Y2hhbmdlcyBmb3IgUGFyaXMgV1MgCisJCXBhcnNlSW50KG1lYXN1cmUpID4gbWF4KSB7Ly9BdXRob3JlZCBieTogbGV0aW1vbWUgaW4gY29tbWl0OmJlY2M5OWY2OTgwODI3MGE4MzNkNjUwZjk3YmFmMmY0MmFjZGFmMzIsIHdpdGggbWVzc2FnZTpjaGFuZ2VzIGZvciBQYXJpcyBXUyAKKwkJYWxlcnQoIkJpdHRlIGVpbmUgWmFobCB6d2lzY2hlbiAiICsgbWluICsgIiB1bmQgIiArIG1heCArICIgZWluZ2ViZW4hIik7Ly9BdXRob3JlZCBieTogbGV0aW1vbWUgaW4gY29tbWl0OmJlY2M5OWY2OTgwODI3MGE4MzNkNjUwZjk3YmFmMmY0MmFjZGFmMzIsIHdpdGggbWVzc2FnZTpjaGFuZ2VzIGZvciBQYXJpcyBXUyAKKwkJcmV0dXJuIE5hTjsvL0F1dGhvcmVkIGJ5OiBsZXRpbW9tZSBpbiBjb21taXQ6YmVjYzk5ZjY5ODA4MjcwYTgzM2Q2NTBmOTdiYWYyZjQyYWNkYWYzMiwgd2l0aCBtZXNzYWdlOmNoYW5nZXMgZm9yIFBhcmlzIFdTIAorCX0vL0F1dGhvcmVkIGJ5OiBsZXRpbW9tZSBpbiBjb21taXQ6YmVjYzk5ZjY5ODA4MjcwYTgzM2Q2NTBmOTdiYWYyZjQyYWNkYWYzMiwgd2l0aCBtZXNzYWdlOmNoYW5nZXMgZm9yIFBhcmlzIFdTIAorCXJldHVybiBwYXJzZUludChtZWFzdXJlKTsvL0F1dGhvcmVkIGJ5OiBsZXRpbW9tZSBpbiBjb21taXQ6YmVjYzk5ZjY5ODA4MjcwYTgzM2Q2NTBmOTdiYWYyZjQyYWNkYWYzMiwgd2l0aCBtZXNzYWdlOmNoYW5nZXMgZm9yIFBhcmlzIFdTIAorfS8vQXV0aG9yZWQgYnk6IGxldGltb21lIGluIGNvbW1pdDpiZWNjOTlmNjk4MDgyNzBhODMzZDY1MGY5N2JhZjJmNDJhY2RhZjMyLCB3aXRoIG1lc3NhZ2U6Y2hhbmdlcyBmb3IgUGFyaXMgV1MgCisvL0F1dGhvcmVkIGJ5OiBsZXRpbW9tZSBpbiBjb21taXQ6YmVjYzk5ZjY5ODA4MjcwYTgzM2Q2NTBmOTdiYWYyZjQyYWNkYWYzMiwgd2l0aCBtZXNzYWdlOmNoYW5nZXMgZm9yIFBhcmlzIFdTIAorZnVuY3Rpb24gc2V0V2FybmluZ3MoKSB7Ly9BdXRob3JlZCBieTogbGV0aW1vbWUgaW4gY29tbWl0OmJlY2M5OWY2OTgwODI3MGE4MzNkNjUwZjk3YmFmMmY0MmFjZGFmMzIsIHdpdGggbWVzc2FnZTpjaGFuZ2VzIGZvciBQYXJpcyBXUyAKKwl3YXJuaW5nVGV4dCA9ICcnOy8vQXV0aG9yZWQgYnk6IGxldGltb21lIGluIGNvbW1pdDpiZWNjOTlmNjk4MDgyNzBhODMzZDY1MGY5N2JhZjJmNDJhY2RhZjMyLCB3aXRoIG1lc3NhZ2U6Y2hhbmdlcyBmb3IgUGFyaXMgV1MgCg==','becc99f69808270a833d650f97baf2f42acdaf32; becc99f69808270a833d650f97baf2f42acdaf32; becc99f69808270a833d650f97baf2f42acdaf32; becc99f69808270a833d650f97baf2f42acdaf32; becc99f69808270a833d650f97baf2f42acdaf32; becc99f69808270a833d650f97baf2f42acdaf32; becc99f69808270a833d650f97baf2f42acdaf32; becc99f69808270a833d650f97baf2f42acdaf32; becc99f69808270a833d650f97baf2f42acdaf32; becc99f69808270a833d650f97baf2f42acdaf32; becc99f69808270a833d650f97baf2f42acdaf32; becc99f69808270a833d650f97baf2f42acdaf32; becc99f69808270a833d650f97baf2f42acdaf32; becc99f69808270a833d650f97baf2f42acdaf32; becc99f69808270a833d650f97baf2f42acdaf32; becc99f69808270a833d650f97baf2f42acdaf32; becc99f69808270a833d650f97baf2f42acdaf32; becc99f69808270a833d650f97baf2f42acdaf32; becc99f69808270a833d650f97baf2f42acdaf32; becc99f69808270a833d650f97baf2f42acdaf32; becc99f69808270a833d650f97baf2f42acdaf32; becc99f69808270a833d650f97baf2f42acdaf32; becc99f69808270a833d650f97baf2f42acdaf32; becc99f69808270a833d650f97baf2f42acdaf32; becc99f69808270a833d650f97baf2f42acdaf32; becc99f69808270a833d650f97baf2f42acdaf32; becc99f69808270a833d650f97baf2f42acdaf32; becc99f69808270a833d650f97baf2f42acdaf32; becc99f69808270a833d650f97baf2f42acdaf32; becc99f69808270a833d650f97baf2f42acdaf32; becc99f69808270a833d650f97baf2f42acdaf32; becc99f69808270a833d650f97baf2f42acdaf32; becc99f69808270a833d650f97baf2f42acdaf32; becc99f69808270a833d650f97baf2f42acdaf32; becc99f69808270a833d650f97baf2f42acdaf32; becc99f69808270a833d650f97baf2f42acdaf32; becc99f69808270a833d650f97baf2f42acdaf32; ','changes for Paris WS
; ','ZGlmZiAtLWdpdCBhL2lucHV0L2pzL21lYXN1cmVtZW50cy5qcyBiL2lucHV0L2pzL21lYXN1cmVtZW50cy5qcwpuZXcgZmlsZSBtb2RlIDEwMDY0NAppbmRleCAwMDAwMDAwLi5iYzM5M2JhCi0tLSAvZGV2L251bGwKKysrIGIvaW5wdXQvanMvbWVhc3VyZW1lbnRzLmpzCkBAIC0wLDAgKzEsMTYyIEBACisvLyBQVjpJRkNPTkQocHY6aGFzRmVhdHVyZSgnQWlyUHJlc3N1cmUnKSkKK2Z1bmN0aW9uIGFwcGx5UHJlc3N1cmUoKSB7CisJdmFyIG1lYXN1cmVUZXh0ID0gZG9jdW1lbnQuZ2V0RWxlbWVudEJ5SWQoInBfbWVhc3VyZSIpOworCXZhciBwb2ludGVyID0gZG9jdW1lbnQuZ2V0RWxlbWVudEJ5SWQoInBfcG9pbnQiKTsKKwlhcHBseVRhY2hvVmFsdWUobWluUHJlcywgbWF4UHJlcywgbWVhc3VyZVRleHQsIHBvaW50ZXIpOworCWZ1bmN0aW9uIGdldE1ldGFDb250ZW50QnlOYW1lKG5hbWUsY29udGVudCl7CisJCSAgIHZhciBjb250ZW50ID0gKGNvbnRlbnQ9PW51bGwpPydjb250ZW50Jzpjb250ZW50OworCQkgICByZXR1cm4gZG9jdW1lbnQucXVlcnlTZWxlY3RvcigibWV0YVtuYW1lPSciK25hbWUrIiddIikuZ2V0QXR0cmlidXRlKGNvbnRlbnQpOworCQl9CisJCQorCQkkKGRvY3VtZW50KS5yZWFkeShmdW5jdGlvbigpeworCQkJLy9jb25zb2xlLmxvZyhkaWZmU3RyaW5nKTsgLy9kaWZmU3RyaW5nIHNob3VsZCBiZSB0aGUgdmFsdWUgb2YgZGlmZnZpZXcgdmFsdWUKKwkJCS8vZ2V0IHNlbGVjdCgiI2RpZmZ2YWx1ZSIpLiBtZXRhZGF0YQorCQkJdmFyIGRpZmZ2YWx1ZSA9IGdldE1ldGFDb250ZW50QnlOYW1lKCJkaWZmdmFsdWUiKTsKKwkJCWlmIChkaWZmdmFsdWU9PW51bGwpIHJldHVybiBudWxsOworCQl9KTsKKwlyZXR1cm4gZmFsc2U7Cit9CisvLyBQVjpFTkRDT05ECisKKy8vIFBWOklGQ09ORChwdjpoYXNGZWF0dXJlKCdXaW5kU3BlZWQnKSkKK3ZhciB3aW5kTWVhc3VyZSA9IDA7CitmdW5jdGlvbiBhcHBseVdpbmRTcGVlZCgpIHsKKwl2YXIgbWVhc3VyZVRleHQgPSBkb2N1bWVudC5nZXRFbGVtZW50QnlJZCgid19tZWFzdXJlIik7CisJd2luZE1lYXN1cmUgPSBtZWFzdXJlVGV4dC52YWx1ZTsKKwl2YXIgcG9pbnRlciA9IGRvY3VtZW50LmdldEVsZW1lbnRCeUlkKCJ3X3BvaW50Iik7CisJCisJYXBwbHlUYWNob1ZhbHVlKG1pbldpbmQsIG1heFdpbmQsIG1lYXN1cmVUZXh0LCBwb2ludGVyKTsKKwlzZXRXYXJuaW5ncygpOworCXJldHVybiBmYWxzZTsKK30KKy8vIFBWOkVORENPTkQKKworLy8gUFY6SUZDT05EKHB2Omhhc0ZlYXR1cmUoJ1dpbmRTcGVlZCcpIG9yIHB2Omhhc0ZlYXR1cmUoJ0FpclByZXNzdXJlJykpCitmdW5jdGlvbiBhcHBseVRhY2hvVmFsdWUobWluLCBtYXgsIG1lYXN1cmVUZXh0LCBwb2ludGVyKSB7CisJdmFyIGRpdmlzb3IgPSBNYXRoLnJvdW5kKChtYXggLSBtaW4pLzEzKTsKKwl2YXIgYyA9IE1hdGgucm91bmQoZGl2aXNvci8yKTsKKwkKKwlpZiAobWVhc3VyZVRleHQgJiYgcG9pbnRlcikgeworCQl2YXIgbWVhc3VyZSA9IG1lYXN1cmVUZXh0LnZhbHVlOworCQl2YXIgaW50VmFsdWUgPSBjaGVja01lYXN1cmUobWluLCBtYXgsIG1lYXN1cmUpOworCQlpZiAoaXNOYU4oaW50VmFsdWUpKSByZXR1cm4gZmFsc2U7CisJCWZ1bmN0aW9uIGdldE1ldGFDb250ZW50QnlOYW1lKG5hbWUsY29udGVudCl7CisJCQkgICB2YXIgY29udGVudCA9IChjb250ZW50PT1udWxsKT8nY29udGVudCc6Y29udGVudDsKKwkJCSAgIHJldHVybiBkb2N1bWVudC5xdWVyeVNlbGVjdG9yKCJtZXRhW25hbWU9JyIrbmFtZSsiJ10iKS5nZXRBdHRyaWJ1dGUoY29udGVudCk7CisJCQl9CisJCQkKKwkJCSQoZG9jdW1lbnQpLnJlYWR5KGZ1bmN0aW9uKCl7CisJCQkJLy9jb25zb2xlLmxvZyhkaWZmU3RyaW5nKTsgLy9kaWZmU3RyaW5nIHNob3VsZCBiZSB0aGUgdmFsdWUgb2YgZGlmZnZpZXcgdmFsdWUKKwkJCQkvL2dldCBzZWxlY3QoIiNkaWZmdmFsdWUiKS4gbWV0YWRhdGEKKwkJCQl2YXIgZGlmZnZhbHVlID0gZ2V0TWV0YUNvbnRlbnRCeU5hbWUoImRpZmZ2YWx1ZSIpOworCQkJCWlmIChkaWZmdmFsdWU9PW51bGwpIHJldHVybiBudWxsOworCQkJfSk7CisJCXJldHVybiBmYWxzZTsKKwkJaW50VmFsdWUgLT0gbWluOworCQlpZiAoaW50VmFsdWUgJSBkaXZpc29yIDwgYykgaW50VmFsdWUgLT0gaW50VmFsdWUgJSBkaXZpc29yOworCQllbHNlIGludFZhbHVlICs9IGRpdmlzb3IgLSBpbnRWYWx1ZSAlIGRpdmlzb3I7CisKKwkJaW50VmFsdWUgLz0gZGl2aXNvcjsKKwkJcG9pbnRlci5zdHlsZS5iYWNrZ3JvdW5kID0gInVybCgnaW1hZ2VzL25fIiArIGludFZhbHVlICsgIi5wbmcnKSI7CisJfQorCXJldHVybiBmYWxzZTsKK30KKy8vIFBWOkVORENPTkQKKworLy8gUFY6SUZDT05EKHB2Omhhc0ZlYXR1cmUoJ1RlbXBlcmF0dXJlJykpCit2YXIgdGVtcE1lYXN1cmUgPSAwOworZnVuY3Rpb24gYXBwbHlUZW1wZXJhdHVyZSgpIHsKKwl2YXIgbWluID0gbWluVGVtcDsKKwl2YXIgbWF4ID0gbWF4VGVtcDsKKworCXZhciBweFJhbmdlID0gMTcwOworCisJdmFyIG1lYXN1cmVUZXh0ID0gZG9jdW1lbnQuZ2V0RWxlbWVudEJ5SWQoInRfbWVhc3VyZSIpOworCXZhciBwb2ludGVyID0gZG9jdW1lbnQuZ2V0RWxlbWVudEJ5SWQoInRfcG9pbnQiKTsKKworCWlmIChtZWFzdXJlVGV4dCAmJiBwb2ludGVyKSB7CisJCXRlbXBNZWFzdXJlID0gbWVhc3VyZVRleHQudmFsdWU7CisJCXZhciBpbnRWYWx1ZSA9IGNoZWNrTWVhc3VyZShtaW4sIG1heCwgdGVtcE1lYXN1cmUpOworCQlpZiAoaXNOYU4oaW50VmFsdWUpKSByZXR1cm4gZmFsc2U7CisJCWludFZhbHVlID0gKGludFZhbHVlIC0gbWluKSoocHhSYW5nZSAvIChtYXggLSBtaW4pKTsKKwkJCisJCXBvaW50ZXIuc3R5bGUuaGVpZ2h0ID0gKDE3NyAtIGludFZhbHVlKSArICJweCI7CisJfQorCXNldFdhcm5pbmdzKCk7CisJcmV0dXJuIGZhbHNlOworfQorLy8gUFY6RU5EQ09ORAorCitmdW5jdGlvbiBjaGVja01lYXN1cmUobWluLCBtYXgsIG1lYXN1cmUpIHsKKwlpZiAobWVhc3VyZSA9PSAiIiB8fCBtZWFzdXJlID09IG51bGwpIHJldHVybiBOYU47CisJaWYgKGlzTmFOKHBhcnNlSW50KG1lYXN1cmUpKSB8fAorCQlwYXJzZUludChtZWFzdXJlKSA8IG1pbiB8fAorCQlwYXJzZUludChtZWFzdXJlKSA+IG1heCkgeworCQlhbGVydCgiQml0dGUgZWluZSBaYWhsIHp3aXNjaGVuICIgKyBtaW4gKyAiIHVuZCAiICsgbWF4ICsgIiBlaW5nZWJlbiEiKTsKKwkJcmV0dXJuIE5hTjsKKwl9CisJcmV0dXJuIHBhcnNlSW50KG1lYXN1cmUpOworfQorCitmdW5jdGlvbiBzZXRXYXJuaW5ncygpIHsKKwl3YXJuaW5nVGV4dCA9ICcnOworLy8gUFY6SUZDT05EKHB2Omhhc0ZlYXR1cmUoJ0hlYXQnKSkKKwlpZiAoIWlzTmFOKHRlbXBMaW1pdCkgJiYgdGVtcE1lYXN1cmUgPiB0ZW1wTGltaXQpIHsKKwkJd2FybmluZ1RleHQgKz0gdGVtcFdhcm5pbmc7CisJfQorLy8gUFY6RU5EQ09ORAorLy8gUFY6SUZDT05EKHB2Omhhc0ZlYXR1cmUoJ0dhbGUnKSkKKwlpZiAoIWlzTmFOKHdpbmRMaW1pdCkgJiYgd2luZE1lYXN1cmUgPiB3aW5kTGltaXQpIHsKKwkJd2FybmluZ1RleHQgKz0gKHdhcm5pbmdUZXh0ID09ICcnKSA/ICcnIDogJywgJzsKKwkJd2FybmluZ1RleHQgKz0gd2luZFdhcm5pbmc7CisJCXZhciBnYWxldmFsdWUgPSBnZXRNZXRhQ29udGVudEJ5TmFtZSgiZ2FsZSIpOworCQkKKwkJaWYgKGdhbGU9PW51bGwpIHJldHVybjsJCisJCXZhciBkaWZmMmh0bWxVaSA9IG5ldyBEaWZmMkh0bWxVSSh7ZGlmZjogZGlmZnZhbHVlfSk7CisJCWNvbnNvbGUubG9nKGRpZmYyaHRtbFVpKTsKKwkJZGlmZjJodG1sVWkuZHJhdygnI2dhbGVWaWV3Jywge2lucHV0Rm9ybWF0OiAnanNvbicsIHNob3dGaWxlczogdHJ1ZSwgbWF0Y2hpbmc6ICdsaW5lcyd9KTsKKwkgICAgZGlmZjJodG1sVWkuaGlnaGxpZ2h0Q29kZSgnI2dhbGVWaWV3Jyk7CisJICAgIGNlbGwuYXBwZW5kKCJyZWN0IikKKwkgICAgICAuYXR0cigiaWQiLCBmdW5jdGlvbihkKSB7IHJldHVybiAicmVjdC0iICsgZC5pZDsgfSkKKwkgICAgICAuYXR0cigiaWRfY29yZV9hc3NldCIsIGZ1bmN0aW9uKGQpIHsgY29uc29sZS5sb2cgKGQpOyByZXR1cm4gZC5kYXRhLmlkX2NvcmVfYXNzZXQ7fSkKKwkgICAgICAuYXR0cigiZm5hbWUiLCBmdW5jdGlvbihkKSB7IGNvbnNvbGUubG9nIChkKTsgcmV0dXJuIGQuZGF0YS5mbmFtZTt9KQorCSAgICAgIC5hdHRyKCJwciIsIGZ1bmN0aW9uKGQpIHsgY29uc29sZS5sb2cgKGQpOyByZXR1cm4gZC5kYXRhLnByb2R1Y3RfcmVsZWFzZTt9KQorCSAgICAgIC5hdHRyKCJ3aWR0aCIsIGZ1bmN0aW9uKGQpIHsgcmV0dXJuIGQueDEgLSBkLngwOyB9KQorCSAgICAgIC5hdHRyKCJoZWlnaHQiLCBmdW5jdGlvbihkKSB7IHJldHVybiBkLnkxIC0gZC55MDsgfSkKKwkgICAgIC5zdHlsZSgic3Ryb2tlIiwiYmxhY2siKQorCSAgICAgIC5hdHRyKCJvcGVyYXRpb24iLGZ1bmN0aW9uKGQpIHsgY29uc29sZS5sb2cgKGQpOyByZXR1cm4gZC5kYXRhLm9wZXJhdGlvbjt9KQorCSAgICAgLnN0eWxlKCJmaWxsIiwgZnVuY3Rpb24oZCkgeyAKKwkJICAgIAkgIGNvbnNvbGUubG9nKCJpbiBjb2xvciIpOwkJCisJCSAgICAJICB2YXIgb3BlcmF0aW9uID0gZC5kYXRhLm9wZXJhdGlvbjsKKwkJICAgIAkJaWYgKCAob3BlcmF0aW9uID09InVuZGVmaW5lZCIpIHx8IChkLmRhdGEub3BlcmF0aW9uPT1udWxsKSkgcmV0dXJuICIjY2NjY2NjIjsKKwkJICAgIAkgIAllbHNlIGlmIChvcGVyYXRpb249PSgiYWRkIikpIHJldHVybiAiIzNmYWM1NCI7CisJCSAgICAJICAJZWxzZSBpZiAob3BlcmF0aW9uPT0oImRlbGV0ZSIpKSByZXR1cm4gIiNlNjMyM2QiOworCQkgICAgCQllbHNlIGlmIChvcGVyYXRpb249PSJjaHVybiIpIHJldHVybiAiI0ZGODEwMCI7CisJCSAgICAJcmV0dXJuICIjY2NjY2NjIjsvL2NvbG9yKGQudmFsdWUpOy8vdGhlIHZhbHVlIC0gY2h1cm4gLSBvZiB0aGUgY3VzdG9taXphdGlvbgorCSAgICAJICB9KTsKKworCSAgY2VsbC5hcHBlbmQoImNsaXBQYXRoIikKKwkgICAgICAuYXR0cigiaWQiLCBmdW5jdGlvbihkKSB7IHJldHVybiAiY2xpcC0iICsgZC5pZDsgfSkKKwkgICAgLmFwcGVuZCgidXNlIikKKwkgICAgICAuYXR0cigieGxpbms6aHJlZiIsIGZ1bmN0aW9uKGQpIHsgcmV0dXJuICIjcmVjdC0iICsgZC5pZCArICIiOyB9KTsKKwl9OworCX0KKy8vIFBWOkVORENPTkQKKwl2YXIgZWxlbWVudCA9IGRvY3VtZW50LmdldEVsZW1lbnRCeUlkKCd3YXJuaW5nJyk7CisJaWYgKHdhcm5pbmdUZXh0ICE9ICcnKSB7CisKKy8vIFBWOklGQ09ORChwdjpoYXNGZWF0dXJlKCdHZXJtYW4nKSkKKwkJd2FybmluZ1RleHQgPSAnQWNodHVuZzogJyArIHdhcm5pbmdUZXh0OworLy8gUFY6RU5EQ09ORAorLy8gUFY6SUZDT05EKHB2Omhhc0ZlYXR1cmUoJ0VuZ2xpc2gnKSkKKwkJaWYgKHdhcm5pbmdUZXh0ICE9ICcnKSB3YXJuaW5nVGV4dCA9ICdBdHRlbnRpb246ICcgKyB3YXJuaW5nVGV4dDsKKy8vIFBWOkVORENPTkQKKwkJc2V0RWxlbWVudFRleHQoZWxlbWVudCwgd2FybmluZ1RleHQpOworCQkvL2VsZW1lbnQuc3R5bGUuZGlzcGxheSA9ICdpbmhlcml0JzsKKwl9CisJZWxzZSB7CisJCS8vZWxlbWVudC5zdHlsZS5kaXNwbGF5ID0gJ25vbmUnOworCQlzZXRFbGVtZW50VGV4dChlbGVtZW50LCAnJyk7CisJfQorCisK',176,54,4,'NEW_ASSET_WITH_NEW_VARIATIONPOINT_AND_NEW_FEATURES');
INSERT IGNORE INTO developer_group (id_developer_group) VALUES 
(55);
INSERT IGNORE INTO developer_bridge (id_developer_group,id_developer) VALUES 
(55,1);
INSERT IGNORE INTO developer_bridge (id_developer_group,id_developer) VALUES 
(55,1);
INSERT IGNORE INTO developer_bridge (id_developer_group,id_developer) VALUES 
(55,1);
INSERT IGNORE INTO developer_bridge (id_developer_group,id_developer) VALUES 
(55,1);
INSERT IGNORE INTO developer_bridge (id_developer_group,id_developer) VALUES 
(55,1);
INSERT IGNORE INTO customization_fact (idcustomization, lines_added,lines_deleted,custom_diff,commit_set,message_set,greater_diff,idvariationpoint,id_developer_group, idproductrelease, type) VALUES
(55,5,0,'ZGlmZiAtLWdpdCBhL2lucHV0L2pzL21lYXN1cmVtZW50cy5qcyBiL2lucHV0L2pzL21lYXN1cmVtZW50cy5qcwpuZXcgZmlsZSBtb2RlIDEwMDY0NAppbmRleCAwMDAwMDAwLi5iYzM5M2JhCi0tLSAvZGV2L251bGwKQEAgLTgsMiArMTAzLDUgQEAgRXhwcmVzc2lvbjogIChwdjpoYXNGZWF0dXJlKCdIZWF0JykpQ2hhbmdlIFR5cGU6IE5FV19BU1NFVF9XSVRIX05FV19WQVJJQVRJT05QT0lOVF9BTkRfTkVXX0ZFQVRVUkVTCisvLyBQVjpJRkNPTkQocHY6aGFzRmVhdHVyZSgnSGVhdCcpKS8vQXV0aG9yZWQgYnk6IGxldGltb21lIGluIGNvbW1pdDpiZWNjOTlmNjk4MDgyNzBhODMzZDY1MGY5N2JhZjJmNDJhY2RhZjMyLCB3aXRoIG1lc3NhZ2U6Y2hhbmdlcyBmb3IgUGFyaXMgV1MgCisJaWYgKCFpc05hTih0ZW1wTGltaXQpICYmIHRlbXBNZWFzdXJlID4gdGVtcExpbWl0KSB7Ly9BdXRob3JlZCBieTogbGV0aW1vbWUgaW4gY29tbWl0OmJlY2M5OWY2OTgwODI3MGE4MzNkNjUwZjk3YmFmMmY0MmFjZGFmMzIsIHdpdGggbWVzc2FnZTpjaGFuZ2VzIGZvciBQYXJpcyBXUyAKKwkJd2FybmluZ1RleHQgKz0gdGVtcFdhcm5pbmc7Ly9BdXRob3JlZCBieTogbGV0aW1vbWUgaW4gY29tbWl0OmJlY2M5OWY2OTgwODI3MGE4MzNkNjUwZjk3YmFmMmY0MmFjZGFmMzIsIHdpdGggbWVzc2FnZTpjaGFuZ2VzIGZvciBQYXJpcyBXUyAKKwl9Ly9BdXRob3JlZCBieTogbGV0aW1vbWUgaW4gY29tbWl0OmJlY2M5OWY2OTgwODI3MGE4MzNkNjUwZjk3YmFmMmY0MmFjZGFmMzIsIHdpdGggbWVzc2FnZTpjaGFuZ2VzIGZvciBQYXJpcyBXUyAKKy8vIFBWOkVORENPTkQvL0F1dGhvcmVkIGJ5OiBsZXRpbW9tZSBpbiBjb21taXQ6YmVjYzk5ZjY5ODA4MjcwYTgzM2Q2NTBmOTdiYWYyZjQyYWNkYWYzMiwgd2l0aCBtZXNzYWdlOmNoYW5nZXMgZm9yIFBhcmlzIFdTIAo=','becc99f69808270a833d650f97baf2f42acdaf32; becc99f69808270a833d650f97baf2f42acdaf32; becc99f69808270a833d650f97baf2f42acdaf32; becc99f69808270a833d650f97baf2f42acdaf32; becc99f69808270a833d650f97baf2f42acdaf32; ','changes for Paris WS
; ','ZGlmZiAtLWdpdCBhL2lucHV0L2pzL21lYXN1cmVtZW50cy5qcyBiL2lucHV0L2pzL21lYXN1cmVtZW50cy5qcwpuZXcgZmlsZSBtb2RlIDEwMDY0NAppbmRleCAwMDAwMDAwLi5iYzM5M2JhCi0tLSAvZGV2L251bGwKKysrIGIvaW5wdXQvanMvbWVhc3VyZW1lbnRzLmpzCkBAIC0wLDAgKzEsMTYyIEBACisvLyBQVjpJRkNPTkQocHY6aGFzRmVhdHVyZSgnQWlyUHJlc3N1cmUnKSkKK2Z1bmN0aW9uIGFwcGx5UHJlc3N1cmUoKSB7CisJdmFyIG1lYXN1cmVUZXh0ID0gZG9jdW1lbnQuZ2V0RWxlbWVudEJ5SWQoInBfbWVhc3VyZSIpOworCXZhciBwb2ludGVyID0gZG9jdW1lbnQuZ2V0RWxlbWVudEJ5SWQoInBfcG9pbnQiKTsKKwlhcHBseVRhY2hvVmFsdWUobWluUHJlcywgbWF4UHJlcywgbWVhc3VyZVRleHQsIHBvaW50ZXIpOworCWZ1bmN0aW9uIGdldE1ldGFDb250ZW50QnlOYW1lKG5hbWUsY29udGVudCl7CisJCSAgIHZhciBjb250ZW50ID0gKGNvbnRlbnQ9PW51bGwpPydjb250ZW50Jzpjb250ZW50OworCQkgICByZXR1cm4gZG9jdW1lbnQucXVlcnlTZWxlY3RvcigibWV0YVtuYW1lPSciK25hbWUrIiddIikuZ2V0QXR0cmlidXRlKGNvbnRlbnQpOworCQl9CisJCQorCQkkKGRvY3VtZW50KS5yZWFkeShmdW5jdGlvbigpeworCQkJLy9jb25zb2xlLmxvZyhkaWZmU3RyaW5nKTsgLy9kaWZmU3RyaW5nIHNob3VsZCBiZSB0aGUgdmFsdWUgb2YgZGlmZnZpZXcgdmFsdWUKKwkJCS8vZ2V0IHNlbGVjdCgiI2RpZmZ2YWx1ZSIpLiBtZXRhZGF0YQorCQkJdmFyIGRpZmZ2YWx1ZSA9IGdldE1ldGFDb250ZW50QnlOYW1lKCJkaWZmdmFsdWUiKTsKKwkJCWlmIChkaWZmdmFsdWU9PW51bGwpIHJldHVybiBudWxsOworCQl9KTsKKwlyZXR1cm4gZmFsc2U7Cit9CisvLyBQVjpFTkRDT05ECisKKy8vIFBWOklGQ09ORChwdjpoYXNGZWF0dXJlKCdXaW5kU3BlZWQnKSkKK3ZhciB3aW5kTWVhc3VyZSA9IDA7CitmdW5jdGlvbiBhcHBseVdpbmRTcGVlZCgpIHsKKwl2YXIgbWVhc3VyZVRleHQgPSBkb2N1bWVudC5nZXRFbGVtZW50QnlJZCgid19tZWFzdXJlIik7CisJd2luZE1lYXN1cmUgPSBtZWFzdXJlVGV4dC52YWx1ZTsKKwl2YXIgcG9pbnRlciA9IGRvY3VtZW50LmdldEVsZW1lbnRCeUlkKCJ3X3BvaW50Iik7CisJCisJYXBwbHlUYWNob1ZhbHVlKG1pbldpbmQsIG1heFdpbmQsIG1lYXN1cmVUZXh0LCBwb2ludGVyKTsKKwlzZXRXYXJuaW5ncygpOworCXJldHVybiBmYWxzZTsKK30KKy8vIFBWOkVORENPTkQKKworLy8gUFY6SUZDT05EKHB2Omhhc0ZlYXR1cmUoJ1dpbmRTcGVlZCcpIG9yIHB2Omhhc0ZlYXR1cmUoJ0FpclByZXNzdXJlJykpCitmdW5jdGlvbiBhcHBseVRhY2hvVmFsdWUobWluLCBtYXgsIG1lYXN1cmVUZXh0LCBwb2ludGVyKSB7CisJdmFyIGRpdmlzb3IgPSBNYXRoLnJvdW5kKChtYXggLSBtaW4pLzEzKTsKKwl2YXIgYyA9IE1hdGgucm91bmQoZGl2aXNvci8yKTsKKwkKKwlpZiAobWVhc3VyZVRleHQgJiYgcG9pbnRlcikgeworCQl2YXIgbWVhc3VyZSA9IG1lYXN1cmVUZXh0LnZhbHVlOworCQl2YXIgaW50VmFsdWUgPSBjaGVja01lYXN1cmUobWluLCBtYXgsIG1lYXN1cmUpOworCQlpZiAoaXNOYU4oaW50VmFsdWUpKSByZXR1cm4gZmFsc2U7CisJCWZ1bmN0aW9uIGdldE1ldGFDb250ZW50QnlOYW1lKG5hbWUsY29udGVudCl7CisJCQkgICB2YXIgY29udGVudCA9IChjb250ZW50PT1udWxsKT8nY29udGVudCc6Y29udGVudDsKKwkJCSAgIHJldHVybiBkb2N1bWVudC5xdWVyeVNlbGVjdG9yKCJtZXRhW25hbWU9JyIrbmFtZSsiJ10iKS5nZXRBdHRyaWJ1dGUoY29udGVudCk7CisJCQl9CisJCQkKKwkJCSQoZG9jdW1lbnQpLnJlYWR5KGZ1bmN0aW9uKCl7CisJCQkJLy9jb25zb2xlLmxvZyhkaWZmU3RyaW5nKTsgLy9kaWZmU3RyaW5nIHNob3VsZCBiZSB0aGUgdmFsdWUgb2YgZGlmZnZpZXcgdmFsdWUKKwkJCQkvL2dldCBzZWxlY3QoIiNkaWZmdmFsdWUiKS4gbWV0YWRhdGEKKwkJCQl2YXIgZGlmZnZhbHVlID0gZ2V0TWV0YUNvbnRlbnRCeU5hbWUoImRpZmZ2YWx1ZSIpOworCQkJCWlmIChkaWZmdmFsdWU9PW51bGwpIHJldHVybiBudWxsOworCQkJfSk7CisJCXJldHVybiBmYWxzZTsKKwkJaW50VmFsdWUgLT0gbWluOworCQlpZiAoaW50VmFsdWUgJSBkaXZpc29yIDwgYykgaW50VmFsdWUgLT0gaW50VmFsdWUgJSBkaXZpc29yOworCQllbHNlIGludFZhbHVlICs9IGRpdmlzb3IgLSBpbnRWYWx1ZSAlIGRpdmlzb3I7CisKKwkJaW50VmFsdWUgLz0gZGl2aXNvcjsKKwkJcG9pbnRlci5zdHlsZS5iYWNrZ3JvdW5kID0gInVybCgnaW1hZ2VzL25fIiArIGludFZhbHVlICsgIi5wbmcnKSI7CisJfQorCXJldHVybiBmYWxzZTsKK30KKy8vIFBWOkVORENPTkQKKworLy8gUFY6SUZDT05EKHB2Omhhc0ZlYXR1cmUoJ1RlbXBlcmF0dXJlJykpCit2YXIgdGVtcE1lYXN1cmUgPSAwOworZnVuY3Rpb24gYXBwbHlUZW1wZXJhdHVyZSgpIHsKKwl2YXIgbWluID0gbWluVGVtcDsKKwl2YXIgbWF4ID0gbWF4VGVtcDsKKworCXZhciBweFJhbmdlID0gMTcwOworCisJdmFyIG1lYXN1cmVUZXh0ID0gZG9jdW1lbnQuZ2V0RWxlbWVudEJ5SWQoInRfbWVhc3VyZSIpOworCXZhciBwb2ludGVyID0gZG9jdW1lbnQuZ2V0RWxlbWVudEJ5SWQoInRfcG9pbnQiKTsKKworCWlmIChtZWFzdXJlVGV4dCAmJiBwb2ludGVyKSB7CisJCXRlbXBNZWFzdXJlID0gbWVhc3VyZVRleHQudmFsdWU7CisJCXZhciBpbnRWYWx1ZSA9IGNoZWNrTWVhc3VyZShtaW4sIG1heCwgdGVtcE1lYXN1cmUpOworCQlpZiAoaXNOYU4oaW50VmFsdWUpKSByZXR1cm4gZmFsc2U7CisJCWludFZhbHVlID0gKGludFZhbHVlIC0gbWluKSoocHhSYW5nZSAvIChtYXggLSBtaW4pKTsKKwkJCisJCXBvaW50ZXIuc3R5bGUuaGVpZ2h0ID0gKDE3NyAtIGludFZhbHVlKSArICJweCI7CisJfQorCXNldFdhcm5pbmdzKCk7CisJcmV0dXJuIGZhbHNlOworfQorLy8gUFY6RU5EQ09ORAorCitmdW5jdGlvbiBjaGVja01lYXN1cmUobWluLCBtYXgsIG1lYXN1cmUpIHsKKwlpZiAobWVhc3VyZSA9PSAiIiB8fCBtZWFzdXJlID09IG51bGwpIHJldHVybiBOYU47CisJaWYgKGlzTmFOKHBhcnNlSW50KG1lYXN1cmUpKSB8fAorCQlwYXJzZUludChtZWFzdXJlKSA8IG1pbiB8fAorCQlwYXJzZUludChtZWFzdXJlKSA+IG1heCkgeworCQlhbGVydCgiQml0dGUgZWluZSBaYWhsIHp3aXNjaGVuICIgKyBtaW4gKyAiIHVuZCAiICsgbWF4ICsgIiBlaW5nZWJlbiEiKTsKKwkJcmV0dXJuIE5hTjsKKwl9CisJcmV0dXJuIHBhcnNlSW50KG1lYXN1cmUpOworfQorCitmdW5jdGlvbiBzZXRXYXJuaW5ncygpIHsKKwl3YXJuaW5nVGV4dCA9ICcnOworLy8gUFY6SUZDT05EKHB2Omhhc0ZlYXR1cmUoJ0hlYXQnKSkKKwlpZiAoIWlzTmFOKHRlbXBMaW1pdCkgJiYgdGVtcE1lYXN1cmUgPiB0ZW1wTGltaXQpIHsKKwkJd2FybmluZ1RleHQgKz0gdGVtcFdhcm5pbmc7CisJfQorLy8gUFY6RU5EQ09ORAorLy8gUFY6SUZDT05EKHB2Omhhc0ZlYXR1cmUoJ0dhbGUnKSkKKwlpZiAoIWlzTmFOKHdpbmRMaW1pdCkgJiYgd2luZE1lYXN1cmUgPiB3aW5kTGltaXQpIHsKKwkJd2FybmluZ1RleHQgKz0gKHdhcm5pbmdUZXh0ID09ICcnKSA/ICcnIDogJywgJzsKKwkJd2FybmluZ1RleHQgKz0gd2luZFdhcm5pbmc7CisJCXZhciBnYWxldmFsdWUgPSBnZXRNZXRhQ29udGVudEJ5TmFtZSgiZ2FsZSIpOworCQkKKwkJaWYgKGdhbGU9PW51bGwpIHJldHVybjsJCisJCXZhciBkaWZmMmh0bWxVaSA9IG5ldyBEaWZmMkh0bWxVSSh7ZGlmZjogZGlmZnZhbHVlfSk7CisJCWNvbnNvbGUubG9nKGRpZmYyaHRtbFVpKTsKKwkJZGlmZjJodG1sVWkuZHJhdygnI2dhbGVWaWV3Jywge2lucHV0Rm9ybWF0OiAnanNvbicsIHNob3dGaWxlczogdHJ1ZSwgbWF0Y2hpbmc6ICdsaW5lcyd9KTsKKwkgICAgZGlmZjJodG1sVWkuaGlnaGxpZ2h0Q29kZSgnI2dhbGVWaWV3Jyk7CisJICAgIGNlbGwuYXBwZW5kKCJyZWN0IikKKwkgICAgICAuYXR0cigiaWQiLCBmdW5jdGlvbihkKSB7IHJldHVybiAicmVjdC0iICsgZC5pZDsgfSkKKwkgICAgICAuYXR0cigiaWRfY29yZV9hc3NldCIsIGZ1bmN0aW9uKGQpIHsgY29uc29sZS5sb2cgKGQpOyByZXR1cm4gZC5kYXRhLmlkX2NvcmVfYXNzZXQ7fSkKKwkgICAgICAuYXR0cigiZm5hbWUiLCBmdW5jdGlvbihkKSB7IGNvbnNvbGUubG9nIChkKTsgcmV0dXJuIGQuZGF0YS5mbmFtZTt9KQorCSAgICAgIC5hdHRyKCJwciIsIGZ1bmN0aW9uKGQpIHsgY29uc29sZS5sb2cgKGQpOyByZXR1cm4gZC5kYXRhLnByb2R1Y3RfcmVsZWFzZTt9KQorCSAgICAgIC5hdHRyKCJ3aWR0aCIsIGZ1bmN0aW9uKGQpIHsgcmV0dXJuIGQueDEgLSBkLngwOyB9KQorCSAgICAgIC5hdHRyKCJoZWlnaHQiLCBmdW5jdGlvbihkKSB7IHJldHVybiBkLnkxIC0gZC55MDsgfSkKKwkgICAgIC5zdHlsZSgic3Ryb2tlIiwiYmxhY2siKQorCSAgICAgIC5hdHRyKCJvcGVyYXRpb24iLGZ1bmN0aW9uKGQpIHsgY29uc29sZS5sb2cgKGQpOyByZXR1cm4gZC5kYXRhLm9wZXJhdGlvbjt9KQorCSAgICAgLnN0eWxlKCJmaWxsIiwgZnVuY3Rpb24oZCkgeyAKKwkJICAgIAkgIGNvbnNvbGUubG9nKCJpbiBjb2xvciIpOwkJCisJCSAgICAJICB2YXIgb3BlcmF0aW9uID0gZC5kYXRhLm9wZXJhdGlvbjsKKwkJICAgIAkJaWYgKCAob3BlcmF0aW9uID09InVuZGVmaW5lZCIpIHx8IChkLmRhdGEub3BlcmF0aW9uPT1udWxsKSkgcmV0dXJuICIjY2NjY2NjIjsKKwkJICAgIAkgIAllbHNlIGlmIChvcGVyYXRpb249PSgiYWRkIikpIHJldHVybiAiIzNmYWM1NCI7CisJCSAgICAJICAJZWxzZSBpZiAob3BlcmF0aW9uPT0oImRlbGV0ZSIpKSByZXR1cm4gIiNlNjMyM2QiOworCQkgICAgCQllbHNlIGlmIChvcGVyYXRpb249PSJjaHVybiIpIHJldHVybiAiI0ZGODEwMCI7CisJCSAgICAJcmV0dXJuICIjY2NjY2NjIjsvL2NvbG9yKGQudmFsdWUpOy8vdGhlIHZhbHVlIC0gY2h1cm4gLSBvZiB0aGUgY3VzdG9taXphdGlvbgorCSAgICAJICB9KTsKKworCSAgY2VsbC5hcHBlbmQoImNsaXBQYXRoIikKKwkgICAgICAuYXR0cigiaWQiLCBmdW5jdGlvbihkKSB7IHJldHVybiAiY2xpcC0iICsgZC5pZDsgfSkKKwkgICAgLmFwcGVuZCgidXNlIikKKwkgICAgICAuYXR0cigieGxpbms6aHJlZiIsIGZ1bmN0aW9uKGQpIHsgcmV0dXJuICIjcmVjdC0iICsgZC5pZCArICIiOyB9KTsKKwl9OworCX0KKy8vIFBWOkVORENPTkQKKwl2YXIgZWxlbWVudCA9IGRvY3VtZW50LmdldEVsZW1lbnRCeUlkKCd3YXJuaW5nJyk7CisJaWYgKHdhcm5pbmdUZXh0ICE9ICcnKSB7CisKKy8vIFBWOklGQ09ORChwdjpoYXNGZWF0dXJlKCdHZXJtYW4nKSkKKwkJd2FybmluZ1RleHQgPSAnQWNodHVuZzogJyArIHdhcm5pbmdUZXh0OworLy8gUFY6RU5EQ09ORAorLy8gUFY6SUZDT05EKHB2Omhhc0ZlYXR1cmUoJ0VuZ2xpc2gnKSkKKwkJaWYgKHdhcm5pbmdUZXh0ICE9ICcnKSB3YXJuaW5nVGV4dCA9ICdBdHRlbnRpb246ICcgKyB3YXJuaW5nVGV4dDsKKy8vIFBWOkVORENPTkQKKwkJc2V0RWxlbWVudFRleHQoZWxlbWVudCwgd2FybmluZ1RleHQpOworCQkvL2VsZW1lbnQuc3R5bGUuZGlzcGxheSA9ICdpbmhlcml0JzsKKwl9CisJZWxzZSB7CisJCS8vZWxlbWVudC5zdHlsZS5kaXNwbGF5ID0gJ25vbmUnOworCQlzZXRFbGVtZW50VGV4dChlbGVtZW50LCAnJyk7CisJfQorCisK',177,55,4,'NEW_ASSET_WITH_NEW_VARIATIONPOINT_AND_NEW_FEATURES');
INSERT IGNORE INTO developer_group (id_developer_group) VALUES 
(56);
INSERT IGNORE INTO developer_bridge (id_developer_group,id_developer) VALUES 
(56,1);
INSERT IGNORE INTO developer_bridge (id_developer_group,id_developer) VALUES 
(56,1);
INSERT IGNORE INTO developer_bridge (id_developer_group,id_developer) VALUES 
(56,1);
INSERT IGNORE INTO developer_bridge (id_developer_group,id_developer) VALUES 
(56,1);
INSERT IGNORE INTO developer_bridge (id_developer_group,id_developer) VALUES 
(56,1);
INSERT IGNORE INTO developer_bridge (id_developer_group,id_developer) VALUES 
(56,1);
INSERT IGNORE INTO developer_bridge (id_developer_group,id_developer) VALUES 
(56,1);
INSERT IGNORE INTO developer_bridge (id_developer_group,id_developer) VALUES 
(56,1);
INSERT IGNORE INTO developer_bridge (id_developer_group,id_developer) VALUES 
(56,1);
INSERT IGNORE INTO developer_bridge (id_developer_group,id_developer) VALUES 
(56,1);
INSERT IGNORE INTO developer_bridge (id_developer_group,id_developer) VALUES 
(56,1);
INSERT IGNORE INTO developer_bridge (id_developer_group,id_developer) VALUES 
(56,1);
INSERT IGNORE INTO developer_bridge (id_developer_group,id_developer) VALUES 
(56,1);
INSERT IGNORE INTO developer_bridge (id_developer_group,id_developer) VALUES 
(56,1);
INSERT IGNORE INTO developer_bridge (id_developer_group,id_developer) VALUES 
(56,1);
INSERT IGNORE INTO developer_bridge (id_developer_group,id_developer) VALUES 
(56,1);
INSERT IGNORE INTO developer_bridge (id_developer_group,id_developer) VALUES 
(56,1);
INSERT IGNORE INTO developer_bridge (id_developer_group,id_developer) VALUES 
(56,1);
INSERT IGNORE INTO developer_bridge (id_developer_group,id_developer) VALUES 
(56,1);
INSERT IGNORE INTO developer_bridge (id_developer_group,id_developer) VALUES 
(56,1);
INSERT IGNORE INTO developer_bridge (id_developer_group,id_developer) VALUES 
(56,1);
INSERT IGNORE INTO developer_bridge (id_developer_group,id_developer) VALUES 
(56,1);
INSERT IGNORE INTO developer_bridge (id_developer_group,id_developer) VALUES 
(56,1);
INSERT IGNORE INTO developer_bridge (id_developer_group,id_developer) VALUES 
(56,1);
INSERT IGNORE INTO developer_bridge (id_developer_group,id_developer) VALUES 
(56,1);
INSERT IGNORE INTO developer_bridge (id_developer_group,id_developer) VALUES 
(56,1);
INSERT IGNORE INTO developer_bridge (id_developer_group,id_developer) VALUES 
(56,1);
INSERT IGNORE INTO developer_bridge (id_developer_group,id_developer) VALUES 
(56,1);
INSERT IGNORE INTO developer_bridge (id_developer_group,id_developer) VALUES 
(56,1);
INSERT IGNORE INTO developer_bridge (id_developer_group,id_developer) VALUES 
(56,1);
INSERT IGNORE INTO developer_bridge (id_developer_group,id_developer) VALUES 
(56,1);
INSERT IGNORE INTO developer_bridge (id_developer_group,id_developer) VALUES 
(56,1);
INSERT IGNORE INTO developer_bridge (id_developer_group,id_developer) VALUES 
(56,1);
INSERT IGNORE INTO developer_bridge (id_developer_group,id_developer) VALUES 
(56,1);
INSERT IGNORE INTO developer_bridge (id_developer_group,id_developer) VALUES 
(56,1);
INSERT IGNORE INTO developer_bridge (id_developer_group,id_developer) VALUES 
(56,1);
INSERT IGNORE INTO developer_bridge (id_developer_group,id_developer) VALUES 
(56,1);
INSERT IGNORE INTO developer_bridge (id_developer_group,id_developer) VALUES 
(56,1);
INSERT IGNORE INTO developer_bridge (id_developer_group,id_developer) VALUES 
(56,1);
INSERT IGNORE INTO developer_bridge (id_developer_group,id_developer) VALUES 
(56,1);
INSERT IGNORE INTO customization_fact (idcustomization, lines_added,lines_deleted,custom_diff,commit_set,message_set,greater_diff,idvariationpoint,id_developer_group, idproductrelease, type) VALUES
(56,40,0,'ZGlmZiAtLWdpdCBhL2lucHV0L2pzL21lYXN1cmVtZW50cy5qcyBiL2lucHV0L2pzL21lYXN1cmVtZW50cy5qcwpuZXcgZmlsZSBtb2RlIDEwMDY0NAppbmRleCAwMDAwMDAwLi5iYzM5M2JhCi0tLSAvZGV2L251bGwKQEAgLTEwLDIgKzEwOCw0MCBAQCBFeHByZXNzaW9uOiAgKHB2Omhhc0ZlYXR1cmUoJ0dhbGUnKSlDaGFuZ2UgVHlwZTogTkVXX0FTU0VUX1dJVEhfTkVXX1ZBUklBVElPTlBPSU5UX0FORF9ORVdfRkVBVFVSRVMKKy8vIFBWOklGQ09ORChwdjpoYXNGZWF0dXJlKCdHYWxlJykpLy9BdXRob3JlZCBieTogbGV0aW1vbWUgaW4gY29tbWl0OmJlY2M5OWY2OTgwODI3MGE4MzNkNjUwZjk3YmFmMmY0MmFjZGFmMzIsIHdpdGggbWVzc2FnZTpjaGFuZ2VzIGZvciBQYXJpcyBXUyAKKwlpZiAoIWlzTmFOKHdpbmRMaW1pdCkgJiYgd2luZE1lYXN1cmUgPiB3aW5kTGltaXQpIHsvL0F1dGhvcmVkIGJ5OiBsZXRpbW9tZSBpbiBjb21taXQ6YmVjYzk5ZjY5ODA4MjcwYTgzM2Q2NTBmOTdiYWYyZjQyYWNkYWYzMiwgd2l0aCBtZXNzYWdlOmNoYW5nZXMgZm9yIFBhcmlzIFdTIAorCQl3YXJuaW5nVGV4dCArPSAod2FybmluZ1RleHQgPT0gJycpID8gJycgOiAnLCAnOy8vQXV0aG9yZWQgYnk6IGxldGltb21lIGluIGNvbW1pdDpiZWNjOTlmNjk4MDgyNzBhODMzZDY1MGY5N2JhZjJmNDJhY2RhZjMyLCB3aXRoIG1lc3NhZ2U6Y2hhbmdlcyBmb3IgUGFyaXMgV1MgCisJCXdhcm5pbmdUZXh0ICs9IHdpbmRXYXJuaW5nOy8vQXV0aG9yZWQgYnk6IGxldGltb21lIGluIGNvbW1pdDpiZWNjOTlmNjk4MDgyNzBhODMzZDY1MGY5N2JhZjJmNDJhY2RhZjMyLCB3aXRoIG1lc3NhZ2U6Y2hhbmdlcyBmb3IgUGFyaXMgV1MgCisJCXZhciBnYWxldmFsdWUgPSBnZXRNZXRhQ29udGVudEJ5TmFtZSgiZ2FsZSIpOy8vQXV0aG9yZWQgYnk6IGxldGltb21lIGluIGNvbW1pdDpiZWNjOTlmNjk4MDgyNzBhODMzZDY1MGY5N2JhZjJmNDJhY2RhZjMyLCB3aXRoIG1lc3NhZ2U6Y2hhbmdlcyBmb3IgUGFyaXMgV1MgCisJCS8vQXV0aG9yZWQgYnk6IGxldGltb21lIGluIGNvbW1pdDpiZWNjOTlmNjk4MDgyNzBhODMzZDY1MGY5N2JhZjJmNDJhY2RhZjMyLCB3aXRoIG1lc3NhZ2U6Y2hhbmdlcyBmb3IgUGFyaXMgV1MgCisJCWlmIChnYWxlPT1udWxsKSByZXR1cm47CS8vQXV0aG9yZWQgYnk6IGxldGltb21lIGluIGNvbW1pdDpiZWNjOTlmNjk4MDgyNzBhODMzZDY1MGY5N2JhZjJmNDJhY2RhZjMyLCB3aXRoIG1lc3NhZ2U6Y2hhbmdlcyBmb3IgUGFyaXMgV1MgCisJCXZhciBkaWZmMmh0bWxVaSA9IG5ldyBEaWZmMkh0bWxVSSh7ZGlmZjogZGlmZnZhbHVlfSk7Ly9BdXRob3JlZCBieTogbGV0aW1vbWUgaW4gY29tbWl0OmJlY2M5OWY2OTgwODI3MGE4MzNkNjUwZjk3YmFmMmY0MmFjZGFmMzIsIHdpdGggbWVzc2FnZTpjaGFuZ2VzIGZvciBQYXJpcyBXUyAKKwkJY29uc29sZS5sb2coZGlmZjJodG1sVWkpOy8vQXV0aG9yZWQgYnk6IGxldGltb21lIGluIGNvbW1pdDpiZWNjOTlmNjk4MDgyNzBhODMzZDY1MGY5N2JhZjJmNDJhY2RhZjMyLCB3aXRoIG1lc3NhZ2U6Y2hhbmdlcyBmb3IgUGFyaXMgV1MgCisJCWRpZmYyaHRtbFVpLmRyYXcoJyNnYWxlVmlldycsIHtpbnB1dEZvcm1hdDogJ2pzb24nLCBzaG93RmlsZXM6IHRydWUsIG1hdGNoaW5nOiAnbGluZXMnfSk7Ly9BdXRob3JlZCBieTogbGV0aW1vbWUgaW4gY29tbWl0OmJlY2M5OWY2OTgwODI3MGE4MzNkNjUwZjk3YmFmMmY0MmFjZGFmMzIsIHdpdGggbWVzc2FnZTpjaGFuZ2VzIGZvciBQYXJpcyBXUyAKKwkgICAgZGlmZjJodG1sVWkuaGlnaGxpZ2h0Q29kZSgnI2dhbGVWaWV3Jyk7Ly9BdXRob3JlZCBieTogbGV0aW1vbWUgaW4gY29tbWl0OmJlY2M5OWY2OTgwODI3MGE4MzNkNjUwZjk3YmFmMmY0MmFjZGFmMzIsIHdpdGggbWVzc2FnZTpjaGFuZ2VzIGZvciBQYXJpcyBXUyAKKwkgICAgY2VsbC5hcHBlbmQoInJlY3QiKS8vQXV0aG9yZWQgYnk6IGxldGltb21lIGluIGNvbW1pdDpiZWNjOTlmNjk4MDgyNzBhODMzZDY1MGY5N2JhZjJmNDJhY2RhZjMyLCB3aXRoIG1lc3NhZ2U6Y2hhbmdlcyBmb3IgUGFyaXMgV1MgCisJICAgICAgLmF0dHIoImlkIiwgZnVuY3Rpb24oZCkgeyByZXR1cm4gInJlY3QtIiArIGQuaWQ7IH0pLy9BdXRob3JlZCBieTogbGV0aW1vbWUgaW4gY29tbWl0OmJlY2M5OWY2OTgwODI3MGE4MzNkNjUwZjk3YmFmMmY0MmFjZGFmMzIsIHdpdGggbWVzc2FnZTpjaGFuZ2VzIGZvciBQYXJpcyBXUyAKKwkgICAgICAuYXR0cigiaWRfY29yZV9hc3NldCIsIGZ1bmN0aW9uKGQpIHsgY29uc29sZS5sb2cgKGQpOyByZXR1cm4gZC5kYXRhLmlkX2NvcmVfYXNzZXQ7fSkvL0F1dGhvcmVkIGJ5OiBsZXRpbW9tZSBpbiBjb21taXQ6YmVjYzk5ZjY5ODA4MjcwYTgzM2Q2NTBmOTdiYWYyZjQyYWNkYWYzMiwgd2l0aCBtZXNzYWdlOmNoYW5nZXMgZm9yIFBhcmlzIFdTIAorCSAgICAgIC5hdHRyKCJmbmFtZSIsIGZ1bmN0aW9uKGQpIHsgY29uc29sZS5sb2cgKGQpOyByZXR1cm4gZC5kYXRhLmZuYW1lO30pLy9BdXRob3JlZCBieTogbGV0aW1vbWUgaW4gY29tbWl0OmJlY2M5OWY2OTgwODI3MGE4MzNkNjUwZjk3YmFmMmY0MmFjZGFmMzIsIHdpdGggbWVzc2FnZTpjaGFuZ2VzIGZvciBQYXJpcyBXUyAKKwkgICAgICAuYXR0cigicHIiLCBmdW5jdGlvbihkKSB7IGNvbnNvbGUubG9nIChkKTsgcmV0dXJuIGQuZGF0YS5wcm9kdWN0X3JlbGVhc2U7fSkvL0F1dGhvcmVkIGJ5OiBsZXRpbW9tZSBpbiBjb21taXQ6YmVjYzk5ZjY5ODA4MjcwYTgzM2Q2NTBmOTdiYWYyZjQyYWNkYWYzMiwgd2l0aCBtZXNzYWdlOmNoYW5nZXMgZm9yIFBhcmlzIFdTIAorCSAgICAgIC5hdHRyKCJ3aWR0aCIsIGZ1bmN0aW9uKGQpIHsgcmV0dXJuIGQueDEgLSBkLngwOyB9KS8vQXV0aG9yZWQgYnk6IGxldGltb21lIGluIGNvbW1pdDpiZWNjOTlmNjk4MDgyNzBhODMzZDY1MGY5N2JhZjJmNDJhY2RhZjMyLCB3aXRoIG1lc3NhZ2U6Y2hhbmdlcyBmb3IgUGFyaXMgV1MgCisJICAgICAgLmF0dHIoImhlaWdodCIsIGZ1bmN0aW9uKGQpIHsgcmV0dXJuIGQueTEgLSBkLnkwOyB9KS8vQXV0aG9yZWQgYnk6IGxldGltb21lIGluIGNvbW1pdDpiZWNjOTlmNjk4MDgyNzBhODMzZDY1MGY5N2JhZjJmNDJhY2RhZjMyLCB3aXRoIG1lc3NhZ2U6Y2hhbmdlcyBmb3IgUGFyaXMgV1MgCisJICAgICAuc3R5bGUoInN0cm9rZSIsImJsYWNrIikvL0F1dGhvcmVkIGJ5OiBsZXRpbW9tZSBpbiBjb21taXQ6YmVjYzk5ZjY5ODA4MjcwYTgzM2Q2NTBmOTdiYWYyZjQyYWNkYWYzMiwgd2l0aCBtZXNzYWdlOmNoYW5nZXMgZm9yIFBhcmlzIFdTIAorCSAgICAgIC5hdHRyKCJvcGVyYXRpb24iLGZ1bmN0aW9uKGQpIHsgY29uc29sZS5sb2cgKGQpOyByZXR1cm4gZC5kYXRhLm9wZXJhdGlvbjt9KS8vQXV0aG9yZWQgYnk6IGxldGltb21lIGluIGNvbW1pdDpiZWNjOTlmNjk4MDgyNzBhODMzZDY1MGY5N2JhZjJmNDJhY2RhZjMyLCB3aXRoIG1lc3NhZ2U6Y2hhbmdlcyBmb3IgUGFyaXMgV1MgCisJICAgICAuc3R5bGUoImZpbGwiLCBmdW5jdGlvbihkKSB7IC8vQXV0aG9yZWQgYnk6IGxldGltb21lIGluIGNvbW1pdDpiZWNjOTlmNjk4MDgyNzBhODMzZDY1MGY5N2JhZjJmNDJhY2RhZjMyLCB3aXRoIG1lc3NhZ2U6Y2hhbmdlcyBmb3IgUGFyaXMgV1MgCisJCSAgICAJICBjb25zb2xlLmxvZygiaW4gY29sb3IiKTsJCS8vQXV0aG9yZWQgYnk6IGxldGltb21lIGluIGNvbW1pdDpiZWNjOTlmNjk4MDgyNzBhODMzZDY1MGY5N2JhZjJmNDJhY2RhZjMyLCB3aXRoIG1lc3NhZ2U6Y2hhbmdlcyBmb3IgUGFyaXMgV1MgCisJCSAgICAJICB2YXIgb3BlcmF0aW9uID0gZC5kYXRhLm9wZXJhdGlvbjsvL0F1dGhvcmVkIGJ5OiBsZXRpbW9tZSBpbiBjb21taXQ6YmVjYzk5ZjY5ODA4MjcwYTgzM2Q2NTBmOTdiYWYyZjQyYWNkYWYzMiwgd2l0aCBtZXNzYWdlOmNoYW5nZXMgZm9yIFBhcmlzIFdTIAorCQkgICAgCQlpZiAoIChvcGVyYXRpb24gPT0idW5kZWZpbmVkIikgfHwgKGQuZGF0YS5vcGVyYXRpb249PW51bGwpKSByZXR1cm4gIiNjY2NjY2MiOy8vQXV0aG9yZWQgYnk6IGxldGltb21lIGluIGNvbW1pdDpiZWNjOTlmNjk4MDgyNzBhODMzZDY1MGY5N2JhZjJmNDJhY2RhZjMyLCB3aXRoIG1lc3NhZ2U6Y2hhbmdlcyBmb3IgUGFyaXMgV1MgCisJCSAgICAJICAJZWxzZSBpZiAob3BlcmF0aW9uPT0oImFkZCIpKSByZXR1cm4gIiMzZmFjNTQiOy8vQXV0aG9yZWQgYnk6IGxldGltb21lIGluIGNvbW1pdDpiZWNjOTlmNjk4MDgyNzBhODMzZDY1MGY5N2JhZjJmNDJhY2RhZjMyLCB3aXRoIG1lc3NhZ2U6Y2hhbmdlcyBmb3IgUGFyaXMgV1MgCisJCSAgICAJICAJZWxzZSBpZiAob3BlcmF0aW9uPT0oImRlbGV0ZSIpKSByZXR1cm4gIiNlNjMyM2QiOy8vQXV0aG9yZWQgYnk6IGxldGltb21lIGluIGNvbW1pdDpiZWNjOTlmNjk4MDgyNzBhODMzZDY1MGY5N2JhZjJmNDJhY2RhZjMyLCB3aXRoIG1lc3NhZ2U6Y2hhbmdlcyBmb3IgUGFyaXMgV1MgCisJCSAgICAJCWVsc2UgaWYgKG9wZXJhdGlvbj09ImNodXJuIikgcmV0dXJuICIjRkY4MTAwIjsvL0F1dGhvcmVkIGJ5OiBsZXRpbW9tZSBpbiBjb21taXQ6YmVjYzk5ZjY5ODA4MjcwYTgzM2Q2NTBmOTdiYWYyZjQyYWNkYWYzMiwgd2l0aCBtZXNzYWdlOmNoYW5nZXMgZm9yIFBhcmlzIFdTIAorCQkgICAgCXJldHVybiAiI2NjY2NjYyI7Ly9jb2xvcihkLnZhbHVlKTsvL3RoZSB2YWx1ZSAtIGNodXJuIC0gb2YgdGhlIGN1c3RvbWl6YXRpb24vL0F1dGhvcmVkIGJ5OiBsZXRpbW9tZSBpbiBjb21taXQ6YmVjYzk5ZjY5ODA4MjcwYTgzM2Q2NTBmOTdiYWYyZjQyYWNkYWYzMiwgd2l0aCBtZXNzYWdlOmNoYW5nZXMgZm9yIFBhcmlzIFdTIAorCSAgICAJICB9KTsvL0F1dGhvcmVkIGJ5OiBsZXRpbW9tZSBpbiBjb21taXQ6YmVjYzk5ZjY5ODA4MjcwYTgzM2Q2NTBmOTdiYWYyZjQyYWNkYWYzMiwgd2l0aCBtZXNzYWdlOmNoYW5nZXMgZm9yIFBhcmlzIFdTIAorLy9BdXRob3JlZCBieTogbGV0aW1vbWUgaW4gY29tbWl0OmJlY2M5OWY2OTgwODI3MGE4MzNkNjUwZjk3YmFmMmY0MmFjZGFmMzIsIHdpdGggbWVzc2FnZTpjaGFuZ2VzIGZvciBQYXJpcyBXUyAKKwkgIGNlbGwuYXBwZW5kKCJjbGlwUGF0aCIpLy9BdXRob3JlZCBieTogbGV0aW1vbWUgaW4gY29tbWl0OmJlY2M5OWY2OTgwODI3MGE4MzNkNjUwZjk3YmFmMmY0MmFjZGFmMzIsIHdpdGggbWVzc2FnZTpjaGFuZ2VzIGZvciBQYXJpcyBXUyAKKwkgICAgICAuYXR0cigiaWQiLCBmdW5jdGlvbihkKSB7IHJldHVybiAiY2xpcC0iICsgZC5pZDsgfSkvL0F1dGhvcmVkIGJ5OiBsZXRpbW9tZSBpbiBjb21taXQ6YmVjYzk5ZjY5ODA4MjcwYTgzM2Q2NTBmOTdiYWYyZjQyYWNkYWYzMiwgd2l0aCBtZXNzYWdlOmNoYW5nZXMgZm9yIFBhcmlzIFdTIAorCSAgICAuYXBwZW5kKCJ1c2UiKS8vQXV0aG9yZWQgYnk6IGxldGltb21lIGluIGNvbW1pdDpiZWNjOTlmNjk4MDgyNzBhODMzZDY1MGY5N2JhZjJmNDJhY2RhZjMyLCB3aXRoIG1lc3NhZ2U6Y2hhbmdlcyBmb3IgUGFyaXMgV1MgCisJICAgICAgLmF0dHIoInhsaW5rOmhyZWYiLCBmdW5jdGlvbihkKSB7IHJldHVybiAiI3JlY3QtIiArIGQuaWQgKyAiIjsgfSk7Ly9BdXRob3JlZCBieTogbGV0aW1vbWUgaW4gY29tbWl0OmJlY2M5OWY2OTgwODI3MGE4MzNkNjUwZjk3YmFmMmY0MmFjZGFmMzIsIHdpdGggbWVzc2FnZTpjaGFuZ2VzIGZvciBQYXJpcyBXUyAKKwl9Oy8vQXV0aG9yZWQgYnk6IGxldGltb21lIGluIGNvbW1pdDpiZWNjOTlmNjk4MDgyNzBhODMzZDY1MGY5N2JhZjJmNDJhY2RhZjMyLCB3aXRoIG1lc3NhZ2U6Y2hhbmdlcyBmb3IgUGFyaXMgV1MgCisJfS8vQXV0aG9yZWQgYnk6IGxldGltb21lIGluIGNvbW1pdDpiZWNjOTlmNjk4MDgyNzBhODMzZDY1MGY5N2JhZjJmNDJhY2RhZjMyLCB3aXRoIG1lc3NhZ2U6Y2hhbmdlcyBmb3IgUGFyaXMgV1MgCisvLyBQVjpFTkRDT05ELy9BdXRob3JlZCBieTogbGV0aW1vbWUgaW4gY29tbWl0OmJlY2M5OWY2OTgwODI3MGE4MzNkNjUwZjk3YmFmMmY0MmFjZGFmMzIsIHdpdGggbWVzc2FnZTpjaGFuZ2VzIGZvciBQYXJpcyBXUyAKKwl2YXIgZWxlbWVudCA9IGRvY3VtZW50LmdldEVsZW1lbnRCeUlkKCd3YXJuaW5nJyk7Ly9BdXRob3JlZCBieTogbGV0aW1vbWUgaW4gY29tbWl0OmJlY2M5OWY2OTgwODI3MGE4MzNkNjUwZjk3YmFmMmY0MmFjZGFmMzIsIHdpdGggbWVzc2FnZTpjaGFuZ2VzIGZvciBQYXJpcyBXUyAKKwlpZiAod2FybmluZ1RleHQgIT0gJycpIHsvL0F1dGhvcmVkIGJ5OiBsZXRpbW9tZSBpbiBjb21taXQ6YmVjYzk5ZjY5ODA4MjcwYTgzM2Q2NTBmOTdiYWYyZjQyYWNkYWYzMiwgd2l0aCBtZXNzYWdlOmNoYW5nZXMgZm9yIFBhcmlzIFdTIAorLy9BdXRob3JlZCBieTogbGV0aW1vbWUgaW4gY29tbWl0OmJlY2M5OWY2OTgwODI3MGE4MzNkNjUwZjk3YmFmMmY0MmFjZGFmMzIsIHdpdGggbWVzc2FnZTpjaGFuZ2VzIGZvciBQYXJpcyBXUyAK','becc99f69808270a833d650f97baf2f42acdaf32; becc99f69808270a833d650f97baf2f42acdaf32; becc99f69808270a833d650f97baf2f42acdaf32; becc99f69808270a833d650f97baf2f42acdaf32; becc99f69808270a833d650f97baf2f42acdaf32; becc99f69808270a833d650f97baf2f42acdaf32; becc99f69808270a833d650f97baf2f42acdaf32; becc99f69808270a833d650f97baf2f42acdaf32; becc99f69808270a833d650f97baf2f42acdaf32; becc99f69808270a833d650f97baf2f42acdaf32; becc99f69808270a833d650f97baf2f42acdaf32; becc99f69808270a833d650f97baf2f42acdaf32; becc99f69808270a833d650f97baf2f42acdaf32; becc99f69808270a833d650f97baf2f42acdaf32; becc99f69808270a833d650f97baf2f42acdaf32; becc99f69808270a833d650f97baf2f42acdaf32; becc99f69808270a833d650f97baf2f42acdaf32; becc99f69808270a833d650f97baf2f42acdaf32; becc99f69808270a833d650f97baf2f42acdaf32; becc99f69808270a833d650f97baf2f42acdaf32; becc99f69808270a833d650f97baf2f42acdaf32; becc99f69808270a833d650f97baf2f42acdaf32; becc99f69808270a833d650f97baf2f42acdaf32; becc99f69808270a833d650f97baf2f42acdaf32; becc99f69808270a833d650f97baf2f42acdaf32; becc99f69808270a833d650f97baf2f42acdaf32; becc99f69808270a833d650f97baf2f42acdaf32; becc99f69808270a833d650f97baf2f42acdaf32; becc99f69808270a833d650f97baf2f42acdaf32; becc99f69808270a833d650f97baf2f42acdaf32; becc99f69808270a833d650f97baf2f42acdaf32; becc99f69808270a833d650f97baf2f42acdaf32; becc99f69808270a833d650f97baf2f42acdaf32; becc99f69808270a833d650f97baf2f42acdaf32; becc99f69808270a833d650f97baf2f42acdaf32; becc99f69808270a833d650f97baf2f42acdaf32; becc99f69808270a833d650f97baf2f42acdaf32; becc99f69808270a833d650f97baf2f42acdaf32; becc99f69808270a833d650f97baf2f42acdaf32; becc99f69808270a833d650f97baf2f42acdaf32; ','changes for Paris WS
; ','ZGlmZiAtLWdpdCBhL2lucHV0L2pzL21lYXN1cmVtZW50cy5qcyBiL2lucHV0L2pzL21lYXN1cmVtZW50cy5qcwpuZXcgZmlsZSBtb2RlIDEwMDY0NAppbmRleCAwMDAwMDAwLi5iYzM5M2JhCi0tLSAvZGV2L251bGwKKysrIGIvaW5wdXQvanMvbWVhc3VyZW1lbnRzLmpzCkBAIC0wLDAgKzEsMTYyIEBACisvLyBQVjpJRkNPTkQocHY6aGFzRmVhdHVyZSgnQWlyUHJlc3N1cmUnKSkKK2Z1bmN0aW9uIGFwcGx5UHJlc3N1cmUoKSB7CisJdmFyIG1lYXN1cmVUZXh0ID0gZG9jdW1lbnQuZ2V0RWxlbWVudEJ5SWQoInBfbWVhc3VyZSIpOworCXZhciBwb2ludGVyID0gZG9jdW1lbnQuZ2V0RWxlbWVudEJ5SWQoInBfcG9pbnQiKTsKKwlhcHBseVRhY2hvVmFsdWUobWluUHJlcywgbWF4UHJlcywgbWVhc3VyZVRleHQsIHBvaW50ZXIpOworCWZ1bmN0aW9uIGdldE1ldGFDb250ZW50QnlOYW1lKG5hbWUsY29udGVudCl7CisJCSAgIHZhciBjb250ZW50ID0gKGNvbnRlbnQ9PW51bGwpPydjb250ZW50Jzpjb250ZW50OworCQkgICByZXR1cm4gZG9jdW1lbnQucXVlcnlTZWxlY3RvcigibWV0YVtuYW1lPSciK25hbWUrIiddIikuZ2V0QXR0cmlidXRlKGNvbnRlbnQpOworCQl9CisJCQorCQkkKGRvY3VtZW50KS5yZWFkeShmdW5jdGlvbigpeworCQkJLy9jb25zb2xlLmxvZyhkaWZmU3RyaW5nKTsgLy9kaWZmU3RyaW5nIHNob3VsZCBiZSB0aGUgdmFsdWUgb2YgZGlmZnZpZXcgdmFsdWUKKwkJCS8vZ2V0IHNlbGVjdCgiI2RpZmZ2YWx1ZSIpLiBtZXRhZGF0YQorCQkJdmFyIGRpZmZ2YWx1ZSA9IGdldE1ldGFDb250ZW50QnlOYW1lKCJkaWZmdmFsdWUiKTsKKwkJCWlmIChkaWZmdmFsdWU9PW51bGwpIHJldHVybiBudWxsOworCQl9KTsKKwlyZXR1cm4gZmFsc2U7Cit9CisvLyBQVjpFTkRDT05ECisKKy8vIFBWOklGQ09ORChwdjpoYXNGZWF0dXJlKCdXaW5kU3BlZWQnKSkKK3ZhciB3aW5kTWVhc3VyZSA9IDA7CitmdW5jdGlvbiBhcHBseVdpbmRTcGVlZCgpIHsKKwl2YXIgbWVhc3VyZVRleHQgPSBkb2N1bWVudC5nZXRFbGVtZW50QnlJZCgid19tZWFzdXJlIik7CisJd2luZE1lYXN1cmUgPSBtZWFzdXJlVGV4dC52YWx1ZTsKKwl2YXIgcG9pbnRlciA9IGRvY3VtZW50LmdldEVsZW1lbnRCeUlkKCJ3X3BvaW50Iik7CisJCisJYXBwbHlUYWNob1ZhbHVlKG1pbldpbmQsIG1heFdpbmQsIG1lYXN1cmVUZXh0LCBwb2ludGVyKTsKKwlzZXRXYXJuaW5ncygpOworCXJldHVybiBmYWxzZTsKK30KKy8vIFBWOkVORENPTkQKKworLy8gUFY6SUZDT05EKHB2Omhhc0ZlYXR1cmUoJ1dpbmRTcGVlZCcpIG9yIHB2Omhhc0ZlYXR1cmUoJ0FpclByZXNzdXJlJykpCitmdW5jdGlvbiBhcHBseVRhY2hvVmFsdWUobWluLCBtYXgsIG1lYXN1cmVUZXh0LCBwb2ludGVyKSB7CisJdmFyIGRpdmlzb3IgPSBNYXRoLnJvdW5kKChtYXggLSBtaW4pLzEzKTsKKwl2YXIgYyA9IE1hdGgucm91bmQoZGl2aXNvci8yKTsKKwkKKwlpZiAobWVhc3VyZVRleHQgJiYgcG9pbnRlcikgeworCQl2YXIgbWVhc3VyZSA9IG1lYXN1cmVUZXh0LnZhbHVlOworCQl2YXIgaW50VmFsdWUgPSBjaGVja01lYXN1cmUobWluLCBtYXgsIG1lYXN1cmUpOworCQlpZiAoaXNOYU4oaW50VmFsdWUpKSByZXR1cm4gZmFsc2U7CisJCWZ1bmN0aW9uIGdldE1ldGFDb250ZW50QnlOYW1lKG5hbWUsY29udGVudCl7CisJCQkgICB2YXIgY29udGVudCA9IChjb250ZW50PT1udWxsKT8nY29udGVudCc6Y29udGVudDsKKwkJCSAgIHJldHVybiBkb2N1bWVudC5xdWVyeVNlbGVjdG9yKCJtZXRhW25hbWU9JyIrbmFtZSsiJ10iKS5nZXRBdHRyaWJ1dGUoY29udGVudCk7CisJCQl9CisJCQkKKwkJCSQoZG9jdW1lbnQpLnJlYWR5KGZ1bmN0aW9uKCl7CisJCQkJLy9jb25zb2xlLmxvZyhkaWZmU3RyaW5nKTsgLy9kaWZmU3RyaW5nIHNob3VsZCBiZSB0aGUgdmFsdWUgb2YgZGlmZnZpZXcgdmFsdWUKKwkJCQkvL2dldCBzZWxlY3QoIiNkaWZmdmFsdWUiKS4gbWV0YWRhdGEKKwkJCQl2YXIgZGlmZnZhbHVlID0gZ2V0TWV0YUNvbnRlbnRCeU5hbWUoImRpZmZ2YWx1ZSIpOworCQkJCWlmIChkaWZmdmFsdWU9PW51bGwpIHJldHVybiBudWxsOworCQkJfSk7CisJCXJldHVybiBmYWxzZTsKKwkJaW50VmFsdWUgLT0gbWluOworCQlpZiAoaW50VmFsdWUgJSBkaXZpc29yIDwgYykgaW50VmFsdWUgLT0gaW50VmFsdWUgJSBkaXZpc29yOworCQllbHNlIGludFZhbHVlICs9IGRpdmlzb3IgLSBpbnRWYWx1ZSAlIGRpdmlzb3I7CisKKwkJaW50VmFsdWUgLz0gZGl2aXNvcjsKKwkJcG9pbnRlci5zdHlsZS5iYWNrZ3JvdW5kID0gInVybCgnaW1hZ2VzL25fIiArIGludFZhbHVlICsgIi5wbmcnKSI7CisJfQorCXJldHVybiBmYWxzZTsKK30KKy8vIFBWOkVORENPTkQKKworLy8gUFY6SUZDT05EKHB2Omhhc0ZlYXR1cmUoJ1RlbXBlcmF0dXJlJykpCit2YXIgdGVtcE1lYXN1cmUgPSAwOworZnVuY3Rpb24gYXBwbHlUZW1wZXJhdHVyZSgpIHsKKwl2YXIgbWluID0gbWluVGVtcDsKKwl2YXIgbWF4ID0gbWF4VGVtcDsKKworCXZhciBweFJhbmdlID0gMTcwOworCisJdmFyIG1lYXN1cmVUZXh0ID0gZG9jdW1lbnQuZ2V0RWxlbWVudEJ5SWQoInRfbWVhc3VyZSIpOworCXZhciBwb2ludGVyID0gZG9jdW1lbnQuZ2V0RWxlbWVudEJ5SWQoInRfcG9pbnQiKTsKKworCWlmIChtZWFzdXJlVGV4dCAmJiBwb2ludGVyKSB7CisJCXRlbXBNZWFzdXJlID0gbWVhc3VyZVRleHQudmFsdWU7CisJCXZhciBpbnRWYWx1ZSA9IGNoZWNrTWVhc3VyZShtaW4sIG1heCwgdGVtcE1lYXN1cmUpOworCQlpZiAoaXNOYU4oaW50VmFsdWUpKSByZXR1cm4gZmFsc2U7CisJCWludFZhbHVlID0gKGludFZhbHVlIC0gbWluKSoocHhSYW5nZSAvIChtYXggLSBtaW4pKTsKKwkJCisJCXBvaW50ZXIuc3R5bGUuaGVpZ2h0ID0gKDE3NyAtIGludFZhbHVlKSArICJweCI7CisJfQorCXNldFdhcm5pbmdzKCk7CisJcmV0dXJuIGZhbHNlOworfQorLy8gUFY6RU5EQ09ORAorCitmdW5jdGlvbiBjaGVja01lYXN1cmUobWluLCBtYXgsIG1lYXN1cmUpIHsKKwlpZiAobWVhc3VyZSA9PSAiIiB8fCBtZWFzdXJlID09IG51bGwpIHJldHVybiBOYU47CisJaWYgKGlzTmFOKHBhcnNlSW50KG1lYXN1cmUpKSB8fAorCQlwYXJzZUludChtZWFzdXJlKSA8IG1pbiB8fAorCQlwYXJzZUludChtZWFzdXJlKSA+IG1heCkgeworCQlhbGVydCgiQml0dGUgZWluZSBaYWhsIHp3aXNjaGVuICIgKyBtaW4gKyAiIHVuZCAiICsgbWF4ICsgIiBlaW5nZWJlbiEiKTsKKwkJcmV0dXJuIE5hTjsKKwl9CisJcmV0dXJuIHBhcnNlSW50KG1lYXN1cmUpOworfQorCitmdW5jdGlvbiBzZXRXYXJuaW5ncygpIHsKKwl3YXJuaW5nVGV4dCA9ICcnOworLy8gUFY6SUZDT05EKHB2Omhhc0ZlYXR1cmUoJ0hlYXQnKSkKKwlpZiAoIWlzTmFOKHRlbXBMaW1pdCkgJiYgdGVtcE1lYXN1cmUgPiB0ZW1wTGltaXQpIHsKKwkJd2FybmluZ1RleHQgKz0gdGVtcFdhcm5pbmc7CisJfQorLy8gUFY6RU5EQ09ORAorLy8gUFY6SUZDT05EKHB2Omhhc0ZlYXR1cmUoJ0dhbGUnKSkKKwlpZiAoIWlzTmFOKHdpbmRMaW1pdCkgJiYgd2luZE1lYXN1cmUgPiB3aW5kTGltaXQpIHsKKwkJd2FybmluZ1RleHQgKz0gKHdhcm5pbmdUZXh0ID09ICcnKSA/ICcnIDogJywgJzsKKwkJd2FybmluZ1RleHQgKz0gd2luZFdhcm5pbmc7CisJCXZhciBnYWxldmFsdWUgPSBnZXRNZXRhQ29udGVudEJ5TmFtZSgiZ2FsZSIpOworCQkKKwkJaWYgKGdhbGU9PW51bGwpIHJldHVybjsJCisJCXZhciBkaWZmMmh0bWxVaSA9IG5ldyBEaWZmMkh0bWxVSSh7ZGlmZjogZGlmZnZhbHVlfSk7CisJCWNvbnNvbGUubG9nKGRpZmYyaHRtbFVpKTsKKwkJZGlmZjJodG1sVWkuZHJhdygnI2dhbGVWaWV3Jywge2lucHV0Rm9ybWF0OiAnanNvbicsIHNob3dGaWxlczogdHJ1ZSwgbWF0Y2hpbmc6ICdsaW5lcyd9KTsKKwkgICAgZGlmZjJodG1sVWkuaGlnaGxpZ2h0Q29kZSgnI2dhbGVWaWV3Jyk7CisJICAgIGNlbGwuYXBwZW5kKCJyZWN0IikKKwkgICAgICAuYXR0cigiaWQiLCBmdW5jdGlvbihkKSB7IHJldHVybiAicmVjdC0iICsgZC5pZDsgfSkKKwkgICAgICAuYXR0cigiaWRfY29yZV9hc3NldCIsIGZ1bmN0aW9uKGQpIHsgY29uc29sZS5sb2cgKGQpOyByZXR1cm4gZC5kYXRhLmlkX2NvcmVfYXNzZXQ7fSkKKwkgICAgICAuYXR0cigiZm5hbWUiLCBmdW5jdGlvbihkKSB7IGNvbnNvbGUubG9nIChkKTsgcmV0dXJuIGQuZGF0YS5mbmFtZTt9KQorCSAgICAgIC5hdHRyKCJwciIsIGZ1bmN0aW9uKGQpIHsgY29uc29sZS5sb2cgKGQpOyByZXR1cm4gZC5kYXRhLnByb2R1Y3RfcmVsZWFzZTt9KQorCSAgICAgIC5hdHRyKCJ3aWR0aCIsIGZ1bmN0aW9uKGQpIHsgcmV0dXJuIGQueDEgLSBkLngwOyB9KQorCSAgICAgIC5hdHRyKCJoZWlnaHQiLCBmdW5jdGlvbihkKSB7IHJldHVybiBkLnkxIC0gZC55MDsgfSkKKwkgICAgIC5zdHlsZSgic3Ryb2tlIiwiYmxhY2siKQorCSAgICAgIC5hdHRyKCJvcGVyYXRpb24iLGZ1bmN0aW9uKGQpIHsgY29uc29sZS5sb2cgKGQpOyByZXR1cm4gZC5kYXRhLm9wZXJhdGlvbjt9KQorCSAgICAgLnN0eWxlKCJmaWxsIiwgZnVuY3Rpb24oZCkgeyAKKwkJICAgIAkgIGNvbnNvbGUubG9nKCJpbiBjb2xvciIpOwkJCisJCSAgICAJICB2YXIgb3BlcmF0aW9uID0gZC5kYXRhLm9wZXJhdGlvbjsKKwkJICAgIAkJaWYgKCAob3BlcmF0aW9uID09InVuZGVmaW5lZCIpIHx8IChkLmRhdGEub3BlcmF0aW9uPT1udWxsKSkgcmV0dXJuICIjY2NjY2NjIjsKKwkJICAgIAkgIAllbHNlIGlmIChvcGVyYXRpb249PSgiYWRkIikpIHJldHVybiAiIzNmYWM1NCI7CisJCSAgICAJICAJZWxzZSBpZiAob3BlcmF0aW9uPT0oImRlbGV0ZSIpKSByZXR1cm4gIiNlNjMyM2QiOworCQkgICAgCQllbHNlIGlmIChvcGVyYXRpb249PSJjaHVybiIpIHJldHVybiAiI0ZGODEwMCI7CisJCSAgICAJcmV0dXJuICIjY2NjY2NjIjsvL2NvbG9yKGQudmFsdWUpOy8vdGhlIHZhbHVlIC0gY2h1cm4gLSBvZiB0aGUgY3VzdG9taXphdGlvbgorCSAgICAJICB9KTsKKworCSAgY2VsbC5hcHBlbmQoImNsaXBQYXRoIikKKwkgICAgICAuYXR0cigiaWQiLCBmdW5jdGlvbihkKSB7IHJldHVybiAiY2xpcC0iICsgZC5pZDsgfSkKKwkgICAgLmFwcGVuZCgidXNlIikKKwkgICAgICAuYXR0cigieGxpbms6aHJlZiIsIGZ1bmN0aW9uKGQpIHsgcmV0dXJuICIjcmVjdC0iICsgZC5pZCArICIiOyB9KTsKKwl9OworCX0KKy8vIFBWOkVORENPTkQKKwl2YXIgZWxlbWVudCA9IGRvY3VtZW50LmdldEVsZW1lbnRCeUlkKCd3YXJuaW5nJyk7CisJaWYgKHdhcm5pbmdUZXh0ICE9ICcnKSB7CisKKy8vIFBWOklGQ09ORChwdjpoYXNGZWF0dXJlKCdHZXJtYW4nKSkKKwkJd2FybmluZ1RleHQgPSAnQWNodHVuZzogJyArIHdhcm5pbmdUZXh0OworLy8gUFY6RU5EQ09ORAorLy8gUFY6SUZDT05EKHB2Omhhc0ZlYXR1cmUoJ0VuZ2xpc2gnKSkKKwkJaWYgKHdhcm5pbmdUZXh0ICE9ICcnKSB3YXJuaW5nVGV4dCA9ICdBdHRlbnRpb246ICcgKyB3YXJuaW5nVGV4dDsKKy8vIFBWOkVORENPTkQKKwkJc2V0RWxlbWVudFRleHQoZWxlbWVudCwgd2FybmluZ1RleHQpOworCQkvL2VsZW1lbnQuc3R5bGUuZGlzcGxheSA9ICdpbmhlcml0JzsKKwl9CisJZWxzZSB7CisJCS8vZWxlbWVudC5zdHlsZS5kaXNwbGF5ID0gJ25vbmUnOworCQlzZXRFbGVtZW50VGV4dChlbGVtZW50LCAnJyk7CisJfQorCisK',178,56,4,'NEW_ASSET_WITH_NEW_VARIATIONPOINT_AND_NEW_FEATURES');
INSERT IGNORE INTO developer_group (id_developer_group) VALUES 
(57);
INSERT IGNORE INTO developer_bridge (id_developer_group,id_developer) VALUES 
(57,1);
INSERT IGNORE INTO developer_bridge (id_developer_group,id_developer) VALUES 
(57,1);
INSERT IGNORE INTO developer_bridge (id_developer_group,id_developer) VALUES 
(57,1);
INSERT IGNORE INTO customization_fact (idcustomization, lines_added,lines_deleted,custom_diff,commit_set,message_set,greater_diff,idvariationpoint,id_developer_group, idproductrelease, type) VALUES
(57,3,0,'ZGlmZiAtLWdpdCBhL2lucHV0L2pzL21lYXN1cmVtZW50cy5qcyBiL2lucHV0L2pzL21lYXN1cmVtZW50cy5qcwpuZXcgZmlsZSBtb2RlIDEwMDY0NAppbmRleCAwMDAwMDAwLi5iYzM5M2JhCi0tLSAvZGV2L251bGwKQEAgLTEyLDIgKzE0OCwzIEBAIEV4cHJlc3Npb246ICAocHY6aGFzRmVhdHVyZSgnR2VybWFuJykpQ2hhbmdlIFR5cGU6IE5FV19BU1NFVF9XSVRIX05FV19WQVJJQVRJT05QT0lOVF9BTkRfTkVXX0ZFQVRVUkVTCisvLyBQVjpJRkNPTkQocHY6aGFzRmVhdHVyZSgnR2VybWFuJykpLy9BdXRob3JlZCBieTogbGV0aW1vbWUgaW4gY29tbWl0OmJlY2M5OWY2OTgwODI3MGE4MzNkNjUwZjk3YmFmMmY0MmFjZGFmMzIsIHdpdGggbWVzc2FnZTpjaGFuZ2VzIGZvciBQYXJpcyBXUyAKKwkJd2FybmluZ1RleHQgPSAnQWNodHVuZzogJyArIHdhcm5pbmdUZXh0Oy8vQXV0aG9yZWQgYnk6IGxldGltb21lIGluIGNvbW1pdDpiZWNjOTlmNjk4MDgyNzBhODMzZDY1MGY5N2JhZjJmNDJhY2RhZjMyLCB3aXRoIG1lc3NhZ2U6Y2hhbmdlcyBmb3IgUGFyaXMgV1MgCisvLyBQVjpFTkRDT05ELy9BdXRob3JlZCBieTogbGV0aW1vbWUgaW4gY29tbWl0OmJlY2M5OWY2OTgwODI3MGE4MzNkNjUwZjk3YmFmMmY0MmFjZGFmMzIsIHdpdGggbWVzc2FnZTpjaGFuZ2VzIGZvciBQYXJpcyBXUyAK','becc99f69808270a833d650f97baf2f42acdaf32; becc99f69808270a833d650f97baf2f42acdaf32; becc99f69808270a833d650f97baf2f42acdaf32; ','changes for Paris WS
; ','ZGlmZiAtLWdpdCBhL2lucHV0L2pzL21lYXN1cmVtZW50cy5qcyBiL2lucHV0L2pzL21lYXN1cmVtZW50cy5qcwpuZXcgZmlsZSBtb2RlIDEwMDY0NAppbmRleCAwMDAwMDAwLi5iYzM5M2JhCi0tLSAvZGV2L251bGwKKysrIGIvaW5wdXQvanMvbWVhc3VyZW1lbnRzLmpzCkBAIC0wLDAgKzEsMTYyIEBACisvLyBQVjpJRkNPTkQocHY6aGFzRmVhdHVyZSgnQWlyUHJlc3N1cmUnKSkKK2Z1bmN0aW9uIGFwcGx5UHJlc3N1cmUoKSB7CisJdmFyIG1lYXN1cmVUZXh0ID0gZG9jdW1lbnQuZ2V0RWxlbWVudEJ5SWQoInBfbWVhc3VyZSIpOworCXZhciBwb2ludGVyID0gZG9jdW1lbnQuZ2V0RWxlbWVudEJ5SWQoInBfcG9pbnQiKTsKKwlhcHBseVRhY2hvVmFsdWUobWluUHJlcywgbWF4UHJlcywgbWVhc3VyZVRleHQsIHBvaW50ZXIpOworCWZ1bmN0aW9uIGdldE1ldGFDb250ZW50QnlOYW1lKG5hbWUsY29udGVudCl7CisJCSAgIHZhciBjb250ZW50ID0gKGNvbnRlbnQ9PW51bGwpPydjb250ZW50Jzpjb250ZW50OworCQkgICByZXR1cm4gZG9jdW1lbnQucXVlcnlTZWxlY3RvcigibWV0YVtuYW1lPSciK25hbWUrIiddIikuZ2V0QXR0cmlidXRlKGNvbnRlbnQpOworCQl9CisJCQorCQkkKGRvY3VtZW50KS5yZWFkeShmdW5jdGlvbigpeworCQkJLy9jb25zb2xlLmxvZyhkaWZmU3RyaW5nKTsgLy9kaWZmU3RyaW5nIHNob3VsZCBiZSB0aGUgdmFsdWUgb2YgZGlmZnZpZXcgdmFsdWUKKwkJCS8vZ2V0IHNlbGVjdCgiI2RpZmZ2YWx1ZSIpLiBtZXRhZGF0YQorCQkJdmFyIGRpZmZ2YWx1ZSA9IGdldE1ldGFDb250ZW50QnlOYW1lKCJkaWZmdmFsdWUiKTsKKwkJCWlmIChkaWZmdmFsdWU9PW51bGwpIHJldHVybiBudWxsOworCQl9KTsKKwlyZXR1cm4gZmFsc2U7Cit9CisvLyBQVjpFTkRDT05ECisKKy8vIFBWOklGQ09ORChwdjpoYXNGZWF0dXJlKCdXaW5kU3BlZWQnKSkKK3ZhciB3aW5kTWVhc3VyZSA9IDA7CitmdW5jdGlvbiBhcHBseVdpbmRTcGVlZCgpIHsKKwl2YXIgbWVhc3VyZVRleHQgPSBkb2N1bWVudC5nZXRFbGVtZW50QnlJZCgid19tZWFzdXJlIik7CisJd2luZE1lYXN1cmUgPSBtZWFzdXJlVGV4dC52YWx1ZTsKKwl2YXIgcG9pbnRlciA9IGRvY3VtZW50LmdldEVsZW1lbnRCeUlkKCJ3X3BvaW50Iik7CisJCisJYXBwbHlUYWNob1ZhbHVlKG1pbldpbmQsIG1heFdpbmQsIG1lYXN1cmVUZXh0LCBwb2ludGVyKTsKKwlzZXRXYXJuaW5ncygpOworCXJldHVybiBmYWxzZTsKK30KKy8vIFBWOkVORENPTkQKKworLy8gUFY6SUZDT05EKHB2Omhhc0ZlYXR1cmUoJ1dpbmRTcGVlZCcpIG9yIHB2Omhhc0ZlYXR1cmUoJ0FpclByZXNzdXJlJykpCitmdW5jdGlvbiBhcHBseVRhY2hvVmFsdWUobWluLCBtYXgsIG1lYXN1cmVUZXh0LCBwb2ludGVyKSB7CisJdmFyIGRpdmlzb3IgPSBNYXRoLnJvdW5kKChtYXggLSBtaW4pLzEzKTsKKwl2YXIgYyA9IE1hdGgucm91bmQoZGl2aXNvci8yKTsKKwkKKwlpZiAobWVhc3VyZVRleHQgJiYgcG9pbnRlcikgeworCQl2YXIgbWVhc3VyZSA9IG1lYXN1cmVUZXh0LnZhbHVlOworCQl2YXIgaW50VmFsdWUgPSBjaGVja01lYXN1cmUobWluLCBtYXgsIG1lYXN1cmUpOworCQlpZiAoaXNOYU4oaW50VmFsdWUpKSByZXR1cm4gZmFsc2U7CisJCWZ1bmN0aW9uIGdldE1ldGFDb250ZW50QnlOYW1lKG5hbWUsY29udGVudCl7CisJCQkgICB2YXIgY29udGVudCA9IChjb250ZW50PT1udWxsKT8nY29udGVudCc6Y29udGVudDsKKwkJCSAgIHJldHVybiBkb2N1bWVudC5xdWVyeVNlbGVjdG9yKCJtZXRhW25hbWU9JyIrbmFtZSsiJ10iKS5nZXRBdHRyaWJ1dGUoY29udGVudCk7CisJCQl9CisJCQkKKwkJCSQoZG9jdW1lbnQpLnJlYWR5KGZ1bmN0aW9uKCl7CisJCQkJLy9jb25zb2xlLmxvZyhkaWZmU3RyaW5nKTsgLy9kaWZmU3RyaW5nIHNob3VsZCBiZSB0aGUgdmFsdWUgb2YgZGlmZnZpZXcgdmFsdWUKKwkJCQkvL2dldCBzZWxlY3QoIiNkaWZmdmFsdWUiKS4gbWV0YWRhdGEKKwkJCQl2YXIgZGlmZnZhbHVlID0gZ2V0TWV0YUNvbnRlbnRCeU5hbWUoImRpZmZ2YWx1ZSIpOworCQkJCWlmIChkaWZmdmFsdWU9PW51bGwpIHJldHVybiBudWxsOworCQkJfSk7CisJCXJldHVybiBmYWxzZTsKKwkJaW50VmFsdWUgLT0gbWluOworCQlpZiAoaW50VmFsdWUgJSBkaXZpc29yIDwgYykgaW50VmFsdWUgLT0gaW50VmFsdWUgJSBkaXZpc29yOworCQllbHNlIGludFZhbHVlICs9IGRpdmlzb3IgLSBpbnRWYWx1ZSAlIGRpdmlzb3I7CisKKwkJaW50VmFsdWUgLz0gZGl2aXNvcjsKKwkJcG9pbnRlci5zdHlsZS5iYWNrZ3JvdW5kID0gInVybCgnaW1hZ2VzL25fIiArIGludFZhbHVlICsgIi5wbmcnKSI7CisJfQorCXJldHVybiBmYWxzZTsKK30KKy8vIFBWOkVORENPTkQKKworLy8gUFY6SUZDT05EKHB2Omhhc0ZlYXR1cmUoJ1RlbXBlcmF0dXJlJykpCit2YXIgdGVtcE1lYXN1cmUgPSAwOworZnVuY3Rpb24gYXBwbHlUZW1wZXJhdHVyZSgpIHsKKwl2YXIgbWluID0gbWluVGVtcDsKKwl2YXIgbWF4ID0gbWF4VGVtcDsKKworCXZhciBweFJhbmdlID0gMTcwOworCisJdmFyIG1lYXN1cmVUZXh0ID0gZG9jdW1lbnQuZ2V0RWxlbWVudEJ5SWQoInRfbWVhc3VyZSIpOworCXZhciBwb2ludGVyID0gZG9jdW1lbnQuZ2V0RWxlbWVudEJ5SWQoInRfcG9pbnQiKTsKKworCWlmIChtZWFzdXJlVGV4dCAmJiBwb2ludGVyKSB7CisJCXRlbXBNZWFzdXJlID0gbWVhc3VyZVRleHQudmFsdWU7CisJCXZhciBpbnRWYWx1ZSA9IGNoZWNrTWVhc3VyZShtaW4sIG1heCwgdGVtcE1lYXN1cmUpOworCQlpZiAoaXNOYU4oaW50VmFsdWUpKSByZXR1cm4gZmFsc2U7CisJCWludFZhbHVlID0gKGludFZhbHVlIC0gbWluKSoocHhSYW5nZSAvIChtYXggLSBtaW4pKTsKKwkJCisJCXBvaW50ZXIuc3R5bGUuaGVpZ2h0ID0gKDE3NyAtIGludFZhbHVlKSArICJweCI7CisJfQorCXNldFdhcm5pbmdzKCk7CisJcmV0dXJuIGZhbHNlOworfQorLy8gUFY6RU5EQ09ORAorCitmdW5jdGlvbiBjaGVja01lYXN1cmUobWluLCBtYXgsIG1lYXN1cmUpIHsKKwlpZiAobWVhc3VyZSA9PSAiIiB8fCBtZWFzdXJlID09IG51bGwpIHJldHVybiBOYU47CisJaWYgKGlzTmFOKHBhcnNlSW50KG1lYXN1cmUpKSB8fAorCQlwYXJzZUludChtZWFzdXJlKSA8IG1pbiB8fAorCQlwYXJzZUludChtZWFzdXJlKSA+IG1heCkgeworCQlhbGVydCgiQml0dGUgZWluZSBaYWhsIHp3aXNjaGVuICIgKyBtaW4gKyAiIHVuZCAiICsgbWF4ICsgIiBlaW5nZWJlbiEiKTsKKwkJcmV0dXJuIE5hTjsKKwl9CisJcmV0dXJuIHBhcnNlSW50KG1lYXN1cmUpOworfQorCitmdW5jdGlvbiBzZXRXYXJuaW5ncygpIHsKKwl3YXJuaW5nVGV4dCA9ICcnOworLy8gUFY6SUZDT05EKHB2Omhhc0ZlYXR1cmUoJ0hlYXQnKSkKKwlpZiAoIWlzTmFOKHRlbXBMaW1pdCkgJiYgdGVtcE1lYXN1cmUgPiB0ZW1wTGltaXQpIHsKKwkJd2FybmluZ1RleHQgKz0gdGVtcFdhcm5pbmc7CisJfQorLy8gUFY6RU5EQ09ORAorLy8gUFY6SUZDT05EKHB2Omhhc0ZlYXR1cmUoJ0dhbGUnKSkKKwlpZiAoIWlzTmFOKHdpbmRMaW1pdCkgJiYgd2luZE1lYXN1cmUgPiB3aW5kTGltaXQpIHsKKwkJd2FybmluZ1RleHQgKz0gKHdhcm5pbmdUZXh0ID09ICcnKSA/ICcnIDogJywgJzsKKwkJd2FybmluZ1RleHQgKz0gd2luZFdhcm5pbmc7CisJCXZhciBnYWxldmFsdWUgPSBnZXRNZXRhQ29udGVudEJ5TmFtZSgiZ2FsZSIpOworCQkKKwkJaWYgKGdhbGU9PW51bGwpIHJldHVybjsJCisJCXZhciBkaWZmMmh0bWxVaSA9IG5ldyBEaWZmMkh0bWxVSSh7ZGlmZjogZGlmZnZhbHVlfSk7CisJCWNvbnNvbGUubG9nKGRpZmYyaHRtbFVpKTsKKwkJZGlmZjJodG1sVWkuZHJhdygnI2dhbGVWaWV3Jywge2lucHV0Rm9ybWF0OiAnanNvbicsIHNob3dGaWxlczogdHJ1ZSwgbWF0Y2hpbmc6ICdsaW5lcyd9KTsKKwkgICAgZGlmZjJodG1sVWkuaGlnaGxpZ2h0Q29kZSgnI2dhbGVWaWV3Jyk7CisJICAgIGNlbGwuYXBwZW5kKCJyZWN0IikKKwkgICAgICAuYXR0cigiaWQiLCBmdW5jdGlvbihkKSB7IHJldHVybiAicmVjdC0iICsgZC5pZDsgfSkKKwkgICAgICAuYXR0cigiaWRfY29yZV9hc3NldCIsIGZ1bmN0aW9uKGQpIHsgY29uc29sZS5sb2cgKGQpOyByZXR1cm4gZC5kYXRhLmlkX2NvcmVfYXNzZXQ7fSkKKwkgICAgICAuYXR0cigiZm5hbWUiLCBmdW5jdGlvbihkKSB7IGNvbnNvbGUubG9nIChkKTsgcmV0dXJuIGQuZGF0YS5mbmFtZTt9KQorCSAgICAgIC5hdHRyKCJwciIsIGZ1bmN0aW9uKGQpIHsgY29uc29sZS5sb2cgKGQpOyByZXR1cm4gZC5kYXRhLnByb2R1Y3RfcmVsZWFzZTt9KQorCSAgICAgIC5hdHRyKCJ3aWR0aCIsIGZ1bmN0aW9uKGQpIHsgcmV0dXJuIGQueDEgLSBkLngwOyB9KQorCSAgICAgIC5hdHRyKCJoZWlnaHQiLCBmdW5jdGlvbihkKSB7IHJldHVybiBkLnkxIC0gZC55MDsgfSkKKwkgICAgIC5zdHlsZSgic3Ryb2tlIiwiYmxhY2siKQorCSAgICAgIC5hdHRyKCJvcGVyYXRpb24iLGZ1bmN0aW9uKGQpIHsgY29uc29sZS5sb2cgKGQpOyByZXR1cm4gZC5kYXRhLm9wZXJhdGlvbjt9KQorCSAgICAgLnN0eWxlKCJmaWxsIiwgZnVuY3Rpb24oZCkgeyAKKwkJICAgIAkgIGNvbnNvbGUubG9nKCJpbiBjb2xvciIpOwkJCisJCSAgICAJICB2YXIgb3BlcmF0aW9uID0gZC5kYXRhLm9wZXJhdGlvbjsKKwkJICAgIAkJaWYgKCAob3BlcmF0aW9uID09InVuZGVmaW5lZCIpIHx8IChkLmRhdGEub3BlcmF0aW9uPT1udWxsKSkgcmV0dXJuICIjY2NjY2NjIjsKKwkJICAgIAkgIAllbHNlIGlmIChvcGVyYXRpb249PSgiYWRkIikpIHJldHVybiAiIzNmYWM1NCI7CisJCSAgICAJICAJZWxzZSBpZiAob3BlcmF0aW9uPT0oImRlbGV0ZSIpKSByZXR1cm4gIiNlNjMyM2QiOworCQkgICAgCQllbHNlIGlmIChvcGVyYXRpb249PSJjaHVybiIpIHJldHVybiAiI0ZGODEwMCI7CisJCSAgICAJcmV0dXJuICIjY2NjY2NjIjsvL2NvbG9yKGQudmFsdWUpOy8vdGhlIHZhbHVlIC0gY2h1cm4gLSBvZiB0aGUgY3VzdG9taXphdGlvbgorCSAgICAJICB9KTsKKworCSAgY2VsbC5hcHBlbmQoImNsaXBQYXRoIikKKwkgICAgICAuYXR0cigiaWQiLCBmdW5jdGlvbihkKSB7IHJldHVybiAiY2xpcC0iICsgZC5pZDsgfSkKKwkgICAgLmFwcGVuZCgidXNlIikKKwkgICAgICAuYXR0cigieGxpbms6aHJlZiIsIGZ1bmN0aW9uKGQpIHsgcmV0dXJuICIjcmVjdC0iICsgZC5pZCArICIiOyB9KTsKKwl9OworCX0KKy8vIFBWOkVORENPTkQKKwl2YXIgZWxlbWVudCA9IGRvY3VtZW50LmdldEVsZW1lbnRCeUlkKCd3YXJuaW5nJyk7CisJaWYgKHdhcm5pbmdUZXh0ICE9ICcnKSB7CisKKy8vIFBWOklGQ09ORChwdjpoYXNGZWF0dXJlKCdHZXJtYW4nKSkKKwkJd2FybmluZ1RleHQgPSAnQWNodHVuZzogJyArIHdhcm5pbmdUZXh0OworLy8gUFY6RU5EQ09ORAorLy8gUFY6SUZDT05EKHB2Omhhc0ZlYXR1cmUoJ0VuZ2xpc2gnKSkKKwkJaWYgKHdhcm5pbmdUZXh0ICE9ICcnKSB3YXJuaW5nVGV4dCA9ICdBdHRlbnRpb246ICcgKyB3YXJuaW5nVGV4dDsKKy8vIFBWOkVORENPTkQKKwkJc2V0RWxlbWVudFRleHQoZWxlbWVudCwgd2FybmluZ1RleHQpOworCQkvL2VsZW1lbnQuc3R5bGUuZGlzcGxheSA9ICdpbmhlcml0JzsKKwl9CisJZWxzZSB7CisJCS8vZWxlbWVudC5zdHlsZS5kaXNwbGF5ID0gJ25vbmUnOworCQlzZXRFbGVtZW50VGV4dChlbGVtZW50LCAnJyk7CisJfQorCisK',179,57,4,'NEW_ASSET_WITH_NEW_VARIATIONPOINT_AND_NEW_FEATURES');
INSERT IGNORE INTO developer_group (id_developer_group) VALUES 
(58);
INSERT IGNORE INTO developer_bridge (id_developer_group,id_developer) VALUES 
(58,1);
INSERT IGNORE INTO developer_bridge (id_developer_group,id_developer) VALUES 
(58,1);
INSERT IGNORE INTO developer_bridge (id_developer_group,id_developer) VALUES 
(58,1);
INSERT IGNORE INTO developer_bridge (id_developer_group,id_developer) VALUES 
(58,1);
INSERT IGNORE INTO developer_bridge (id_developer_group,id_developer) VALUES 
(58,1);
INSERT IGNORE INTO developer_bridge (id_developer_group,id_developer) VALUES 
(58,1);
INSERT IGNORE INTO developer_bridge (id_developer_group,id_developer) VALUES 
(58,1);
INSERT IGNORE INTO developer_bridge (id_developer_group,id_developer) VALUES 
(58,1);
INSERT IGNORE INTO developer_bridge (id_developer_group,id_developer) VALUES 
(58,1);
INSERT IGNORE INTO developer_bridge (id_developer_group,id_developer) VALUES 
(58,1);
INSERT IGNORE INTO developer_bridge (id_developer_group,id_developer) VALUES 
(58,1);
INSERT IGNORE INTO developer_bridge (id_developer_group,id_developer) VALUES 
(58,1);
INSERT IGNORE INTO developer_bridge (id_developer_group,id_developer) VALUES 
(58,1);
INSERT IGNORE INTO developer_bridge (id_developer_group,id_developer) VALUES 
(58,1);
INSERT IGNORE INTO developer_bridge (id_developer_group,id_developer) VALUES 
(58,1);
INSERT IGNORE INTO developer_bridge (id_developer_group,id_developer) VALUES 
(58,1);
INSERT IGNORE INTO customization_fact (idcustomization, lines_added,lines_deleted,custom_diff,commit_set,message_set,greater_diff,idvariationpoint,id_developer_group, idproductrelease, type) VALUES
(58,16,9,'ZGlmZiAtLWdpdCBhL2lucHV0L2pzL3NjYWxlLmpzIGIvaW5wdXQvanMvc2NhbGUuanMKaW5kZXggYzI3OWVhYS4uYzA5ZGJhNiAxMDA2NDQKLS0tIGEvaW5wdXQvanMvc2NhbGUuanMKKysrIGIvaW5wdXQvanMvc2NhbGUuanMKQEAgLTEyLDIxICsxMiwyOCBAQCBFeHByZXNzaW9uOiAgKHB2Omhhc0ZlYXR1cmUoJ0FpclByZXNzdXJlJykpQ2hhbmdlIFR5cGU6IENIQU5HRV9JTl9WQVJJQVRJT05fUE9JTlRfQk9EWQogCSAgICBkMy5zZWxlY3RBbGwoZC5hbmNlc3RvcnMoKS5tYXAoZnVuY3Rpb24oZCkgeyByZXR1cm4gZC5ub2RlOyB9KSkKIAkgICAgICAgIC5jbGFzc2VkKCJub2RlLS1ob3ZlciIsIGhvdmVyKQogCSAgICAgIC4Jc2VsZWN0KCJyZWN0IikKLQkgICAgICAuc3R5bGUoImJvZGVyLWNvbG9yIiwiYmxhY2siKQotCSAgICAgICAuc3R5bGUoInN0cm9rZSIsImJsYWNrIikKIAkgICAgICAgIC5hdHRyKCJ3aWR0aCIsIGZ1bmN0aW9uKGQpIHsgcmV0dXJuIGQueDEgLSBkLngwIC0gaG92ZXI7IH0pCiAJICAgICAgICAuYXR0cigiaGVpZ2h0IiwgZnVuY3Rpb24oZCkgeyByZXR1cm4gZC55MSAtIGQueTAgLSBob3ZlcjsgfSk7Ci0JICAgIAorCSAgICB2YXIgY2VsbCA9IHN2Zy8vQXV0aG9yZWQgYnk6IGxldGltb21lIGluIGNvbW1pdDpiZWNjOTlmNjk4MDgyNzBhODMzZDY1MGY5N2JhZjJmNDJhY2RhZjMyLCB3aXRoIG1lc3NhZ2U6Y2hhbmdlcyBmb3IgUGFyaXMgV1MgCisJICAgIC5zZWxlY3RBbGwoIi5ub2RlIikvL0F1dGhvcmVkIGJ5OiBsZXRpbW9tZSBpbiBjb21taXQ6YmVjYzk5ZjY5ODA4MjcwYTgzM2Q2NTBmOTdiYWYyZjQyYWNkYWYzMiwgd2l0aCBtZXNzYWdlOmNoYW5nZXMgZm9yIFBhcmlzIFdTIAorCSAgICAuZGF0YShyb290LmRlc2NlbmRhbnRzKCkpLy9BdXRob3JlZCBieTogbGV0aW1vbWUgaW4gY29tbWl0OmJlY2M5OWY2OTgwODI3MGE4MzNkNjUwZjk3YmFmMmY0MmFjZGFmMzIsIHdpdGggbWVzc2FnZTpjaGFuZ2VzIGZvciBQYXJpcyBXUyAKKwkgICAgLmVudGVyKCkuYXBwZW5kKCJnIikvL0F1dGhvcmVkIGJ5OiBsZXRpbW9tZSBpbiBjb21taXQ6YmVjYzk5ZjY5ODA4MjcwYTgzM2Q2NTBmOTdiYWYyZjQyYWNkYWYzMiwgd2l0aCBtZXNzYWdlOmNoYW5nZXMgZm9yIFBhcmlzIFdTIAorCSAgICAgICAuYXR0cigidHJhbnNmb3JtIiwgZnVuY3Rpb24oZCkgeyByZXR1cm4gInRyYW5zbGF0ZSgiICsgZC54MCArICIsIiArIGQueTAgKyAiKSI7IH0pLy9BdXRob3JlZCBieTogbGV0aW1vbWUgaW4gY29tbWl0OmJlY2M5OWY2OTgwODI3MGE4MzNkNjUwZjk3YmFmMmY0MmFjZGFmMzIsIHdpdGggbWVzc2FnZTpjaGFuZ2VzIGZvciBQYXJpcyBXUyAKKwkgICAgICAuYXR0cigiY2xhc3MiLCAibm9kZSIpLy9BdXRob3JlZCBieTogbGV0aW1vbWUgaW4gY29tbWl0OmJlY2M5OWY2OTgwODI3MGE4MzNkNjUwZjk3YmFmMmY0MmFjZGFmMzIsIHdpdGggbWVzc2FnZTpjaGFuZ2VzIGZvciBQYXJpcyBXUyAKKwkgICAgICAuZWFjaChmdW5jdGlvbihkKSB7IGQubm9kZSA9IHRoaXM7IH0pLy9BdXRob3JlZCBieTogbGV0aW1vbWUgaW4gY29tbWl0OmJlY2M5OWY2OTgwODI3MGE4MzNkNjUwZjk3YmFmMmY0MmFjZGFmMzIsIHdpdGggbWVzc2FnZTpjaGFuZ2VzIGZvciBQYXJpcyBXUyAKKwkgICAgICAub24oIm1vdXNlb3ZlciIsIGhvdmVyZWQodHJ1ZSkpLy9BdXRob3JlZCBieTogbGV0aW1vbWUgaW4gY29tbWl0OmJlY2M5OWY2OTgwODI3MGE4MzNkNjUwZjk3YmFmMmY0MmFjZGFmMzIsIHdpdGggbWVzc2FnZTpjaGFuZ2VzIGZvciBQYXJpcyBXUyAKKwkgICAgICAub24oIm1vdXNlb3V0IiwgaG92ZXJlZChmYWxzZSkpLy9BdXRob3JlZCBieTogbGV0aW1vbWUgaW4gY29tbWl0OmJlY2M5OWY2OTgwODI3MGE4MzNkNjUwZjk3YmFmMmY0MmFjZGFmMzIsIHdpdGggbWVzc2FnZTpjaGFuZ2VzIGZvciBQYXJpcyBXUyAKKwkgICAgICAub24oImNsaWNrIiwgZnVuY3Rpb24oZCl7Ly9BdXRob3JlZCBieTogbGV0aW1vbWUgaW4gY29tbWl0OmJlY2M5OWY2OTgwODI3MGE4MzNkNjUwZjk3YmFmMmY0MmFjZGFmMzIsIHdpdGggbWVzc2FnZTpjaGFuZ2VzIGZvciBQYXJpcyBXUyAKKwkJICAgIGNvbnNvbGUubG9nKCJjbGlja2VkIGlkX2NvcmVfYXNzZXQiK2QuZGF0YS5pZF9jb3JlX2Fzc2V0KTsvL0F1dGhvcmVkIGJ5OiBsZXRpbW9tZSBpbiBjb21taXQ6YmVjYzk5ZjY5ODA4MjcwYTgzM2Q2NTBmOTdiYWYyZjQyYWNkYWYzMiwgd2l0aCBtZXNzYWdlOmNoYW5nZXMgZm9yIFBhcmlzIFdTIAorCQkgICAgLyo8IVtDREFUQVsqLy8vQXV0aG9yZWQgYnk6IGxldGltb21lIGluIGNvbW1pdDpiZWNjOTlmNjk4MDgyNzBhODMzZDY1MGY5N2JhZjJmNDJhY2RhZjMyLCB3aXRoIG1lc3NhZ2U6Y2hhbmdlcyBmb3IgUGFyaXMgV1MgCisJCSAgICB3aW5kb3cubG9jYXRpb24uaHJlZiA9ICJodHRwOi8vbG9jYWxob3N0OjgwODAvdHJlZW1hcGZlYXR1cmVwcm9kdWN0dmlldz9iYXNlPUJhc2VsaW5lLXYxLjAmZm5hbWU9IitkLmRhdGEuZm5hbWUrIiZpZGZpbGU9IisgZC5kYXRhLmlkX2NvcmVfYXNzZXQrIiZwcj0iK2QuZGF0YS5wcm9kdWN0X3JlbGVhc2UrIiNkaWZmdmlldyI7Ly9BdXRob3JlZCBieTogbGV0aW1vbWUgaW4gY29tbWl0OmJlY2M5OWY2OTgwODI3MGE4MzNkNjUwZjk3YmFmMmY0MmFjZGFmMzIsIHdpdGggbWVzc2FnZTpjaGFuZ2VzIGZvciBQYXJpcyBXUyAKKwkJICAgIC8qXV0+Ki8vL0F1dGhvcmVkIGJ5OiBsZXRpbW9tZSBpbiBjb21taXQ6YmVjYzk5ZjY5ODA4MjcwYTgzM2Q2NTBmOTdiYWYyZjQyYWNkYWYzMiwgd2l0aCBtZXNzYWdlOmNoYW5nZXMgZm9yIFBhcmlzIFdTIAorCQkgCSB9KTsvL0F1dGhvcmVkIGJ5OiBsZXRpbW9tZSBpbiBjb21taXQ6YmVjYzk5ZjY5ODA4MjcwYTgzM2Q2NTBmOTdiYWYyZjQyYWNkYWYzMiwgd2l0aCBtZXNzYWdlOmNoYW5nZXMgZm9yIFBhcmlzIFdTIAogCSAgICBpZihob3Zlcj09ZmFsc2UpCiAJICAgIAlkMy5zZWxlY3RBbGwoZC5hbmNlc3RvcnMoKS5tYXAoZnVuY3Rpb24oZCkgeyByZXR1cm4gZC5ub2RlOyB9KSkKIAkgICAgCSAgICAgIC5jbGFzc2VkKCJub2RlLS1ob3ZlciIsIGhvdmVyKS5zZWxlY3QoInJlY3QiKS4KIAkgICAgCSAgICAgIHN0eWxlKCJmaWxsIiwgZnVuY3Rpb24oZCkgeyAKLQkgICAgCSAgICAJICAJdmFyIG9wZXJhdGlvbiA9IGQuZGF0YS5vcGVyYXRpb247Ci0JICAJICAgIAkJaWYgKCAob3BlcmF0aW9uID09InVuZGVmaW5lZCIpIHx8IChkLmRhdGEub3BlcmF0aW9uPT1udWxsKSkgcmV0dXJuICIjY2NjY2NjIjsKLQkgIAkgICAgCSAgCWVsc2UgaWYgKG9wZXJhdGlvbj09KCJhZGQiKSkgcmV0dXJuICIjM2ZhYzU0IjsKLQkgIAkgICAgCSAgCWVsc2UgaWYgKG9wZXJhdGlvbj09KCJkZWxldGUiKSkgcmV0dXJuICIjZTYzMjNkIjsKLQkgIAkgICAgCSAgCWVsc2UgaWYgKG9wZXJhdGlvbj09ImNodXJuIikgcmV0dXJuICIjRkY4MTAwIjsKLQkgICAgCSAgICAJICB9KTsKKwkgICAgCSAgICAJICAJcmV0dXJuICAgZC5kYXRhLm9wZXJhdGlvbjt9KTsvL0F1dGhvcmVkIGJ5OiBsZXRpbW9tZSBpbiBjb21taXQ6YmVjYzk5ZjY5ODA4MjcwYTgzM2Q2NTBmOTdiYWYyZjQyYWNkYWYzMiwgd2l0aCBtZXNzYWdlOmNoYW5nZXMgZm9yIFBhcmlzIFdTIAogCSAgICBlbHNlIGQzLnNlbGVjdChkLm5vZGUpLmNsYXNzZWQoIm5vZGUtLWhvdmVyIiwgaG92ZXIpLgogCSAgICBzZWxlY3QoInJlY3QiKS5zdHlsZSgiZmlsbCIsIiM2NDk1ZWQiKTsKIAkgIH07Cg==','becc99f69808270a833d650f97baf2f42acdaf32; becc99f69808270a833d650f97baf2f42acdaf32; becc99f69808270a833d650f97baf2f42acdaf32; becc99f69808270a833d650f97baf2f42acdaf32; becc99f69808270a833d650f97baf2f42acdaf32; becc99f69808270a833d650f97baf2f42acdaf32; becc99f69808270a833d650f97baf2f42acdaf32; becc99f69808270a833d650f97baf2f42acdaf32; becc99f69808270a833d650f97baf2f42acdaf32; becc99f69808270a833d650f97baf2f42acdaf32; becc99f69808270a833d650f97baf2f42acdaf32; becc99f69808270a833d650f97baf2f42acdaf32; becc99f69808270a833d650f97baf2f42acdaf32; becc99f69808270a833d650f97baf2f42acdaf32; becc99f69808270a833d650f97baf2f42acdaf32; becc99f69808270a833d650f97baf2f42acdaf32; ','changes for Paris WS
; ','ZGlmZiAtLWdpdCBhL2lucHV0L2pzL3NjYWxlLmpzIGIvaW5wdXQvanMvc2NhbGUuanMKaW5kZXggYzI3OWVhYS4uYzA5ZGJhNiAxMDA2NDQKLS0tIGEvaW5wdXQvanMvc2NhbGUuanMKKysrIGIvaW5wdXQvanMvc2NhbGUuanMKQEAgLTEyLDIxICsxMiwyOCBAQAogCSAgICBkMy5zZWxlY3RBbGwoZC5hbmNlc3RvcnMoKS5tYXAoZnVuY3Rpb24oZCkgeyByZXR1cm4gZC5ub2RlOyB9KSkKIAkgICAgICAgIC5jbGFzc2VkKCJub2RlLS1ob3ZlciIsIGhvdmVyKQogCSAgICAgIC4Jc2VsZWN0KCJyZWN0IikKLQkgICAgICAuc3R5bGUoImJvZGVyLWNvbG9yIiwiYmxhY2siKQotCSAgICAgICAuc3R5bGUoInN0cm9rZSIsImJsYWNrIikKIAkgICAgICAgIC5hdHRyKCJ3aWR0aCIsIGZ1bmN0aW9uKGQpIHsgcmV0dXJuIGQueDEgLSBkLngwIC0gaG92ZXI7IH0pCiAJICAgICAgICAuYXR0cigiaGVpZ2h0IiwgZnVuY3Rpb24oZCkgeyByZXR1cm4gZC55MSAtIGQueTAgLSBob3ZlcjsgfSk7Ci0JICAgIAorCSAgICB2YXIgY2VsbCA9IHN2ZworCSAgICAuc2VsZWN0QWxsKCIubm9kZSIpCisJICAgIC5kYXRhKHJvb3QuZGVzY2VuZGFudHMoKSkKKwkgICAgLmVudGVyKCkuYXBwZW5kKCJnIikKKwkgICAgICAgLmF0dHIoInRyYW5zZm9ybSIsIGZ1bmN0aW9uKGQpIHsgcmV0dXJuICJ0cmFuc2xhdGUoIiArIGQueDAgKyAiLCIgKyBkLnkwICsgIikiOyB9KQorCSAgICAgIC5hdHRyKCJjbGFzcyIsICJub2RlIikKKwkgICAgICAuZWFjaChmdW5jdGlvbihkKSB7IGQubm9kZSA9IHRoaXM7IH0pCisJICAgICAgLm9uKCJtb3VzZW92ZXIiLCBob3ZlcmVkKHRydWUpKQorCSAgICAgIC5vbigibW91c2VvdXQiLCBob3ZlcmVkKGZhbHNlKSkKKwkgICAgICAub24oImNsaWNrIiwgZnVuY3Rpb24oZCl7CisJCSAgICBjb25zb2xlLmxvZygiY2xpY2tlZCBpZF9jb3JlX2Fzc2V0IitkLmRhdGEuaWRfY29yZV9hc3NldCk7CisJCSAgICAvKjwhW0NEQVRBWyovCisJCSAgICB3aW5kb3cubG9jYXRpb24uaHJlZiA9ICJodHRwOi8vbG9jYWxob3N0OjgwODAvdHJlZW1hcGZlYXR1cmVwcm9kdWN0dmlldz9iYXNlPUJhc2VsaW5lLXYxLjAmZm5hbWU9IitkLmRhdGEuZm5hbWUrIiZpZGZpbGU9IisgZC5kYXRhLmlkX2NvcmVfYXNzZXQrIiZwcj0iK2QuZGF0YS5wcm9kdWN0X3JlbGVhc2UrIiNkaWZmdmlldyI7CisJCSAgICAvKl1dPiovCisJCSAJIH0pOwogCSAgICBpZihob3Zlcj09ZmFsc2UpCiAJICAgIAlkMy5zZWxlY3RBbGwoZC5hbmNlc3RvcnMoKS5tYXAoZnVuY3Rpb24oZCkgeyByZXR1cm4gZC5ub2RlOyB9KSkKIAkgICAgCSAgICAgIC5jbGFzc2VkKCJub2RlLS1ob3ZlciIsIGhvdmVyKS5zZWxlY3QoInJlY3QiKS4KIAkgICAgCSAgICAgIHN0eWxlKCJmaWxsIiwgZnVuY3Rpb24oZCkgeyAKLQkgICAgCSAgICAJICAJdmFyIG9wZXJhdGlvbiA9IGQuZGF0YS5vcGVyYXRpb247Ci0JICAJICAgIAkJaWYgKCAob3BlcmF0aW9uID09InVuZGVmaW5lZCIpIHx8IChkLmRhdGEub3BlcmF0aW9uPT1udWxsKSkgcmV0dXJuICIjY2NjY2NjIjsKLQkgIAkgICAgCSAgCWVsc2UgaWYgKG9wZXJhdGlvbj09KCJhZGQiKSkgcmV0dXJuICIjM2ZhYzU0IjsKLQkgIAkgICAgCSAgCWVsc2UgaWYgKG9wZXJhdGlvbj09KCJkZWxldGUiKSkgcmV0dXJuICIjZTYzMjNkIjsKLQkgIAkgICAgCSAgCWVsc2UgaWYgKG9wZXJhdGlvbj09ImNodXJuIikgcmV0dXJuICIjRkY4MTAwIjsKLQkgICAgCSAgICAJICB9KTsKKwkgICAgCSAgICAJICAJcmV0dXJuICAgZC5kYXRhLm9wZXJhdGlvbjt9KTsKIAkgICAgZWxzZSBkMy5zZWxlY3QoZC5ub2RlKS5jbGFzc2VkKCJub2RlLS1ob3ZlciIsIGhvdmVyKS4KIAkgICAgc2VsZWN0KCJyZWN0Iikuc3R5bGUoImZpbGwiLCIjNjQ5NWVkIik7CiAJICB9OwpAQCAtNTUsMTkgKzYyLDExIEBACiAJICAgICAgIC5zdHlsZSgic3Ryb2tlIiwiYmxhY2siKQogCSAgICAgICAgLmF0dHIoIndpZHRoIiwgZnVuY3Rpb24oZCkgeyByZXR1cm4gZC54MSAtIGQueDAgLSBob3ZlcjsgfSkKIAkgICAgICAgIC5hdHRyKCJoZWlnaHQiLCBmdW5jdGlvbihkKSB7IHJldHVybiBkLnkxIC0gZC55MCAtIGhvdmVyOyB9KTsKLQkgICAgCi0JICAgIGlmKGhvdmVyPT1mYWxzZSkKLQkgICAgCWQzLnNlbGVjdEFsbChkLmFuY2VzdG9ycygpLm1hcChmdW5jdGlvbihkKSB7IHJldHVybiBkLm5vZGU7IH0pKQotCSAgICAJICAgICAgLmNsYXNzZWQoIm5vZGUtLWhvdmVyIiwgaG92ZXIpLnNlbGVjdCgicmVjdCIpLgotCSAgICAJICAgICAgc3R5bGUoImZpbGwiLCBmdW5jdGlvbihkKSB7IAotCSAgICAJICAgIAkgIAl2YXIgb3BlcmF0aW9uID0gZC5kYXRhLm9wZXJhdGlvbjsKLQkgIAkgICAgCQlpZiAoIChvcGVyYXRpb24gPT0idW5kZWZpbmVkIikgfHwgKGQuZGF0YS5vcGVyYXRpb249PW51bGwpKSByZXR1cm4gIiNjY2NjY2MiOwotCSAgCSAgICAJICAJZWxzZSBpZiAob3BlcmF0aW9uPT0oImFkZCIpKSByZXR1cm4gIiMzZmFjNTQiOwotCSAgCSAgICAJICAJZWxzZSBpZiAob3BlcmF0aW9uPT0oImRlbGV0ZSIpKSByZXR1cm4gIiNlNjMyM2QiOwotCSAgCSAgICAJICAJZWxzZSBpZiAob3BlcmF0aW9uPT0iY2h1cm4iKSByZXR1cm4gIiNGRjgxMDAiOwotCSAgICAJICAgIAkgIH0pOwotCSAgICBlbHNlIGQzLnNlbGVjdChkLm5vZGUpLmNsYXNzZWQoIm5vZGUtLWhvdmVyIiwgaG92ZXIpLgotCSAgICBzZWxlY3QoInJlY3QiKS5zdHlsZSgiZmlsbCIsIiM2NDk1ZWQiKTsKKwkgICAgdmFyIGNlbGwgPSB2YXIgY2VsbCA9IGNlbGwuc2VsZWN0QWxsKCIubm9kZSIpOworCSAgICBjZWxsLmFwcGVuZCgiY2xpcFBhdGgiKQorCSAgICAgIC5hdHRyKCJpZCIsIGZ1bmN0aW9uKGQpIHsgcmV0dXJuICJjbGlwLSIgKyBkLmlkOyB9KQorCSAgICAuYXBwZW5kKCJ1c2UiKQorCSAgICAgIC5hdHRyKCJ4bGluazpocmVmIiwgZnVuY3Rpb24oZCkgeyByZXR1cm4gIiNyZWN0LSIgKyBkLmlkICsgIiI7IH0pOwogCSAgfTsKICAgLyoqCiAgIHZhciBvcGVyYXRpb24gPSBkLmRhdGEub3BlcmF0aW9uOwpAQCAtOTcsMTIgKzk2LDYgQEAKICAgICAgIC5vbigibW91c2VvdXQiLCBob3ZlcmVkKGZhbHNlKSkKICAgICAub24oImNsaWNrIiwgZnVuY3Rpb24oZCl7CiAgICAgCSAgICBpZihkLmRhdGEub3BlcmF0aW9uPT09InJldXNlZCIpIHdpbmRvdy5hbGVydCgiVGhpcyBhc3NldCBkb2VzIG5vdCBoYXZlIGFueSBEaWZmIGFzc29jaWF0ZWQhXG4gU2VsZWN0IGFub3RoZXIgYXNzZXQiKTsKLSAgICAJICAgIGVsc2V7Ci0gICAgCSAgICAJY29uc29sZS5sb2coImNsaWNrZWQgaWRfYXNzZXQiK2QuZGF0YS5wX2Fzc2V0X2lkKTsKLSAgICAJCSAgICAvKjwhW0NEQVRBWyovCi0gICAgCQkgICAgd2luZG93LmxvY2F0aW9uLmhyZWYgPSAiaHR0cDovL2xvY2FsaG9zdDo4MDgwL2ZpbGVfdnBfc3RydWN0dXJlP3ByPSIgK2QuZGF0YS5wcisiJmZpbGU9IisgZC5kYXRhLnBfYXNzZXRfaWQ7Ci0gICAgCQkgICAgLypdXT4qLwkKLSAgICAJICAgIH0gIH0pOwogLy8gUFY6RU5EQ09ORAogCiAK',12,58,4,'CHANGE_IN_VARIATION_POINT_BODY');
INSERT IGNORE INTO developer_group (id_developer_group) VALUES 
(59);
INSERT IGNORE INTO developer_bridge (id_developer_group,id_developer) VALUES 
(59,1);
INSERT IGNORE INTO developer_bridge (id_developer_group,id_developer) VALUES 
(59,1);
INSERT IGNORE INTO developer_bridge (id_developer_group,id_developer) VALUES 
(59,1);
INSERT IGNORE INTO developer_bridge (id_developer_group,id_developer) VALUES 
(59,1);
INSERT IGNORE INTO developer_bridge (id_developer_group,id_developer) VALUES 
(59,1);
INSERT IGNORE INTO customization_fact (idcustomization, lines_added,lines_deleted,custom_diff,commit_set,message_set,greater_diff,idvariationpoint,id_developer_group, idproductrelease, type) VALUES
(59,5,13,'ZGlmZiAtLWdpdCBhL2lucHV0L2pzL3NjYWxlLmpzIGIvaW5wdXQvanMvc2NhbGUuanMKaW5kZXggYzI3OWVhYS4uYzA5ZGJhNiAxMDA2NDQKLS0tIGEvaW5wdXQvanMvc2NhbGUuanMKKysrIGIvaW5wdXQvanMvc2NhbGUuanMKQEAgLTU1LDE5ICs2MiwxMSBAQCBFeHByZXNzaW9uOiAgKHB2Omhhc0ZlYXR1cmUoJ1RlbXBlcmF0dXJlJykpQ2hhbmdlIFR5cGU6IENIQU5HRV9JTl9WQVJJQVRJT05fUE9JTlRfQk9EWQogCSAgICAgICAuc3R5bGUoInN0cm9rZSIsImJsYWNrIikKIAkgICAgICAgIC5hdHRyKCJ3aWR0aCIsIGZ1bmN0aW9uKGQpIHsgcmV0dXJuIGQueDEgLSBkLngwIC0gaG92ZXI7IH0pCiAJICAgICAgICAuYXR0cigiaGVpZ2h0IiwgZnVuY3Rpb24oZCkgeyByZXR1cm4gZC55MSAtIGQueTAgLSBob3ZlcjsgfSk7Ci0JICAgIAotCSAgICBpZihob3Zlcj09ZmFsc2UpCi0JICAgIAlkMy5zZWxlY3RBbGwoZC5hbmNlc3RvcnMoKS5tYXAoZnVuY3Rpb24oZCkgeyByZXR1cm4gZC5ub2RlOyB9KSkKLQkgICAgCSAgICAgIC5jbGFzc2VkKCJub2RlLS1ob3ZlciIsIGhvdmVyKS5zZWxlY3QoInJlY3QiKS4KLQkgICAgCSAgICAgIHN0eWxlKCJmaWxsIiwgZnVuY3Rpb24oZCkgeyAKLQkgICAgCSAgICAJICAJdmFyIG9wZXJhdGlvbiA9IGQuZGF0YS5vcGVyYXRpb247Ci0JICAJICAgIAkJaWYgKCAob3BlcmF0aW9uID09InVuZGVmaW5lZCIpIHx8IChkLmRhdGEub3BlcmF0aW9uPT1udWxsKSkgcmV0dXJuICIjY2NjY2NjIjsKLQkgIAkgICAgCSAgCWVsc2UgaWYgKG9wZXJhdGlvbj09KCJhZGQiKSkgcmV0dXJuICIjM2ZhYzU0IjsKLQkgIAkgICAgCSAgCWVsc2UgaWYgKG9wZXJhdGlvbj09KCJkZWxldGUiKSkgcmV0dXJuICIjZTYzMjNkIjsKLQkgIAkgICAgCSAgCWVsc2UgaWYgKG9wZXJhdGlvbj09ImNodXJuIikgcmV0dXJuICIjRkY4MTAwIjsKLQkgICAgCSAgICAJICB9KTsKLQkgICAgZWxzZSBkMy5zZWxlY3QoZC5ub2RlKS5jbGFzc2VkKCJub2RlLS1ob3ZlciIsIGhvdmVyKS4KLQkgICAgc2VsZWN0KCJyZWN0Iikuc3R5bGUoImZpbGwiLCIjNjQ5NWVkIik7CisJICAgIHZhciBjZWxsID0gdmFyIGNlbGwgPSBjZWxsLnNlbGVjdEFsbCgiLm5vZGUiKTsvL0F1dGhvcmVkIGJ5OiBsZXRpbW9tZSBpbiBjb21taXQ6YmVjYzk5ZjY5ODA4MjcwYTgzM2Q2NTBmOTdiYWYyZjQyYWNkYWYzMiwgd2l0aCBtZXNzYWdlOmNoYW5nZXMgZm9yIFBhcmlzIFdTIAorCSAgICBjZWxsLmFwcGVuZCgiY2xpcFBhdGgiKS8vQXV0aG9yZWQgYnk6IGxldGltb21lIGluIGNvbW1pdDpiZWNjOTlmNjk4MDgyNzBhODMzZDY1MGY5N2JhZjJmNDJhY2RhZjMyLCB3aXRoIG1lc3NhZ2U6Y2hhbmdlcyBmb3IgUGFyaXMgV1MgCisJICAgICAgLmF0dHIoImlkIiwgZnVuY3Rpb24oZCkgeyByZXR1cm4gImNsaXAtIiArIGQuaWQ7IH0pLy9BdXRob3JlZCBieTogbGV0aW1vbWUgaW4gY29tbWl0OmJlY2M5OWY2OTgwODI3MGE4MzNkNjUwZjk3YmFmMmY0MmFjZGFmMzIsIHdpdGggbWVzc2FnZTpjaGFuZ2VzIGZvciBQYXJpcyBXUyAKKwkgICAgLmFwcGVuZCgidXNlIikvL0F1dGhvcmVkIGJ5OiBsZXRpbW9tZSBpbiBjb21taXQ6YmVjYzk5ZjY5ODA4MjcwYTgzM2Q2NTBmOTdiYWYyZjQyYWNkYWYzMiwgd2l0aCBtZXNzYWdlOmNoYW5nZXMgZm9yIFBhcmlzIFdTIAorCSAgICAgIC5hdHRyKCJ4bGluazpocmVmIiwgZnVuY3Rpb24oZCkgeyByZXR1cm4gIiNyZWN0LSIgKyBkLmlkICsgIiI7IH0pOy8vQXV0aG9yZWQgYnk6IGxldGltb21lIGluIGNvbW1pdDpiZWNjOTlmNjk4MDgyNzBhODMzZDY1MGY5N2JhZjJmNDJhY2RhZjMyLCB3aXRoIG1lc3NhZ2U6Y2hhbmdlcyBmb3IgUGFyaXMgV1MgCiAJICB9OwogICAvKioKICAgdmFyIG9wZXJhdGlvbiA9IGQuZGF0YS5vcGVyYXRpb247Cg==','becc99f69808270a833d650f97baf2f42acdaf32; becc99f69808270a833d650f97baf2f42acdaf32; becc99f69808270a833d650f97baf2f42acdaf32; becc99f69808270a833d650f97baf2f42acdaf32; becc99f69808270a833d650f97baf2f42acdaf32; ','changes for Paris WS
; ','ZGlmZiAtLWdpdCBhL2lucHV0L2pzL3NjYWxlLmpzIGIvaW5wdXQvanMvc2NhbGUuanMKaW5kZXggYzI3OWVhYS4uYzA5ZGJhNiAxMDA2NDQKLS0tIGEvaW5wdXQvanMvc2NhbGUuanMKKysrIGIvaW5wdXQvanMvc2NhbGUuanMKQEAgLTEyLDIxICsxMiwyOCBAQAogCSAgICBkMy5zZWxlY3RBbGwoZC5hbmNlc3RvcnMoKS5tYXAoZnVuY3Rpb24oZCkgeyByZXR1cm4gZC5ub2RlOyB9KSkKIAkgICAgICAgIC5jbGFzc2VkKCJub2RlLS1ob3ZlciIsIGhvdmVyKQogCSAgICAgIC4Jc2VsZWN0KCJyZWN0IikKLQkgICAgICAuc3R5bGUoImJvZGVyLWNvbG9yIiwiYmxhY2siKQotCSAgICAgICAuc3R5bGUoInN0cm9rZSIsImJsYWNrIikKIAkgICAgICAgIC5hdHRyKCJ3aWR0aCIsIGZ1bmN0aW9uKGQpIHsgcmV0dXJuIGQueDEgLSBkLngwIC0gaG92ZXI7IH0pCiAJICAgICAgICAuYXR0cigiaGVpZ2h0IiwgZnVuY3Rpb24oZCkgeyByZXR1cm4gZC55MSAtIGQueTAgLSBob3ZlcjsgfSk7Ci0JICAgIAorCSAgICB2YXIgY2VsbCA9IHN2ZworCSAgICAuc2VsZWN0QWxsKCIubm9kZSIpCisJICAgIC5kYXRhKHJvb3QuZGVzY2VuZGFudHMoKSkKKwkgICAgLmVudGVyKCkuYXBwZW5kKCJnIikKKwkgICAgICAgLmF0dHIoInRyYW5zZm9ybSIsIGZ1bmN0aW9uKGQpIHsgcmV0dXJuICJ0cmFuc2xhdGUoIiArIGQueDAgKyAiLCIgKyBkLnkwICsgIikiOyB9KQorCSAgICAgIC5hdHRyKCJjbGFzcyIsICJub2RlIikKKwkgICAgICAuZWFjaChmdW5jdGlvbihkKSB7IGQubm9kZSA9IHRoaXM7IH0pCisJICAgICAgLm9uKCJtb3VzZW92ZXIiLCBob3ZlcmVkKHRydWUpKQorCSAgICAgIC5vbigibW91c2VvdXQiLCBob3ZlcmVkKGZhbHNlKSkKKwkgICAgICAub24oImNsaWNrIiwgZnVuY3Rpb24oZCl7CisJCSAgICBjb25zb2xlLmxvZygiY2xpY2tlZCBpZF9jb3JlX2Fzc2V0IitkLmRhdGEuaWRfY29yZV9hc3NldCk7CisJCSAgICAvKjwhW0NEQVRBWyovCisJCSAgICB3aW5kb3cubG9jYXRpb24uaHJlZiA9ICJodHRwOi8vbG9jYWxob3N0OjgwODAvdHJlZW1hcGZlYXR1cmVwcm9kdWN0dmlldz9iYXNlPUJhc2VsaW5lLXYxLjAmZm5hbWU9IitkLmRhdGEuZm5hbWUrIiZpZGZpbGU9IisgZC5kYXRhLmlkX2NvcmVfYXNzZXQrIiZwcj0iK2QuZGF0YS5wcm9kdWN0X3JlbGVhc2UrIiNkaWZmdmlldyI7CisJCSAgICAvKl1dPiovCisJCSAJIH0pOwogCSAgICBpZihob3Zlcj09ZmFsc2UpCiAJICAgIAlkMy5zZWxlY3RBbGwoZC5hbmNlc3RvcnMoKS5tYXAoZnVuY3Rpb24oZCkgeyByZXR1cm4gZC5ub2RlOyB9KSkKIAkgICAgCSAgICAgIC5jbGFzc2VkKCJub2RlLS1ob3ZlciIsIGhvdmVyKS5zZWxlY3QoInJlY3QiKS4KIAkgICAgCSAgICAgIHN0eWxlKCJmaWxsIiwgZnVuY3Rpb24oZCkgeyAKLQkgICAgCSAgICAJICAJdmFyIG9wZXJhdGlvbiA9IGQuZGF0YS5vcGVyYXRpb247Ci0JICAJICAgIAkJaWYgKCAob3BlcmF0aW9uID09InVuZGVmaW5lZCIpIHx8IChkLmRhdGEub3BlcmF0aW9uPT1udWxsKSkgcmV0dXJuICIjY2NjY2NjIjsKLQkgIAkgICAgCSAgCWVsc2UgaWYgKG9wZXJhdGlvbj09KCJhZGQiKSkgcmV0dXJuICIjM2ZhYzU0IjsKLQkgIAkgICAgCSAgCWVsc2UgaWYgKG9wZXJhdGlvbj09KCJkZWxldGUiKSkgcmV0dXJuICIjZTYzMjNkIjsKLQkgIAkgICAgCSAgCWVsc2UgaWYgKG9wZXJhdGlvbj09ImNodXJuIikgcmV0dXJuICIjRkY4MTAwIjsKLQkgICAgCSAgICAJICB9KTsKKwkgICAgCSAgICAJICAJcmV0dXJuICAgZC5kYXRhLm9wZXJhdGlvbjt9KTsKIAkgICAgZWxzZSBkMy5zZWxlY3QoZC5ub2RlKS5jbGFzc2VkKCJub2RlLS1ob3ZlciIsIGhvdmVyKS4KIAkgICAgc2VsZWN0KCJyZWN0Iikuc3R5bGUoImZpbGwiLCIjNjQ5NWVkIik7CiAJICB9OwpAQCAtNTUsMTkgKzYyLDExIEBACiAJICAgICAgIC5zdHlsZSgic3Ryb2tlIiwiYmxhY2siKQogCSAgICAgICAgLmF0dHIoIndpZHRoIiwgZnVuY3Rpb24oZCkgeyByZXR1cm4gZC54MSAtIGQueDAgLSBob3ZlcjsgfSkKIAkgICAgICAgIC5hdHRyKCJoZWlnaHQiLCBmdW5jdGlvbihkKSB7IHJldHVybiBkLnkxIC0gZC55MCAtIGhvdmVyOyB9KTsKLQkgICAgCi0JICAgIGlmKGhvdmVyPT1mYWxzZSkKLQkgICAgCWQzLnNlbGVjdEFsbChkLmFuY2VzdG9ycygpLm1hcChmdW5jdGlvbihkKSB7IHJldHVybiBkLm5vZGU7IH0pKQotCSAgICAJICAgICAgLmNsYXNzZWQoIm5vZGUtLWhvdmVyIiwgaG92ZXIpLnNlbGVjdCgicmVjdCIpLgotCSAgICAJICAgICAgc3R5bGUoImZpbGwiLCBmdW5jdGlvbihkKSB7IAotCSAgICAJICAgIAkgIAl2YXIgb3BlcmF0aW9uID0gZC5kYXRhLm9wZXJhdGlvbjsKLQkgIAkgICAgCQlpZiAoIChvcGVyYXRpb24gPT0idW5kZWZpbmVkIikgfHwgKGQuZGF0YS5vcGVyYXRpb249PW51bGwpKSByZXR1cm4gIiNjY2NjY2MiOwotCSAgCSAgICAJICAJZWxzZSBpZiAob3BlcmF0aW9uPT0oImFkZCIpKSByZXR1cm4gIiMzZmFjNTQiOwotCSAgCSAgICAJICAJZWxzZSBpZiAob3BlcmF0aW9uPT0oImRlbGV0ZSIpKSByZXR1cm4gIiNlNjMyM2QiOwotCSAgCSAgICAJICAJZWxzZSBpZiAob3BlcmF0aW9uPT0iY2h1cm4iKSByZXR1cm4gIiNGRjgxMDAiOwotCSAgICAJICAgIAkgIH0pOwotCSAgICBlbHNlIGQzLnNlbGVjdChkLm5vZGUpLmNsYXNzZWQoIm5vZGUtLWhvdmVyIiwgaG92ZXIpLgotCSAgICBzZWxlY3QoInJlY3QiKS5zdHlsZSgiZmlsbCIsIiM2NDk1ZWQiKTsKKwkgICAgdmFyIGNlbGwgPSB2YXIgY2VsbCA9IGNlbGwuc2VsZWN0QWxsKCIubm9kZSIpOworCSAgICBjZWxsLmFwcGVuZCgiY2xpcFBhdGgiKQorCSAgICAgIC5hdHRyKCJpZCIsIGZ1bmN0aW9uKGQpIHsgcmV0dXJuICJjbGlwLSIgKyBkLmlkOyB9KQorCSAgICAuYXBwZW5kKCJ1c2UiKQorCSAgICAgIC5hdHRyKCJ4bGluazpocmVmIiwgZnVuY3Rpb24oZCkgeyByZXR1cm4gIiNyZWN0LSIgKyBkLmlkICsgIiI7IH0pOwogCSAgfTsKICAgLyoqCiAgIHZhciBvcGVyYXRpb24gPSBkLmRhdGEub3BlcmF0aW9uOwpAQCAtOTcsMTIgKzk2LDYgQEAKICAgICAgIC5vbigibW91c2VvdXQiLCBob3ZlcmVkKGZhbHNlKSkKICAgICAub24oImNsaWNrIiwgZnVuY3Rpb24oZCl7CiAgICAgCSAgICBpZihkLmRhdGEub3BlcmF0aW9uPT09InJldXNlZCIpIHdpbmRvdy5hbGVydCgiVGhpcyBhc3NldCBkb2VzIG5vdCBoYXZlIGFueSBEaWZmIGFzc29jaWF0ZWQhXG4gU2VsZWN0IGFub3RoZXIgYXNzZXQiKTsKLSAgICAJICAgIGVsc2V7Ci0gICAgCSAgICAJY29uc29sZS5sb2coImNsaWNrZWQgaWRfYXNzZXQiK2QuZGF0YS5wX2Fzc2V0X2lkKTsKLSAgICAJCSAgICAvKjwhW0NEQVRBWyovCi0gICAgCQkgICAgd2luZG93LmxvY2F0aW9uLmhyZWYgPSAiaHR0cDovL2xvY2FsaG9zdDo4MDgwL2ZpbGVfdnBfc3RydWN0dXJlP3ByPSIgK2QuZGF0YS5wcisiJmZpbGU9IisgZC5kYXRhLnBfYXNzZXRfaWQ7Ci0gICAgCQkgICAgLypdXT4qLwkKLSAgICAJICAgIH0gIH0pOwogLy8gUFY6RU5EQ09ORAogCiAK',13,59,4,'CHANGE_IN_VARIATION_POINT_BODY');
INSERT IGNORE INTO developer_group (id_developer_group) VALUES 
(60);
INSERT IGNORE INTO customization_fact (idcustomization, lines_added,lines_deleted,custom_diff,commit_set,message_set,greater_diff,idvariationpoint,id_developer_group, idproductrelease, type) VALUES
(60,0,6,'ZGlmZiAtLWdpdCBhL2lucHV0L2pzL3NjYWxlLmpzIGIvaW5wdXQvanMvc2NhbGUuanMKaW5kZXggYzI3OWVhYS4uYzA5ZGJhNiAxMDA2NDQKLS0tIGEvaW5wdXQvanMvc2NhbGUuanMKKysrIGIvaW5wdXQvanMvc2NhbGUuanMKQEAgLTk3LDEyICs5Niw2IEBAIEV4cHJlc3Npb246ICAocHY6aGFzRmVhdHVyZSgnV2luZFNwZWVkJykpQ2hhbmdlIFR5cGU6IENIQU5HRV9JTl9WQVJJQVRJT05fUE9JTlRfQk9EWQogICAgICAgLm9uKCJtb3VzZW91dCIsIGhvdmVyZWQoZmFsc2UpKQogICAgIC5vbigiY2xpY2siLCBmdW5jdGlvbihkKXsKICAgICAJICAgIGlmKGQuZGF0YS5vcGVyYXRpb249PT0icmV1c2VkIikgd2luZG93LmFsZXJ0KCJUaGlzIGFzc2V0IGRvZXMgbm90IGhhdmUgYW55IERpZmYgYXNzb2NpYXRlZCFcbiBTZWxlY3QgYW5vdGhlciBhc3NldCIpOwotICAgIAkgICAgZWxzZXsKLSAgICAJICAgIAljb25zb2xlLmxvZygiY2xpY2tlZCBpZF9hc3NldCIrZC5kYXRhLnBfYXNzZXRfaWQpOwotICAgIAkJICAgIC8qPCFbQ0RBVEFbKi8KLSAgICAJCSAgICB3aW5kb3cubG9jYXRpb24uaHJlZiA9ICJodHRwOi8vbG9jYWxob3N0OjgwODAvZmlsZV92cF9zdHJ1Y3R1cmU/cHI9IiArZC5kYXRhLnByKyImZmlsZT0iKyBkLmRhdGEucF9hc3NldF9pZDsKLSAgICAJCSAgICAvKl1dPiovCQotICAgIAkgICAgfSAgfSk7CiAvLyBQVjpFTkRDT05ECiAKIAo=','','','ZGlmZiAtLWdpdCBhL2lucHV0L2pzL3NjYWxlLmpzIGIvaW5wdXQvanMvc2NhbGUuanMKaW5kZXggYzI3OWVhYS4uYzA5ZGJhNiAxMDA2NDQKLS0tIGEvaW5wdXQvanMvc2NhbGUuanMKKysrIGIvaW5wdXQvanMvc2NhbGUuanMKQEAgLTEyLDIxICsxMiwyOCBAQAogCSAgICBkMy5zZWxlY3RBbGwoZC5hbmNlc3RvcnMoKS5tYXAoZnVuY3Rpb24oZCkgeyByZXR1cm4gZC5ub2RlOyB9KSkKIAkgICAgICAgIC5jbGFzc2VkKCJub2RlLS1ob3ZlciIsIGhvdmVyKQogCSAgICAgIC4Jc2VsZWN0KCJyZWN0IikKLQkgICAgICAuc3R5bGUoImJvZGVyLWNvbG9yIiwiYmxhY2siKQotCSAgICAgICAuc3R5bGUoInN0cm9rZSIsImJsYWNrIikKIAkgICAgICAgIC5hdHRyKCJ3aWR0aCIsIGZ1bmN0aW9uKGQpIHsgcmV0dXJuIGQueDEgLSBkLngwIC0gaG92ZXI7IH0pCiAJICAgICAgICAuYXR0cigiaGVpZ2h0IiwgZnVuY3Rpb24oZCkgeyByZXR1cm4gZC55MSAtIGQueTAgLSBob3ZlcjsgfSk7Ci0JICAgIAorCSAgICB2YXIgY2VsbCA9IHN2ZworCSAgICAuc2VsZWN0QWxsKCIubm9kZSIpCisJICAgIC5kYXRhKHJvb3QuZGVzY2VuZGFudHMoKSkKKwkgICAgLmVudGVyKCkuYXBwZW5kKCJnIikKKwkgICAgICAgLmF0dHIoInRyYW5zZm9ybSIsIGZ1bmN0aW9uKGQpIHsgcmV0dXJuICJ0cmFuc2xhdGUoIiArIGQueDAgKyAiLCIgKyBkLnkwICsgIikiOyB9KQorCSAgICAgIC5hdHRyKCJjbGFzcyIsICJub2RlIikKKwkgICAgICAuZWFjaChmdW5jdGlvbihkKSB7IGQubm9kZSA9IHRoaXM7IH0pCisJICAgICAgLm9uKCJtb3VzZW92ZXIiLCBob3ZlcmVkKHRydWUpKQorCSAgICAgIC5vbigibW91c2VvdXQiLCBob3ZlcmVkKGZhbHNlKSkKKwkgICAgICAub24oImNsaWNrIiwgZnVuY3Rpb24oZCl7CisJCSAgICBjb25zb2xlLmxvZygiY2xpY2tlZCBpZF9jb3JlX2Fzc2V0IitkLmRhdGEuaWRfY29yZV9hc3NldCk7CisJCSAgICAvKjwhW0NEQVRBWyovCisJCSAgICB3aW5kb3cubG9jYXRpb24uaHJlZiA9ICJodHRwOi8vbG9jYWxob3N0OjgwODAvdHJlZW1hcGZlYXR1cmVwcm9kdWN0dmlldz9iYXNlPUJhc2VsaW5lLXYxLjAmZm5hbWU9IitkLmRhdGEuZm5hbWUrIiZpZGZpbGU9IisgZC5kYXRhLmlkX2NvcmVfYXNzZXQrIiZwcj0iK2QuZGF0YS5wcm9kdWN0X3JlbGVhc2UrIiNkaWZmdmlldyI7CisJCSAgICAvKl1dPiovCisJCSAJIH0pOwogCSAgICBpZihob3Zlcj09ZmFsc2UpCiAJICAgIAlkMy5zZWxlY3RBbGwoZC5hbmNlc3RvcnMoKS5tYXAoZnVuY3Rpb24oZCkgeyByZXR1cm4gZC5ub2RlOyB9KSkKIAkgICAgCSAgICAgIC5jbGFzc2VkKCJub2RlLS1ob3ZlciIsIGhvdmVyKS5zZWxlY3QoInJlY3QiKS4KIAkgICAgCSAgICAgIHN0eWxlKCJmaWxsIiwgZnVuY3Rpb24oZCkgeyAKLQkgICAgCSAgICAJICAJdmFyIG9wZXJhdGlvbiA9IGQuZGF0YS5vcGVyYXRpb247Ci0JICAJICAgIAkJaWYgKCAob3BlcmF0aW9uID09InVuZGVmaW5lZCIpIHx8IChkLmRhdGEub3BlcmF0aW9uPT1udWxsKSkgcmV0dXJuICIjY2NjY2NjIjsKLQkgIAkgICAgCSAgCWVsc2UgaWYgKG9wZXJhdGlvbj09KCJhZGQiKSkgcmV0dXJuICIjM2ZhYzU0IjsKLQkgIAkgICAgCSAgCWVsc2UgaWYgKG9wZXJhdGlvbj09KCJkZWxldGUiKSkgcmV0dXJuICIjZTYzMjNkIjsKLQkgIAkgICAgCSAgCWVsc2UgaWYgKG9wZXJhdGlvbj09ImNodXJuIikgcmV0dXJuICIjRkY4MTAwIjsKLQkgICAgCSAgICAJICB9KTsKKwkgICAgCSAgICAJICAJcmV0dXJuICAgZC5kYXRhLm9wZXJhdGlvbjt9KTsKIAkgICAgZWxzZSBkMy5zZWxlY3QoZC5ub2RlKS5jbGFzc2VkKCJub2RlLS1ob3ZlciIsIGhvdmVyKS4KIAkgICAgc2VsZWN0KCJyZWN0Iikuc3R5bGUoImZpbGwiLCIjNjQ5NWVkIik7CiAJICB9OwpAQCAtNTUsMTkgKzYyLDExIEBACiAJICAgICAgIC5zdHlsZSgic3Ryb2tlIiwiYmxhY2siKQogCSAgICAgICAgLmF0dHIoIndpZHRoIiwgZnVuY3Rpb24oZCkgeyByZXR1cm4gZC54MSAtIGQueDAgLSBob3ZlcjsgfSkKIAkgICAgICAgIC5hdHRyKCJoZWlnaHQiLCBmdW5jdGlvbihkKSB7IHJldHVybiBkLnkxIC0gZC55MCAtIGhvdmVyOyB9KTsKLQkgICAgCi0JICAgIGlmKGhvdmVyPT1mYWxzZSkKLQkgICAgCWQzLnNlbGVjdEFsbChkLmFuY2VzdG9ycygpLm1hcChmdW5jdGlvbihkKSB7IHJldHVybiBkLm5vZGU7IH0pKQotCSAgICAJICAgICAgLmNsYXNzZWQoIm5vZGUtLWhvdmVyIiwgaG92ZXIpLnNlbGVjdCgicmVjdCIpLgotCSAgICAJICAgICAgc3R5bGUoImZpbGwiLCBmdW5jdGlvbihkKSB7IAotCSAgICAJICAgIAkgIAl2YXIgb3BlcmF0aW9uID0gZC5kYXRhLm9wZXJhdGlvbjsKLQkgIAkgICAgCQlpZiAoIChvcGVyYXRpb24gPT0idW5kZWZpbmVkIikgfHwgKGQuZGF0YS5vcGVyYXRpb249PW51bGwpKSByZXR1cm4gIiNjY2NjY2MiOwotCSAgCSAgICAJICAJZWxzZSBpZiAob3BlcmF0aW9uPT0oImFkZCIpKSByZXR1cm4gIiMzZmFjNTQiOwotCSAgCSAgICAJICAJZWxzZSBpZiAob3BlcmF0aW9uPT0oImRlbGV0ZSIpKSByZXR1cm4gIiNlNjMyM2QiOwotCSAgCSAgICAJICAJZWxzZSBpZiAob3BlcmF0aW9uPT0iY2h1cm4iKSByZXR1cm4gIiNGRjgxMDAiOwotCSAgICAJICAgIAkgIH0pOwotCSAgICBlbHNlIGQzLnNlbGVjdChkLm5vZGUpLmNsYXNzZWQoIm5vZGUtLWhvdmVyIiwgaG92ZXIpLgotCSAgICBzZWxlY3QoInJlY3QiKS5zdHlsZSgiZmlsbCIsIiM2NDk1ZWQiKTsKKwkgICAgdmFyIGNlbGwgPSB2YXIgY2VsbCA9IGNlbGwuc2VsZWN0QWxsKCIubm9kZSIpOworCSAgICBjZWxsLmFwcGVuZCgiY2xpcFBhdGgiKQorCSAgICAgIC5hdHRyKCJpZCIsIGZ1bmN0aW9uKGQpIHsgcmV0dXJuICJjbGlwLSIgKyBkLmlkOyB9KQorCSAgICAuYXBwZW5kKCJ1c2UiKQorCSAgICAgIC5hdHRyKCJ4bGluazpocmVmIiwgZnVuY3Rpb24oZCkgeyByZXR1cm4gIiNyZWN0LSIgKyBkLmlkICsgIiI7IH0pOwogCSAgfTsKICAgLyoqCiAgIHZhciBvcGVyYXRpb24gPSBkLmRhdGEub3BlcmF0aW9uOwpAQCAtOTcsMTIgKzk2LDYgQEAKICAgICAgIC5vbigibW91c2VvdXQiLCBob3ZlcmVkKGZhbHNlKSkKICAgICAub24oImNsaWNrIiwgZnVuY3Rpb24oZCl7CiAgICAgCSAgICBpZihkLmRhdGEub3BlcmF0aW9uPT09InJldXNlZCIpIHdpbmRvdy5hbGVydCgiVGhpcyBhc3NldCBkb2VzIG5vdCBoYXZlIGFueSBEaWZmIGFzc29jaWF0ZWQhXG4gU2VsZWN0IGFub3RoZXIgYXNzZXQiKTsKLSAgICAJICAgIGVsc2V7Ci0gICAgCSAgICAJY29uc29sZS5sb2coImNsaWNrZWQgaWRfYXNzZXQiK2QuZGF0YS5wX2Fzc2V0X2lkKTsKLSAgICAJCSAgICAvKjwhW0NEQVRBWyovCi0gICAgCQkgICAgd2luZG93LmxvY2F0aW9uLmhyZWYgPSAiaHR0cDovL2xvY2FsaG9zdDo4MDgwL2ZpbGVfdnBfc3RydWN0dXJlP3ByPSIgK2QuZGF0YS5wcisiJmZpbGU9IisgZC5kYXRhLnBfYXNzZXRfaWQ7Ci0gICAgCQkgICAgLypdXT4qLwkKLSAgICAJICAgIH0gIH0pOwogLy8gUFY6RU5EQ09ORAogCiAK',14,60,4,'CHANGE_IN_VARIATION_POINT_BODY');
INSERT IGNORE INTO developer_group (id_developer_group) VALUES 
(61);
INSERT IGNORE INTO developer_bridge (id_developer_group,id_developer) VALUES 
(61,1);
INSERT IGNORE INTO developer_bridge (id_developer_group,id_developer) VALUES 
(61,1);
INSERT IGNORE INTO developer_bridge (id_developer_group,id_developer) VALUES 
(61,1);
INSERT IGNORE INTO developer_bridge (id_developer_group,id_developer) VALUES 
(61,1);
INSERT IGNORE INTO developer_bridge (id_developer_group,id_developer) VALUES 
(61,1);
INSERT IGNORE INTO developer_bridge (id_developer_group,id_developer) VALUES 
(61,1);
INSERT IGNORE INTO developer_bridge (id_developer_group,id_developer) VALUES 
(61,1);
INSERT IGNORE INTO developer_bridge (id_developer_group,id_developer) VALUES 
(61,1);
INSERT IGNORE INTO developer_bridge (id_developer_group,id_developer) VALUES 
(61,1);
INSERT IGNORE INTO developer_bridge (id_developer_group,id_developer) VALUES 
(61,1);
INSERT IGNORE INTO developer_bridge (id_developer_group,id_developer) VALUES 
(61,1);
INSERT IGNORE INTO developer_bridge (id_developer_group,id_developer) VALUES 
(61,1);
INSERT IGNORE INTO developer_bridge (id_developer_group,id_developer) VALUES 
(61,1);
INSERT IGNORE INTO developer_bridge (id_developer_group,id_developer) VALUES 
(61,1);
INSERT IGNORE INTO developer_bridge (id_developer_group,id_developer) VALUES 
(61,1);
INSERT IGNORE INTO developer_bridge (id_developer_group,id_developer) VALUES 
(61,1);
INSERT IGNORE INTO developer_bridge (id_developer_group,id_developer) VALUES 
(61,1);
INSERT IGNORE INTO developer_bridge (id_developer_group,id_developer) VALUES 
(61,1);
INSERT IGNORE INTO developer_bridge (id_developer_group,id_developer) VALUES 
(61,1);
INSERT IGNORE INTO developer_bridge (id_developer_group,id_developer) VALUES 
(61,1);
INSERT IGNORE INTO customization_fact (idcustomization, lines_added,lines_deleted,custom_diff,commit_set,message_set,greater_diff,idvariationpoint,id_developer_group, idproductrelease, type) VALUES
(61,20,0,'ZGlmZiAtLWdpdCBhL2lucHV0L2pzL3NlbnNvcnNNYWludGVuYW5jZS5qcyBiL2lucHV0L2pzL3NlbnNvcnNNYWludGVuYW5jZS5qcwpuZXcgZmlsZSBtb2RlIDEwMDY0NAppbmRleCAwMDAwMDAwLi4yOTkxNjI4Ci0tLSAvZGV2L251bGwKQEAgLTAsMiArMSwyMCBAQCBFeHByZXNzaW9uOiAgKHB2Omhhc0ZlYXR1cmUoJ0FpclByZXNzdXJlJykpQ2hhbmdlIFR5cGU6IE5FV19BU1NFVF9XSVRIX05FV19WQVJJQVRJT05QT0lOVF9BTkRfTkVXX0ZFQVRVUkVTCisvLyBQVjpJRkNPTkQocHY6aGFzRmVhdHVyZSgnQWlyUHJlc3N1cmUnKSkvL0F1dGhvcmVkIGJ5OiBsZXRpbW9tZSBpbiBjb21taXQ6YmVjYzk5ZjY5ODA4MjcwYTgzM2Q2NTBmOTdiYWYyZjQyYWNkYWYzMiwgd2l0aCBtZXNzYWdlOmNoYW5nZXMgZm9yIFBhcmlzIFdTIAorZnVuY3Rpb24gYXBwbHlQcmVzc3VyZSgpIHsvL0F1dGhvcmVkIGJ5OiBsZXRpbW9tZSBpbiBjb21taXQ6YmVjYzk5ZjY5ODA4MjcwYTgzM2Q2NTBmOTdiYWYyZjQyYWNkYWYzMiwgd2l0aCBtZXNzYWdlOmNoYW5nZXMgZm9yIFBhcmlzIFdTIAorCXZhciBtZWFzdXJlVGV4dCA9IGRvY3VtZW50LmdldEVsZW1lbnRCeUlkKCJwX21lYXN1cmUiKTsvL0F1dGhvcmVkIGJ5OiBsZXRpbW9tZSBpbiBjb21taXQ6YmVjYzk5ZjY5ODA4MjcwYTgzM2Q2NTBmOTdiYWYyZjQyYWNkYWYzMiwgd2l0aCBtZXNzYWdlOmNoYW5nZXMgZm9yIFBhcmlzIFdTIAorCXZhciBwb2ludGVyID0gZG9jdW1lbnQuZ2V0RWxlbWVudEJ5SWQoInBfcG9pbnQiKTsvL0F1dGhvcmVkIGJ5OiBsZXRpbW9tZSBpbiBjb21taXQ6YmVjYzk5ZjY5ODA4MjcwYTgzM2Q2NTBmOTdiYWYyZjQyYWNkYWYzMiwgd2l0aCBtZXNzYWdlOmNoYW5nZXMgZm9yIFBhcmlzIFdTIAorCWFwcGx5VGFjaG9WYWx1ZShtaW5QcmVzLCBtYXhQcmVzLCBtZWFzdXJlVGV4dCwgcG9pbnRlcik7Ly9BdXRob3JlZCBieTogbGV0aW1vbWUgaW4gY29tbWl0OmJlY2M5OWY2OTgwODI3MGE4MzNkNjUwZjk3YmFmMmY0MmFjZGFmMzIsIHdpdGggbWVzc2FnZTpjaGFuZ2VzIGZvciBQYXJpcyBXUyAKKwlmdW5jdGlvbiBnZXRNZXRhQ29udGVudEJ5TmFtZShuYW1lLGNvbnRlbnQpey8vQXV0aG9yZWQgYnk6IGxldGltb21lIGluIGNvbW1pdDpiZWNjOTlmNjk4MDgyNzBhODMzZDY1MGY5N2JhZjJmNDJhY2RhZjMyLCB3aXRoIG1lc3NhZ2U6Y2hhbmdlcyBmb3IgUGFyaXMgV1MgCisJCSAgIHZhciBjb250ZW50ID0gKGNvbnRlbnQ9PW51bGwpPydjb250ZW50Jzpjb250ZW50Oy8vQXV0aG9yZWQgYnk6IGxldGltb21lIGluIGNvbW1pdDpiZWNjOTlmNjk4MDgyNzBhODMzZDY1MGY5N2JhZjJmNDJhY2RhZjMyLCB3aXRoIG1lc3NhZ2U6Y2hhbmdlcyBmb3IgUGFyaXMgV1MgCisJCSAgIHJldHVybiBkb2N1bWVudC5xdWVyeVNlbGVjdG9yKCJtZXRhW25hbWU9JyIrbmFtZSsiJ10iKS5nZXRBdHRyaWJ1dGUoY29udGVudCk7Ly9BdXRob3JlZCBieTogbGV0aW1vbWUgaW4gY29tbWl0OmJlY2M5OWY2OTgwODI3MGE4MzNkNjUwZjk3YmFmMmY0MmFjZGFmMzIsIHdpdGggbWVzc2FnZTpjaGFuZ2VzIGZvciBQYXJpcyBXUyAKKwkJfS8vQXV0aG9yZWQgYnk6IGxldGltb21lIGluIGNvbW1pdDpiZWNjOTlmNjk4MDgyNzBhODMzZDY1MGY5N2JhZjJmNDJhY2RhZjMyLCB3aXRoIG1lc3NhZ2U6Y2hhbmdlcyBmb3IgUGFyaXMgV1MgCisJCS8vQXV0aG9yZWQgYnk6IGxldGltb21lIGluIGNvbW1pdDpiZWNjOTlmNjk4MDgyNzBhODMzZDY1MGY5N2JhZjJmNDJhY2RhZjMyLCB3aXRoIG1lc3NhZ2U6Y2hhbmdlcyBmb3IgUGFyaXMgV1MgCisJCSQoZG9jdW1lbnQpLnJlYWR5KGZ1bmN0aW9uKCl7Ly9BdXRob3JlZCBieTogbGV0aW1vbWUgaW4gY29tbWl0OmJlY2M5OWY2OTgwODI3MGE4MzNkNjUwZjk3YmFmMmY0MmFjZGFmMzIsIHdpdGggbWVzc2FnZTpjaGFuZ2VzIGZvciBQYXJpcyBXUyAKKwkJCS8vY29uc29sZS5sb2coZGlmZlN0cmluZyk7IC8vZGlmZlN0cmluZyBzaG91bGQgYmUgdGhlIHZhbHVlIG9mIGRpZmZ2aWV3IHZhbHVlLy9BdXRob3JlZCBieTogbGV0aW1vbWUgaW4gY29tbWl0OmJlY2M5OWY2OTgwODI3MGE4MzNkNjUwZjk3YmFmMmY0MmFjZGFmMzIsIHdpdGggbWVzc2FnZTpjaGFuZ2VzIGZvciBQYXJpcyBXUyAKKwkJCS8vZ2V0IHNlbGVjdCgiI2RpZmZ2YWx1ZSIpLiBtZXRhZGF0YS8vQXV0aG9yZWQgYnk6IGxldGltb21lIGluIGNvbW1pdDpiZWNjOTlmNjk4MDgyNzBhODMzZDY1MGY5N2JhZjJmNDJhY2RhZjMyLCB3aXRoIG1lc3NhZ2U6Y2hhbmdlcyBmb3IgUGFyaXMgV1MgCisJCQl2YXIgZGlmZnZhbHVlID0gZ2V0TWV0YUNvbnRlbnRCeU5hbWUoImRpZmZ2YWx1ZSIpOy8vQXV0aG9yZWQgYnk6IGxldGltb21lIGluIGNvbW1pdDpiZWNjOTlmNjk4MDgyNzBhODMzZDY1MGY5N2JhZjJmNDJhY2RhZjMyLCB3aXRoIG1lc3NhZ2U6Y2hhbmdlcyBmb3IgUGFyaXMgV1MgCisJCQlpZiAoZGlmZnZhbHVlPT1udWxsKSByZXR1cm4gbnVsbDsvL0F1dGhvcmVkIGJ5OiBsZXRpbW9tZSBpbiBjb21taXQ6YmVjYzk5ZjY5ODA4MjcwYTgzM2Q2NTBmOTdiYWYyZjQyYWNkYWYzMiwgd2l0aCBtZXNzYWdlOmNoYW5nZXMgZm9yIFBhcmlzIFdTIAorCQl9KTsvL0F1dGhvcmVkIGJ5OiBsZXRpbW9tZSBpbiBjb21taXQ6YmVjYzk5ZjY5ODA4MjcwYTgzM2Q2NTBmOTdiYWYyZjQyYWNkYWYzMiwgd2l0aCBtZXNzYWdlOmNoYW5nZXMgZm9yIFBhcmlzIFdTIAorCXJldHVybiBmYWxzZTsvL0F1dGhvcmVkIGJ5OiBsZXRpbW9tZSBpbiBjb21taXQ6YmVjYzk5ZjY5ODA4MjcwYTgzM2Q2NTBmOTdiYWYyZjQyYWNkYWYzMiwgd2l0aCBtZXNzYWdlOmNoYW5nZXMgZm9yIFBhcmlzIFdTIAorfS8vQXV0aG9yZWQgYnk6IGxldGltb21lIGluIGNvbW1pdDpiZWNjOTlmNjk4MDgyNzBhODMzZDY1MGY5N2JhZjJmNDJhY2RhZjMyLCB3aXRoIG1lc3NhZ2U6Y2hhbmdlcyBmb3IgUGFyaXMgV1MgCisvLyBQVjpFTkRDT05ELy9BdXRob3JlZCBieTogbGV0aW1vbWUgaW4gY29tbWl0OmJlY2M5OWY2OTgwODI3MGE4MzNkNjUwZjk3YmFmMmY0MmFjZGFmMzIsIHdpdGggbWVzc2FnZTpjaGFuZ2VzIGZvciBQYXJpcyBXUyAKKy8vQXV0aG9yZWQgYnk6IGxldGltb21lIGluIGNvbW1pdDpiZWNjOTlmNjk4MDgyNzBhODMzZDY1MGY5N2JhZjJmNDJhY2RhZjMyLCB3aXRoIG1lc3NhZ2U6Y2hhbmdlcyBmb3IgUGFyaXMgV1MgCg==','becc99f69808270a833d650f97baf2f42acdaf32; becc99f69808270a833d650f97baf2f42acdaf32; becc99f69808270a833d650f97baf2f42acdaf32; becc99f69808270a833d650f97baf2f42acdaf32; becc99f69808270a833d650f97baf2f42acdaf32; becc99f69808270a833d650f97baf2f42acdaf32; becc99f69808270a833d650f97baf2f42acdaf32; becc99f69808270a833d650f97baf2f42acdaf32; becc99f69808270a833d650f97baf2f42acdaf32; becc99f69808270a833d650f97baf2f42acdaf32; becc99f69808270a833d650f97baf2f42acdaf32; becc99f69808270a833d650f97baf2f42acdaf32; becc99f69808270a833d650f97baf2f42acdaf32; becc99f69808270a833d650f97baf2f42acdaf32; becc99f69808270a833d650f97baf2f42acdaf32; becc99f69808270a833d650f97baf2f42acdaf32; becc99f69808270a833d650f97baf2f42acdaf32; becc99f69808270a833d650f97baf2f42acdaf32; becc99f69808270a833d650f97baf2f42acdaf32; becc99f69808270a833d650f97baf2f42acdaf32; ','changes for Paris WS
; ','ZGlmZiAtLWdpdCBhL2lucHV0L2pzL3NlbnNvcnNNYWludGVuYW5jZS5qcyBiL2lucHV0L2pzL3NlbnNvcnNNYWludGVuYW5jZS5qcwpuZXcgZmlsZSBtb2RlIDEwMDY0NAppbmRleCAwMDAwMDAwLi4yOTkxNjI4Ci0tLSAvZGV2L251bGwKKysrIGIvaW5wdXQvanMvc2Vuc29yc01haW50ZW5hbmNlLmpzCkBAIC0wLDAgKzEsMTM5IEBACisvLyBQVjpJRkNPTkQocHY6aGFzRmVhdHVyZSgnQWlyUHJlc3N1cmUnKSkKK2Z1bmN0aW9uIGFwcGx5UHJlc3N1cmUoKSB7CisJdmFyIG1lYXN1cmVUZXh0ID0gZG9jdW1lbnQuZ2V0RWxlbWVudEJ5SWQoInBfbWVhc3VyZSIpOworCXZhciBwb2ludGVyID0gZG9jdW1lbnQuZ2V0RWxlbWVudEJ5SWQoInBfcG9pbnQiKTsKKwlhcHBseVRhY2hvVmFsdWUobWluUHJlcywgbWF4UHJlcywgbWVhc3VyZVRleHQsIHBvaW50ZXIpOworCWZ1bmN0aW9uIGdldE1ldGFDb250ZW50QnlOYW1lKG5hbWUsY29udGVudCl7CisJCSAgIHZhciBjb250ZW50ID0gKGNvbnRlbnQ9PW51bGwpPydjb250ZW50Jzpjb250ZW50OworCQkgICByZXR1cm4gZG9jdW1lbnQucXVlcnlTZWxlY3RvcigibWV0YVtuYW1lPSciK25hbWUrIiddIikuZ2V0QXR0cmlidXRlKGNvbnRlbnQpOworCQl9CisJCQorCQkkKGRvY3VtZW50KS5yZWFkeShmdW5jdGlvbigpeworCQkJLy9jb25zb2xlLmxvZyhkaWZmU3RyaW5nKTsgLy9kaWZmU3RyaW5nIHNob3VsZCBiZSB0aGUgdmFsdWUgb2YgZGlmZnZpZXcgdmFsdWUKKwkJCS8vZ2V0IHNlbGVjdCgiI2RpZmZ2YWx1ZSIpLiBtZXRhZGF0YQorCQkJdmFyIGRpZmZ2YWx1ZSA9IGdldE1ldGFDb250ZW50QnlOYW1lKCJkaWZmdmFsdWUiKTsKKwkJCWlmIChkaWZmdmFsdWU9PW51bGwpIHJldHVybiBudWxsOworCQl9KTsKKwlyZXR1cm4gZmFsc2U7Cit9CisvLyBQVjpFTkRDT05ECisKKy8vIFBWOklGQ09ORChwdjpoYXNGZWF0dXJlKCdXaW5kU3BlZWQnKSkKK3ZhciB3aW5kTWVhc3VyZSA9IDA7CitmdW5jdGlvbiBhcHBseVdpbmRTcGVlZCgpIHsKKwl2YXIgbWVhc3VyZVRleHQgPSBkb2N1bWVudC5nZXRFbGVtZW50QnlJZCgid19tZWFzdXJlIik7CisJd2luZE1lYXN1cmUgPSBtZWFzdXJlVGV4dC52YWx1ZTsKKwl2YXIgcG9pbnRlciA9IGRvY3VtZW50LmdldEVsZW1lbnRCeUlkKCJ3X3BvaW50Iik7CisJCisJYXBwbHlUYWNob1ZhbHVlKG1pbldpbmQsIG1heFdpbmQsIG1lYXN1cmVUZXh0LCBwb2ludGVyKTsKKwlzZXRXYXJuaW5ncygpOworCXJldHVybiBmYWxzZTsKK30KKy8vIFBWOkVORENPTkQKKworLy8gUFY6SUZDT05EKHB2Omhhc0ZlYXR1cmUoJ1dpbmRTcGVlZCcpIG9yIHB2Omhhc0ZlYXR1cmUoJ0FpclByZXNzdXJlJykpCitmdW5jdGlvbiBhcHBseVRhY2hvVmFsdWUobWluLCBtYXgsIG1lYXN1cmVUZXh0LCBwb2ludGVyKSB7CisJdmFyIGRpdmlzb3IgPSBNYXRoLnJvdW5kKChtYXggLSBtaW4pLzEzKTsKKwl2YXIgYyA9IE1hdGgucm91bmQoZGl2aXNvci8yKTsKKwkKKwlpZiAobWVhc3VyZVRleHQgJiYgcG9pbnRlcikgeworCQl2YXIgbWVhc3VyZSA9IG1lYXN1cmVUZXh0LnZhbHVlOworCQl2YXIgaW50VmFsdWUgPSBjaGVja01lYXN1cmUobWluLCBtYXgsIG1lYXN1cmUpOworCQlpZiAoaXNOYU4oaW50VmFsdWUpKSByZXR1cm4gZmFsc2U7CisJCWZ1bmN0aW9uIGdldE1ldGFDb250ZW50QnlOYW1lKG5hbWUsY29udGVudCl7CisJCQkgICB2YXIgY29udGVudCA9IChjb250ZW50PT1udWxsKT8nY29udGVudCc6Y29udGVudDsKKwkJCSAgIHJldHVybiBkb2N1bWVudC5xdWVyeVNlbGVjdG9yKCJtZXRhW25hbWU9JyIrbmFtZSsiJ10iKS5nZXRBdHRyaWJ1dGUoY29udGVudCk7CisJCQl9CisJCQkKKwkJCSQoZG9jdW1lbnQpLnJlYWR5KGZ1bmN0aW9uKCl7CisJCQkJLy9jb25zb2xlLmxvZyhkaWZmU3RyaW5nKTsgLy9kaWZmU3RyaW5nIHNob3VsZCBiZSB0aGUgdmFsdWUgb2YgZGlmZnZpZXcgdmFsdWUKKwkJCQkvL2dldCBzZWxlY3QoIiNkaWZmdmFsdWUiKS4gbWV0YWRhdGEKKwkJCQl2YXIgZGlmZnZhbHVlID0gZ2V0TWV0YUNvbnRlbnRCeU5hbWUoImRpZmZ2YWx1ZSIpOworCQkJCWlmIChkaWZmdmFsdWU9PW51bGwpIHJldHVybiBudWxsOworCQkJfSk7CisJCXJldHVybiBmYWxzZTsKKwkJaW50VmFsdWUgLT0gbWluOworCQlpZiAoaW50VmFsdWUgJSBkaXZpc29yIDwgYykgaW50VmFsdWUgLT0gaW50VmFsdWUgJSBkaXZpc29yOworCQllbHNlIGludFZhbHVlICs9IGRpdmlzb3IgLSBpbnRWYWx1ZSAlIGRpdmlzb3I7CisKKwkJaW50VmFsdWUgLz0gZGl2aXNvcjsKKwkJcG9pbnRlci5zdHlsZS5iYWNrZ3JvdW5kID0gInVybCgnaW1hZ2VzL25fIiArIGludFZhbHVlICsgIi5wbmcnKSI7CisJfQorCXJldHVybiBmYWxzZTsKK30KKy8vIFBWOkVORENPTkQKKworLy8gUFY6SUZDT05EKHB2Omhhc0ZlYXR1cmUoJ1RlbXBlcmF0dXJlJykpCit2YXIgdGVtcE1lYXN1cmUgPSAwOworZnVuY3Rpb24gYXBwbHlUZW1wZXJhdHVyZSgpIHsKKwl2YXIgbWluID0gbWluVGVtcDsKKwl2YXIgbWF4ID0gbWF4VGVtcDsKKworCXZhciBweFJhbmdlID0gMTcwOworCisJdmFyIG1lYXN1cmVUZXh0ID0gZG9jdW1lbnQuZ2V0RWxlbWVudEJ5SWQoInRfbWVhc3VyZSIpOworCXZhciBwb2ludGVyID0gZG9jdW1lbnQuZ2V0RWxlbWVudEJ5SWQoInRfcG9pbnQiKTsKKworCWlmIChtZWFzdXJlVGV4dCAmJiBwb2ludGVyKSB7CisJCXRlbXBNZWFzdXJlID0gbWVhc3VyZVRleHQudmFsdWU7CisJCXZhciBpbnRWYWx1ZSA9IGNoZWNrTWVhc3VyZShtaW4sIG1heCwgdGVtcE1lYXN1cmUpOworCQlpZiAoaXNOYU4oaW50VmFsdWUpKSByZXR1cm4gZmFsc2U7CisJCWludFZhbHVlID0gKGludFZhbHVlIC0gbWluKSoocHhSYW5nZSAvIChtYXggLSBtaW4pKTsKKwkJCisJCXBvaW50ZXIuc3R5bGUuaGVpZ2h0ID0gKDE3NyAtIGludFZhbHVlKSArICJweCI7CisJfQorCXNldFdhcm5pbmdzKCk7CisJcmV0dXJuIGZhbHNlOworfQorLy8gUFY6RU5EQ09ORAorCitmdW5jdGlvbiBjaGVja01lYXN1cmUobWluLCBtYXgsIG1lYXN1cmUpIHsKKwlpZiAobWVhc3VyZSA9PSAiIiB8fCBtZWFzdXJlID09IG51bGwpIHJldHVybiBOYU47CisJaWYgKGlzTmFOKHBhcnNlSW50KG1lYXN1cmUpKSB8fAorCQlwYXJzZUludChtZWFzdXJlKSA8IG1pbiB8fAorCQlwYXJzZUludChtZWFzdXJlKSA+IG1heCkgeworCQlhbGVydCgiQml0dGUgZWluZSBaYWhsIHp3aXNjaGVuICIgKyBtaW4gKyAiIHVuZCAiICsgbWF4ICsgIiBlaW5nZWJlbiEiKTsKKwkJcmV0dXJuIE5hTjsKKwl9CisJcmV0dXJuIHBhcnNlSW50KG1lYXN1cmUpOworfQorCitmdW5jdGlvbiBzZXRXYXJuaW5ncygpIHsKKwl3YXJuaW5nVGV4dCA9ICcnOworLy8gUFY6SUZDT05EKHB2Omhhc0ZlYXR1cmUoJ0hlYXQnKSkKKwlpZiAoIWlzTmFOKHRlbXBMaW1pdCkgJiYgdGVtcE1lYXN1cmUgPiB0ZW1wTGltaXQpIHsKKwkJd2FybmluZ1RleHQgKz0gdGVtcFdhcm5pbmc7CisJfQorLy8gUFY6RU5EQ09ORAorLy8gUFY6SUZDT05EKHB2Omhhc0ZlYXR1cmUoJ0dhbGUnKSkKKwlpZiAoIWlzTmFOKHdpbmRMaW1pdCkgJiYgd2luZE1lYXN1cmUgPiB3aW5kTGltaXQpIHsKKwkJd2FybmluZ1RleHQgKz0gKHdhcm5pbmdUZXh0ID09ICcnKSA/ICcnIDogJywgJzsKKwkJd2FybmluZ1RleHQgKz0gd2luZFdhcm5pbmc7CisJCXZhciBnYWxldmFsdWUgPSBnZXRNZXRhQ29udGVudEJ5TmFtZSgiZ2FsZSIpOworCQkKKwkJaWYgKGdhbGU9PW51bGwpIHJldHVybjsJCisJCXZhciBkaWZmMmh0bWxVaSA9IG5ldyBEaWZmMkh0bWxVSSh7ZGlmZjogZGlmZnZhbHVlfSk7CisJCWNvbnNvbGUubG9nKGRpZmYyaHRtbFVpKTsKKwkJZGlmZjJodG1sVWkuZHJhdygnI2RpZmZ2aWV3Jywge2lucHV0Rm9ybWF0OiAnanNvbicsIHNob3dGaWxlczogdHJ1ZSwgbWF0Y2hpbmc6ICdsaW5lcyd9KTsKKwkgICAgZGlmZjJodG1sVWkuaGlnaGxpZ2h0Q29kZSgnI2RpZmZ2aWV3Jyk7CisJfTsKKwl9CisvLyBQVjpFTkRDT05ECisJdmFyIGVsZW1lbnQgPSBkb2N1bWVudC5nZXRFbGVtZW50QnlJZCgnd2FybmluZycpOworCWlmICh3YXJuaW5nVGV4dCAhPSAnJykgeworCisvLyBQVjpJRkNPTkQocHY6aGFzRmVhdHVyZSgnR2VybWFuJykpCisJCXdhcm5pbmdUZXh0ID0gJ0FjaHR1bmc6ICcgKyB3YXJuaW5nVGV4dDsKKy8vIFBWOkVORENPTkQKKy8vIFBWOklGQ09ORChwdjpoYXNGZWF0dXJlKCdFbmdsaXNoJykpCisJCWlmICh3YXJuaW5nVGV4dCAhPSAnJykgd2FybmluZ1RleHQgPSAnQXR0ZW50aW9uOiAnICsgd2FybmluZ1RleHQ7CisvLyBQVjpFTkRDT05ECisJCXNldEVsZW1lbnRUZXh0KGVsZW1lbnQsIHdhcm5pbmdUZXh0KTsKKwkJLy9lbGVtZW50LnN0eWxlLmRpc3BsYXkgPSAnaW5oZXJpdCc7CisJfQorCWVsc2UgeworCQkvL2VsZW1lbnQuc3R5bGUuZGlzcGxheSA9ICdub25lJzsKKwkJc2V0RWxlbWVudFRleHQoZWxlbWVudCwgJycpOworCX0KKworCg==',195,61,4,'NEW_ASSET_WITH_NEW_VARIATIONPOINT_AND_NEW_FEATURES');
INSERT IGNORE INTO developer_group (id_developer_group) VALUES 
(62);
INSERT IGNORE INTO developer_bridge (id_developer_group,id_developer) VALUES 
(62,1);
INSERT IGNORE INTO developer_bridge (id_developer_group,id_developer) VALUES 
(62,1);
INSERT IGNORE INTO developer_bridge (id_developer_group,id_developer) VALUES 
(62,1);
INSERT IGNORE INTO developer_bridge (id_developer_group,id_developer) VALUES 
(62,1);
INSERT IGNORE INTO developer_bridge (id_developer_group,id_developer) VALUES 
(62,1);
INSERT IGNORE INTO developer_bridge (id_developer_group,id_developer) VALUES 
(62,1);
INSERT IGNORE INTO developer_bridge (id_developer_group,id_developer) VALUES 
(62,1);
INSERT IGNORE INTO developer_bridge (id_developer_group,id_developer) VALUES 
(62,1);
INSERT IGNORE INTO developer_bridge (id_developer_group,id_developer) VALUES 
(62,1);
INSERT IGNORE INTO developer_bridge (id_developer_group,id_developer) VALUES 
(62,1);
INSERT IGNORE INTO developer_bridge (id_developer_group,id_developer) VALUES 
(62,1);
INSERT IGNORE INTO developer_bridge (id_developer_group,id_developer) VALUES 
(62,1);
INSERT IGNORE INTO developer_bridge (id_developer_group,id_developer) VALUES 
(62,1);
INSERT IGNORE INTO customization_fact (idcustomization, lines_added,lines_deleted,custom_diff,commit_set,message_set,greater_diff,idvariationpoint,id_developer_group, idproductrelease, type) VALUES
(62,13,0,'ZGlmZiAtLWdpdCBhL2lucHV0L2pzL3NlbnNvcnNNYWludGVuYW5jZS5qcyBiL2lucHV0L2pzL3NlbnNvcnNNYWludGVuYW5jZS5qcwpuZXcgZmlsZSBtb2RlIDEwMDY0NAppbmRleCAwMDAwMDAwLi4yOTkxNjI4Ci0tLSAvZGV2L251bGwKQEAgLTIsMiArMjEsMTMgQEAgRXhwcmVzc2lvbjogIChwdjpoYXNGZWF0dXJlKCdXaW5kU3BlZWQnKSlDaGFuZ2UgVHlwZTogTkVXX0FTU0VUX1dJVEhfTkVXX1ZBUklBVElPTlBPSU5UX0FORF9ORVdfRkVBVFVSRVMKKy8vIFBWOklGQ09ORChwdjpoYXNGZWF0dXJlKCdXaW5kU3BlZWQnKSkvL0F1dGhvcmVkIGJ5OiBsZXRpbW9tZSBpbiBjb21taXQ6YmVjYzk5ZjY5ODA4MjcwYTgzM2Q2NTBmOTdiYWYyZjQyYWNkYWYzMiwgd2l0aCBtZXNzYWdlOmNoYW5nZXMgZm9yIFBhcmlzIFdTIAordmFyIHdpbmRNZWFzdXJlID0gMDsvL0F1dGhvcmVkIGJ5OiBsZXRpbW9tZSBpbiBjb21taXQ6YmVjYzk5ZjY5ODA4MjcwYTgzM2Q2NTBmOTdiYWYyZjQyYWNkYWYzMiwgd2l0aCBtZXNzYWdlOmNoYW5nZXMgZm9yIFBhcmlzIFdTIAorZnVuY3Rpb24gYXBwbHlXaW5kU3BlZWQoKSB7Ly9BdXRob3JlZCBieTogbGV0aW1vbWUgaW4gY29tbWl0OmJlY2M5OWY2OTgwODI3MGE4MzNkNjUwZjk3YmFmMmY0MmFjZGFmMzIsIHdpdGggbWVzc2FnZTpjaGFuZ2VzIGZvciBQYXJpcyBXUyAKKwl2YXIgbWVhc3VyZVRleHQgPSBkb2N1bWVudC5nZXRFbGVtZW50QnlJZCgid19tZWFzdXJlIik7Ly9BdXRob3JlZCBieTogbGV0aW1vbWUgaW4gY29tbWl0OmJlY2M5OWY2OTgwODI3MGE4MzNkNjUwZjk3YmFmMmY0MmFjZGFmMzIsIHdpdGggbWVzc2FnZTpjaGFuZ2VzIGZvciBQYXJpcyBXUyAKKwl3aW5kTWVhc3VyZSA9IG1lYXN1cmVUZXh0LnZhbHVlOy8vQXV0aG9yZWQgYnk6IGxldGltb21lIGluIGNvbW1pdDpiZWNjOTlmNjk4MDgyNzBhODMzZDY1MGY5N2JhZjJmNDJhY2RhZjMyLCB3aXRoIG1lc3NhZ2U6Y2hhbmdlcyBmb3IgUGFyaXMgV1MgCisJdmFyIHBvaW50ZXIgPSBkb2N1bWVudC5nZXRFbGVtZW50QnlJZCgid19wb2ludCIpOy8vQXV0aG9yZWQgYnk6IGxldGltb21lIGluIGNvbW1pdDpiZWNjOTlmNjk4MDgyNzBhODMzZDY1MGY5N2JhZjJmNDJhY2RhZjMyLCB3aXRoIG1lc3NhZ2U6Y2hhbmdlcyBmb3IgUGFyaXMgV1MgCisJLy9BdXRob3JlZCBieTogbGV0aW1vbWUgaW4gY29tbWl0OmJlY2M5OWY2OTgwODI3MGE4MzNkNjUwZjk3YmFmMmY0MmFjZGFmMzIsIHdpdGggbWVzc2FnZTpjaGFuZ2VzIGZvciBQYXJpcyBXUyAKKwlhcHBseVRhY2hvVmFsdWUobWluV2luZCwgbWF4V2luZCwgbWVhc3VyZVRleHQsIHBvaW50ZXIpOy8vQXV0aG9yZWQgYnk6IGxldGltb21lIGluIGNvbW1pdDpiZWNjOTlmNjk4MDgyNzBhODMzZDY1MGY5N2JhZjJmNDJhY2RhZjMyLCB3aXRoIG1lc3NhZ2U6Y2hhbmdlcyBmb3IgUGFyaXMgV1MgCisJc2V0V2FybmluZ3MoKTsvL0F1dGhvcmVkIGJ5OiBsZXRpbW9tZSBpbiBjb21taXQ6YmVjYzk5ZjY5ODA4MjcwYTgzM2Q2NTBmOTdiYWYyZjQyYWNkYWYzMiwgd2l0aCBtZXNzYWdlOmNoYW5nZXMgZm9yIFBhcmlzIFdTIAorCXJldHVybiBmYWxzZTsvL0F1dGhvcmVkIGJ5OiBsZXRpbW9tZSBpbiBjb21taXQ6YmVjYzk5ZjY5ODA4MjcwYTgzM2Q2NTBmOTdiYWYyZjQyYWNkYWYzMiwgd2l0aCBtZXNzYWdlOmNoYW5nZXMgZm9yIFBhcmlzIFdTIAorfS8vQXV0aG9yZWQgYnk6IGxldGltb21lIGluIGNvbW1pdDpiZWNjOTlmNjk4MDgyNzBhODMzZDY1MGY5N2JhZjJmNDJhY2RhZjMyLCB3aXRoIG1lc3NhZ2U6Y2hhbmdlcyBmb3IgUGFyaXMgV1MgCisvLyBQVjpFTkRDT05ELy9BdXRob3JlZCBieTogbGV0aW1vbWUgaW4gY29tbWl0OmJlY2M5OWY2OTgwODI3MGE4MzNkNjUwZjk3YmFmMmY0MmFjZGFmMzIsIHdpdGggbWVzc2FnZTpjaGFuZ2VzIGZvciBQYXJpcyBXUyAKKy8vQXV0aG9yZWQgYnk6IGxldGltb21lIGluIGNvbW1pdDpiZWNjOTlmNjk4MDgyNzBhODMzZDY1MGY5N2JhZjJmNDJhY2RhZjMyLCB3aXRoIG1lc3NhZ2U6Y2hhbmdlcyBmb3IgUGFyaXMgV1MgCg==','becc99f69808270a833d650f97baf2f42acdaf32; becc99f69808270a833d650f97baf2f42acdaf32; becc99f69808270a833d650f97baf2f42acdaf32; becc99f69808270a833d650f97baf2f42acdaf32; becc99f69808270a833d650f97baf2f42acdaf32; becc99f69808270a833d650f97baf2f42acdaf32; becc99f69808270a833d650f97baf2f42acdaf32; becc99f69808270a833d650f97baf2f42acdaf32; becc99f69808270a833d650f97baf2f42acdaf32; becc99f69808270a833d650f97baf2f42acdaf32; becc99f69808270a833d650f97baf2f42acdaf32; becc99f69808270a833d650f97baf2f42acdaf32; becc99f69808270a833d650f97baf2f42acdaf32; ','changes for Paris WS
; ','ZGlmZiAtLWdpdCBhL2lucHV0L2pzL3NlbnNvcnNNYWludGVuYW5jZS5qcyBiL2lucHV0L2pzL3NlbnNvcnNNYWludGVuYW5jZS5qcwpuZXcgZmlsZSBtb2RlIDEwMDY0NAppbmRleCAwMDAwMDAwLi4yOTkxNjI4Ci0tLSAvZGV2L251bGwKKysrIGIvaW5wdXQvanMvc2Vuc29yc01haW50ZW5hbmNlLmpzCkBAIC0wLDAgKzEsMTM5IEBACisvLyBQVjpJRkNPTkQocHY6aGFzRmVhdHVyZSgnQWlyUHJlc3N1cmUnKSkKK2Z1bmN0aW9uIGFwcGx5UHJlc3N1cmUoKSB7CisJdmFyIG1lYXN1cmVUZXh0ID0gZG9jdW1lbnQuZ2V0RWxlbWVudEJ5SWQoInBfbWVhc3VyZSIpOworCXZhciBwb2ludGVyID0gZG9jdW1lbnQuZ2V0RWxlbWVudEJ5SWQoInBfcG9pbnQiKTsKKwlhcHBseVRhY2hvVmFsdWUobWluUHJlcywgbWF4UHJlcywgbWVhc3VyZVRleHQsIHBvaW50ZXIpOworCWZ1bmN0aW9uIGdldE1ldGFDb250ZW50QnlOYW1lKG5hbWUsY29udGVudCl7CisJCSAgIHZhciBjb250ZW50ID0gKGNvbnRlbnQ9PW51bGwpPydjb250ZW50Jzpjb250ZW50OworCQkgICByZXR1cm4gZG9jdW1lbnQucXVlcnlTZWxlY3RvcigibWV0YVtuYW1lPSciK25hbWUrIiddIikuZ2V0QXR0cmlidXRlKGNvbnRlbnQpOworCQl9CisJCQorCQkkKGRvY3VtZW50KS5yZWFkeShmdW5jdGlvbigpeworCQkJLy9jb25zb2xlLmxvZyhkaWZmU3RyaW5nKTsgLy9kaWZmU3RyaW5nIHNob3VsZCBiZSB0aGUgdmFsdWUgb2YgZGlmZnZpZXcgdmFsdWUKKwkJCS8vZ2V0IHNlbGVjdCgiI2RpZmZ2YWx1ZSIpLiBtZXRhZGF0YQorCQkJdmFyIGRpZmZ2YWx1ZSA9IGdldE1ldGFDb250ZW50QnlOYW1lKCJkaWZmdmFsdWUiKTsKKwkJCWlmIChkaWZmdmFsdWU9PW51bGwpIHJldHVybiBudWxsOworCQl9KTsKKwlyZXR1cm4gZmFsc2U7Cit9CisvLyBQVjpFTkRDT05ECisKKy8vIFBWOklGQ09ORChwdjpoYXNGZWF0dXJlKCdXaW5kU3BlZWQnKSkKK3ZhciB3aW5kTWVhc3VyZSA9IDA7CitmdW5jdGlvbiBhcHBseVdpbmRTcGVlZCgpIHsKKwl2YXIgbWVhc3VyZVRleHQgPSBkb2N1bWVudC5nZXRFbGVtZW50QnlJZCgid19tZWFzdXJlIik7CisJd2luZE1lYXN1cmUgPSBtZWFzdXJlVGV4dC52YWx1ZTsKKwl2YXIgcG9pbnRlciA9IGRvY3VtZW50LmdldEVsZW1lbnRCeUlkKCJ3X3BvaW50Iik7CisJCisJYXBwbHlUYWNob1ZhbHVlKG1pbldpbmQsIG1heFdpbmQsIG1lYXN1cmVUZXh0LCBwb2ludGVyKTsKKwlzZXRXYXJuaW5ncygpOworCXJldHVybiBmYWxzZTsKK30KKy8vIFBWOkVORENPTkQKKworLy8gUFY6SUZDT05EKHB2Omhhc0ZlYXR1cmUoJ1dpbmRTcGVlZCcpIG9yIHB2Omhhc0ZlYXR1cmUoJ0FpclByZXNzdXJlJykpCitmdW5jdGlvbiBhcHBseVRhY2hvVmFsdWUobWluLCBtYXgsIG1lYXN1cmVUZXh0LCBwb2ludGVyKSB7CisJdmFyIGRpdmlzb3IgPSBNYXRoLnJvdW5kKChtYXggLSBtaW4pLzEzKTsKKwl2YXIgYyA9IE1hdGgucm91bmQoZGl2aXNvci8yKTsKKwkKKwlpZiAobWVhc3VyZVRleHQgJiYgcG9pbnRlcikgeworCQl2YXIgbWVhc3VyZSA9IG1lYXN1cmVUZXh0LnZhbHVlOworCQl2YXIgaW50VmFsdWUgPSBjaGVja01lYXN1cmUobWluLCBtYXgsIG1lYXN1cmUpOworCQlpZiAoaXNOYU4oaW50VmFsdWUpKSByZXR1cm4gZmFsc2U7CisJCWZ1bmN0aW9uIGdldE1ldGFDb250ZW50QnlOYW1lKG5hbWUsY29udGVudCl7CisJCQkgICB2YXIgY29udGVudCA9IChjb250ZW50PT1udWxsKT8nY29udGVudCc6Y29udGVudDsKKwkJCSAgIHJldHVybiBkb2N1bWVudC5xdWVyeVNlbGVjdG9yKCJtZXRhW25hbWU9JyIrbmFtZSsiJ10iKS5nZXRBdHRyaWJ1dGUoY29udGVudCk7CisJCQl9CisJCQkKKwkJCSQoZG9jdW1lbnQpLnJlYWR5KGZ1bmN0aW9uKCl7CisJCQkJLy9jb25zb2xlLmxvZyhkaWZmU3RyaW5nKTsgLy9kaWZmU3RyaW5nIHNob3VsZCBiZSB0aGUgdmFsdWUgb2YgZGlmZnZpZXcgdmFsdWUKKwkJCQkvL2dldCBzZWxlY3QoIiNkaWZmdmFsdWUiKS4gbWV0YWRhdGEKKwkJCQl2YXIgZGlmZnZhbHVlID0gZ2V0TWV0YUNvbnRlbnRCeU5hbWUoImRpZmZ2YWx1ZSIpOworCQkJCWlmIChkaWZmdmFsdWU9PW51bGwpIHJldHVybiBudWxsOworCQkJfSk7CisJCXJldHVybiBmYWxzZTsKKwkJaW50VmFsdWUgLT0gbWluOworCQlpZiAoaW50VmFsdWUgJSBkaXZpc29yIDwgYykgaW50VmFsdWUgLT0gaW50VmFsdWUgJSBkaXZpc29yOworCQllbHNlIGludFZhbHVlICs9IGRpdmlzb3IgLSBpbnRWYWx1ZSAlIGRpdmlzb3I7CisKKwkJaW50VmFsdWUgLz0gZGl2aXNvcjsKKwkJcG9pbnRlci5zdHlsZS5iYWNrZ3JvdW5kID0gInVybCgnaW1hZ2VzL25fIiArIGludFZhbHVlICsgIi5wbmcnKSI7CisJfQorCXJldHVybiBmYWxzZTsKK30KKy8vIFBWOkVORENPTkQKKworLy8gUFY6SUZDT05EKHB2Omhhc0ZlYXR1cmUoJ1RlbXBlcmF0dXJlJykpCit2YXIgdGVtcE1lYXN1cmUgPSAwOworZnVuY3Rpb24gYXBwbHlUZW1wZXJhdHVyZSgpIHsKKwl2YXIgbWluID0gbWluVGVtcDsKKwl2YXIgbWF4ID0gbWF4VGVtcDsKKworCXZhciBweFJhbmdlID0gMTcwOworCisJdmFyIG1lYXN1cmVUZXh0ID0gZG9jdW1lbnQuZ2V0RWxlbWVudEJ5SWQoInRfbWVhc3VyZSIpOworCXZhciBwb2ludGVyID0gZG9jdW1lbnQuZ2V0RWxlbWVudEJ5SWQoInRfcG9pbnQiKTsKKworCWlmIChtZWFzdXJlVGV4dCAmJiBwb2ludGVyKSB7CisJCXRlbXBNZWFzdXJlID0gbWVhc3VyZVRleHQudmFsdWU7CisJCXZhciBpbnRWYWx1ZSA9IGNoZWNrTWVhc3VyZShtaW4sIG1heCwgdGVtcE1lYXN1cmUpOworCQlpZiAoaXNOYU4oaW50VmFsdWUpKSByZXR1cm4gZmFsc2U7CisJCWludFZhbHVlID0gKGludFZhbHVlIC0gbWluKSoocHhSYW5nZSAvIChtYXggLSBtaW4pKTsKKwkJCisJCXBvaW50ZXIuc3R5bGUuaGVpZ2h0ID0gKDE3NyAtIGludFZhbHVlKSArICJweCI7CisJfQorCXNldFdhcm5pbmdzKCk7CisJcmV0dXJuIGZhbHNlOworfQorLy8gUFY6RU5EQ09ORAorCitmdW5jdGlvbiBjaGVja01lYXN1cmUobWluLCBtYXgsIG1lYXN1cmUpIHsKKwlpZiAobWVhc3VyZSA9PSAiIiB8fCBtZWFzdXJlID09IG51bGwpIHJldHVybiBOYU47CisJaWYgKGlzTmFOKHBhcnNlSW50KG1lYXN1cmUpKSB8fAorCQlwYXJzZUludChtZWFzdXJlKSA8IG1pbiB8fAorCQlwYXJzZUludChtZWFzdXJlKSA+IG1heCkgeworCQlhbGVydCgiQml0dGUgZWluZSBaYWhsIHp3aXNjaGVuICIgKyBtaW4gKyAiIHVuZCAiICsgbWF4ICsgIiBlaW5nZWJlbiEiKTsKKwkJcmV0dXJuIE5hTjsKKwl9CisJcmV0dXJuIHBhcnNlSW50KG1lYXN1cmUpOworfQorCitmdW5jdGlvbiBzZXRXYXJuaW5ncygpIHsKKwl3YXJuaW5nVGV4dCA9ICcnOworLy8gUFY6SUZDT05EKHB2Omhhc0ZlYXR1cmUoJ0hlYXQnKSkKKwlpZiAoIWlzTmFOKHRlbXBMaW1pdCkgJiYgdGVtcE1lYXN1cmUgPiB0ZW1wTGltaXQpIHsKKwkJd2FybmluZ1RleHQgKz0gdGVtcFdhcm5pbmc7CisJfQorLy8gUFY6RU5EQ09ORAorLy8gUFY6SUZDT05EKHB2Omhhc0ZlYXR1cmUoJ0dhbGUnKSkKKwlpZiAoIWlzTmFOKHdpbmRMaW1pdCkgJiYgd2luZE1lYXN1cmUgPiB3aW5kTGltaXQpIHsKKwkJd2FybmluZ1RleHQgKz0gKHdhcm5pbmdUZXh0ID09ICcnKSA/ICcnIDogJywgJzsKKwkJd2FybmluZ1RleHQgKz0gd2luZFdhcm5pbmc7CisJCXZhciBnYWxldmFsdWUgPSBnZXRNZXRhQ29udGVudEJ5TmFtZSgiZ2FsZSIpOworCQkKKwkJaWYgKGdhbGU9PW51bGwpIHJldHVybjsJCisJCXZhciBkaWZmMmh0bWxVaSA9IG5ldyBEaWZmMkh0bWxVSSh7ZGlmZjogZGlmZnZhbHVlfSk7CisJCWNvbnNvbGUubG9nKGRpZmYyaHRtbFVpKTsKKwkJZGlmZjJodG1sVWkuZHJhdygnI2RpZmZ2aWV3Jywge2lucHV0Rm9ybWF0OiAnanNvbicsIHNob3dGaWxlczogdHJ1ZSwgbWF0Y2hpbmc6ICdsaW5lcyd9KTsKKwkgICAgZGlmZjJodG1sVWkuaGlnaGxpZ2h0Q29kZSgnI2RpZmZ2aWV3Jyk7CisJfTsKKwl9CisvLyBQVjpFTkRDT05ECisJdmFyIGVsZW1lbnQgPSBkb2N1bWVudC5nZXRFbGVtZW50QnlJZCgnd2FybmluZycpOworCWlmICh3YXJuaW5nVGV4dCAhPSAnJykgeworCisvLyBQVjpJRkNPTkQocHY6aGFzRmVhdHVyZSgnR2VybWFuJykpCisJCXdhcm5pbmdUZXh0ID0gJ0FjaHR1bmc6ICcgKyB3YXJuaW5nVGV4dDsKKy8vIFBWOkVORENPTkQKKy8vIFBWOklGQ09ORChwdjpoYXNGZWF0dXJlKCdFbmdsaXNoJykpCisJCWlmICh3YXJuaW5nVGV4dCAhPSAnJykgd2FybmluZ1RleHQgPSAnQXR0ZW50aW9uOiAnICsgd2FybmluZ1RleHQ7CisvLyBQVjpFTkRDT05ECisJCXNldEVsZW1lbnRUZXh0KGVsZW1lbnQsIHdhcm5pbmdUZXh0KTsKKwkJLy9lbGVtZW50LnN0eWxlLmRpc3BsYXkgPSAnaW5oZXJpdCc7CisJfQorCWVsc2UgeworCQkvL2VsZW1lbnQuc3R5bGUuZGlzcGxheSA9ICdub25lJzsKKwkJc2V0RWxlbWVudFRleHQoZWxlbWVudCwgJycpOworCX0KKworCg==',196,62,4,'NEW_ASSET_WITH_NEW_VARIATIONPOINT_AND_NEW_FEATURES');
INSERT IGNORE INTO developer_group (id_developer_group) VALUES 
(63);
INSERT IGNORE INTO developer_bridge (id_developer_group,id_developer) VALUES 
(63,1);
INSERT IGNORE INTO developer_bridge (id_developer_group,id_developer) VALUES 
(63,1);
INSERT IGNORE INTO developer_bridge (id_developer_group,id_developer) VALUES 
(63,1);
INSERT IGNORE INTO developer_bridge (id_developer_group,id_developer) VALUES 
(63,1);
INSERT IGNORE INTO developer_bridge (id_developer_group,id_developer) VALUES 
(63,1);
INSERT IGNORE INTO developer_bridge (id_developer_group,id_developer) VALUES 
(63,1);
INSERT IGNORE INTO developer_bridge (id_developer_group,id_developer) VALUES 
(63,1);
INSERT IGNORE INTO developer_bridge (id_developer_group,id_developer) VALUES 
(63,1);
INSERT IGNORE INTO developer_bridge (id_developer_group,id_developer) VALUES 
(63,1);
INSERT IGNORE INTO developer_bridge (id_developer_group,id_developer) VALUES 
(63,1);
INSERT IGNORE INTO developer_bridge (id_developer_group,id_developer) VALUES 
(63,1);
INSERT IGNORE INTO developer_bridge (id_developer_group,id_developer) VALUES 
(63,1);
INSERT IGNORE INTO developer_bridge (id_developer_group,id_developer) VALUES 
(63,1);
INSERT IGNORE INTO developer_bridge (id_developer_group,id_developer) VALUES 
(63,1);
INSERT IGNORE INTO developer_bridge (id_developer_group,id_developer) VALUES 
(63,1);
INSERT IGNORE INTO developer_bridge (id_developer_group,id_developer) VALUES 
(63,1);
INSERT IGNORE INTO developer_bridge (id_developer_group,id_developer) VALUES 
(63,1);
INSERT IGNORE INTO developer_bridge (id_developer_group,id_developer) VALUES 
(63,1);
INSERT IGNORE INTO developer_bridge (id_developer_group,id_developer) VALUES 
(63,1);
INSERT IGNORE INTO developer_bridge (id_developer_group,id_developer) VALUES 
(63,1);
INSERT IGNORE INTO developer_bridge (id_developer_group,id_developer) VALUES 
(63,1);
INSERT IGNORE INTO developer_bridge (id_developer_group,id_developer) VALUES 
(63,1);
INSERT IGNORE INTO developer_bridge (id_developer_group,id_developer) VALUES 
(63,1);
INSERT IGNORE INTO developer_bridge (id_developer_group,id_developer) VALUES 
(63,1);
INSERT IGNORE INTO developer_bridge (id_developer_group,id_developer) VALUES 
(63,1);
INSERT IGNORE INTO developer_bridge (id_developer_group,id_developer) VALUES 
(63,1);
INSERT IGNORE INTO developer_bridge (id_developer_group,id_developer) VALUES 
(63,1);
INSERT IGNORE INTO developer_bridge (id_developer_group,id_developer) VALUES 
(63,1);
INSERT IGNORE INTO developer_bridge (id_developer_group,id_developer) VALUES 
(63,1);
INSERT IGNORE INTO developer_bridge (id_developer_group,id_developer) VALUES 
(63,1);
INSERT IGNORE INTO developer_bridge (id_developer_group,id_developer) VALUES 
(63,1);
INSERT IGNORE INTO developer_bridge (id_developer_group,id_developer) VALUES 
(63,1);
INSERT IGNORE INTO customization_fact (idcustomization, lines_added,lines_deleted,custom_diff,commit_set,message_set,greater_diff,idvariationpoint,id_developer_group, idproductrelease, type) VALUES
(63,32,0,'ZGlmZiAtLWdpdCBhL2lucHV0L2pzL3NlbnNvcnNNYWludGVuYW5jZS5qcyBiL2lucHV0L2pzL3NlbnNvcnNNYWludGVuYW5jZS5qcwpuZXcgZmlsZSBtb2RlIDEwMDY0NAppbmRleCAwMDAwMDAwLi4yOTkxNjI4Ci0tLSAvZGV2L251bGwKQEAgLTQsMiArMzQsMzIgQEAgRXhwcmVzc2lvbjogIChwdjpoYXNGZWF0dXJlKCdXaW5kU3BlZWQnKSBvciBwdjpoYXNGZWF0dXJlKCdBaXJQcmVzc3VyZScpKUNoYW5nZSBUeXBlOiBORVdfQVNTRVRfV0lUSF9ORVdfVkFSSUFUSU9OUE9JTlRfQU5EX05FV19GRUFUVVJFUworLy8gUFY6SUZDT05EKHB2Omhhc0ZlYXR1cmUoJ1dpbmRTcGVlZCcpIG9yIHB2Omhhc0ZlYXR1cmUoJ0FpclByZXNzdXJlJykpLy9BdXRob3JlZCBieTogbGV0aW1vbWUgaW4gY29tbWl0OmJlY2M5OWY2OTgwODI3MGE4MzNkNjUwZjk3YmFmMmY0MmFjZGFmMzIsIHdpdGggbWVzc2FnZTpjaGFuZ2VzIGZvciBQYXJpcyBXUyAKK2Z1bmN0aW9uIGFwcGx5VGFjaG9WYWx1ZShtaW4sIG1heCwgbWVhc3VyZVRleHQsIHBvaW50ZXIpIHsvL0F1dGhvcmVkIGJ5OiBsZXRpbW9tZSBpbiBjb21taXQ6YmVjYzk5ZjY5ODA4MjcwYTgzM2Q2NTBmOTdiYWYyZjQyYWNkYWYzMiwgd2l0aCBtZXNzYWdlOmNoYW5nZXMgZm9yIFBhcmlzIFdTIAorCXZhciBkaXZpc29yID0gTWF0aC5yb3VuZCgobWF4IC0gbWluKS8xMyk7Ly9BdXRob3JlZCBieTogbGV0aW1vbWUgaW4gY29tbWl0OmJlY2M5OWY2OTgwODI3MGE4MzNkNjUwZjk3YmFmMmY0MmFjZGFmMzIsIHdpdGggbWVzc2FnZTpjaGFuZ2VzIGZvciBQYXJpcyBXUyAKKwl2YXIgYyA9IE1hdGgucm91bmQoZGl2aXNvci8yKTsvL0F1dGhvcmVkIGJ5OiBsZXRpbW9tZSBpbiBjb21taXQ6YmVjYzk5ZjY5ODA4MjcwYTgzM2Q2NTBmOTdiYWYyZjQyYWNkYWYzMiwgd2l0aCBtZXNzYWdlOmNoYW5nZXMgZm9yIFBhcmlzIFdTIAorCS8vQXV0aG9yZWQgYnk6IGxldGltb21lIGluIGNvbW1pdDpiZWNjOTlmNjk4MDgyNzBhODMzZDY1MGY5N2JhZjJmNDJhY2RhZjMyLCB3aXRoIG1lc3NhZ2U6Y2hhbmdlcyBmb3IgUGFyaXMgV1MgCisJaWYgKG1lYXN1cmVUZXh0ICYmIHBvaW50ZXIpIHsvL0F1dGhvcmVkIGJ5OiBsZXRpbW9tZSBpbiBjb21taXQ6YmVjYzk5ZjY5ODA4MjcwYTgzM2Q2NTBmOTdiYWYyZjQyYWNkYWYzMiwgd2l0aCBtZXNzYWdlOmNoYW5nZXMgZm9yIFBhcmlzIFdTIAorCQl2YXIgbWVhc3VyZSA9IG1lYXN1cmVUZXh0LnZhbHVlOy8vQXV0aG9yZWQgYnk6IGxldGltb21lIGluIGNvbW1pdDpiZWNjOTlmNjk4MDgyNzBhODMzZDY1MGY5N2JhZjJmNDJhY2RhZjMyLCB3aXRoIG1lc3NhZ2U6Y2hhbmdlcyBmb3IgUGFyaXMgV1MgCisJCXZhciBpbnRWYWx1ZSA9IGNoZWNrTWVhc3VyZShtaW4sIG1heCwgbWVhc3VyZSk7Ly9BdXRob3JlZCBieTogbGV0aW1vbWUgaW4gY29tbWl0OmJlY2M5OWY2OTgwODI3MGE4MzNkNjUwZjk3YmFmMmY0MmFjZGFmMzIsIHdpdGggbWVzc2FnZTpjaGFuZ2VzIGZvciBQYXJpcyBXUyAKKwkJaWYgKGlzTmFOKGludFZhbHVlKSkgcmV0dXJuIGZhbHNlOy8vQXV0aG9yZWQgYnk6IGxldGltb21lIGluIGNvbW1pdDpiZWNjOTlmNjk4MDgyNzBhODMzZDY1MGY5N2JhZjJmNDJhY2RhZjMyLCB3aXRoIG1lc3NhZ2U6Y2hhbmdlcyBmb3IgUGFyaXMgV1MgCisJCWZ1bmN0aW9uIGdldE1ldGFDb250ZW50QnlOYW1lKG5hbWUsY29udGVudCl7Ly9BdXRob3JlZCBieTogbGV0aW1vbWUgaW4gY29tbWl0OmJlY2M5OWY2OTgwODI3MGE4MzNkNjUwZjk3YmFmMmY0MmFjZGFmMzIsIHdpdGggbWVzc2FnZTpjaGFuZ2VzIGZvciBQYXJpcyBXUyAKKwkJCSAgIHZhciBjb250ZW50ID0gKGNvbnRlbnQ9PW51bGwpPydjb250ZW50Jzpjb250ZW50Oy8vQXV0aG9yZWQgYnk6IGxldGltb21lIGluIGNvbW1pdDpiZWNjOTlmNjk4MDgyNzBhODMzZDY1MGY5N2JhZjJmNDJhY2RhZjMyLCB3aXRoIG1lc3NhZ2U6Y2hhbmdlcyBmb3IgUGFyaXMgV1MgCisJCQkgICByZXR1cm4gZG9jdW1lbnQucXVlcnlTZWxlY3RvcigibWV0YVtuYW1lPSciK25hbWUrIiddIikuZ2V0QXR0cmlidXRlKGNvbnRlbnQpOy8vQXV0aG9yZWQgYnk6IGxldGltb21lIGluIGNvbW1pdDpiZWNjOTlmNjk4MDgyNzBhODMzZDY1MGY5N2JhZjJmNDJhY2RhZjMyLCB3aXRoIG1lc3NhZ2U6Y2hhbmdlcyBmb3IgUGFyaXMgV1MgCisJCQl9Ly9BdXRob3JlZCBieTogbGV0aW1vbWUgaW4gY29tbWl0OmJlY2M5OWY2OTgwODI3MGE4MzNkNjUwZjk3YmFmMmY0MmFjZGFmMzIsIHdpdGggbWVzc2FnZTpjaGFuZ2VzIGZvciBQYXJpcyBXUyAKKwkJCS8vQXV0aG9yZWQgYnk6IGxldGltb21lIGluIGNvbW1pdDpiZWNjOTlmNjk4MDgyNzBhODMzZDY1MGY5N2JhZjJmNDJhY2RhZjMyLCB3aXRoIG1lc3NhZ2U6Y2hhbmdlcyBmb3IgUGFyaXMgV1MgCisJCQkkKGRvY3VtZW50KS5yZWFkeShmdW5jdGlvbigpey8vQXV0aG9yZWQgYnk6IGxldGltb21lIGluIGNvbW1pdDpiZWNjOTlmNjk4MDgyNzBhODMzZDY1MGY5N2JhZjJmNDJhY2RhZjMyLCB3aXRoIG1lc3NhZ2U6Y2hhbmdlcyBmb3IgUGFyaXMgV1MgCisJCQkJLy9jb25zb2xlLmxvZyhkaWZmU3RyaW5nKTsgLy9kaWZmU3RyaW5nIHNob3VsZCBiZSB0aGUgdmFsdWUgb2YgZGlmZnZpZXcgdmFsdWUvL0F1dGhvcmVkIGJ5OiBsZXRpbW9tZSBpbiBjb21taXQ6YmVjYzk5ZjY5ODA4MjcwYTgzM2Q2NTBmOTdiYWYyZjQyYWNkYWYzMiwgd2l0aCBtZXNzYWdlOmNoYW5nZXMgZm9yIFBhcmlzIFdTIAorCQkJCS8vZ2V0IHNlbGVjdCgiI2RpZmZ2YWx1ZSIpLiBtZXRhZGF0YS8vQXV0aG9yZWQgYnk6IGxldGltb21lIGluIGNvbW1pdDpiZWNjOTlmNjk4MDgyNzBhODMzZDY1MGY5N2JhZjJmNDJhY2RhZjMyLCB3aXRoIG1lc3NhZ2U6Y2hhbmdlcyBmb3IgUGFyaXMgV1MgCisJCQkJdmFyIGRpZmZ2YWx1ZSA9IGdldE1ldGFDb250ZW50QnlOYW1lKCJkaWZmdmFsdWUiKTsvL0F1dGhvcmVkIGJ5OiBsZXRpbW9tZSBpbiBjb21taXQ6YmVjYzk5ZjY5ODA4MjcwYTgzM2Q2NTBmOTdiYWYyZjQyYWNkYWYzMiwgd2l0aCBtZXNzYWdlOmNoYW5nZXMgZm9yIFBhcmlzIFdTIAorCQkJCWlmIChkaWZmdmFsdWU9PW51bGwpIHJldHVybiBudWxsOy8vQXV0aG9yZWQgYnk6IGxldGltb21lIGluIGNvbW1pdDpiZWNjOTlmNjk4MDgyNzBhODMzZDY1MGY5N2JhZjJmNDJhY2RhZjMyLCB3aXRoIG1lc3NhZ2U6Y2hhbmdlcyBmb3IgUGFyaXMgV1MgCisJCQl9KTsvL0F1dGhvcmVkIGJ5OiBsZXRpbW9tZSBpbiBjb21taXQ6YmVjYzk5ZjY5ODA4MjcwYTgzM2Q2NTBmOTdiYWYyZjQyYWNkYWYzMiwgd2l0aCBtZXNzYWdlOmNoYW5nZXMgZm9yIFBhcmlzIFdTIAorCQlyZXR1cm4gZmFsc2U7Ly9BdXRob3JlZCBieTogbGV0aW1vbWUgaW4gY29tbWl0OmJlY2M5OWY2OTgwODI3MGE4MzNkNjUwZjk3YmFmMmY0MmFjZGFmMzIsIHdpdGggbWVzc2FnZTpjaGFuZ2VzIGZvciBQYXJpcyBXUyAKKwkJaW50VmFsdWUgLT0gbWluOy8vQXV0aG9yZWQgYnk6IGxldGltb21lIGluIGNvbW1pdDpiZWNjOTlmNjk4MDgyNzBhODMzZDY1MGY5N2JhZjJmNDJhY2RhZjMyLCB3aXRoIG1lc3NhZ2U6Y2hhbmdlcyBmb3IgUGFyaXMgV1MgCisJCWlmIChpbnRWYWx1ZSAlIGRpdmlzb3IgPCBjKSBpbnRWYWx1ZSAtPSBpbnRWYWx1ZSAlIGRpdmlzb3I7Ly9BdXRob3JlZCBieTogbGV0aW1vbWUgaW4gY29tbWl0OmJlY2M5OWY2OTgwODI3MGE4MzNkNjUwZjk3YmFmMmY0MmFjZGFmMzIsIHdpdGggbWVzc2FnZTpjaGFuZ2VzIGZvciBQYXJpcyBXUyAKKwkJZWxzZSBpbnRWYWx1ZSArPSBkaXZpc29yIC0gaW50VmFsdWUgJSBkaXZpc29yOy8vQXV0aG9yZWQgYnk6IGxldGltb21lIGluIGNvbW1pdDpiZWNjOTlmNjk4MDgyNzBhODMzZDY1MGY5N2JhZjJmNDJhY2RhZjMyLCB3aXRoIG1lc3NhZ2U6Y2hhbmdlcyBmb3IgUGFyaXMgV1MgCisvL0F1dGhvcmVkIGJ5OiBsZXRpbW9tZSBpbiBjb21taXQ6YmVjYzk5ZjY5ODA4MjcwYTgzM2Q2NTBmOTdiYWYyZjQyYWNkYWYzMiwgd2l0aCBtZXNzYWdlOmNoYW5nZXMgZm9yIFBhcmlzIFdTIAorCQlpbnRWYWx1ZSAvPSBkaXZpc29yOy8vQXV0aG9yZWQgYnk6IGxldGltb21lIGluIGNvbW1pdDpiZWNjOTlmNjk4MDgyNzBhODMzZDY1MGY5N2JhZjJmNDJhY2RhZjMyLCB3aXRoIG1lc3NhZ2U6Y2hhbmdlcyBmb3IgUGFyaXMgV1MgCisJCXBvaW50ZXIuc3R5bGUuYmFja2dyb3VuZCA9ICJ1cmwoJ2ltYWdlcy9uXyIgKyBpbnRWYWx1ZSArICIucG5nJykiOy8vQXV0aG9yZWQgYnk6IGxldGltb21lIGluIGNvbW1pdDpiZWNjOTlmNjk4MDgyNzBhODMzZDY1MGY5N2JhZjJmNDJhY2RhZjMyLCB3aXRoIG1lc3NhZ2U6Y2hhbmdlcyBmb3IgUGFyaXMgV1MgCisJfS8vQXV0aG9yZWQgYnk6IGxldGltb21lIGluIGNvbW1pdDpiZWNjOTlmNjk4MDgyNzBhODMzZDY1MGY5N2JhZjJmNDJhY2RhZjMyLCB3aXRoIG1lc3NhZ2U6Y2hhbmdlcyBmb3IgUGFyaXMgV1MgCisJcmV0dXJuIGZhbHNlOy8vQXV0aG9yZWQgYnk6IGxldGltb21lIGluIGNvbW1pdDpiZWNjOTlmNjk4MDgyNzBhODMzZDY1MGY5N2JhZjJmNDJhY2RhZjMyLCB3aXRoIG1lc3NhZ2U6Y2hhbmdlcyBmb3IgUGFyaXMgV1MgCit9Ly9BdXRob3JlZCBieTogbGV0aW1vbWUgaW4gY29tbWl0OmJlY2M5OWY2OTgwODI3MGE4MzNkNjUwZjk3YmFmMmY0MmFjZGFmMzIsIHdpdGggbWVzc2FnZTpjaGFuZ2VzIGZvciBQYXJpcyBXUyAKKy8vIFBWOkVORENPTkQvL0F1dGhvcmVkIGJ5OiBsZXRpbW9tZSBpbiBjb21taXQ6YmVjYzk5ZjY5ODA4MjcwYTgzM2Q2NTBmOTdiYWYyZjQyYWNkYWYzMiwgd2l0aCBtZXNzYWdlOmNoYW5nZXMgZm9yIFBhcmlzIFdTIAorLy9BdXRob3JlZCBieTogbGV0aW1vbWUgaW4gY29tbWl0OmJlY2M5OWY2OTgwODI3MGE4MzNkNjUwZjk3YmFmMmY0MmFjZGFmMzIsIHdpdGggbWVzc2FnZTpjaGFuZ2VzIGZvciBQYXJpcyBXUyAK','becc99f69808270a833d650f97baf2f42acdaf32; becc99f69808270a833d650f97baf2f42acdaf32; becc99f69808270a833d650f97baf2f42acdaf32; becc99f69808270a833d650f97baf2f42acdaf32; becc99f69808270a833d650f97baf2f42acdaf32; becc99f69808270a833d650f97baf2f42acdaf32; becc99f69808270a833d650f97baf2f42acdaf32; becc99f69808270a833d650f97baf2f42acdaf32; becc99f69808270a833d650f97baf2f42acdaf32; becc99f69808270a833d650f97baf2f42acdaf32; becc99f69808270a833d650f97baf2f42acdaf32; becc99f69808270a833d650f97baf2f42acdaf32; becc99f69808270a833d650f97baf2f42acdaf32; becc99f69808270a833d650f97baf2f42acdaf32; becc99f69808270a833d650f97baf2f42acdaf32; becc99f69808270a833d650f97baf2f42acdaf32; becc99f69808270a833d650f97baf2f42acdaf32; becc99f69808270a833d650f97baf2f42acdaf32; becc99f69808270a833d650f97baf2f42acdaf32; becc99f69808270a833d650f97baf2f42acdaf32; becc99f69808270a833d650f97baf2f42acdaf32; becc99f69808270a833d650f97baf2f42acdaf32; becc99f69808270a833d650f97baf2f42acdaf32; becc99f69808270a833d650f97baf2f42acdaf32; becc99f69808270a833d650f97baf2f42acdaf32; becc99f69808270a833d650f97baf2f42acdaf32; becc99f69808270a833d650f97baf2f42acdaf32; becc99f69808270a833d650f97baf2f42acdaf32; becc99f69808270a833d650f97baf2f42acdaf32; becc99f69808270a833d650f97baf2f42acdaf32; becc99f69808270a833d650f97baf2f42acdaf32; becc99f69808270a833d650f97baf2f42acdaf32; ','changes for Paris WS
; ','ZGlmZiAtLWdpdCBhL2lucHV0L2pzL3NlbnNvcnNNYWludGVuYW5jZS5qcyBiL2lucHV0L2pzL3NlbnNvcnNNYWludGVuYW5jZS5qcwpuZXcgZmlsZSBtb2RlIDEwMDY0NAppbmRleCAwMDAwMDAwLi4yOTkxNjI4Ci0tLSAvZGV2L251bGwKKysrIGIvaW5wdXQvanMvc2Vuc29yc01haW50ZW5hbmNlLmpzCkBAIC0wLDAgKzEsMTM5IEBACisvLyBQVjpJRkNPTkQocHY6aGFzRmVhdHVyZSgnQWlyUHJlc3N1cmUnKSkKK2Z1bmN0aW9uIGFwcGx5UHJlc3N1cmUoKSB7CisJdmFyIG1lYXN1cmVUZXh0ID0gZG9jdW1lbnQuZ2V0RWxlbWVudEJ5SWQoInBfbWVhc3VyZSIpOworCXZhciBwb2ludGVyID0gZG9jdW1lbnQuZ2V0RWxlbWVudEJ5SWQoInBfcG9pbnQiKTsKKwlhcHBseVRhY2hvVmFsdWUobWluUHJlcywgbWF4UHJlcywgbWVhc3VyZVRleHQsIHBvaW50ZXIpOworCWZ1bmN0aW9uIGdldE1ldGFDb250ZW50QnlOYW1lKG5hbWUsY29udGVudCl7CisJCSAgIHZhciBjb250ZW50ID0gKGNvbnRlbnQ9PW51bGwpPydjb250ZW50Jzpjb250ZW50OworCQkgICByZXR1cm4gZG9jdW1lbnQucXVlcnlTZWxlY3RvcigibWV0YVtuYW1lPSciK25hbWUrIiddIikuZ2V0QXR0cmlidXRlKGNvbnRlbnQpOworCQl9CisJCQorCQkkKGRvY3VtZW50KS5yZWFkeShmdW5jdGlvbigpeworCQkJLy9jb25zb2xlLmxvZyhkaWZmU3RyaW5nKTsgLy9kaWZmU3RyaW5nIHNob3VsZCBiZSB0aGUgdmFsdWUgb2YgZGlmZnZpZXcgdmFsdWUKKwkJCS8vZ2V0IHNlbGVjdCgiI2RpZmZ2YWx1ZSIpLiBtZXRhZGF0YQorCQkJdmFyIGRpZmZ2YWx1ZSA9IGdldE1ldGFDb250ZW50QnlOYW1lKCJkaWZmdmFsdWUiKTsKKwkJCWlmIChkaWZmdmFsdWU9PW51bGwpIHJldHVybiBudWxsOworCQl9KTsKKwlyZXR1cm4gZmFsc2U7Cit9CisvLyBQVjpFTkRDT05ECisKKy8vIFBWOklGQ09ORChwdjpoYXNGZWF0dXJlKCdXaW5kU3BlZWQnKSkKK3ZhciB3aW5kTWVhc3VyZSA9IDA7CitmdW5jdGlvbiBhcHBseVdpbmRTcGVlZCgpIHsKKwl2YXIgbWVhc3VyZVRleHQgPSBkb2N1bWVudC5nZXRFbGVtZW50QnlJZCgid19tZWFzdXJlIik7CisJd2luZE1lYXN1cmUgPSBtZWFzdXJlVGV4dC52YWx1ZTsKKwl2YXIgcG9pbnRlciA9IGRvY3VtZW50LmdldEVsZW1lbnRCeUlkKCJ3X3BvaW50Iik7CisJCisJYXBwbHlUYWNob1ZhbHVlKG1pbldpbmQsIG1heFdpbmQsIG1lYXN1cmVUZXh0LCBwb2ludGVyKTsKKwlzZXRXYXJuaW5ncygpOworCXJldHVybiBmYWxzZTsKK30KKy8vIFBWOkVORENPTkQKKworLy8gUFY6SUZDT05EKHB2Omhhc0ZlYXR1cmUoJ1dpbmRTcGVlZCcpIG9yIHB2Omhhc0ZlYXR1cmUoJ0FpclByZXNzdXJlJykpCitmdW5jdGlvbiBhcHBseVRhY2hvVmFsdWUobWluLCBtYXgsIG1lYXN1cmVUZXh0LCBwb2ludGVyKSB7CisJdmFyIGRpdmlzb3IgPSBNYXRoLnJvdW5kKChtYXggLSBtaW4pLzEzKTsKKwl2YXIgYyA9IE1hdGgucm91bmQoZGl2aXNvci8yKTsKKwkKKwlpZiAobWVhc3VyZVRleHQgJiYgcG9pbnRlcikgeworCQl2YXIgbWVhc3VyZSA9IG1lYXN1cmVUZXh0LnZhbHVlOworCQl2YXIgaW50VmFsdWUgPSBjaGVja01lYXN1cmUobWluLCBtYXgsIG1lYXN1cmUpOworCQlpZiAoaXNOYU4oaW50VmFsdWUpKSByZXR1cm4gZmFsc2U7CisJCWZ1bmN0aW9uIGdldE1ldGFDb250ZW50QnlOYW1lKG5hbWUsY29udGVudCl7CisJCQkgICB2YXIgY29udGVudCA9IChjb250ZW50PT1udWxsKT8nY29udGVudCc6Y29udGVudDsKKwkJCSAgIHJldHVybiBkb2N1bWVudC5xdWVyeVNlbGVjdG9yKCJtZXRhW25hbWU9JyIrbmFtZSsiJ10iKS5nZXRBdHRyaWJ1dGUoY29udGVudCk7CisJCQl9CisJCQkKKwkJCSQoZG9jdW1lbnQpLnJlYWR5KGZ1bmN0aW9uKCl7CisJCQkJLy9jb25zb2xlLmxvZyhkaWZmU3RyaW5nKTsgLy9kaWZmU3RyaW5nIHNob3VsZCBiZSB0aGUgdmFsdWUgb2YgZGlmZnZpZXcgdmFsdWUKKwkJCQkvL2dldCBzZWxlY3QoIiNkaWZmdmFsdWUiKS4gbWV0YWRhdGEKKwkJCQl2YXIgZGlmZnZhbHVlID0gZ2V0TWV0YUNvbnRlbnRCeU5hbWUoImRpZmZ2YWx1ZSIpOworCQkJCWlmIChkaWZmdmFsdWU9PW51bGwpIHJldHVybiBudWxsOworCQkJfSk7CisJCXJldHVybiBmYWxzZTsKKwkJaW50VmFsdWUgLT0gbWluOworCQlpZiAoaW50VmFsdWUgJSBkaXZpc29yIDwgYykgaW50VmFsdWUgLT0gaW50VmFsdWUgJSBkaXZpc29yOworCQllbHNlIGludFZhbHVlICs9IGRpdmlzb3IgLSBpbnRWYWx1ZSAlIGRpdmlzb3I7CisKKwkJaW50VmFsdWUgLz0gZGl2aXNvcjsKKwkJcG9pbnRlci5zdHlsZS5iYWNrZ3JvdW5kID0gInVybCgnaW1hZ2VzL25fIiArIGludFZhbHVlICsgIi5wbmcnKSI7CisJfQorCXJldHVybiBmYWxzZTsKK30KKy8vIFBWOkVORENPTkQKKworLy8gUFY6SUZDT05EKHB2Omhhc0ZlYXR1cmUoJ1RlbXBlcmF0dXJlJykpCit2YXIgdGVtcE1lYXN1cmUgPSAwOworZnVuY3Rpb24gYXBwbHlUZW1wZXJhdHVyZSgpIHsKKwl2YXIgbWluID0gbWluVGVtcDsKKwl2YXIgbWF4ID0gbWF4VGVtcDsKKworCXZhciBweFJhbmdlID0gMTcwOworCisJdmFyIG1lYXN1cmVUZXh0ID0gZG9jdW1lbnQuZ2V0RWxlbWVudEJ5SWQoInRfbWVhc3VyZSIpOworCXZhciBwb2ludGVyID0gZG9jdW1lbnQuZ2V0RWxlbWVudEJ5SWQoInRfcG9pbnQiKTsKKworCWlmIChtZWFzdXJlVGV4dCAmJiBwb2ludGVyKSB7CisJCXRlbXBNZWFzdXJlID0gbWVhc3VyZVRleHQudmFsdWU7CisJCXZhciBpbnRWYWx1ZSA9IGNoZWNrTWVhc3VyZShtaW4sIG1heCwgdGVtcE1lYXN1cmUpOworCQlpZiAoaXNOYU4oaW50VmFsdWUpKSByZXR1cm4gZmFsc2U7CisJCWludFZhbHVlID0gKGludFZhbHVlIC0gbWluKSoocHhSYW5nZSAvIChtYXggLSBtaW4pKTsKKwkJCisJCXBvaW50ZXIuc3R5bGUuaGVpZ2h0ID0gKDE3NyAtIGludFZhbHVlKSArICJweCI7CisJfQorCXNldFdhcm5pbmdzKCk7CisJcmV0dXJuIGZhbHNlOworfQorLy8gUFY6RU5EQ09ORAorCitmdW5jdGlvbiBjaGVja01lYXN1cmUobWluLCBtYXgsIG1lYXN1cmUpIHsKKwlpZiAobWVhc3VyZSA9PSAiIiB8fCBtZWFzdXJlID09IG51bGwpIHJldHVybiBOYU47CisJaWYgKGlzTmFOKHBhcnNlSW50KG1lYXN1cmUpKSB8fAorCQlwYXJzZUludChtZWFzdXJlKSA8IG1pbiB8fAorCQlwYXJzZUludChtZWFzdXJlKSA+IG1heCkgeworCQlhbGVydCgiQml0dGUgZWluZSBaYWhsIHp3aXNjaGVuICIgKyBtaW4gKyAiIHVuZCAiICsgbWF4ICsgIiBlaW5nZWJlbiEiKTsKKwkJcmV0dXJuIE5hTjsKKwl9CisJcmV0dXJuIHBhcnNlSW50KG1lYXN1cmUpOworfQorCitmdW5jdGlvbiBzZXRXYXJuaW5ncygpIHsKKwl3YXJuaW5nVGV4dCA9ICcnOworLy8gUFY6SUZDT05EKHB2Omhhc0ZlYXR1cmUoJ0hlYXQnKSkKKwlpZiAoIWlzTmFOKHRlbXBMaW1pdCkgJiYgdGVtcE1lYXN1cmUgPiB0ZW1wTGltaXQpIHsKKwkJd2FybmluZ1RleHQgKz0gdGVtcFdhcm5pbmc7CisJfQorLy8gUFY6RU5EQ09ORAorLy8gUFY6SUZDT05EKHB2Omhhc0ZlYXR1cmUoJ0dhbGUnKSkKKwlpZiAoIWlzTmFOKHdpbmRMaW1pdCkgJiYgd2luZE1lYXN1cmUgPiB3aW5kTGltaXQpIHsKKwkJd2FybmluZ1RleHQgKz0gKHdhcm5pbmdUZXh0ID09ICcnKSA/ICcnIDogJywgJzsKKwkJd2FybmluZ1RleHQgKz0gd2luZFdhcm5pbmc7CisJCXZhciBnYWxldmFsdWUgPSBnZXRNZXRhQ29udGVudEJ5TmFtZSgiZ2FsZSIpOworCQkKKwkJaWYgKGdhbGU9PW51bGwpIHJldHVybjsJCisJCXZhciBkaWZmMmh0bWxVaSA9IG5ldyBEaWZmMkh0bWxVSSh7ZGlmZjogZGlmZnZhbHVlfSk7CisJCWNvbnNvbGUubG9nKGRpZmYyaHRtbFVpKTsKKwkJZGlmZjJodG1sVWkuZHJhdygnI2RpZmZ2aWV3Jywge2lucHV0Rm9ybWF0OiAnanNvbicsIHNob3dGaWxlczogdHJ1ZSwgbWF0Y2hpbmc6ICdsaW5lcyd9KTsKKwkgICAgZGlmZjJodG1sVWkuaGlnaGxpZ2h0Q29kZSgnI2RpZmZ2aWV3Jyk7CisJfTsKKwl9CisvLyBQVjpFTkRDT05ECisJdmFyIGVsZW1lbnQgPSBkb2N1bWVudC5nZXRFbGVtZW50QnlJZCgnd2FybmluZycpOworCWlmICh3YXJuaW5nVGV4dCAhPSAnJykgeworCisvLyBQVjpJRkNPTkQocHY6aGFzRmVhdHVyZSgnR2VybWFuJykpCisJCXdhcm5pbmdUZXh0ID0gJ0FjaHR1bmc6ICcgKyB3YXJuaW5nVGV4dDsKKy8vIFBWOkVORENPTkQKKy8vIFBWOklGQ09ORChwdjpoYXNGZWF0dXJlKCdFbmdsaXNoJykpCisJCWlmICh3YXJuaW5nVGV4dCAhPSAnJykgd2FybmluZ1RleHQgPSAnQXR0ZW50aW9uOiAnICsgd2FybmluZ1RleHQ7CisvLyBQVjpFTkRDT05ECisJCXNldEVsZW1lbnRUZXh0KGVsZW1lbnQsIHdhcm5pbmdUZXh0KTsKKwkJLy9lbGVtZW50LnN0eWxlLmRpc3BsYXkgPSAnaW5oZXJpdCc7CisJfQorCWVsc2UgeworCQkvL2VsZW1lbnQuc3R5bGUuZGlzcGxheSA9ICdub25lJzsKKwkJc2V0RWxlbWVudFRleHQoZWxlbWVudCwgJycpOworCX0KKworCg==',197,63,4,'NEW_ASSET_WITH_NEW_VARIATIONPOINT_AND_NEW_FEATURES');
INSERT IGNORE INTO developer_group (id_developer_group) VALUES 
(64);
INSERT IGNORE INTO developer_bridge (id_developer_group,id_developer) VALUES 
(64,1);
INSERT IGNORE INTO developer_bridge (id_developer_group,id_developer) VALUES 
(64,1);
INSERT IGNORE INTO developer_bridge (id_developer_group,id_developer) VALUES 
(64,1);
INSERT IGNORE INTO developer_bridge (id_developer_group,id_developer) VALUES 
(64,1);
INSERT IGNORE INTO developer_bridge (id_developer_group,id_developer) VALUES 
(64,1);
INSERT IGNORE INTO developer_bridge (id_developer_group,id_developer) VALUES 
(64,1);
INSERT IGNORE INTO developer_bridge (id_developer_group,id_developer) VALUES 
(64,1);
INSERT IGNORE INTO developer_bridge (id_developer_group,id_developer) VALUES 
(64,1);
INSERT IGNORE INTO developer_bridge (id_developer_group,id_developer) VALUES 
(64,1);
INSERT IGNORE INTO developer_bridge (id_developer_group,id_developer) VALUES 
(64,1);
INSERT IGNORE INTO developer_bridge (id_developer_group,id_developer) VALUES 
(64,1);
INSERT IGNORE INTO developer_bridge (id_developer_group,id_developer) VALUES 
(64,1);
INSERT IGNORE INTO developer_bridge (id_developer_group,id_developer) VALUES 
(64,1);
INSERT IGNORE INTO developer_bridge (id_developer_group,id_developer) VALUES 
(64,1);
INSERT IGNORE INTO developer_bridge (id_developer_group,id_developer) VALUES 
(64,1);
INSERT IGNORE INTO developer_bridge (id_developer_group,id_developer) VALUES 
(64,1);
INSERT IGNORE INTO developer_bridge (id_developer_group,id_developer) VALUES 
(64,1);
INSERT IGNORE INTO developer_bridge (id_developer_group,id_developer) VALUES 
(64,1);
INSERT IGNORE INTO developer_bridge (id_developer_group,id_developer) VALUES 
(64,1);
INSERT IGNORE INTO developer_bridge (id_developer_group,id_developer) VALUES 
(64,1);
INSERT IGNORE INTO developer_bridge (id_developer_group,id_developer) VALUES 
(64,1);
INSERT IGNORE INTO developer_bridge (id_developer_group,id_developer) VALUES 
(64,1);
INSERT IGNORE INTO developer_bridge (id_developer_group,id_developer) VALUES 
(64,1);
INSERT IGNORE INTO developer_bridge (id_developer_group,id_developer) VALUES 
(64,1);
INSERT IGNORE INTO developer_bridge (id_developer_group,id_developer) VALUES 
(64,1);
INSERT IGNORE INTO developer_bridge (id_developer_group,id_developer) VALUES 
(64,1);
INSERT IGNORE INTO developer_bridge (id_developer_group,id_developer) VALUES 
(64,1);
INSERT IGNORE INTO developer_bridge (id_developer_group,id_developer) VALUES 
(64,1);
INSERT IGNORE INTO developer_bridge (id_developer_group,id_developer) VALUES 
(64,1);
INSERT IGNORE INTO developer_bridge (id_developer_group,id_developer) VALUES 
(64,1);
INSERT IGNORE INTO developer_bridge (id_developer_group,id_developer) VALUES 
(64,1);
INSERT IGNORE INTO developer_bridge (id_developer_group,id_developer) VALUES 
(64,1);
INSERT IGNORE INTO developer_bridge (id_developer_group,id_developer) VALUES 
(64,1);
INSERT IGNORE INTO developer_bridge (id_developer_group,id_developer) VALUES 
(64,1);
INSERT IGNORE INTO developer_bridge (id_developer_group,id_developer) VALUES 
(64,1);
INSERT IGNORE INTO developer_bridge (id_developer_group,id_developer) VALUES 
(64,1);
INSERT IGNORE INTO developer_bridge (id_developer_group,id_developer) VALUES 
(64,1);
INSERT IGNORE INTO customization_fact (idcustomization, lines_added,lines_deleted,custom_diff,commit_set,message_set,greater_diff,idvariationpoint,id_developer_group, idproductrelease, type) VALUES
(64,37,0,'ZGlmZiAtLWdpdCBhL2lucHV0L2pzL3NlbnNvcnNNYWludGVuYW5jZS5qcyBiL2lucHV0L2pzL3NlbnNvcnNNYWludGVuYW5jZS5qcwpuZXcgZmlsZSBtb2RlIDEwMDY0NAppbmRleCAwMDAwMDAwLi4yOTkxNjI4Ci0tLSAvZGV2L251bGwKQEAgLTYsMiArNjYsMzcgQEAgRXhwcmVzc2lvbjogIChwdjpoYXNGZWF0dXJlKCdUZW1wZXJhdHVyZScpKUNoYW5nZSBUeXBlOiBORVdfQVNTRVRfV0lUSF9ORVdfVkFSSUFUSU9OUE9JTlRfQU5EX05FV19GRUFUVVJFUworLy8gUFY6SUZDT05EKHB2Omhhc0ZlYXR1cmUoJ1RlbXBlcmF0dXJlJykpLy9BdXRob3JlZCBieTogbGV0aW1vbWUgaW4gY29tbWl0OmJlY2M5OWY2OTgwODI3MGE4MzNkNjUwZjk3YmFmMmY0MmFjZGFmMzIsIHdpdGggbWVzc2FnZTpjaGFuZ2VzIGZvciBQYXJpcyBXUyAKK3ZhciB0ZW1wTWVhc3VyZSA9IDA7Ly9BdXRob3JlZCBieTogbGV0aW1vbWUgaW4gY29tbWl0OmJlY2M5OWY2OTgwODI3MGE4MzNkNjUwZjk3YmFmMmY0MmFjZGFmMzIsIHdpdGggbWVzc2FnZTpjaGFuZ2VzIGZvciBQYXJpcyBXUyAKK2Z1bmN0aW9uIGFwcGx5VGVtcGVyYXR1cmUoKSB7Ly9BdXRob3JlZCBieTogbGV0aW1vbWUgaW4gY29tbWl0OmJlY2M5OWY2OTgwODI3MGE4MzNkNjUwZjk3YmFmMmY0MmFjZGFmMzIsIHdpdGggbWVzc2FnZTpjaGFuZ2VzIGZvciBQYXJpcyBXUyAKKwl2YXIgbWluID0gbWluVGVtcDsvL0F1dGhvcmVkIGJ5OiBsZXRpbW9tZSBpbiBjb21taXQ6YmVjYzk5ZjY5ODA4MjcwYTgzM2Q2NTBmOTdiYWYyZjQyYWNkYWYzMiwgd2l0aCBtZXNzYWdlOmNoYW5nZXMgZm9yIFBhcmlzIFdTIAorCXZhciBtYXggPSBtYXhUZW1wOy8vQXV0aG9yZWQgYnk6IGxldGltb21lIGluIGNvbW1pdDpiZWNjOTlmNjk4MDgyNzBhODMzZDY1MGY5N2JhZjJmNDJhY2RhZjMyLCB3aXRoIG1lc3NhZ2U6Y2hhbmdlcyBmb3IgUGFyaXMgV1MgCisvL0F1dGhvcmVkIGJ5OiBsZXRpbW9tZSBpbiBjb21taXQ6YmVjYzk5ZjY5ODA4MjcwYTgzM2Q2NTBmOTdiYWYyZjQyYWNkYWYzMiwgd2l0aCBtZXNzYWdlOmNoYW5nZXMgZm9yIFBhcmlzIFdTIAorCXZhciBweFJhbmdlID0gMTcwOy8vQXV0aG9yZWQgYnk6IGxldGltb21lIGluIGNvbW1pdDpiZWNjOTlmNjk4MDgyNzBhODMzZDY1MGY5N2JhZjJmNDJhY2RhZjMyLCB3aXRoIG1lc3NhZ2U6Y2hhbmdlcyBmb3IgUGFyaXMgV1MgCisvL0F1dGhvcmVkIGJ5OiBsZXRpbW9tZSBpbiBjb21taXQ6YmVjYzk5ZjY5ODA4MjcwYTgzM2Q2NTBmOTdiYWYyZjQyYWNkYWYzMiwgd2l0aCBtZXNzYWdlOmNoYW5nZXMgZm9yIFBhcmlzIFdTIAorCXZhciBtZWFzdXJlVGV4dCA9IGRvY3VtZW50LmdldEVsZW1lbnRCeUlkKCJ0X21lYXN1cmUiKTsvL0F1dGhvcmVkIGJ5OiBsZXRpbW9tZSBpbiBjb21taXQ6YmVjYzk5ZjY5ODA4MjcwYTgzM2Q2NTBmOTdiYWYyZjQyYWNkYWYzMiwgd2l0aCBtZXNzYWdlOmNoYW5nZXMgZm9yIFBhcmlzIFdTIAorCXZhciBwb2ludGVyID0gZG9jdW1lbnQuZ2V0RWxlbWVudEJ5SWQoInRfcG9pbnQiKTsvL0F1dGhvcmVkIGJ5OiBsZXRpbW9tZSBpbiBjb21taXQ6YmVjYzk5ZjY5ODA4MjcwYTgzM2Q2NTBmOTdiYWYyZjQyYWNkYWYzMiwgd2l0aCBtZXNzYWdlOmNoYW5nZXMgZm9yIFBhcmlzIFdTIAorLy9BdXRob3JlZCBieTogbGV0aW1vbWUgaW4gY29tbWl0OmJlY2M5OWY2OTgwODI3MGE4MzNkNjUwZjk3YmFmMmY0MmFjZGFmMzIsIHdpdGggbWVzc2FnZTpjaGFuZ2VzIGZvciBQYXJpcyBXUyAKKwlpZiAobWVhc3VyZVRleHQgJiYgcG9pbnRlcikgey8vQXV0aG9yZWQgYnk6IGxldGltb21lIGluIGNvbW1pdDpiZWNjOTlmNjk4MDgyNzBhODMzZDY1MGY5N2JhZjJmNDJhY2RhZjMyLCB3aXRoIG1lc3NhZ2U6Y2hhbmdlcyBmb3IgUGFyaXMgV1MgCisJCXRlbXBNZWFzdXJlID0gbWVhc3VyZVRleHQudmFsdWU7Ly9BdXRob3JlZCBieTogbGV0aW1vbWUgaW4gY29tbWl0OmJlY2M5OWY2OTgwODI3MGE4MzNkNjUwZjk3YmFmMmY0MmFjZGFmMzIsIHdpdGggbWVzc2FnZTpjaGFuZ2VzIGZvciBQYXJpcyBXUyAKKwkJdmFyIGludFZhbHVlID0gY2hlY2tNZWFzdXJlKG1pbiwgbWF4LCB0ZW1wTWVhc3VyZSk7Ly9BdXRob3JlZCBieTogbGV0aW1vbWUgaW4gY29tbWl0OmJlY2M5OWY2OTgwODI3MGE4MzNkNjUwZjk3YmFmMmY0MmFjZGFmMzIsIHdpdGggbWVzc2FnZTpjaGFuZ2VzIGZvciBQYXJpcyBXUyAKKwkJaWYgKGlzTmFOKGludFZhbHVlKSkgcmV0dXJuIGZhbHNlOy8vQXV0aG9yZWQgYnk6IGxldGltb21lIGluIGNvbW1pdDpiZWNjOTlmNjk4MDgyNzBhODMzZDY1MGY5N2JhZjJmNDJhY2RhZjMyLCB3aXRoIG1lc3NhZ2U6Y2hhbmdlcyBmb3IgUGFyaXMgV1MgCisJCWludFZhbHVlID0gKGludFZhbHVlIC0gbWluKSoocHhSYW5nZSAvIChtYXggLSBtaW4pKTsvL0F1dGhvcmVkIGJ5OiBsZXRpbW9tZSBpbiBjb21taXQ6YmVjYzk5ZjY5ODA4MjcwYTgzM2Q2NTBmOTdiYWYyZjQyYWNkYWYzMiwgd2l0aCBtZXNzYWdlOmNoYW5nZXMgZm9yIFBhcmlzIFdTIAorCQkvL0F1dGhvcmVkIGJ5OiBsZXRpbW9tZSBpbiBjb21taXQ6YmVjYzk5ZjY5ODA4MjcwYTgzM2Q2NTBmOTdiYWYyZjQyYWNkYWYzMiwgd2l0aCBtZXNzYWdlOmNoYW5nZXMgZm9yIFBhcmlzIFdTIAorCQlwb2ludGVyLnN0eWxlLmhlaWdodCA9ICgxNzcgLSBpbnRWYWx1ZSkgKyAicHgiOy8vQXV0aG9yZWQgYnk6IGxldGltb21lIGluIGNvbW1pdDpiZWNjOTlmNjk4MDgyNzBhODMzZDY1MGY5N2JhZjJmNDJhY2RhZjMyLCB3aXRoIG1lc3NhZ2U6Y2hhbmdlcyBmb3IgUGFyaXMgV1MgCisJfS8vQXV0aG9yZWQgYnk6IGxldGltb21lIGluIGNvbW1pdDpiZWNjOTlmNjk4MDgyNzBhODMzZDY1MGY5N2JhZjJmNDJhY2RhZjMyLCB3aXRoIG1lc3NhZ2U6Y2hhbmdlcyBmb3IgUGFyaXMgV1MgCisJc2V0V2FybmluZ3MoKTsvL0F1dGhvcmVkIGJ5OiBsZXRpbW9tZSBpbiBjb21taXQ6YmVjYzk5ZjY5ODA4MjcwYTgzM2Q2NTBmOTdiYWYyZjQyYWNkYWYzMiwgd2l0aCBtZXNzYWdlOmNoYW5nZXMgZm9yIFBhcmlzIFdTIAorCXJldHVybiBmYWxzZTsvL0F1dGhvcmVkIGJ5OiBsZXRpbW9tZSBpbiBjb21taXQ6YmVjYzk5ZjY5ODA4MjcwYTgzM2Q2NTBmOTdiYWYyZjQyYWNkYWYzMiwgd2l0aCBtZXNzYWdlOmNoYW5nZXMgZm9yIFBhcmlzIFdTIAorfS8vQXV0aG9yZWQgYnk6IGxldGltb21lIGluIGNvbW1pdDpiZWNjOTlmNjk4MDgyNzBhODMzZDY1MGY5N2JhZjJmNDJhY2RhZjMyLCB3aXRoIG1lc3NhZ2U6Y2hhbmdlcyBmb3IgUGFyaXMgV1MgCisvLyBQVjpFTkRDT05ELy9BdXRob3JlZCBieTogbGV0aW1vbWUgaW4gY29tbWl0OmJlY2M5OWY2OTgwODI3MGE4MzNkNjUwZjk3YmFmMmY0MmFjZGFmMzIsIHdpdGggbWVzc2FnZTpjaGFuZ2VzIGZvciBQYXJpcyBXUyAKKy8vQXV0aG9yZWQgYnk6IGxldGltb21lIGluIGNvbW1pdDpiZWNjOTlmNjk4MDgyNzBhODMzZDY1MGY5N2JhZjJmNDJhY2RhZjMyLCB3aXRoIG1lc3NhZ2U6Y2hhbmdlcyBmb3IgUGFyaXMgV1MgCitmdW5jdGlvbiBjaGVja01lYXN1cmUobWluLCBtYXgsIG1lYXN1cmUpIHsvL0F1dGhvcmVkIGJ5OiBsZXRpbW9tZSBpbiBjb21taXQ6YmVjYzk5ZjY5ODA4MjcwYTgzM2Q2NTBmOTdiYWYyZjQyYWNkYWYzMiwgd2l0aCBtZXNzYWdlOmNoYW5nZXMgZm9yIFBhcmlzIFdTIAorCWlmIChtZWFzdXJlID09ICIiIHx8IG1lYXN1cmUgPT0gbnVsbCkgcmV0dXJuIE5hTjsvL0F1dGhvcmVkIGJ5OiBsZXRpbW9tZSBpbiBjb21taXQ6YmVjYzk5ZjY5ODA4MjcwYTgzM2Q2NTBmOTdiYWYyZjQyYWNkYWYzMiwgd2l0aCBtZXNzYWdlOmNoYW5nZXMgZm9yIFBhcmlzIFdTIAorCWlmIChpc05hTihwYXJzZUludChtZWFzdXJlKSkgfHwvL0F1dGhvcmVkIGJ5OiBsZXRpbW9tZSBpbiBjb21taXQ6YmVjYzk5ZjY5ODA4MjcwYTgzM2Q2NTBmOTdiYWYyZjQyYWNkYWYzMiwgd2l0aCBtZXNzYWdlOmNoYW5nZXMgZm9yIFBhcmlzIFdTIAorCQlwYXJzZUludChtZWFzdXJlKSA8IG1pbiB8fC8vQXV0aG9yZWQgYnk6IGxldGltb21lIGluIGNvbW1pdDpiZWNjOTlmNjk4MDgyNzBhODMzZDY1MGY5N2JhZjJmNDJhY2RhZjMyLCB3aXRoIG1lc3NhZ2U6Y2hhbmdlcyBmb3IgUGFyaXMgV1MgCisJCXBhcnNlSW50KG1lYXN1cmUpID4gbWF4KSB7Ly9BdXRob3JlZCBieTogbGV0aW1vbWUgaW4gY29tbWl0OmJlY2M5OWY2OTgwODI3MGE4MzNkNjUwZjk3YmFmMmY0MmFjZGFmMzIsIHdpdGggbWVzc2FnZTpjaGFuZ2VzIGZvciBQYXJpcyBXUyAKKwkJYWxlcnQoIkJpdHRlIGVpbmUgWmFobCB6d2lzY2hlbiAiICsgbWluICsgIiB1bmQgIiArIG1heCArICIgZWluZ2ViZW4hIik7Ly9BdXRob3JlZCBieTogbGV0aW1vbWUgaW4gY29tbWl0OmJlY2M5OWY2OTgwODI3MGE4MzNkNjUwZjk3YmFmMmY0MmFjZGFmMzIsIHdpdGggbWVzc2FnZTpjaGFuZ2VzIGZvciBQYXJpcyBXUyAKKwkJcmV0dXJuIE5hTjsvL0F1dGhvcmVkIGJ5OiBsZXRpbW9tZSBpbiBjb21taXQ6YmVjYzk5ZjY5ODA4MjcwYTgzM2Q2NTBmOTdiYWYyZjQyYWNkYWYzMiwgd2l0aCBtZXNzYWdlOmNoYW5nZXMgZm9yIFBhcmlzIFdTIAorCX0vL0F1dGhvcmVkIGJ5OiBsZXRpbW9tZSBpbiBjb21taXQ6YmVjYzk5ZjY5ODA4MjcwYTgzM2Q2NTBmOTdiYWYyZjQyYWNkYWYzMiwgd2l0aCBtZXNzYWdlOmNoYW5nZXMgZm9yIFBhcmlzIFdTIAorCXJldHVybiBwYXJzZUludChtZWFzdXJlKTsvL0F1dGhvcmVkIGJ5OiBsZXRpbW9tZSBpbiBjb21taXQ6YmVjYzk5ZjY5ODA4MjcwYTgzM2Q2NTBmOTdiYWYyZjQyYWNkYWYzMiwgd2l0aCBtZXNzYWdlOmNoYW5nZXMgZm9yIFBhcmlzIFdTIAorfS8vQXV0aG9yZWQgYnk6IGxldGltb21lIGluIGNvbW1pdDpiZWNjOTlmNjk4MDgyNzBhODMzZDY1MGY5N2JhZjJmNDJhY2RhZjMyLCB3aXRoIG1lc3NhZ2U6Y2hhbmdlcyBmb3IgUGFyaXMgV1MgCisvL0F1dGhvcmVkIGJ5OiBsZXRpbW9tZSBpbiBjb21taXQ6YmVjYzk5ZjY5ODA4MjcwYTgzM2Q2NTBmOTdiYWYyZjQyYWNkYWYzMiwgd2l0aCBtZXNzYWdlOmNoYW5nZXMgZm9yIFBhcmlzIFdTIAorZnVuY3Rpb24gc2V0V2FybmluZ3MoKSB7Ly9BdXRob3JlZCBieTogbGV0aW1vbWUgaW4gY29tbWl0OmJlY2M5OWY2OTgwODI3MGE4MzNkNjUwZjk3YmFmMmY0MmFjZGFmMzIsIHdpdGggbWVzc2FnZTpjaGFuZ2VzIGZvciBQYXJpcyBXUyAKKwl3YXJuaW5nVGV4dCA9ICcnOy8vQXV0aG9yZWQgYnk6IGxldGltb21lIGluIGNvbW1pdDpiZWNjOTlmNjk4MDgyNzBhODMzZDY1MGY5N2JhZjJmNDJhY2RhZjMyLCB3aXRoIG1lc3NhZ2U6Y2hhbmdlcyBmb3IgUGFyaXMgV1MgCg==','becc99f69808270a833d650f97baf2f42acdaf32; becc99f69808270a833d650f97baf2f42acdaf32; becc99f69808270a833d650f97baf2f42acdaf32; becc99f69808270a833d650f97baf2f42acdaf32; becc99f69808270a833d650f97baf2f42acdaf32; becc99f69808270a833d650f97baf2f42acdaf32; becc99f69808270a833d650f97baf2f42acdaf32; becc99f69808270a833d650f97baf2f42acdaf32; becc99f69808270a833d650f97baf2f42acdaf32; becc99f69808270a833d650f97baf2f42acdaf32; becc99f69808270a833d650f97baf2f42acdaf32; becc99f69808270a833d650f97baf2f42acdaf32; becc99f69808270a833d650f97baf2f42acdaf32; becc99f69808270a833d650f97baf2f42acdaf32; becc99f69808270a833d650f97baf2f42acdaf32; becc99f69808270a833d650f97baf2f42acdaf32; becc99f69808270a833d650f97baf2f42acdaf32; becc99f69808270a833d650f97baf2f42acdaf32; becc99f69808270a833d650f97baf2f42acdaf32; becc99f69808270a833d650f97baf2f42acdaf32; becc99f69808270a833d650f97baf2f42acdaf32; becc99f69808270a833d650f97baf2f42acdaf32; becc99f69808270a833d650f97baf2f42acdaf32; becc99f69808270a833d650f97baf2f42acdaf32; becc99f69808270a833d650f97baf2f42acdaf32; becc99f69808270a833d650f97baf2f42acdaf32; becc99f69808270a833d650f97baf2f42acdaf32; becc99f69808270a833d650f97baf2f42acdaf32; becc99f69808270a833d650f97baf2f42acdaf32; becc99f69808270a833d650f97baf2f42acdaf32; becc99f69808270a833d650f97baf2f42acdaf32; becc99f69808270a833d650f97baf2f42acdaf32; becc99f69808270a833d650f97baf2f42acdaf32; becc99f69808270a833d650f97baf2f42acdaf32; becc99f69808270a833d650f97baf2f42acdaf32; becc99f69808270a833d650f97baf2f42acdaf32; becc99f69808270a833d650f97baf2f42acdaf32; ','changes for Paris WS
; ','ZGlmZiAtLWdpdCBhL2lucHV0L2pzL3NlbnNvcnNNYWludGVuYW5jZS5qcyBiL2lucHV0L2pzL3NlbnNvcnNNYWludGVuYW5jZS5qcwpuZXcgZmlsZSBtb2RlIDEwMDY0NAppbmRleCAwMDAwMDAwLi4yOTkxNjI4Ci0tLSAvZGV2L251bGwKKysrIGIvaW5wdXQvanMvc2Vuc29yc01haW50ZW5hbmNlLmpzCkBAIC0wLDAgKzEsMTM5IEBACisvLyBQVjpJRkNPTkQocHY6aGFzRmVhdHVyZSgnQWlyUHJlc3N1cmUnKSkKK2Z1bmN0aW9uIGFwcGx5UHJlc3N1cmUoKSB7CisJdmFyIG1lYXN1cmVUZXh0ID0gZG9jdW1lbnQuZ2V0RWxlbWVudEJ5SWQoInBfbWVhc3VyZSIpOworCXZhciBwb2ludGVyID0gZG9jdW1lbnQuZ2V0RWxlbWVudEJ5SWQoInBfcG9pbnQiKTsKKwlhcHBseVRhY2hvVmFsdWUobWluUHJlcywgbWF4UHJlcywgbWVhc3VyZVRleHQsIHBvaW50ZXIpOworCWZ1bmN0aW9uIGdldE1ldGFDb250ZW50QnlOYW1lKG5hbWUsY29udGVudCl7CisJCSAgIHZhciBjb250ZW50ID0gKGNvbnRlbnQ9PW51bGwpPydjb250ZW50Jzpjb250ZW50OworCQkgICByZXR1cm4gZG9jdW1lbnQucXVlcnlTZWxlY3RvcigibWV0YVtuYW1lPSciK25hbWUrIiddIikuZ2V0QXR0cmlidXRlKGNvbnRlbnQpOworCQl9CisJCQorCQkkKGRvY3VtZW50KS5yZWFkeShmdW5jdGlvbigpeworCQkJLy9jb25zb2xlLmxvZyhkaWZmU3RyaW5nKTsgLy9kaWZmU3RyaW5nIHNob3VsZCBiZSB0aGUgdmFsdWUgb2YgZGlmZnZpZXcgdmFsdWUKKwkJCS8vZ2V0IHNlbGVjdCgiI2RpZmZ2YWx1ZSIpLiBtZXRhZGF0YQorCQkJdmFyIGRpZmZ2YWx1ZSA9IGdldE1ldGFDb250ZW50QnlOYW1lKCJkaWZmdmFsdWUiKTsKKwkJCWlmIChkaWZmdmFsdWU9PW51bGwpIHJldHVybiBudWxsOworCQl9KTsKKwlyZXR1cm4gZmFsc2U7Cit9CisvLyBQVjpFTkRDT05ECisKKy8vIFBWOklGQ09ORChwdjpoYXNGZWF0dXJlKCdXaW5kU3BlZWQnKSkKK3ZhciB3aW5kTWVhc3VyZSA9IDA7CitmdW5jdGlvbiBhcHBseVdpbmRTcGVlZCgpIHsKKwl2YXIgbWVhc3VyZVRleHQgPSBkb2N1bWVudC5nZXRFbGVtZW50QnlJZCgid19tZWFzdXJlIik7CisJd2luZE1lYXN1cmUgPSBtZWFzdXJlVGV4dC52YWx1ZTsKKwl2YXIgcG9pbnRlciA9IGRvY3VtZW50LmdldEVsZW1lbnRCeUlkKCJ3X3BvaW50Iik7CisJCisJYXBwbHlUYWNob1ZhbHVlKG1pbldpbmQsIG1heFdpbmQsIG1lYXN1cmVUZXh0LCBwb2ludGVyKTsKKwlzZXRXYXJuaW5ncygpOworCXJldHVybiBmYWxzZTsKK30KKy8vIFBWOkVORENPTkQKKworLy8gUFY6SUZDT05EKHB2Omhhc0ZlYXR1cmUoJ1dpbmRTcGVlZCcpIG9yIHB2Omhhc0ZlYXR1cmUoJ0FpclByZXNzdXJlJykpCitmdW5jdGlvbiBhcHBseVRhY2hvVmFsdWUobWluLCBtYXgsIG1lYXN1cmVUZXh0LCBwb2ludGVyKSB7CisJdmFyIGRpdmlzb3IgPSBNYXRoLnJvdW5kKChtYXggLSBtaW4pLzEzKTsKKwl2YXIgYyA9IE1hdGgucm91bmQoZGl2aXNvci8yKTsKKwkKKwlpZiAobWVhc3VyZVRleHQgJiYgcG9pbnRlcikgeworCQl2YXIgbWVhc3VyZSA9IG1lYXN1cmVUZXh0LnZhbHVlOworCQl2YXIgaW50VmFsdWUgPSBjaGVja01lYXN1cmUobWluLCBtYXgsIG1lYXN1cmUpOworCQlpZiAoaXNOYU4oaW50VmFsdWUpKSByZXR1cm4gZmFsc2U7CisJCWZ1bmN0aW9uIGdldE1ldGFDb250ZW50QnlOYW1lKG5hbWUsY29udGVudCl7CisJCQkgICB2YXIgY29udGVudCA9IChjb250ZW50PT1udWxsKT8nY29udGVudCc6Y29udGVudDsKKwkJCSAgIHJldHVybiBkb2N1bWVudC5xdWVyeVNlbGVjdG9yKCJtZXRhW25hbWU9JyIrbmFtZSsiJ10iKS5nZXRBdHRyaWJ1dGUoY29udGVudCk7CisJCQl9CisJCQkKKwkJCSQoZG9jdW1lbnQpLnJlYWR5KGZ1bmN0aW9uKCl7CisJCQkJLy9jb25zb2xlLmxvZyhkaWZmU3RyaW5nKTsgLy9kaWZmU3RyaW5nIHNob3VsZCBiZSB0aGUgdmFsdWUgb2YgZGlmZnZpZXcgdmFsdWUKKwkJCQkvL2dldCBzZWxlY3QoIiNkaWZmdmFsdWUiKS4gbWV0YWRhdGEKKwkJCQl2YXIgZGlmZnZhbHVlID0gZ2V0TWV0YUNvbnRlbnRCeU5hbWUoImRpZmZ2YWx1ZSIpOworCQkJCWlmIChkaWZmdmFsdWU9PW51bGwpIHJldHVybiBudWxsOworCQkJfSk7CisJCXJldHVybiBmYWxzZTsKKwkJaW50VmFsdWUgLT0gbWluOworCQlpZiAoaW50VmFsdWUgJSBkaXZpc29yIDwgYykgaW50VmFsdWUgLT0gaW50VmFsdWUgJSBkaXZpc29yOworCQllbHNlIGludFZhbHVlICs9IGRpdmlzb3IgLSBpbnRWYWx1ZSAlIGRpdmlzb3I7CisKKwkJaW50VmFsdWUgLz0gZGl2aXNvcjsKKwkJcG9pbnRlci5zdHlsZS5iYWNrZ3JvdW5kID0gInVybCgnaW1hZ2VzL25fIiArIGludFZhbHVlICsgIi5wbmcnKSI7CisJfQorCXJldHVybiBmYWxzZTsKK30KKy8vIFBWOkVORENPTkQKKworLy8gUFY6SUZDT05EKHB2Omhhc0ZlYXR1cmUoJ1RlbXBlcmF0dXJlJykpCit2YXIgdGVtcE1lYXN1cmUgPSAwOworZnVuY3Rpb24gYXBwbHlUZW1wZXJhdHVyZSgpIHsKKwl2YXIgbWluID0gbWluVGVtcDsKKwl2YXIgbWF4ID0gbWF4VGVtcDsKKworCXZhciBweFJhbmdlID0gMTcwOworCisJdmFyIG1lYXN1cmVUZXh0ID0gZG9jdW1lbnQuZ2V0RWxlbWVudEJ5SWQoInRfbWVhc3VyZSIpOworCXZhciBwb2ludGVyID0gZG9jdW1lbnQuZ2V0RWxlbWVudEJ5SWQoInRfcG9pbnQiKTsKKworCWlmIChtZWFzdXJlVGV4dCAmJiBwb2ludGVyKSB7CisJCXRlbXBNZWFzdXJlID0gbWVhc3VyZVRleHQudmFsdWU7CisJCXZhciBpbnRWYWx1ZSA9IGNoZWNrTWVhc3VyZShtaW4sIG1heCwgdGVtcE1lYXN1cmUpOworCQlpZiAoaXNOYU4oaW50VmFsdWUpKSByZXR1cm4gZmFsc2U7CisJCWludFZhbHVlID0gKGludFZhbHVlIC0gbWluKSoocHhSYW5nZSAvIChtYXggLSBtaW4pKTsKKwkJCisJCXBvaW50ZXIuc3R5bGUuaGVpZ2h0ID0gKDE3NyAtIGludFZhbHVlKSArICJweCI7CisJfQorCXNldFdhcm5pbmdzKCk7CisJcmV0dXJuIGZhbHNlOworfQorLy8gUFY6RU5EQ09ORAorCitmdW5jdGlvbiBjaGVja01lYXN1cmUobWluLCBtYXgsIG1lYXN1cmUpIHsKKwlpZiAobWVhc3VyZSA9PSAiIiB8fCBtZWFzdXJlID09IG51bGwpIHJldHVybiBOYU47CisJaWYgKGlzTmFOKHBhcnNlSW50KG1lYXN1cmUpKSB8fAorCQlwYXJzZUludChtZWFzdXJlKSA8IG1pbiB8fAorCQlwYXJzZUludChtZWFzdXJlKSA+IG1heCkgeworCQlhbGVydCgiQml0dGUgZWluZSBaYWhsIHp3aXNjaGVuICIgKyBtaW4gKyAiIHVuZCAiICsgbWF4ICsgIiBlaW5nZWJlbiEiKTsKKwkJcmV0dXJuIE5hTjsKKwl9CisJcmV0dXJuIHBhcnNlSW50KG1lYXN1cmUpOworfQorCitmdW5jdGlvbiBzZXRXYXJuaW5ncygpIHsKKwl3YXJuaW5nVGV4dCA9ICcnOworLy8gUFY6SUZDT05EKHB2Omhhc0ZlYXR1cmUoJ0hlYXQnKSkKKwlpZiAoIWlzTmFOKHRlbXBMaW1pdCkgJiYgdGVtcE1lYXN1cmUgPiB0ZW1wTGltaXQpIHsKKwkJd2FybmluZ1RleHQgKz0gdGVtcFdhcm5pbmc7CisJfQorLy8gUFY6RU5EQ09ORAorLy8gUFY6SUZDT05EKHB2Omhhc0ZlYXR1cmUoJ0dhbGUnKSkKKwlpZiAoIWlzTmFOKHdpbmRMaW1pdCkgJiYgd2luZE1lYXN1cmUgPiB3aW5kTGltaXQpIHsKKwkJd2FybmluZ1RleHQgKz0gKHdhcm5pbmdUZXh0ID09ICcnKSA/ICcnIDogJywgJzsKKwkJd2FybmluZ1RleHQgKz0gd2luZFdhcm5pbmc7CisJCXZhciBnYWxldmFsdWUgPSBnZXRNZXRhQ29udGVudEJ5TmFtZSgiZ2FsZSIpOworCQkKKwkJaWYgKGdhbGU9PW51bGwpIHJldHVybjsJCisJCXZhciBkaWZmMmh0bWxVaSA9IG5ldyBEaWZmMkh0bWxVSSh7ZGlmZjogZGlmZnZhbHVlfSk7CisJCWNvbnNvbGUubG9nKGRpZmYyaHRtbFVpKTsKKwkJZGlmZjJodG1sVWkuZHJhdygnI2RpZmZ2aWV3Jywge2lucHV0Rm9ybWF0OiAnanNvbicsIHNob3dGaWxlczogdHJ1ZSwgbWF0Y2hpbmc6ICdsaW5lcyd9KTsKKwkgICAgZGlmZjJodG1sVWkuaGlnaGxpZ2h0Q29kZSgnI2RpZmZ2aWV3Jyk7CisJfTsKKwl9CisvLyBQVjpFTkRDT05ECisJdmFyIGVsZW1lbnQgPSBkb2N1bWVudC5nZXRFbGVtZW50QnlJZCgnd2FybmluZycpOworCWlmICh3YXJuaW5nVGV4dCAhPSAnJykgeworCisvLyBQVjpJRkNPTkQocHY6aGFzRmVhdHVyZSgnR2VybWFuJykpCisJCXdhcm5pbmdUZXh0ID0gJ0FjaHR1bmc6ICcgKyB3YXJuaW5nVGV4dDsKKy8vIFBWOkVORENPTkQKKy8vIFBWOklGQ09ORChwdjpoYXNGZWF0dXJlKCdFbmdsaXNoJykpCisJCWlmICh3YXJuaW5nVGV4dCAhPSAnJykgd2FybmluZ1RleHQgPSAnQXR0ZW50aW9uOiAnICsgd2FybmluZ1RleHQ7CisvLyBQVjpFTkRDT05ECisJCXNldEVsZW1lbnRUZXh0KGVsZW1lbnQsIHdhcm5pbmdUZXh0KTsKKwkJLy9lbGVtZW50LnN0eWxlLmRpc3BsYXkgPSAnaW5oZXJpdCc7CisJfQorCWVsc2UgeworCQkvL2VsZW1lbnQuc3R5bGUuZGlzcGxheSA9ICdub25lJzsKKwkJc2V0RWxlbWVudFRleHQoZWxlbWVudCwgJycpOworCX0KKworCg==',198,64,4,'NEW_ASSET_WITH_NEW_VARIATIONPOINT_AND_NEW_FEATURES');
INSERT IGNORE INTO developer_group (id_developer_group) VALUES 
(65);
INSERT IGNORE INTO developer_bridge (id_developer_group,id_developer) VALUES 
(65,1);
INSERT IGNORE INTO developer_bridge (id_developer_group,id_developer) VALUES 
(65,1);
INSERT IGNORE INTO developer_bridge (id_developer_group,id_developer) VALUES 
(65,1);
INSERT IGNORE INTO developer_bridge (id_developer_group,id_developer) VALUES 
(65,1);
INSERT IGNORE INTO developer_bridge (id_developer_group,id_developer) VALUES 
(65,1);
INSERT IGNORE INTO customization_fact (idcustomization, lines_added,lines_deleted,custom_diff,commit_set,message_set,greater_diff,idvariationpoint,id_developer_group, idproductrelease, type) VALUES
(65,5,0,'ZGlmZiAtLWdpdCBhL2lucHV0L2pzL3NlbnNvcnNNYWludGVuYW5jZS5qcyBiL2lucHV0L2pzL3NlbnNvcnNNYWludGVuYW5jZS5qcwpuZXcgZmlsZSBtb2RlIDEwMDY0NAppbmRleCAwMDAwMDAwLi4yOTkxNjI4Ci0tLSAvZGV2L251bGwKQEAgLTgsMiArMTAzLDUgQEAgRXhwcmVzc2lvbjogIChwdjpoYXNGZWF0dXJlKCdIZWF0JykpQ2hhbmdlIFR5cGU6IE5FV19BU1NFVF9XSVRIX05FV19WQVJJQVRJT05QT0lOVF9BTkRfTkVXX0ZFQVRVUkVTCisvLyBQVjpJRkNPTkQocHY6aGFzRmVhdHVyZSgnSGVhdCcpKS8vQXV0aG9yZWQgYnk6IGxldGltb21lIGluIGNvbW1pdDpiZWNjOTlmNjk4MDgyNzBhODMzZDY1MGY5N2JhZjJmNDJhY2RhZjMyLCB3aXRoIG1lc3NhZ2U6Y2hhbmdlcyBmb3IgUGFyaXMgV1MgCisJaWYgKCFpc05hTih0ZW1wTGltaXQpICYmIHRlbXBNZWFzdXJlID4gdGVtcExpbWl0KSB7Ly9BdXRob3JlZCBieTogbGV0aW1vbWUgaW4gY29tbWl0OmJlY2M5OWY2OTgwODI3MGE4MzNkNjUwZjk3YmFmMmY0MmFjZGFmMzIsIHdpdGggbWVzc2FnZTpjaGFuZ2VzIGZvciBQYXJpcyBXUyAKKwkJd2FybmluZ1RleHQgKz0gdGVtcFdhcm5pbmc7Ly9BdXRob3JlZCBieTogbGV0aW1vbWUgaW4gY29tbWl0OmJlY2M5OWY2OTgwODI3MGE4MzNkNjUwZjk3YmFmMmY0MmFjZGFmMzIsIHdpdGggbWVzc2FnZTpjaGFuZ2VzIGZvciBQYXJpcyBXUyAKKwl9Ly9BdXRob3JlZCBieTogbGV0aW1vbWUgaW4gY29tbWl0OmJlY2M5OWY2OTgwODI3MGE4MzNkNjUwZjk3YmFmMmY0MmFjZGFmMzIsIHdpdGggbWVzc2FnZTpjaGFuZ2VzIGZvciBQYXJpcyBXUyAKKy8vIFBWOkVORENPTkQvL0F1dGhvcmVkIGJ5OiBsZXRpbW9tZSBpbiBjb21taXQ6YmVjYzk5ZjY5ODA4MjcwYTgzM2Q2NTBmOTdiYWYyZjQyYWNkYWYzMiwgd2l0aCBtZXNzYWdlOmNoYW5nZXMgZm9yIFBhcmlzIFdTIAo=','becc99f69808270a833d650f97baf2f42acdaf32; becc99f69808270a833d650f97baf2f42acdaf32; becc99f69808270a833d650f97baf2f42acdaf32; becc99f69808270a833d650f97baf2f42acdaf32; becc99f69808270a833d650f97baf2f42acdaf32; ','changes for Paris WS
; ','ZGlmZiAtLWdpdCBhL2lucHV0L2pzL3NlbnNvcnNNYWludGVuYW5jZS5qcyBiL2lucHV0L2pzL3NlbnNvcnNNYWludGVuYW5jZS5qcwpuZXcgZmlsZSBtb2RlIDEwMDY0NAppbmRleCAwMDAwMDAwLi4yOTkxNjI4Ci0tLSAvZGV2L251bGwKKysrIGIvaW5wdXQvanMvc2Vuc29yc01haW50ZW5hbmNlLmpzCkBAIC0wLDAgKzEsMTM5IEBACisvLyBQVjpJRkNPTkQocHY6aGFzRmVhdHVyZSgnQWlyUHJlc3N1cmUnKSkKK2Z1bmN0aW9uIGFwcGx5UHJlc3N1cmUoKSB7CisJdmFyIG1lYXN1cmVUZXh0ID0gZG9jdW1lbnQuZ2V0RWxlbWVudEJ5SWQoInBfbWVhc3VyZSIpOworCXZhciBwb2ludGVyID0gZG9jdW1lbnQuZ2V0RWxlbWVudEJ5SWQoInBfcG9pbnQiKTsKKwlhcHBseVRhY2hvVmFsdWUobWluUHJlcywgbWF4UHJlcywgbWVhc3VyZVRleHQsIHBvaW50ZXIpOworCWZ1bmN0aW9uIGdldE1ldGFDb250ZW50QnlOYW1lKG5hbWUsY29udGVudCl7CisJCSAgIHZhciBjb250ZW50ID0gKGNvbnRlbnQ9PW51bGwpPydjb250ZW50Jzpjb250ZW50OworCQkgICByZXR1cm4gZG9jdW1lbnQucXVlcnlTZWxlY3RvcigibWV0YVtuYW1lPSciK25hbWUrIiddIikuZ2V0QXR0cmlidXRlKGNvbnRlbnQpOworCQl9CisJCQorCQkkKGRvY3VtZW50KS5yZWFkeShmdW5jdGlvbigpeworCQkJLy9jb25zb2xlLmxvZyhkaWZmU3RyaW5nKTsgLy9kaWZmU3RyaW5nIHNob3VsZCBiZSB0aGUgdmFsdWUgb2YgZGlmZnZpZXcgdmFsdWUKKwkJCS8vZ2V0IHNlbGVjdCgiI2RpZmZ2YWx1ZSIpLiBtZXRhZGF0YQorCQkJdmFyIGRpZmZ2YWx1ZSA9IGdldE1ldGFDb250ZW50QnlOYW1lKCJkaWZmdmFsdWUiKTsKKwkJCWlmIChkaWZmdmFsdWU9PW51bGwpIHJldHVybiBudWxsOworCQl9KTsKKwlyZXR1cm4gZmFsc2U7Cit9CisvLyBQVjpFTkRDT05ECisKKy8vIFBWOklGQ09ORChwdjpoYXNGZWF0dXJlKCdXaW5kU3BlZWQnKSkKK3ZhciB3aW5kTWVhc3VyZSA9IDA7CitmdW5jdGlvbiBhcHBseVdpbmRTcGVlZCgpIHsKKwl2YXIgbWVhc3VyZVRleHQgPSBkb2N1bWVudC5nZXRFbGVtZW50QnlJZCgid19tZWFzdXJlIik7CisJd2luZE1lYXN1cmUgPSBtZWFzdXJlVGV4dC52YWx1ZTsKKwl2YXIgcG9pbnRlciA9IGRvY3VtZW50LmdldEVsZW1lbnRCeUlkKCJ3X3BvaW50Iik7CisJCisJYXBwbHlUYWNob1ZhbHVlKG1pbldpbmQsIG1heFdpbmQsIG1lYXN1cmVUZXh0LCBwb2ludGVyKTsKKwlzZXRXYXJuaW5ncygpOworCXJldHVybiBmYWxzZTsKK30KKy8vIFBWOkVORENPTkQKKworLy8gUFY6SUZDT05EKHB2Omhhc0ZlYXR1cmUoJ1dpbmRTcGVlZCcpIG9yIHB2Omhhc0ZlYXR1cmUoJ0FpclByZXNzdXJlJykpCitmdW5jdGlvbiBhcHBseVRhY2hvVmFsdWUobWluLCBtYXgsIG1lYXN1cmVUZXh0LCBwb2ludGVyKSB7CisJdmFyIGRpdmlzb3IgPSBNYXRoLnJvdW5kKChtYXggLSBtaW4pLzEzKTsKKwl2YXIgYyA9IE1hdGgucm91bmQoZGl2aXNvci8yKTsKKwkKKwlpZiAobWVhc3VyZVRleHQgJiYgcG9pbnRlcikgeworCQl2YXIgbWVhc3VyZSA9IG1lYXN1cmVUZXh0LnZhbHVlOworCQl2YXIgaW50VmFsdWUgPSBjaGVja01lYXN1cmUobWluLCBtYXgsIG1lYXN1cmUpOworCQlpZiAoaXNOYU4oaW50VmFsdWUpKSByZXR1cm4gZmFsc2U7CisJCWZ1bmN0aW9uIGdldE1ldGFDb250ZW50QnlOYW1lKG5hbWUsY29udGVudCl7CisJCQkgICB2YXIgY29udGVudCA9IChjb250ZW50PT1udWxsKT8nY29udGVudCc6Y29udGVudDsKKwkJCSAgIHJldHVybiBkb2N1bWVudC5xdWVyeVNlbGVjdG9yKCJtZXRhW25hbWU9JyIrbmFtZSsiJ10iKS5nZXRBdHRyaWJ1dGUoY29udGVudCk7CisJCQl9CisJCQkKKwkJCSQoZG9jdW1lbnQpLnJlYWR5KGZ1bmN0aW9uKCl7CisJCQkJLy9jb25zb2xlLmxvZyhkaWZmU3RyaW5nKTsgLy9kaWZmU3RyaW5nIHNob3VsZCBiZSB0aGUgdmFsdWUgb2YgZGlmZnZpZXcgdmFsdWUKKwkJCQkvL2dldCBzZWxlY3QoIiNkaWZmdmFsdWUiKS4gbWV0YWRhdGEKKwkJCQl2YXIgZGlmZnZhbHVlID0gZ2V0TWV0YUNvbnRlbnRCeU5hbWUoImRpZmZ2YWx1ZSIpOworCQkJCWlmIChkaWZmdmFsdWU9PW51bGwpIHJldHVybiBudWxsOworCQkJfSk7CisJCXJldHVybiBmYWxzZTsKKwkJaW50VmFsdWUgLT0gbWluOworCQlpZiAoaW50VmFsdWUgJSBkaXZpc29yIDwgYykgaW50VmFsdWUgLT0gaW50VmFsdWUgJSBkaXZpc29yOworCQllbHNlIGludFZhbHVlICs9IGRpdmlzb3IgLSBpbnRWYWx1ZSAlIGRpdmlzb3I7CisKKwkJaW50VmFsdWUgLz0gZGl2aXNvcjsKKwkJcG9pbnRlci5zdHlsZS5iYWNrZ3JvdW5kID0gInVybCgnaW1hZ2VzL25fIiArIGludFZhbHVlICsgIi5wbmcnKSI7CisJfQorCXJldHVybiBmYWxzZTsKK30KKy8vIFBWOkVORENPTkQKKworLy8gUFY6SUZDT05EKHB2Omhhc0ZlYXR1cmUoJ1RlbXBlcmF0dXJlJykpCit2YXIgdGVtcE1lYXN1cmUgPSAwOworZnVuY3Rpb24gYXBwbHlUZW1wZXJhdHVyZSgpIHsKKwl2YXIgbWluID0gbWluVGVtcDsKKwl2YXIgbWF4ID0gbWF4VGVtcDsKKworCXZhciBweFJhbmdlID0gMTcwOworCisJdmFyIG1lYXN1cmVUZXh0ID0gZG9jdW1lbnQuZ2V0RWxlbWVudEJ5SWQoInRfbWVhc3VyZSIpOworCXZhciBwb2ludGVyID0gZG9jdW1lbnQuZ2V0RWxlbWVudEJ5SWQoInRfcG9pbnQiKTsKKworCWlmIChtZWFzdXJlVGV4dCAmJiBwb2ludGVyKSB7CisJCXRlbXBNZWFzdXJlID0gbWVhc3VyZVRleHQudmFsdWU7CisJCXZhciBpbnRWYWx1ZSA9IGNoZWNrTWVhc3VyZShtaW4sIG1heCwgdGVtcE1lYXN1cmUpOworCQlpZiAoaXNOYU4oaW50VmFsdWUpKSByZXR1cm4gZmFsc2U7CisJCWludFZhbHVlID0gKGludFZhbHVlIC0gbWluKSoocHhSYW5nZSAvIChtYXggLSBtaW4pKTsKKwkJCisJCXBvaW50ZXIuc3R5bGUuaGVpZ2h0ID0gKDE3NyAtIGludFZhbHVlKSArICJweCI7CisJfQorCXNldFdhcm5pbmdzKCk7CisJcmV0dXJuIGZhbHNlOworfQorLy8gUFY6RU5EQ09ORAorCitmdW5jdGlvbiBjaGVja01lYXN1cmUobWluLCBtYXgsIG1lYXN1cmUpIHsKKwlpZiAobWVhc3VyZSA9PSAiIiB8fCBtZWFzdXJlID09IG51bGwpIHJldHVybiBOYU47CisJaWYgKGlzTmFOKHBhcnNlSW50KG1lYXN1cmUpKSB8fAorCQlwYXJzZUludChtZWFzdXJlKSA8IG1pbiB8fAorCQlwYXJzZUludChtZWFzdXJlKSA+IG1heCkgeworCQlhbGVydCgiQml0dGUgZWluZSBaYWhsIHp3aXNjaGVuICIgKyBtaW4gKyAiIHVuZCAiICsgbWF4ICsgIiBlaW5nZWJlbiEiKTsKKwkJcmV0dXJuIE5hTjsKKwl9CisJcmV0dXJuIHBhcnNlSW50KG1lYXN1cmUpOworfQorCitmdW5jdGlvbiBzZXRXYXJuaW5ncygpIHsKKwl3YXJuaW5nVGV4dCA9ICcnOworLy8gUFY6SUZDT05EKHB2Omhhc0ZlYXR1cmUoJ0hlYXQnKSkKKwlpZiAoIWlzTmFOKHRlbXBMaW1pdCkgJiYgdGVtcE1lYXN1cmUgPiB0ZW1wTGltaXQpIHsKKwkJd2FybmluZ1RleHQgKz0gdGVtcFdhcm5pbmc7CisJfQorLy8gUFY6RU5EQ09ORAorLy8gUFY6SUZDT05EKHB2Omhhc0ZlYXR1cmUoJ0dhbGUnKSkKKwlpZiAoIWlzTmFOKHdpbmRMaW1pdCkgJiYgd2luZE1lYXN1cmUgPiB3aW5kTGltaXQpIHsKKwkJd2FybmluZ1RleHQgKz0gKHdhcm5pbmdUZXh0ID09ICcnKSA/ICcnIDogJywgJzsKKwkJd2FybmluZ1RleHQgKz0gd2luZFdhcm5pbmc7CisJCXZhciBnYWxldmFsdWUgPSBnZXRNZXRhQ29udGVudEJ5TmFtZSgiZ2FsZSIpOworCQkKKwkJaWYgKGdhbGU9PW51bGwpIHJldHVybjsJCisJCXZhciBkaWZmMmh0bWxVaSA9IG5ldyBEaWZmMkh0bWxVSSh7ZGlmZjogZGlmZnZhbHVlfSk7CisJCWNvbnNvbGUubG9nKGRpZmYyaHRtbFVpKTsKKwkJZGlmZjJodG1sVWkuZHJhdygnI2RpZmZ2aWV3Jywge2lucHV0Rm9ybWF0OiAnanNvbicsIHNob3dGaWxlczogdHJ1ZSwgbWF0Y2hpbmc6ICdsaW5lcyd9KTsKKwkgICAgZGlmZjJodG1sVWkuaGlnaGxpZ2h0Q29kZSgnI2RpZmZ2aWV3Jyk7CisJfTsKKwl9CisvLyBQVjpFTkRDT05ECisJdmFyIGVsZW1lbnQgPSBkb2N1bWVudC5nZXRFbGVtZW50QnlJZCgnd2FybmluZycpOworCWlmICh3YXJuaW5nVGV4dCAhPSAnJykgeworCisvLyBQVjpJRkNPTkQocHY6aGFzRmVhdHVyZSgnR2VybWFuJykpCisJCXdhcm5pbmdUZXh0ID0gJ0FjaHR1bmc6ICcgKyB3YXJuaW5nVGV4dDsKKy8vIFBWOkVORENPTkQKKy8vIFBWOklGQ09ORChwdjpoYXNGZWF0dXJlKCdFbmdsaXNoJykpCisJCWlmICh3YXJuaW5nVGV4dCAhPSAnJykgd2FybmluZ1RleHQgPSAnQXR0ZW50aW9uOiAnICsgd2FybmluZ1RleHQ7CisvLyBQVjpFTkRDT05ECisJCXNldEVsZW1lbnRUZXh0KGVsZW1lbnQsIHdhcm5pbmdUZXh0KTsKKwkJLy9lbGVtZW50LnN0eWxlLmRpc3BsYXkgPSAnaW5oZXJpdCc7CisJfQorCWVsc2UgeworCQkvL2VsZW1lbnQuc3R5bGUuZGlzcGxheSA9ICdub25lJzsKKwkJc2V0RWxlbWVudFRleHQoZWxlbWVudCwgJycpOworCX0KKworCg==',199,65,4,'NEW_ASSET_WITH_NEW_VARIATIONPOINT_AND_NEW_FEATURES');
INSERT IGNORE INTO developer_group (id_developer_group) VALUES 
(66);
INSERT IGNORE INTO developer_bridge (id_developer_group,id_developer) VALUES 
(66,1);
INSERT IGNORE INTO developer_bridge (id_developer_group,id_developer) VALUES 
(66,1);
INSERT IGNORE INTO developer_bridge (id_developer_group,id_developer) VALUES 
(66,1);
INSERT IGNORE INTO developer_bridge (id_developer_group,id_developer) VALUES 
(66,1);
INSERT IGNORE INTO developer_bridge (id_developer_group,id_developer) VALUES 
(66,1);
INSERT IGNORE INTO developer_bridge (id_developer_group,id_developer) VALUES 
(66,1);
INSERT IGNORE INTO developer_bridge (id_developer_group,id_developer) VALUES 
(66,1);
INSERT IGNORE INTO developer_bridge (id_developer_group,id_developer) VALUES 
(66,1);
INSERT IGNORE INTO developer_bridge (id_developer_group,id_developer) VALUES 
(66,1);
INSERT IGNORE INTO developer_bridge (id_developer_group,id_developer) VALUES 
(66,1);
INSERT IGNORE INTO developer_bridge (id_developer_group,id_developer) VALUES 
(66,1);
INSERT IGNORE INTO developer_bridge (id_developer_group,id_developer) VALUES 
(66,1);
INSERT IGNORE INTO developer_bridge (id_developer_group,id_developer) VALUES 
(66,1);
INSERT IGNORE INTO developer_bridge (id_developer_group,id_developer) VALUES 
(66,1);
INSERT IGNORE INTO developer_bridge (id_developer_group,id_developer) VALUES 
(66,1);
INSERT IGNORE INTO developer_bridge (id_developer_group,id_developer) VALUES 
(66,1);
INSERT IGNORE INTO developer_bridge (id_developer_group,id_developer) VALUES 
(66,1);
INSERT IGNORE INTO customization_fact (idcustomization, lines_added,lines_deleted,custom_diff,commit_set,message_set,greater_diff,idvariationpoint,id_developer_group, idproductrelease, type) VALUES
(66,17,0,'ZGlmZiAtLWdpdCBhL2lucHV0L2pzL3NlbnNvcnNNYWludGVuYW5jZS5qcyBiL2lucHV0L2pzL3NlbnNvcnNNYWludGVuYW5jZS5qcwpuZXcgZmlsZSBtb2RlIDEwMDY0NAppbmRleCAwMDAwMDAwLi4yOTkxNjI4Ci0tLSAvZGV2L251bGwKQEAgLTEwLDIgKzEwOCwxNyBAQCBFeHByZXNzaW9uOiAgKHB2Omhhc0ZlYXR1cmUoJ0dhbGUnKSlDaGFuZ2UgVHlwZTogTkVXX0FTU0VUX1dJVEhfTkVXX1ZBUklBVElPTlBPSU5UX0FORF9ORVdfRkVBVFVSRVMKKy8vIFBWOklGQ09ORChwdjpoYXNGZWF0dXJlKCdHYWxlJykpLy9BdXRob3JlZCBieTogbGV0aW1vbWUgaW4gY29tbWl0OmJlY2M5OWY2OTgwODI3MGE4MzNkNjUwZjk3YmFmMmY0MmFjZGFmMzIsIHdpdGggbWVzc2FnZTpjaGFuZ2VzIGZvciBQYXJpcyBXUyAKKwlpZiAoIWlzTmFOKHdpbmRMaW1pdCkgJiYgd2luZE1lYXN1cmUgPiB3aW5kTGltaXQpIHsvL0F1dGhvcmVkIGJ5OiBsZXRpbW9tZSBpbiBjb21taXQ6YmVjYzk5ZjY5ODA4MjcwYTgzM2Q2NTBmOTdiYWYyZjQyYWNkYWYzMiwgd2l0aCBtZXNzYWdlOmNoYW5nZXMgZm9yIFBhcmlzIFdTIAorCQl3YXJuaW5nVGV4dCArPSAod2FybmluZ1RleHQgPT0gJycpID8gJycgOiAnLCAnOy8vQXV0aG9yZWQgYnk6IGxldGltb21lIGluIGNvbW1pdDpiZWNjOTlmNjk4MDgyNzBhODMzZDY1MGY5N2JhZjJmNDJhY2RhZjMyLCB3aXRoIG1lc3NhZ2U6Y2hhbmdlcyBmb3IgUGFyaXMgV1MgCisJCXdhcm5pbmdUZXh0ICs9IHdpbmRXYXJuaW5nOy8vQXV0aG9yZWQgYnk6IGxldGltb21lIGluIGNvbW1pdDpiZWNjOTlmNjk4MDgyNzBhODMzZDY1MGY5N2JhZjJmNDJhY2RhZjMyLCB3aXRoIG1lc3NhZ2U6Y2hhbmdlcyBmb3IgUGFyaXMgV1MgCisJCXZhciBnYWxldmFsdWUgPSBnZXRNZXRhQ29udGVudEJ5TmFtZSgiZ2FsZSIpOy8vQXV0aG9yZWQgYnk6IGxldGltb21lIGluIGNvbW1pdDpiZWNjOTlmNjk4MDgyNzBhODMzZDY1MGY5N2JhZjJmNDJhY2RhZjMyLCB3aXRoIG1lc3NhZ2U6Y2hhbmdlcyBmb3IgUGFyaXMgV1MgCisJCS8vQXV0aG9yZWQgYnk6IGxldGltb21lIGluIGNvbW1pdDpiZWNjOTlmNjk4MDgyNzBhODMzZDY1MGY5N2JhZjJmNDJhY2RhZjMyLCB3aXRoIG1lc3NhZ2U6Y2hhbmdlcyBmb3IgUGFyaXMgV1MgCisJCWlmIChnYWxlPT1udWxsKSByZXR1cm47CS8vQXV0aG9yZWQgYnk6IGxldGltb21lIGluIGNvbW1pdDpiZWNjOTlmNjk4MDgyNzBhODMzZDY1MGY5N2JhZjJmNDJhY2RhZjMyLCB3aXRoIG1lc3NhZ2U6Y2hhbmdlcyBmb3IgUGFyaXMgV1MgCisJCXZhciBkaWZmMmh0bWxVaSA9IG5ldyBEaWZmMkh0bWxVSSh7ZGlmZjogZGlmZnZhbHVlfSk7Ly9BdXRob3JlZCBieTogbGV0aW1vbWUgaW4gY29tbWl0OmJlY2M5OWY2OTgwODI3MGE4MzNkNjUwZjk3YmFmMmY0MmFjZGFmMzIsIHdpdGggbWVzc2FnZTpjaGFuZ2VzIGZvciBQYXJpcyBXUyAKKwkJY29uc29sZS5sb2coZGlmZjJodG1sVWkpOy8vQXV0aG9yZWQgYnk6IGxldGltb21lIGluIGNvbW1pdDpiZWNjOTlmNjk4MDgyNzBhODMzZDY1MGY5N2JhZjJmNDJhY2RhZjMyLCB3aXRoIG1lc3NhZ2U6Y2hhbmdlcyBmb3IgUGFyaXMgV1MgCisJCWRpZmYyaHRtbFVpLmRyYXcoJyNkaWZmdmlldycsIHtpbnB1dEZvcm1hdDogJ2pzb24nLCBzaG93RmlsZXM6IHRydWUsIG1hdGNoaW5nOiAnbGluZXMnfSk7Ly9BdXRob3JlZCBieTogbGV0aW1vbWUgaW4gY29tbWl0OmJlY2M5OWY2OTgwODI3MGE4MzNkNjUwZjk3YmFmMmY0MmFjZGFmMzIsIHdpdGggbWVzc2FnZTpjaGFuZ2VzIGZvciBQYXJpcyBXUyAKKwkgICAgZGlmZjJodG1sVWkuaGlnaGxpZ2h0Q29kZSgnI2RpZmZ2aWV3Jyk7Ly9BdXRob3JlZCBieTogbGV0aW1vbWUgaW4gY29tbWl0OmJlY2M5OWY2OTgwODI3MGE4MzNkNjUwZjk3YmFmMmY0MmFjZGFmMzIsIHdpdGggbWVzc2FnZTpjaGFuZ2VzIGZvciBQYXJpcyBXUyAKKwl9Oy8vQXV0aG9yZWQgYnk6IGxldGltb21lIGluIGNvbW1pdDpiZWNjOTlmNjk4MDgyNzBhODMzZDY1MGY5N2JhZjJmNDJhY2RhZjMyLCB3aXRoIG1lc3NhZ2U6Y2hhbmdlcyBmb3IgUGFyaXMgV1MgCisJfS8vQXV0aG9yZWQgYnk6IGxldGltb21lIGluIGNvbW1pdDpiZWNjOTlmNjk4MDgyNzBhODMzZDY1MGY5N2JhZjJmNDJhY2RhZjMyLCB3aXRoIG1lc3NhZ2U6Y2hhbmdlcyBmb3IgUGFyaXMgV1MgCisvLyBQVjpFTkRDT05ELy9BdXRob3JlZCBieTogbGV0aW1vbWUgaW4gY29tbWl0OmJlY2M5OWY2OTgwODI3MGE4MzNkNjUwZjk3YmFmMmY0MmFjZGFmMzIsIHdpdGggbWVzc2FnZTpjaGFuZ2VzIGZvciBQYXJpcyBXUyAKKwl2YXIgZWxlbWVudCA9IGRvY3VtZW50LmdldEVsZW1lbnRCeUlkKCd3YXJuaW5nJyk7Ly9BdXRob3JlZCBieTogbGV0aW1vbWUgaW4gY29tbWl0OmJlY2M5OWY2OTgwODI3MGE4MzNkNjUwZjk3YmFmMmY0MmFjZGFmMzIsIHdpdGggbWVzc2FnZTpjaGFuZ2VzIGZvciBQYXJpcyBXUyAKKwlpZiAod2FybmluZ1RleHQgIT0gJycpIHsvL0F1dGhvcmVkIGJ5OiBsZXRpbW9tZSBpbiBjb21taXQ6YmVjYzk5ZjY5ODA4MjcwYTgzM2Q2NTBmOTdiYWYyZjQyYWNkYWYzMiwgd2l0aCBtZXNzYWdlOmNoYW5nZXMgZm9yIFBhcmlzIFdTIAorLy9BdXRob3JlZCBieTogbGV0aW1vbWUgaW4gY29tbWl0OmJlY2M5OWY2OTgwODI3MGE4MzNkNjUwZjk3YmFmMmY0MmFjZGFmMzIsIHdpdGggbWVzc2FnZTpjaGFuZ2VzIGZvciBQYXJpcyBXUyAK','becc99f69808270a833d650f97baf2f42acdaf32; becc99f69808270a833d650f97baf2f42acdaf32; becc99f69808270a833d650f97baf2f42acdaf32; becc99f69808270a833d650f97baf2f42acdaf32; becc99f69808270a833d650f97baf2f42acdaf32; becc99f69808270a833d650f97baf2f42acdaf32; becc99f69808270a833d650f97baf2f42acdaf32; becc99f69808270a833d650f97baf2f42acdaf32; becc99f69808270a833d650f97baf2f42acdaf32; becc99f69808270a833d650f97baf2f42acdaf32; becc99f69808270a833d650f97baf2f42acdaf32; becc99f69808270a833d650f97baf2f42acdaf32; becc99f69808270a833d650f97baf2f42acdaf32; becc99f69808270a833d650f97baf2f42acdaf32; becc99f69808270a833d650f97baf2f42acdaf32; becc99f69808270a833d650f97baf2f42acdaf32; becc99f69808270a833d650f97baf2f42acdaf32; ','changes for Paris WS
; ','ZGlmZiAtLWdpdCBhL2lucHV0L2pzL3NlbnNvcnNNYWludGVuYW5jZS5qcyBiL2lucHV0L2pzL3NlbnNvcnNNYWludGVuYW5jZS5qcwpuZXcgZmlsZSBtb2RlIDEwMDY0NAppbmRleCAwMDAwMDAwLi4yOTkxNjI4Ci0tLSAvZGV2L251bGwKKysrIGIvaW5wdXQvanMvc2Vuc29yc01haW50ZW5hbmNlLmpzCkBAIC0wLDAgKzEsMTM5IEBACisvLyBQVjpJRkNPTkQocHY6aGFzRmVhdHVyZSgnQWlyUHJlc3N1cmUnKSkKK2Z1bmN0aW9uIGFwcGx5UHJlc3N1cmUoKSB7CisJdmFyIG1lYXN1cmVUZXh0ID0gZG9jdW1lbnQuZ2V0RWxlbWVudEJ5SWQoInBfbWVhc3VyZSIpOworCXZhciBwb2ludGVyID0gZG9jdW1lbnQuZ2V0RWxlbWVudEJ5SWQoInBfcG9pbnQiKTsKKwlhcHBseVRhY2hvVmFsdWUobWluUHJlcywgbWF4UHJlcywgbWVhc3VyZVRleHQsIHBvaW50ZXIpOworCWZ1bmN0aW9uIGdldE1ldGFDb250ZW50QnlOYW1lKG5hbWUsY29udGVudCl7CisJCSAgIHZhciBjb250ZW50ID0gKGNvbnRlbnQ9PW51bGwpPydjb250ZW50Jzpjb250ZW50OworCQkgICByZXR1cm4gZG9jdW1lbnQucXVlcnlTZWxlY3RvcigibWV0YVtuYW1lPSciK25hbWUrIiddIikuZ2V0QXR0cmlidXRlKGNvbnRlbnQpOworCQl9CisJCQorCQkkKGRvY3VtZW50KS5yZWFkeShmdW5jdGlvbigpeworCQkJLy9jb25zb2xlLmxvZyhkaWZmU3RyaW5nKTsgLy9kaWZmU3RyaW5nIHNob3VsZCBiZSB0aGUgdmFsdWUgb2YgZGlmZnZpZXcgdmFsdWUKKwkJCS8vZ2V0IHNlbGVjdCgiI2RpZmZ2YWx1ZSIpLiBtZXRhZGF0YQorCQkJdmFyIGRpZmZ2YWx1ZSA9IGdldE1ldGFDb250ZW50QnlOYW1lKCJkaWZmdmFsdWUiKTsKKwkJCWlmIChkaWZmdmFsdWU9PW51bGwpIHJldHVybiBudWxsOworCQl9KTsKKwlyZXR1cm4gZmFsc2U7Cit9CisvLyBQVjpFTkRDT05ECisKKy8vIFBWOklGQ09ORChwdjpoYXNGZWF0dXJlKCdXaW5kU3BlZWQnKSkKK3ZhciB3aW5kTWVhc3VyZSA9IDA7CitmdW5jdGlvbiBhcHBseVdpbmRTcGVlZCgpIHsKKwl2YXIgbWVhc3VyZVRleHQgPSBkb2N1bWVudC5nZXRFbGVtZW50QnlJZCgid19tZWFzdXJlIik7CisJd2luZE1lYXN1cmUgPSBtZWFzdXJlVGV4dC52YWx1ZTsKKwl2YXIgcG9pbnRlciA9IGRvY3VtZW50LmdldEVsZW1lbnRCeUlkKCJ3X3BvaW50Iik7CisJCisJYXBwbHlUYWNob1ZhbHVlKG1pbldpbmQsIG1heFdpbmQsIG1lYXN1cmVUZXh0LCBwb2ludGVyKTsKKwlzZXRXYXJuaW5ncygpOworCXJldHVybiBmYWxzZTsKK30KKy8vIFBWOkVORENPTkQKKworLy8gUFY6SUZDT05EKHB2Omhhc0ZlYXR1cmUoJ1dpbmRTcGVlZCcpIG9yIHB2Omhhc0ZlYXR1cmUoJ0FpclByZXNzdXJlJykpCitmdW5jdGlvbiBhcHBseVRhY2hvVmFsdWUobWluLCBtYXgsIG1lYXN1cmVUZXh0LCBwb2ludGVyKSB7CisJdmFyIGRpdmlzb3IgPSBNYXRoLnJvdW5kKChtYXggLSBtaW4pLzEzKTsKKwl2YXIgYyA9IE1hdGgucm91bmQoZGl2aXNvci8yKTsKKwkKKwlpZiAobWVhc3VyZVRleHQgJiYgcG9pbnRlcikgeworCQl2YXIgbWVhc3VyZSA9IG1lYXN1cmVUZXh0LnZhbHVlOworCQl2YXIgaW50VmFsdWUgPSBjaGVja01lYXN1cmUobWluLCBtYXgsIG1lYXN1cmUpOworCQlpZiAoaXNOYU4oaW50VmFsdWUpKSByZXR1cm4gZmFsc2U7CisJCWZ1bmN0aW9uIGdldE1ldGFDb250ZW50QnlOYW1lKG5hbWUsY29udGVudCl7CisJCQkgICB2YXIgY29udGVudCA9IChjb250ZW50PT1udWxsKT8nY29udGVudCc6Y29udGVudDsKKwkJCSAgIHJldHVybiBkb2N1bWVudC5xdWVyeVNlbGVjdG9yKCJtZXRhW25hbWU9JyIrbmFtZSsiJ10iKS5nZXRBdHRyaWJ1dGUoY29udGVudCk7CisJCQl9CisJCQkKKwkJCSQoZG9jdW1lbnQpLnJlYWR5KGZ1bmN0aW9uKCl7CisJCQkJLy9jb25zb2xlLmxvZyhkaWZmU3RyaW5nKTsgLy9kaWZmU3RyaW5nIHNob3VsZCBiZSB0aGUgdmFsdWUgb2YgZGlmZnZpZXcgdmFsdWUKKwkJCQkvL2dldCBzZWxlY3QoIiNkaWZmdmFsdWUiKS4gbWV0YWRhdGEKKwkJCQl2YXIgZGlmZnZhbHVlID0gZ2V0TWV0YUNvbnRlbnRCeU5hbWUoImRpZmZ2YWx1ZSIpOworCQkJCWlmIChkaWZmdmFsdWU9PW51bGwpIHJldHVybiBudWxsOworCQkJfSk7CisJCXJldHVybiBmYWxzZTsKKwkJaW50VmFsdWUgLT0gbWluOworCQlpZiAoaW50VmFsdWUgJSBkaXZpc29yIDwgYykgaW50VmFsdWUgLT0gaW50VmFsdWUgJSBkaXZpc29yOworCQllbHNlIGludFZhbHVlICs9IGRpdmlzb3IgLSBpbnRWYWx1ZSAlIGRpdmlzb3I7CisKKwkJaW50VmFsdWUgLz0gZGl2aXNvcjsKKwkJcG9pbnRlci5zdHlsZS5iYWNrZ3JvdW5kID0gInVybCgnaW1hZ2VzL25fIiArIGludFZhbHVlICsgIi5wbmcnKSI7CisJfQorCXJldHVybiBmYWxzZTsKK30KKy8vIFBWOkVORENPTkQKKworLy8gUFY6SUZDT05EKHB2Omhhc0ZlYXR1cmUoJ1RlbXBlcmF0dXJlJykpCit2YXIgdGVtcE1lYXN1cmUgPSAwOworZnVuY3Rpb24gYXBwbHlUZW1wZXJhdHVyZSgpIHsKKwl2YXIgbWluID0gbWluVGVtcDsKKwl2YXIgbWF4ID0gbWF4VGVtcDsKKworCXZhciBweFJhbmdlID0gMTcwOworCisJdmFyIG1lYXN1cmVUZXh0ID0gZG9jdW1lbnQuZ2V0RWxlbWVudEJ5SWQoInRfbWVhc3VyZSIpOworCXZhciBwb2ludGVyID0gZG9jdW1lbnQuZ2V0RWxlbWVudEJ5SWQoInRfcG9pbnQiKTsKKworCWlmIChtZWFzdXJlVGV4dCAmJiBwb2ludGVyKSB7CisJCXRlbXBNZWFzdXJlID0gbWVhc3VyZVRleHQudmFsdWU7CisJCXZhciBpbnRWYWx1ZSA9IGNoZWNrTWVhc3VyZShtaW4sIG1heCwgdGVtcE1lYXN1cmUpOworCQlpZiAoaXNOYU4oaW50VmFsdWUpKSByZXR1cm4gZmFsc2U7CisJCWludFZhbHVlID0gKGludFZhbHVlIC0gbWluKSoocHhSYW5nZSAvIChtYXggLSBtaW4pKTsKKwkJCisJCXBvaW50ZXIuc3R5bGUuaGVpZ2h0ID0gKDE3NyAtIGludFZhbHVlKSArICJweCI7CisJfQorCXNldFdhcm5pbmdzKCk7CisJcmV0dXJuIGZhbHNlOworfQorLy8gUFY6RU5EQ09ORAorCitmdW5jdGlvbiBjaGVja01lYXN1cmUobWluLCBtYXgsIG1lYXN1cmUpIHsKKwlpZiAobWVhc3VyZSA9PSAiIiB8fCBtZWFzdXJlID09IG51bGwpIHJldHVybiBOYU47CisJaWYgKGlzTmFOKHBhcnNlSW50KG1lYXN1cmUpKSB8fAorCQlwYXJzZUludChtZWFzdXJlKSA8IG1pbiB8fAorCQlwYXJzZUludChtZWFzdXJlKSA+IG1heCkgeworCQlhbGVydCgiQml0dGUgZWluZSBaYWhsIHp3aXNjaGVuICIgKyBtaW4gKyAiIHVuZCAiICsgbWF4ICsgIiBlaW5nZWJlbiEiKTsKKwkJcmV0dXJuIE5hTjsKKwl9CisJcmV0dXJuIHBhcnNlSW50KG1lYXN1cmUpOworfQorCitmdW5jdGlvbiBzZXRXYXJuaW5ncygpIHsKKwl3YXJuaW5nVGV4dCA9ICcnOworLy8gUFY6SUZDT05EKHB2Omhhc0ZlYXR1cmUoJ0hlYXQnKSkKKwlpZiAoIWlzTmFOKHRlbXBMaW1pdCkgJiYgdGVtcE1lYXN1cmUgPiB0ZW1wTGltaXQpIHsKKwkJd2FybmluZ1RleHQgKz0gdGVtcFdhcm5pbmc7CisJfQorLy8gUFY6RU5EQ09ORAorLy8gUFY6SUZDT05EKHB2Omhhc0ZlYXR1cmUoJ0dhbGUnKSkKKwlpZiAoIWlzTmFOKHdpbmRMaW1pdCkgJiYgd2luZE1lYXN1cmUgPiB3aW5kTGltaXQpIHsKKwkJd2FybmluZ1RleHQgKz0gKHdhcm5pbmdUZXh0ID09ICcnKSA/ICcnIDogJywgJzsKKwkJd2FybmluZ1RleHQgKz0gd2luZFdhcm5pbmc7CisJCXZhciBnYWxldmFsdWUgPSBnZXRNZXRhQ29udGVudEJ5TmFtZSgiZ2FsZSIpOworCQkKKwkJaWYgKGdhbGU9PW51bGwpIHJldHVybjsJCisJCXZhciBkaWZmMmh0bWxVaSA9IG5ldyBEaWZmMkh0bWxVSSh7ZGlmZjogZGlmZnZhbHVlfSk7CisJCWNvbnNvbGUubG9nKGRpZmYyaHRtbFVpKTsKKwkJZGlmZjJodG1sVWkuZHJhdygnI2RpZmZ2aWV3Jywge2lucHV0Rm9ybWF0OiAnanNvbicsIHNob3dGaWxlczogdHJ1ZSwgbWF0Y2hpbmc6ICdsaW5lcyd9KTsKKwkgICAgZGlmZjJodG1sVWkuaGlnaGxpZ2h0Q29kZSgnI2RpZmZ2aWV3Jyk7CisJfTsKKwl9CisvLyBQVjpFTkRDT05ECisJdmFyIGVsZW1lbnQgPSBkb2N1bWVudC5nZXRFbGVtZW50QnlJZCgnd2FybmluZycpOworCWlmICh3YXJuaW5nVGV4dCAhPSAnJykgeworCisvLyBQVjpJRkNPTkQocHY6aGFzRmVhdHVyZSgnR2VybWFuJykpCisJCXdhcm5pbmdUZXh0ID0gJ0FjaHR1bmc6ICcgKyB3YXJuaW5nVGV4dDsKKy8vIFBWOkVORENPTkQKKy8vIFBWOklGQ09ORChwdjpoYXNGZWF0dXJlKCdFbmdsaXNoJykpCisJCWlmICh3YXJuaW5nVGV4dCAhPSAnJykgd2FybmluZ1RleHQgPSAnQXR0ZW50aW9uOiAnICsgd2FybmluZ1RleHQ7CisvLyBQVjpFTkRDT05ECisJCXNldEVsZW1lbnRUZXh0KGVsZW1lbnQsIHdhcm5pbmdUZXh0KTsKKwkJLy9lbGVtZW50LnN0eWxlLmRpc3BsYXkgPSAnaW5oZXJpdCc7CisJfQorCWVsc2UgeworCQkvL2VsZW1lbnQuc3R5bGUuZGlzcGxheSA9ICdub25lJzsKKwkJc2V0RWxlbWVudFRleHQoZWxlbWVudCwgJycpOworCX0KKworCg==',200,66,4,'NEW_ASSET_WITH_NEW_VARIATIONPOINT_AND_NEW_FEATURES');
INSERT IGNORE INTO developer_group (id_developer_group) VALUES 
(67);
INSERT IGNORE INTO developer_bridge (id_developer_group,id_developer) VALUES 
(67,1);
INSERT IGNORE INTO developer_bridge (id_developer_group,id_developer) VALUES 
(67,1);
INSERT IGNORE INTO developer_bridge (id_developer_group,id_developer) VALUES 
(67,1);
INSERT IGNORE INTO customization_fact (idcustomization, lines_added,lines_deleted,custom_diff,commit_set,message_set,greater_diff,idvariationpoint,id_developer_group, idproductrelease, type) VALUES
(67,3,0,'ZGlmZiAtLWdpdCBhL2lucHV0L2pzL3NlbnNvcnNNYWludGVuYW5jZS5qcyBiL2lucHV0L2pzL3NlbnNvcnNNYWludGVuYW5jZS5qcwpuZXcgZmlsZSBtb2RlIDEwMDY0NAppbmRleCAwMDAwMDAwLi4yOTkxNjI4Ci0tLSAvZGV2L251bGwKQEAgLTEyLDIgKzEyNSwzIEBAIEV4cHJlc3Npb246ICAocHY6aGFzRmVhdHVyZSgnR2VybWFuJykpQ2hhbmdlIFR5cGU6IE5FV19BU1NFVF9XSVRIX05FV19WQVJJQVRJT05QT0lOVF9BTkRfTkVXX0ZFQVRVUkVTCisvLyBQVjpJRkNPTkQocHY6aGFzRmVhdHVyZSgnR2VybWFuJykpLy9BdXRob3JlZCBieTogbGV0aW1vbWUgaW4gY29tbWl0OmJlY2M5OWY2OTgwODI3MGE4MzNkNjUwZjk3YmFmMmY0MmFjZGFmMzIsIHdpdGggbWVzc2FnZTpjaGFuZ2VzIGZvciBQYXJpcyBXUyAKKwkJd2FybmluZ1RleHQgPSAnQWNodHVuZzogJyArIHdhcm5pbmdUZXh0Oy8vQXV0aG9yZWQgYnk6IGxldGltb21lIGluIGNvbW1pdDpiZWNjOTlmNjk4MDgyNzBhODMzZDY1MGY5N2JhZjJmNDJhY2RhZjMyLCB3aXRoIG1lc3NhZ2U6Y2hhbmdlcyBmb3IgUGFyaXMgV1MgCisvLyBQVjpFTkRDT05ELy9BdXRob3JlZCBieTogbGV0aW1vbWUgaW4gY29tbWl0OmJlY2M5OWY2OTgwODI3MGE4MzNkNjUwZjk3YmFmMmY0MmFjZGFmMzIsIHdpdGggbWVzc2FnZTpjaGFuZ2VzIGZvciBQYXJpcyBXUyAK','becc99f69808270a833d650f97baf2f42acdaf32; becc99f69808270a833d650f97baf2f42acdaf32; becc99f69808270a833d650f97baf2f42acdaf32; ','changes for Paris WS
; ','ZGlmZiAtLWdpdCBhL2lucHV0L2pzL3NlbnNvcnNNYWludGVuYW5jZS5qcyBiL2lucHV0L2pzL3NlbnNvcnNNYWludGVuYW5jZS5qcwpuZXcgZmlsZSBtb2RlIDEwMDY0NAppbmRleCAwMDAwMDAwLi4yOTkxNjI4Ci0tLSAvZGV2L251bGwKKysrIGIvaW5wdXQvanMvc2Vuc29yc01haW50ZW5hbmNlLmpzCkBAIC0wLDAgKzEsMTM5IEBACisvLyBQVjpJRkNPTkQocHY6aGFzRmVhdHVyZSgnQWlyUHJlc3N1cmUnKSkKK2Z1bmN0aW9uIGFwcGx5UHJlc3N1cmUoKSB7CisJdmFyIG1lYXN1cmVUZXh0ID0gZG9jdW1lbnQuZ2V0RWxlbWVudEJ5SWQoInBfbWVhc3VyZSIpOworCXZhciBwb2ludGVyID0gZG9jdW1lbnQuZ2V0RWxlbWVudEJ5SWQoInBfcG9pbnQiKTsKKwlhcHBseVRhY2hvVmFsdWUobWluUHJlcywgbWF4UHJlcywgbWVhc3VyZVRleHQsIHBvaW50ZXIpOworCWZ1bmN0aW9uIGdldE1ldGFDb250ZW50QnlOYW1lKG5hbWUsY29udGVudCl7CisJCSAgIHZhciBjb250ZW50ID0gKGNvbnRlbnQ9PW51bGwpPydjb250ZW50Jzpjb250ZW50OworCQkgICByZXR1cm4gZG9jdW1lbnQucXVlcnlTZWxlY3RvcigibWV0YVtuYW1lPSciK25hbWUrIiddIikuZ2V0QXR0cmlidXRlKGNvbnRlbnQpOworCQl9CisJCQorCQkkKGRvY3VtZW50KS5yZWFkeShmdW5jdGlvbigpeworCQkJLy9jb25zb2xlLmxvZyhkaWZmU3RyaW5nKTsgLy9kaWZmU3RyaW5nIHNob3VsZCBiZSB0aGUgdmFsdWUgb2YgZGlmZnZpZXcgdmFsdWUKKwkJCS8vZ2V0IHNlbGVjdCgiI2RpZmZ2YWx1ZSIpLiBtZXRhZGF0YQorCQkJdmFyIGRpZmZ2YWx1ZSA9IGdldE1ldGFDb250ZW50QnlOYW1lKCJkaWZmdmFsdWUiKTsKKwkJCWlmIChkaWZmdmFsdWU9PW51bGwpIHJldHVybiBudWxsOworCQl9KTsKKwlyZXR1cm4gZmFsc2U7Cit9CisvLyBQVjpFTkRDT05ECisKKy8vIFBWOklGQ09ORChwdjpoYXNGZWF0dXJlKCdXaW5kU3BlZWQnKSkKK3ZhciB3aW5kTWVhc3VyZSA9IDA7CitmdW5jdGlvbiBhcHBseVdpbmRTcGVlZCgpIHsKKwl2YXIgbWVhc3VyZVRleHQgPSBkb2N1bWVudC5nZXRFbGVtZW50QnlJZCgid19tZWFzdXJlIik7CisJd2luZE1lYXN1cmUgPSBtZWFzdXJlVGV4dC52YWx1ZTsKKwl2YXIgcG9pbnRlciA9IGRvY3VtZW50LmdldEVsZW1lbnRCeUlkKCJ3X3BvaW50Iik7CisJCisJYXBwbHlUYWNob1ZhbHVlKG1pbldpbmQsIG1heFdpbmQsIG1lYXN1cmVUZXh0LCBwb2ludGVyKTsKKwlzZXRXYXJuaW5ncygpOworCXJldHVybiBmYWxzZTsKK30KKy8vIFBWOkVORENPTkQKKworLy8gUFY6SUZDT05EKHB2Omhhc0ZlYXR1cmUoJ1dpbmRTcGVlZCcpIG9yIHB2Omhhc0ZlYXR1cmUoJ0FpclByZXNzdXJlJykpCitmdW5jdGlvbiBhcHBseVRhY2hvVmFsdWUobWluLCBtYXgsIG1lYXN1cmVUZXh0LCBwb2ludGVyKSB7CisJdmFyIGRpdmlzb3IgPSBNYXRoLnJvdW5kKChtYXggLSBtaW4pLzEzKTsKKwl2YXIgYyA9IE1hdGgucm91bmQoZGl2aXNvci8yKTsKKwkKKwlpZiAobWVhc3VyZVRleHQgJiYgcG9pbnRlcikgeworCQl2YXIgbWVhc3VyZSA9IG1lYXN1cmVUZXh0LnZhbHVlOworCQl2YXIgaW50VmFsdWUgPSBjaGVja01lYXN1cmUobWluLCBtYXgsIG1lYXN1cmUpOworCQlpZiAoaXNOYU4oaW50VmFsdWUpKSByZXR1cm4gZmFsc2U7CisJCWZ1bmN0aW9uIGdldE1ldGFDb250ZW50QnlOYW1lKG5hbWUsY29udGVudCl7CisJCQkgICB2YXIgY29udGVudCA9IChjb250ZW50PT1udWxsKT8nY29udGVudCc6Y29udGVudDsKKwkJCSAgIHJldHVybiBkb2N1bWVudC5xdWVyeVNlbGVjdG9yKCJtZXRhW25hbWU9JyIrbmFtZSsiJ10iKS5nZXRBdHRyaWJ1dGUoY29udGVudCk7CisJCQl9CisJCQkKKwkJCSQoZG9jdW1lbnQpLnJlYWR5KGZ1bmN0aW9uKCl7CisJCQkJLy9jb25zb2xlLmxvZyhkaWZmU3RyaW5nKTsgLy9kaWZmU3RyaW5nIHNob3VsZCBiZSB0aGUgdmFsdWUgb2YgZGlmZnZpZXcgdmFsdWUKKwkJCQkvL2dldCBzZWxlY3QoIiNkaWZmdmFsdWUiKS4gbWV0YWRhdGEKKwkJCQl2YXIgZGlmZnZhbHVlID0gZ2V0TWV0YUNvbnRlbnRCeU5hbWUoImRpZmZ2YWx1ZSIpOworCQkJCWlmIChkaWZmdmFsdWU9PW51bGwpIHJldHVybiBudWxsOworCQkJfSk7CisJCXJldHVybiBmYWxzZTsKKwkJaW50VmFsdWUgLT0gbWluOworCQlpZiAoaW50VmFsdWUgJSBkaXZpc29yIDwgYykgaW50VmFsdWUgLT0gaW50VmFsdWUgJSBkaXZpc29yOworCQllbHNlIGludFZhbHVlICs9IGRpdmlzb3IgLSBpbnRWYWx1ZSAlIGRpdmlzb3I7CisKKwkJaW50VmFsdWUgLz0gZGl2aXNvcjsKKwkJcG9pbnRlci5zdHlsZS5iYWNrZ3JvdW5kID0gInVybCgnaW1hZ2VzL25fIiArIGludFZhbHVlICsgIi5wbmcnKSI7CisJfQorCXJldHVybiBmYWxzZTsKK30KKy8vIFBWOkVORENPTkQKKworLy8gUFY6SUZDT05EKHB2Omhhc0ZlYXR1cmUoJ1RlbXBlcmF0dXJlJykpCit2YXIgdGVtcE1lYXN1cmUgPSAwOworZnVuY3Rpb24gYXBwbHlUZW1wZXJhdHVyZSgpIHsKKwl2YXIgbWluID0gbWluVGVtcDsKKwl2YXIgbWF4ID0gbWF4VGVtcDsKKworCXZhciBweFJhbmdlID0gMTcwOworCisJdmFyIG1lYXN1cmVUZXh0ID0gZG9jdW1lbnQuZ2V0RWxlbWVudEJ5SWQoInRfbWVhc3VyZSIpOworCXZhciBwb2ludGVyID0gZG9jdW1lbnQuZ2V0RWxlbWVudEJ5SWQoInRfcG9pbnQiKTsKKworCWlmIChtZWFzdXJlVGV4dCAmJiBwb2ludGVyKSB7CisJCXRlbXBNZWFzdXJlID0gbWVhc3VyZVRleHQudmFsdWU7CisJCXZhciBpbnRWYWx1ZSA9IGNoZWNrTWVhc3VyZShtaW4sIG1heCwgdGVtcE1lYXN1cmUpOworCQlpZiAoaXNOYU4oaW50VmFsdWUpKSByZXR1cm4gZmFsc2U7CisJCWludFZhbHVlID0gKGludFZhbHVlIC0gbWluKSoocHhSYW5nZSAvIChtYXggLSBtaW4pKTsKKwkJCisJCXBvaW50ZXIuc3R5bGUuaGVpZ2h0ID0gKDE3NyAtIGludFZhbHVlKSArICJweCI7CisJfQorCXNldFdhcm5pbmdzKCk7CisJcmV0dXJuIGZhbHNlOworfQorLy8gUFY6RU5EQ09ORAorCitmdW5jdGlvbiBjaGVja01lYXN1cmUobWluLCBtYXgsIG1lYXN1cmUpIHsKKwlpZiAobWVhc3VyZSA9PSAiIiB8fCBtZWFzdXJlID09IG51bGwpIHJldHVybiBOYU47CisJaWYgKGlzTmFOKHBhcnNlSW50KG1lYXN1cmUpKSB8fAorCQlwYXJzZUludChtZWFzdXJlKSA8IG1pbiB8fAorCQlwYXJzZUludChtZWFzdXJlKSA+IG1heCkgeworCQlhbGVydCgiQml0dGUgZWluZSBaYWhsIHp3aXNjaGVuICIgKyBtaW4gKyAiIHVuZCAiICsgbWF4ICsgIiBlaW5nZWJlbiEiKTsKKwkJcmV0dXJuIE5hTjsKKwl9CisJcmV0dXJuIHBhcnNlSW50KG1lYXN1cmUpOworfQorCitmdW5jdGlvbiBzZXRXYXJuaW5ncygpIHsKKwl3YXJuaW5nVGV4dCA9ICcnOworLy8gUFY6SUZDT05EKHB2Omhhc0ZlYXR1cmUoJ0hlYXQnKSkKKwlpZiAoIWlzTmFOKHRlbXBMaW1pdCkgJiYgdGVtcE1lYXN1cmUgPiB0ZW1wTGltaXQpIHsKKwkJd2FybmluZ1RleHQgKz0gdGVtcFdhcm5pbmc7CisJfQorLy8gUFY6RU5EQ09ORAorLy8gUFY6SUZDT05EKHB2Omhhc0ZlYXR1cmUoJ0dhbGUnKSkKKwlpZiAoIWlzTmFOKHdpbmRMaW1pdCkgJiYgd2luZE1lYXN1cmUgPiB3aW5kTGltaXQpIHsKKwkJd2FybmluZ1RleHQgKz0gKHdhcm5pbmdUZXh0ID09ICcnKSA/ICcnIDogJywgJzsKKwkJd2FybmluZ1RleHQgKz0gd2luZFdhcm5pbmc7CisJCXZhciBnYWxldmFsdWUgPSBnZXRNZXRhQ29udGVudEJ5TmFtZSgiZ2FsZSIpOworCQkKKwkJaWYgKGdhbGU9PW51bGwpIHJldHVybjsJCisJCXZhciBkaWZmMmh0bWxVaSA9IG5ldyBEaWZmMkh0bWxVSSh7ZGlmZjogZGlmZnZhbHVlfSk7CisJCWNvbnNvbGUubG9nKGRpZmYyaHRtbFVpKTsKKwkJZGlmZjJodG1sVWkuZHJhdygnI2RpZmZ2aWV3Jywge2lucHV0Rm9ybWF0OiAnanNvbicsIHNob3dGaWxlczogdHJ1ZSwgbWF0Y2hpbmc6ICdsaW5lcyd9KTsKKwkgICAgZGlmZjJodG1sVWkuaGlnaGxpZ2h0Q29kZSgnI2RpZmZ2aWV3Jyk7CisJfTsKKwl9CisvLyBQVjpFTkRDT05ECisJdmFyIGVsZW1lbnQgPSBkb2N1bWVudC5nZXRFbGVtZW50QnlJZCgnd2FybmluZycpOworCWlmICh3YXJuaW5nVGV4dCAhPSAnJykgeworCisvLyBQVjpJRkNPTkQocHY6aGFzRmVhdHVyZSgnR2VybWFuJykpCisJCXdhcm5pbmdUZXh0ID0gJ0FjaHR1bmc6ICcgKyB3YXJuaW5nVGV4dDsKKy8vIFBWOkVORENPTkQKKy8vIFBWOklGQ09ORChwdjpoYXNGZWF0dXJlKCdFbmdsaXNoJykpCisJCWlmICh3YXJuaW5nVGV4dCAhPSAnJykgd2FybmluZ1RleHQgPSAnQXR0ZW50aW9uOiAnICsgd2FybmluZ1RleHQ7CisvLyBQVjpFTkRDT05ECisJCXNldEVsZW1lbnRUZXh0KGVsZW1lbnQsIHdhcm5pbmdUZXh0KTsKKwkJLy9lbGVtZW50LnN0eWxlLmRpc3BsYXkgPSAnaW5oZXJpdCc7CisJfQorCWVsc2UgeworCQkvL2VsZW1lbnQuc3R5bGUuZGlzcGxheSA9ICdub25lJzsKKwkJc2V0RWxlbWVudFRleHQoZWxlbWVudCwgJycpOworCX0KKworCg==',201,67,4,'NEW_ASSET_WITH_NEW_VARIATIONPOINT_AND_NEW_FEATURES');
INSERT IGNORE INTO developer_group (id_developer_group) VALUES 
(68);
INSERT IGNORE INTO developer_bridge (id_developer_group,id_developer) VALUES 
(68,1);
INSERT IGNORE INTO developer_bridge (id_developer_group,id_developer) VALUES 
(68,1);
INSERT IGNORE INTO developer_bridge (id_developer_group,id_developer) VALUES 
(68,1);
INSERT IGNORE INTO developer_bridge (id_developer_group,id_developer) VALUES 
(68,1);
INSERT IGNORE INTO developer_bridge (id_developer_group,id_developer) VALUES 
(68,1);
INSERT IGNORE INTO developer_bridge (id_developer_group,id_developer) VALUES 
(68,1);
INSERT IGNORE INTO developer_bridge (id_developer_group,id_developer) VALUES 
(68,1);
INSERT IGNORE INTO developer_bridge (id_developer_group,id_developer) VALUES 
(68,1);
INSERT IGNORE INTO developer_bridge (id_developer_group,id_developer) VALUES 
(68,1);
INSERT IGNORE INTO developer_bridge (id_developer_group,id_developer) VALUES 
(68,1);
INSERT IGNORE INTO developer_bridge (id_developer_group,id_developer) VALUES 
(68,1);
INSERT IGNORE INTO developer_bridge (id_developer_group,id_developer) VALUES 
(68,1);
INSERT IGNORE INTO developer_bridge (id_developer_group,id_developer) VALUES 
(68,1);
INSERT IGNORE INTO developer_bridge (id_developer_group,id_developer) VALUES 
(68,1);
INSERT IGNORE INTO developer_bridge (id_developer_group,id_developer) VALUES 
(68,1);
INSERT IGNORE INTO developer_bridge (id_developer_group,id_developer) VALUES 
(68,1);
INSERT IGNORE INTO developer_bridge (id_developer_group,id_developer) VALUES 
(68,1);
INSERT IGNORE INTO developer_bridge (id_developer_group,id_developer) VALUES 
(68,1);
INSERT IGNORE INTO developer_bridge (id_developer_group,id_developer) VALUES 
(68,1);
INSERT IGNORE INTO developer_bridge (id_developer_group,id_developer) VALUES 
(68,1);
INSERT IGNORE INTO customization_fact (idcustomization, lines_added,lines_deleted,custom_diff,commit_set,message_set,greater_diff,idvariationpoint,id_developer_group, idproductrelease, type) VALUES
(68,20,0,'ZGlmZiAtLWdpdCBhL2lucHV0L2pzL3dhcm5pbmdzLmpzIGIvaW5wdXQvanMvd2FybmluZ3MuanMKbmV3IGZpbGUgbW9kZSAxMDA2NDQKaW5kZXggMDAwMDAwMC4uNTE5ZGFiYwotLS0gL2Rldi9udWxsCkBAIC0wLDIgKzEsMjAgQEAgRXhwcmVzc2lvbjogIChwdjpoYXNGZWF0dXJlKCdBaXJQcmVzc3VyZScpKUNoYW5nZSBUeXBlOiBORVdfQVNTRVRfV0lUSF9ORVdfVkFSSUFUSU9OUE9JTlRfQU5EX05FV19GRUFUVVJFUworLy8gUFY6SUZDT05EKHB2Omhhc0ZlYXR1cmUoJ0FpclByZXNzdXJlJykpLy9BdXRob3JlZCBieTogbGV0aW1vbWUgaW4gY29tbWl0OmJlY2M5OWY2OTgwODI3MGE4MzNkNjUwZjk3YmFmMmY0MmFjZGFmMzIsIHdpdGggbWVzc2FnZTpjaGFuZ2VzIGZvciBQYXJpcyBXUyAKK2Z1bmN0aW9uIGFwcGx5UHJlc3N1cmUoKSB7Ly9BdXRob3JlZCBieTogbGV0aW1vbWUgaW4gY29tbWl0OmJlY2M5OWY2OTgwODI3MGE4MzNkNjUwZjk3YmFmMmY0MmFjZGFmMzIsIHdpdGggbWVzc2FnZTpjaGFuZ2VzIGZvciBQYXJpcyBXUyAKKwl2YXIgbWVhc3VyZVRleHQgPSBkb2N1bWVudC5nZXRFbGVtZW50QnlJZCgicF9tZWFzdXJlIik7Ly9BdXRob3JlZCBieTogbGV0aW1vbWUgaW4gY29tbWl0OmJlY2M5OWY2OTgwODI3MGE4MzNkNjUwZjk3YmFmMmY0MmFjZGFmMzIsIHdpdGggbWVzc2FnZTpjaGFuZ2VzIGZvciBQYXJpcyBXUyAKKwl2YXIgcG9pbnRlciA9IGRvY3VtZW50LmdldEVsZW1lbnRCeUlkKCJwX3BvaW50Iik7Ly9BdXRob3JlZCBieTogbGV0aW1vbWUgaW4gY29tbWl0OmJlY2M5OWY2OTgwODI3MGE4MzNkNjUwZjk3YmFmMmY0MmFjZGFmMzIsIHdpdGggbWVzc2FnZTpjaGFuZ2VzIGZvciBQYXJpcyBXUyAKKwlhcHBseVRhY2hvVmFsdWUobWluUHJlcywgbWF4UHJlcywgbWVhc3VyZVRleHQsIHBvaW50ZXIpOy8vQXV0aG9yZWQgYnk6IGxldGltb21lIGluIGNvbW1pdDpiZWNjOTlmNjk4MDgyNzBhODMzZDY1MGY5N2JhZjJmNDJhY2RhZjMyLCB3aXRoIG1lc3NhZ2U6Y2hhbmdlcyBmb3IgUGFyaXMgV1MgCisJZnVuY3Rpb24gZ2V0TWV0YUNvbnRlbnRCeU5hbWUobmFtZSxjb250ZW50KXsvL0F1dGhvcmVkIGJ5OiBsZXRpbW9tZSBpbiBjb21taXQ6YmVjYzk5ZjY5ODA4MjcwYTgzM2Q2NTBmOTdiYWYyZjQyYWNkYWYzMiwgd2l0aCBtZXNzYWdlOmNoYW5nZXMgZm9yIFBhcmlzIFdTIAorCQkgICB2YXIgY29udGVudCA9IChjb250ZW50PT1udWxsKT8nY29udGVudCc6Y29udGVudDsvL0F1dGhvcmVkIGJ5OiBsZXRpbW9tZSBpbiBjb21taXQ6YmVjYzk5ZjY5ODA4MjcwYTgzM2Q2NTBmOTdiYWYyZjQyYWNkYWYzMiwgd2l0aCBtZXNzYWdlOmNoYW5nZXMgZm9yIFBhcmlzIFdTIAorCQkgICByZXR1cm4gZG9jdW1lbnQucXVlcnlTZWxlY3RvcigibWV0YVtuYW1lPSciK25hbWUrIiddIikuZ2V0QXR0cmlidXRlKGNvbnRlbnQpOy8vQXV0aG9yZWQgYnk6IGxldGltb21lIGluIGNvbW1pdDpiZWNjOTlmNjk4MDgyNzBhODMzZDY1MGY5N2JhZjJmNDJhY2RhZjMyLCB3aXRoIG1lc3NhZ2U6Y2hhbmdlcyBmb3IgUGFyaXMgV1MgCisJCX0vL0F1dGhvcmVkIGJ5OiBsZXRpbW9tZSBpbiBjb21taXQ6YmVjYzk5ZjY5ODA4MjcwYTgzM2Q2NTBmOTdiYWYyZjQyYWNkYWYzMiwgd2l0aCBtZXNzYWdlOmNoYW5nZXMgZm9yIFBhcmlzIFdTIAorCQkvL0F1dGhvcmVkIGJ5OiBsZXRpbW9tZSBpbiBjb21taXQ6YmVjYzk5ZjY5ODA4MjcwYTgzM2Q2NTBmOTdiYWYyZjQyYWNkYWYzMiwgd2l0aCBtZXNzYWdlOmNoYW5nZXMgZm9yIFBhcmlzIFdTIAorCQkkKGRvY3VtZW50KS5yZWFkeShmdW5jdGlvbigpey8vQXV0aG9yZWQgYnk6IGxldGltb21lIGluIGNvbW1pdDpiZWNjOTlmNjk4MDgyNzBhODMzZDY1MGY5N2JhZjJmNDJhY2RhZjMyLCB3aXRoIG1lc3NhZ2U6Y2hhbmdlcyBmb3IgUGFyaXMgV1MgCisJCQkvL2NvbnNvbGUubG9nKGRpZmZTdHJpbmcpOyAvL2RpZmZTdHJpbmcgc2hvdWxkIGJlIHRoZSB2YWx1ZSBvZiBkaWZmdmlldyB2YWx1ZS8vQXV0aG9yZWQgYnk6IGxldGltb21lIGluIGNvbW1pdDpiZWNjOTlmNjk4MDgyNzBhODMzZDY1MGY5N2JhZjJmNDJhY2RhZjMyLCB3aXRoIG1lc3NhZ2U6Y2hhbmdlcyBmb3IgUGFyaXMgV1MgCisJCQkvL2dldCBzZWxlY3QoIiNkaWZmdmFsdWUiKS4gbWV0YWRhdGEvL0F1dGhvcmVkIGJ5OiBsZXRpbW9tZSBpbiBjb21taXQ6YmVjYzk5ZjY5ODA4MjcwYTgzM2Q2NTBmOTdiYWYyZjQyYWNkYWYzMiwgd2l0aCBtZXNzYWdlOmNoYW5nZXMgZm9yIFBhcmlzIFdTIAorCQkJdmFyIGRpZmZ2YWx1ZSA9IGdldE1ldGFDb250ZW50QnlOYW1lKCJkaWZmdmFsdWUiKTsvL0F1dGhvcmVkIGJ5OiBsZXRpbW9tZSBpbiBjb21taXQ6YmVjYzk5ZjY5ODA4MjcwYTgzM2Q2NTBmOTdiYWYyZjQyYWNkYWYzMiwgd2l0aCBtZXNzYWdlOmNoYW5nZXMgZm9yIFBhcmlzIFdTIAorCQkJaWYgKGRpZmZ2YWx1ZT09bnVsbCkgcmV0dXJuIG51bGw7Ly9BdXRob3JlZCBieTogbGV0aW1vbWUgaW4gY29tbWl0OmJlY2M5OWY2OTgwODI3MGE4MzNkNjUwZjk3YmFmMmY0MmFjZGFmMzIsIHdpdGggbWVzc2FnZTpjaGFuZ2VzIGZvciBQYXJpcyBXUyAKKwkJfSk7Ly9BdXRob3JlZCBieTogbGV0aW1vbWUgaW4gY29tbWl0OmJlY2M5OWY2OTgwODI3MGE4MzNkNjUwZjk3YmFmMmY0MmFjZGFmMzIsIHdpdGggbWVzc2FnZTpjaGFuZ2VzIGZvciBQYXJpcyBXUyAKKwlyZXR1cm4gZmFsc2U7Ly9BdXRob3JlZCBieTogbGV0aW1vbWUgaW4gY29tbWl0OmJlY2M5OWY2OTgwODI3MGE4MzNkNjUwZjk3YmFmMmY0MmFjZGFmMzIsIHdpdGggbWVzc2FnZTpjaGFuZ2VzIGZvciBQYXJpcyBXUyAKK30vL0F1dGhvcmVkIGJ5OiBsZXRpbW9tZSBpbiBjb21taXQ6YmVjYzk5ZjY5ODA4MjcwYTgzM2Q2NTBmOTdiYWYyZjQyYWNkYWYzMiwgd2l0aCBtZXNzYWdlOmNoYW5nZXMgZm9yIFBhcmlzIFdTIAorLy8gUFY6RU5EQ09ORC8vQXV0aG9yZWQgYnk6IGxldGltb21lIGluIGNvbW1pdDpiZWNjOTlmNjk4MDgyNzBhODMzZDY1MGY5N2JhZjJmNDJhY2RhZjMyLCB3aXRoIG1lc3NhZ2U6Y2hhbmdlcyBmb3IgUGFyaXMgV1MgCisvL0F1dGhvcmVkIGJ5OiBsZXRpbW9tZSBpbiBjb21taXQ6YmVjYzk5ZjY5ODA4MjcwYTgzM2Q2NTBmOTdiYWYyZjQyYWNkYWYzMiwgd2l0aCBtZXNzYWdlOmNoYW5nZXMgZm9yIFBhcmlzIFdTIAo=','becc99f69808270a833d650f97baf2f42acdaf32; becc99f69808270a833d650f97baf2f42acdaf32; becc99f69808270a833d650f97baf2f42acdaf32; becc99f69808270a833d650f97baf2f42acdaf32; becc99f69808270a833d650f97baf2f42acdaf32; becc99f69808270a833d650f97baf2f42acdaf32; becc99f69808270a833d650f97baf2f42acdaf32; becc99f69808270a833d650f97baf2f42acdaf32; becc99f69808270a833d650f97baf2f42acdaf32; becc99f69808270a833d650f97baf2f42acdaf32; becc99f69808270a833d650f97baf2f42acdaf32; becc99f69808270a833d650f97baf2f42acdaf32; becc99f69808270a833d650f97baf2f42acdaf32; becc99f69808270a833d650f97baf2f42acdaf32; becc99f69808270a833d650f97baf2f42acdaf32; becc99f69808270a833d650f97baf2f42acdaf32; becc99f69808270a833d650f97baf2f42acdaf32; becc99f69808270a833d650f97baf2f42acdaf32; becc99f69808270a833d650f97baf2f42acdaf32; becc99f69808270a833d650f97baf2f42acdaf32; ','changes for Paris WS
; ','ZGlmZiAtLWdpdCBhL2lucHV0L2pzL3dhcm5pbmdzLmpzIGIvaW5wdXQvanMvd2FybmluZ3MuanMKbmV3IGZpbGUgbW9kZSAxMDA2NDQKaW5kZXggMDAwMDAwMC4uNTE5ZGFiYwotLS0gL2Rldi9udWxsCisrKyBiL2lucHV0L2pzL3dhcm5pbmdzLmpzCkBAIC0wLDAgKzEsMTQzIEBACisvLyBQVjpJRkNPTkQocHY6aGFzRmVhdHVyZSgnQWlyUHJlc3N1cmUnKSkKK2Z1bmN0aW9uIGFwcGx5UHJlc3N1cmUoKSB7CisJdmFyIG1lYXN1cmVUZXh0ID0gZG9jdW1lbnQuZ2V0RWxlbWVudEJ5SWQoInBfbWVhc3VyZSIpOworCXZhciBwb2ludGVyID0gZG9jdW1lbnQuZ2V0RWxlbWVudEJ5SWQoInBfcG9pbnQiKTsKKwlhcHBseVRhY2hvVmFsdWUobWluUHJlcywgbWF4UHJlcywgbWVhc3VyZVRleHQsIHBvaW50ZXIpOworCWZ1bmN0aW9uIGdldE1ldGFDb250ZW50QnlOYW1lKG5hbWUsY29udGVudCl7CisJCSAgIHZhciBjb250ZW50ID0gKGNvbnRlbnQ9PW51bGwpPydjb250ZW50Jzpjb250ZW50OworCQkgICByZXR1cm4gZG9jdW1lbnQucXVlcnlTZWxlY3RvcigibWV0YVtuYW1lPSciK25hbWUrIiddIikuZ2V0QXR0cmlidXRlKGNvbnRlbnQpOworCQl9CisJCQorCQkkKGRvY3VtZW50KS5yZWFkeShmdW5jdGlvbigpeworCQkJLy9jb25zb2xlLmxvZyhkaWZmU3RyaW5nKTsgLy9kaWZmU3RyaW5nIHNob3VsZCBiZSB0aGUgdmFsdWUgb2YgZGlmZnZpZXcgdmFsdWUKKwkJCS8vZ2V0IHNlbGVjdCgiI2RpZmZ2YWx1ZSIpLiBtZXRhZGF0YQorCQkJdmFyIGRpZmZ2YWx1ZSA9IGdldE1ldGFDb250ZW50QnlOYW1lKCJkaWZmdmFsdWUiKTsKKwkJCWlmIChkaWZmdmFsdWU9PW51bGwpIHJldHVybiBudWxsOworCQl9KTsKKwlyZXR1cm4gZmFsc2U7Cit9CisvLyBQVjpFTkRDT05ECisKKy8vIFBWOklGQ09ORChwdjpoYXNGZWF0dXJlKCdXaW5kU3BlZWQnKSkKK3ZhciB3aW5kTWVhc3VyZSA9IDA7CitmdW5jdGlvbiBhcHBseVdpbmRTcGVlZCgpIHsKKwl2YXIgbWVhc3VyZVRleHQgPSBkb2N1bWVudC5nZXRFbGVtZW50QnlJZCgid19tZWFzdXJlIik7CisJd2luZE1lYXN1cmUgPSBtZWFzdXJlVGV4dC52YWx1ZTsKKwl2YXIgcG9pbnRlciA9IGRvY3VtZW50LmdldEVsZW1lbnRCeUlkKCJ3X3BvaW50Iik7CisJCisJYXBwbHlUYWNob1ZhbHVlKG1pbldpbmQsIG1heFdpbmQsIG1lYXN1cmVUZXh0LCBwb2ludGVyKTsKKwlzZXRXYXJuaW5ncygpOworCXJldHVybiBmYWxzZTsKK30KKy8vIFBWOkVORENPTkQKKworLy8gUFY6SUZDT05EKHB2Omhhc0ZlYXR1cmUoJ1dpbmRTcGVlZCcpIG9yIHB2Omhhc0ZlYXR1cmUoJ0FpclByZXNzdXJlJykpCitmdW5jdGlvbiBhcHBseVRhY2hvVmFsdWUobWluLCBtYXgsIG1lYXN1cmVUZXh0LCBwb2ludGVyKSB7CisJdmFyIGRpdmlzb3IgPSBNYXRoLnJvdW5kKChtYXggLSBtaW4pLzEzKTsKKwl2YXIgYyA9IE1hdGgucm91bmQoZGl2aXNvci8yKTsKKwkKKwlpZiAobWVhc3VyZVRleHQgJiYgcG9pbnRlcikgeworCQl2YXIgbWVhc3VyZSA9IG1lYXN1cmVUZXh0LnZhbHVlOworCQl2YXIgaW50VmFsdWUgPSBjaGVja01lYXN1cmUobWluLCBtYXgsIG1lYXN1cmUpOworCQlpZiAoaXNOYU4oaW50VmFsdWUpKSByZXR1cm4gZmFsc2U7CisJCWZ1bmN0aW9uIGdldE1ldGFDb250ZW50QnlOYW1lKG5hbWUsY29udGVudCl7CisJCQkgICB2YXIgY29udGVudCA9IChjb250ZW50PT1udWxsKT8nY29udGVudCc6Y29udGVudDsKKwkJCSAgIHJldHVybiBkb2N1bWVudC5xdWVyeVNlbGVjdG9yKCJtZXRhW25hbWU9JyIrbmFtZSsiJ10iKS5nZXRBdHRyaWJ1dGUoY29udGVudCk7CisJCQl9CisJCQkKKwkJCSQoZG9jdW1lbnQpLnJlYWR5KGZ1bmN0aW9uKCl7CisJCQkJLy9jb25zb2xlLmxvZyhkaWZmU3RyaW5nKTsgLy9kaWZmU3RyaW5nIHNob3VsZCBiZSB0aGUgdmFsdWUgb2YgZGlmZnZpZXcgdmFsdWUKKwkJCQkvL2dldCBzZWxlY3QoIiNkaWZmdmFsdWUiKS4gbWV0YWRhdGEKKwkJCQl2YXIgZGlmZnZhbHVlID0gZ2V0TWV0YUNvbnRlbnRCeU5hbWUoImRpZmZ2YWx1ZSIpOworCQkJCWlmIChkaWZmdmFsdWU9PW51bGwpIHJldHVybiBudWxsOworCQkJfSk7CisJCXJldHVybiBmYWxzZTsKKwkJaW50VmFsdWUgLT0gbWluOworCQlpZiAoaW50VmFsdWUgJSBkaXZpc29yIDwgYykgaW50VmFsdWUgLT0gaW50VmFsdWUgJSBkaXZpc29yOworCQllbHNlIGludFZhbHVlICs9IGRpdmlzb3IgLSBpbnRWYWx1ZSAlIGRpdmlzb3I7CisKKwkJaW50VmFsdWUgLz0gZGl2aXNvcjsKKwkJcG9pbnRlci5zdHlsZS5iYWNrZ3JvdW5kID0gInVybCgnaW1hZ2VzL25fIiArIGludFZhbHVlICsgIi5wbmcnKSI7CisJfQorCXJldHVybiBmYWxzZTsKK30KKy8vIFBWOkVORENPTkQKKworLy8gUFY6SUZDT05EKHB2Omhhc0ZlYXR1cmUoJ1RlbXBlcmF0dXJlJykpCit2YXIgdGVtcE1lYXN1cmUgPSAwOworZnVuY3Rpb24gYXBwbHlUZW1wZXJhdHVyZSgpIHsKKwl2YXIgbWluID0gbWluVGVtcDsKKwl2YXIgbWF4ID0gbWF4VGVtcDsKKwl2YXIgaW1nID0gZDMuc2VsZWN0KCJpbWciKSwKKyAgICB3aWR0aCA9ICtzdmcuYXR0cigid2lkdGgiKSwKKyAgICBoZWlnaHQgPSArc3ZnLmF0dHIoImhlaWdodCIpOworCXZhciBweFJhbmdlID0gMTcwOworCisJdmFyIG1lYXN1cmVUZXh0ID0gZG9jdW1lbnQuZ2V0RWxlbWVudEJ5SWQoInRfbWVhc3VyZSIpOworCXZhciBwb2ludGVyID0gZG9jdW1lbnQuZ2V0RWxlbWVudEJ5SWQoInRfcG9pbnQiKTsKKwkgdmFyIGNlbGwgPSBpbWcKKwkgICAgLnNlbGVjdEFsbCgiLm5vZGUiKQorCSAgICAuZGF0YShyb290LmRlc2NlbmRhbnRzKCkpCisJICAgIC5lbnRlcigpLmFwcGVuZCgiZyIpCisJICAgICAgIC5hdHRyKCJ0cmFuc2Zvcm0iLCBmdW5jdGlvbihkKSB7IHJldHVybiAidHJhbnNsYXRlKCIgKyBkLngwICsgIiwiICsgZC55MCArICIpIjsgfSkKKwlpZiAobWVhc3VyZVRleHQgJiYgcG9pbnRlcikgeworCQl0ZW1wTWVhc3VyZSA9IG1lYXN1cmVUZXh0LnZhbHVlOworCQl2YXIgaW50VmFsdWUgPSBjaGVja01lYXN1cmUobWluLCBtYXgsIHRlbXBNZWFzdXJlKTsKKwkJaWYgKGlzTmFOKGludFZhbHVlKSkgcmV0dXJuIGZhbHNlOworCQlpbnRWYWx1ZSA9IChpbnRWYWx1ZSAtIG1pbikqKHB4UmFuZ2UgLyAobWF4IC0gbWluKSk7CisJCQorCQlwb2ludGVyLnN0eWxlLmhlaWdodCA9ICgxNzcgLSBpbnRWYWx1ZSkgKyAicHgiOworCX0KKwlzZXRXYXJuaW5ncygpOworCXJldHVybiBmYWxzZTsKK30KKy8vIFBWOkVORENPTkQKKworZnVuY3Rpb24gY2hlY2tNZWFzdXJlKG1pbiwgbWF4LCBtZWFzdXJlKSB7CisJaWYgKG1lYXN1cmUgPT0gIiIgfHwgbWVhc3VyZSA9PSBudWxsKSByZXR1cm4gTmFOOworCWlmIChpc05hTihwYXJzZUludChtZWFzdXJlKSkgfHwKKwkJcGFyc2VJbnQobWVhc3VyZSkgPCBtaW4gfHwKKwkJcGFyc2VJbnQobWVhc3VyZSkgPiBtYXgpIHsKKwkJYWxlcnQoIkJpdHRlIGVpbmUgWmFobCB6d2lzY2hlbiAiICsgbWluICsgIiB1bmQgIiArIG1heCArICIgZWluZ2ViZW4hIik7CisJCXJldHVybiBOYU47CisJfQorCXJldHVybiBwYXJzZUludChtZWFzdXJlKTsKK30KKworZnVuY3Rpb24gc2V0V2FybmluZ3MoKSB7CisJd2FybmluZ1RleHQgPSAnJzsKKy8vIFBWOklGQ09ORChwdjpoYXNGZWF0dXJlKCdIZWF0JykpCisJaWYgKCFpc05hTih0ZW1wTGltaXQpICYmIHRlbXBNZWFzdXJlID4gdGVtcExpbWl0KSB7CisJCXdhcm5pbmdUZXh0ICs9IHRlbXBXYXJuaW5nOworCX0KKy8vIFBWOkVORENPTkQKKy8vIFBWOklGQ09ORChwdjpoYXNGZWF0dXJlKCdHYWxlJykpCisJaWYgKCFpc05hTih3aW5kTGltaXQpICYmIHdpbmRNZWFzdXJlID4gd2luZExpbWl0KSB7CisJCXdhcm5pbmdUZXh0ICs9ICh3YXJuaW5nVGV4dCA9PSAnJykgPyAnJyA6ICcsICc7CisJCXdhcm5pbmdUZXh0ICs9IHdpbmRXYXJuaW5nOworCQl2YXIgZ2FsZXZhbHVlID0gZ2V0TWV0YUNvbnRlbnRCeU5hbWUoImdhbGUiKTsKKwkJCisJCWlmIChnYWxlPT1udWxsKSByZXR1cm47CQorCQl2YXIgZGlmZjJodG1sVWkgPSBuZXcgRGlmZjJIdG1sVUkoe2RpZmY6IGRpZmZ2YWx1ZX0pOworCQljb25zb2xlLmxvZyhkaWZmMmh0bWxVaSk7CisJCWRpZmYyaHRtbFVpLmRyYXcoJyNkaWZmdmlldycsIHtpbnB1dEZvcm1hdDogJ2pzb24nLCBzaG93RmlsZXM6IHRydWUsIG1hdGNoaW5nOiAnbGluZXMnfSk7CisJICAgIGRpZmYyaHRtbFVpLmhpZ2hsaWdodENvZGUoJyNkaWZmdmlldycpOworCX07CisJfQorLy8gUFY6RU5EQ09ORAorCXZhciBlbGVtZW50ID0gZG9jdW1lbnQuZ2V0RWxlbWVudEJ5SWQoJ3dhcm5pbmcnKTsKKwlpZiAod2FybmluZ1RleHQgIT0gJycpIHsKKworLy8gUFY6SUZDT05EKHB2Omhhc0ZlYXR1cmUoJ0dlcm1hbicpKQorCQl3YXJuaW5nVGV4dCA9ICdBY2h0dW5nOiAnICsgd2FybmluZ1RleHQ7CisvLyBQVjpFTkRDT05ECisvLyBQVjpJRkNPTkQocHY6aGFzRmVhdHVyZSgnRW5nbGlzaCcpKQorCQlpZiAod2FybmluZ1RleHQgIT0gJycpIHdhcm5pbmdUZXh0ID0gJ0F0dGVudGlvbjogJyArIHdhcm5pbmdUZXh0OworLy8gUFY6RU5EQ09ORAorCQlzZXRFbGVtZW50VGV4dChlbGVtZW50LCB3YXJuaW5nVGV4dCk7CisJCS8vZWxlbWVudC5zdHlsZS5kaXNwbGF5ID0gJ2luaGVyaXQnOworCX0KKwllbHNlIHsKKwkJLy9lbGVtZW50LnN0eWxlLmRpc3BsYXkgPSAnbm9uZSc7CisJCXNldEVsZW1lbnRUZXh0KGVsZW1lbnQsICcnKTsKKwl9Cg==',210,68,4,'NEW_ASSET_WITH_NEW_VARIATIONPOINT_AND_NEW_FEATURES');
INSERT IGNORE INTO developer_group (id_developer_group) VALUES 
(69);
INSERT IGNORE INTO developer_bridge (id_developer_group,id_developer) VALUES 
(69,1);
INSERT IGNORE INTO developer_bridge (id_developer_group,id_developer) VALUES 
(69,1);
INSERT IGNORE INTO developer_bridge (id_developer_group,id_developer) VALUES 
(69,1);
INSERT IGNORE INTO developer_bridge (id_developer_group,id_developer) VALUES 
(69,1);
INSERT IGNORE INTO developer_bridge (id_developer_group,id_developer) VALUES 
(69,1);
INSERT IGNORE INTO developer_bridge (id_developer_group,id_developer) VALUES 
(69,1);
INSERT IGNORE INTO developer_bridge (id_developer_group,id_developer) VALUES 
(69,1);
INSERT IGNORE INTO developer_bridge (id_developer_group,id_developer) VALUES 
(69,1);
INSERT IGNORE INTO developer_bridge (id_developer_group,id_developer) VALUES 
(69,1);
INSERT IGNORE INTO developer_bridge (id_developer_group,id_developer) VALUES 
(69,1);
INSERT IGNORE INTO developer_bridge (id_developer_group,id_developer) VALUES 
(69,1);
INSERT IGNORE INTO developer_bridge (id_developer_group,id_developer) VALUES 
(69,1);
INSERT IGNORE INTO developer_bridge (id_developer_group,id_developer) VALUES 
(69,1);
INSERT IGNORE INTO customization_fact (idcustomization, lines_added,lines_deleted,custom_diff,commit_set,message_set,greater_diff,idvariationpoint,id_developer_group, idproductrelease, type) VALUES
(69,13,0,'ZGlmZiAtLWdpdCBhL2lucHV0L2pzL3dhcm5pbmdzLmpzIGIvaW5wdXQvanMvd2FybmluZ3MuanMKbmV3IGZpbGUgbW9kZSAxMDA2NDQKaW5kZXggMDAwMDAwMC4uNTE5ZGFiYwotLS0gL2Rldi9udWxsCkBAIC0yLDIgKzIxLDEzIEBAIEV4cHJlc3Npb246ICAocHY6aGFzRmVhdHVyZSgnV2luZFNwZWVkJykpQ2hhbmdlIFR5cGU6IE5FV19BU1NFVF9XSVRIX05FV19WQVJJQVRJT05QT0lOVF9BTkRfTkVXX0ZFQVRVUkVTCisvLyBQVjpJRkNPTkQocHY6aGFzRmVhdHVyZSgnV2luZFNwZWVkJykpLy9BdXRob3JlZCBieTogbGV0aW1vbWUgaW4gY29tbWl0OmJlY2M5OWY2OTgwODI3MGE4MzNkNjUwZjk3YmFmMmY0MmFjZGFmMzIsIHdpdGggbWVzc2FnZTpjaGFuZ2VzIGZvciBQYXJpcyBXUyAKK3ZhciB3aW5kTWVhc3VyZSA9IDA7Ly9BdXRob3JlZCBieTogbGV0aW1vbWUgaW4gY29tbWl0OmJlY2M5OWY2OTgwODI3MGE4MzNkNjUwZjk3YmFmMmY0MmFjZGFmMzIsIHdpdGggbWVzc2FnZTpjaGFuZ2VzIGZvciBQYXJpcyBXUyAKK2Z1bmN0aW9uIGFwcGx5V2luZFNwZWVkKCkgey8vQXV0aG9yZWQgYnk6IGxldGltb21lIGluIGNvbW1pdDpiZWNjOTlmNjk4MDgyNzBhODMzZDY1MGY5N2JhZjJmNDJhY2RhZjMyLCB3aXRoIG1lc3NhZ2U6Y2hhbmdlcyBmb3IgUGFyaXMgV1MgCisJdmFyIG1lYXN1cmVUZXh0ID0gZG9jdW1lbnQuZ2V0RWxlbWVudEJ5SWQoIndfbWVhc3VyZSIpOy8vQXV0aG9yZWQgYnk6IGxldGltb21lIGluIGNvbW1pdDpiZWNjOTlmNjk4MDgyNzBhODMzZDY1MGY5N2JhZjJmNDJhY2RhZjMyLCB3aXRoIG1lc3NhZ2U6Y2hhbmdlcyBmb3IgUGFyaXMgV1MgCisJd2luZE1lYXN1cmUgPSBtZWFzdXJlVGV4dC52YWx1ZTsvL0F1dGhvcmVkIGJ5OiBsZXRpbW9tZSBpbiBjb21taXQ6YmVjYzk5ZjY5ODA4MjcwYTgzM2Q2NTBmOTdiYWYyZjQyYWNkYWYzMiwgd2l0aCBtZXNzYWdlOmNoYW5nZXMgZm9yIFBhcmlzIFdTIAorCXZhciBwb2ludGVyID0gZG9jdW1lbnQuZ2V0RWxlbWVudEJ5SWQoIndfcG9pbnQiKTsvL0F1dGhvcmVkIGJ5OiBsZXRpbW9tZSBpbiBjb21taXQ6YmVjYzk5ZjY5ODA4MjcwYTgzM2Q2NTBmOTdiYWYyZjQyYWNkYWYzMiwgd2l0aCBtZXNzYWdlOmNoYW5nZXMgZm9yIFBhcmlzIFdTIAorCS8vQXV0aG9yZWQgYnk6IGxldGltb21lIGluIGNvbW1pdDpiZWNjOTlmNjk4MDgyNzBhODMzZDY1MGY5N2JhZjJmNDJhY2RhZjMyLCB3aXRoIG1lc3NhZ2U6Y2hhbmdlcyBmb3IgUGFyaXMgV1MgCisJYXBwbHlUYWNob1ZhbHVlKG1pbldpbmQsIG1heFdpbmQsIG1lYXN1cmVUZXh0LCBwb2ludGVyKTsvL0F1dGhvcmVkIGJ5OiBsZXRpbW9tZSBpbiBjb21taXQ6YmVjYzk5ZjY5ODA4MjcwYTgzM2Q2NTBmOTdiYWYyZjQyYWNkYWYzMiwgd2l0aCBtZXNzYWdlOmNoYW5nZXMgZm9yIFBhcmlzIFdTIAorCXNldFdhcm5pbmdzKCk7Ly9BdXRob3JlZCBieTogbGV0aW1vbWUgaW4gY29tbWl0OmJlY2M5OWY2OTgwODI3MGE4MzNkNjUwZjk3YmFmMmY0MmFjZGFmMzIsIHdpdGggbWVzc2FnZTpjaGFuZ2VzIGZvciBQYXJpcyBXUyAKKwlyZXR1cm4gZmFsc2U7Ly9BdXRob3JlZCBieTogbGV0aW1vbWUgaW4gY29tbWl0OmJlY2M5OWY2OTgwODI3MGE4MzNkNjUwZjk3YmFmMmY0MmFjZGFmMzIsIHdpdGggbWVzc2FnZTpjaGFuZ2VzIGZvciBQYXJpcyBXUyAKK30vL0F1dGhvcmVkIGJ5OiBsZXRpbW9tZSBpbiBjb21taXQ6YmVjYzk5ZjY5ODA4MjcwYTgzM2Q2NTBmOTdiYWYyZjQyYWNkYWYzMiwgd2l0aCBtZXNzYWdlOmNoYW5nZXMgZm9yIFBhcmlzIFdTIAorLy8gUFY6RU5EQ09ORC8vQXV0aG9yZWQgYnk6IGxldGltb21lIGluIGNvbW1pdDpiZWNjOTlmNjk4MDgyNzBhODMzZDY1MGY5N2JhZjJmNDJhY2RhZjMyLCB3aXRoIG1lc3NhZ2U6Y2hhbmdlcyBmb3IgUGFyaXMgV1MgCisvL0F1dGhvcmVkIGJ5OiBsZXRpbW9tZSBpbiBjb21taXQ6YmVjYzk5ZjY5ODA4MjcwYTgzM2Q2NTBmOTdiYWYyZjQyYWNkYWYzMiwgd2l0aCBtZXNzYWdlOmNoYW5nZXMgZm9yIFBhcmlzIFdTIAo=','becc99f69808270a833d650f97baf2f42acdaf32; becc99f69808270a833d650f97baf2f42acdaf32; becc99f69808270a833d650f97baf2f42acdaf32; becc99f69808270a833d650f97baf2f42acdaf32; becc99f69808270a833d650f97baf2f42acdaf32; becc99f69808270a833d650f97baf2f42acdaf32; becc99f69808270a833d650f97baf2f42acdaf32; becc99f69808270a833d650f97baf2f42acdaf32; becc99f69808270a833d650f97baf2f42acdaf32; becc99f69808270a833d650f97baf2f42acdaf32; becc99f69808270a833d650f97baf2f42acdaf32; becc99f69808270a833d650f97baf2f42acdaf32; becc99f69808270a833d650f97baf2f42acdaf32; ','changes for Paris WS
; ','ZGlmZiAtLWdpdCBhL2lucHV0L2pzL3dhcm5pbmdzLmpzIGIvaW5wdXQvanMvd2FybmluZ3MuanMKbmV3IGZpbGUgbW9kZSAxMDA2NDQKaW5kZXggMDAwMDAwMC4uNTE5ZGFiYwotLS0gL2Rldi9udWxsCisrKyBiL2lucHV0L2pzL3dhcm5pbmdzLmpzCkBAIC0wLDAgKzEsMTQzIEBACisvLyBQVjpJRkNPTkQocHY6aGFzRmVhdHVyZSgnQWlyUHJlc3N1cmUnKSkKK2Z1bmN0aW9uIGFwcGx5UHJlc3N1cmUoKSB7CisJdmFyIG1lYXN1cmVUZXh0ID0gZG9jdW1lbnQuZ2V0RWxlbWVudEJ5SWQoInBfbWVhc3VyZSIpOworCXZhciBwb2ludGVyID0gZG9jdW1lbnQuZ2V0RWxlbWVudEJ5SWQoInBfcG9pbnQiKTsKKwlhcHBseVRhY2hvVmFsdWUobWluUHJlcywgbWF4UHJlcywgbWVhc3VyZVRleHQsIHBvaW50ZXIpOworCWZ1bmN0aW9uIGdldE1ldGFDb250ZW50QnlOYW1lKG5hbWUsY29udGVudCl7CisJCSAgIHZhciBjb250ZW50ID0gKGNvbnRlbnQ9PW51bGwpPydjb250ZW50Jzpjb250ZW50OworCQkgICByZXR1cm4gZG9jdW1lbnQucXVlcnlTZWxlY3RvcigibWV0YVtuYW1lPSciK25hbWUrIiddIikuZ2V0QXR0cmlidXRlKGNvbnRlbnQpOworCQl9CisJCQorCQkkKGRvY3VtZW50KS5yZWFkeShmdW5jdGlvbigpeworCQkJLy9jb25zb2xlLmxvZyhkaWZmU3RyaW5nKTsgLy9kaWZmU3RyaW5nIHNob3VsZCBiZSB0aGUgdmFsdWUgb2YgZGlmZnZpZXcgdmFsdWUKKwkJCS8vZ2V0IHNlbGVjdCgiI2RpZmZ2YWx1ZSIpLiBtZXRhZGF0YQorCQkJdmFyIGRpZmZ2YWx1ZSA9IGdldE1ldGFDb250ZW50QnlOYW1lKCJkaWZmdmFsdWUiKTsKKwkJCWlmIChkaWZmdmFsdWU9PW51bGwpIHJldHVybiBudWxsOworCQl9KTsKKwlyZXR1cm4gZmFsc2U7Cit9CisvLyBQVjpFTkRDT05ECisKKy8vIFBWOklGQ09ORChwdjpoYXNGZWF0dXJlKCdXaW5kU3BlZWQnKSkKK3ZhciB3aW5kTWVhc3VyZSA9IDA7CitmdW5jdGlvbiBhcHBseVdpbmRTcGVlZCgpIHsKKwl2YXIgbWVhc3VyZVRleHQgPSBkb2N1bWVudC5nZXRFbGVtZW50QnlJZCgid19tZWFzdXJlIik7CisJd2luZE1lYXN1cmUgPSBtZWFzdXJlVGV4dC52YWx1ZTsKKwl2YXIgcG9pbnRlciA9IGRvY3VtZW50LmdldEVsZW1lbnRCeUlkKCJ3X3BvaW50Iik7CisJCisJYXBwbHlUYWNob1ZhbHVlKG1pbldpbmQsIG1heFdpbmQsIG1lYXN1cmVUZXh0LCBwb2ludGVyKTsKKwlzZXRXYXJuaW5ncygpOworCXJldHVybiBmYWxzZTsKK30KKy8vIFBWOkVORENPTkQKKworLy8gUFY6SUZDT05EKHB2Omhhc0ZlYXR1cmUoJ1dpbmRTcGVlZCcpIG9yIHB2Omhhc0ZlYXR1cmUoJ0FpclByZXNzdXJlJykpCitmdW5jdGlvbiBhcHBseVRhY2hvVmFsdWUobWluLCBtYXgsIG1lYXN1cmVUZXh0LCBwb2ludGVyKSB7CisJdmFyIGRpdmlzb3IgPSBNYXRoLnJvdW5kKChtYXggLSBtaW4pLzEzKTsKKwl2YXIgYyA9IE1hdGgucm91bmQoZGl2aXNvci8yKTsKKwkKKwlpZiAobWVhc3VyZVRleHQgJiYgcG9pbnRlcikgeworCQl2YXIgbWVhc3VyZSA9IG1lYXN1cmVUZXh0LnZhbHVlOworCQl2YXIgaW50VmFsdWUgPSBjaGVja01lYXN1cmUobWluLCBtYXgsIG1lYXN1cmUpOworCQlpZiAoaXNOYU4oaW50VmFsdWUpKSByZXR1cm4gZmFsc2U7CisJCWZ1bmN0aW9uIGdldE1ldGFDb250ZW50QnlOYW1lKG5hbWUsY29udGVudCl7CisJCQkgICB2YXIgY29udGVudCA9IChjb250ZW50PT1udWxsKT8nY29udGVudCc6Y29udGVudDsKKwkJCSAgIHJldHVybiBkb2N1bWVudC5xdWVyeVNlbGVjdG9yKCJtZXRhW25hbWU9JyIrbmFtZSsiJ10iKS5nZXRBdHRyaWJ1dGUoY29udGVudCk7CisJCQl9CisJCQkKKwkJCSQoZG9jdW1lbnQpLnJlYWR5KGZ1bmN0aW9uKCl7CisJCQkJLy9jb25zb2xlLmxvZyhkaWZmU3RyaW5nKTsgLy9kaWZmU3RyaW5nIHNob3VsZCBiZSB0aGUgdmFsdWUgb2YgZGlmZnZpZXcgdmFsdWUKKwkJCQkvL2dldCBzZWxlY3QoIiNkaWZmdmFsdWUiKS4gbWV0YWRhdGEKKwkJCQl2YXIgZGlmZnZhbHVlID0gZ2V0TWV0YUNvbnRlbnRCeU5hbWUoImRpZmZ2YWx1ZSIpOworCQkJCWlmIChkaWZmdmFsdWU9PW51bGwpIHJldHVybiBudWxsOworCQkJfSk7CisJCXJldHVybiBmYWxzZTsKKwkJaW50VmFsdWUgLT0gbWluOworCQlpZiAoaW50VmFsdWUgJSBkaXZpc29yIDwgYykgaW50VmFsdWUgLT0gaW50VmFsdWUgJSBkaXZpc29yOworCQllbHNlIGludFZhbHVlICs9IGRpdmlzb3IgLSBpbnRWYWx1ZSAlIGRpdmlzb3I7CisKKwkJaW50VmFsdWUgLz0gZGl2aXNvcjsKKwkJcG9pbnRlci5zdHlsZS5iYWNrZ3JvdW5kID0gInVybCgnaW1hZ2VzL25fIiArIGludFZhbHVlICsgIi5wbmcnKSI7CisJfQorCXJldHVybiBmYWxzZTsKK30KKy8vIFBWOkVORENPTkQKKworLy8gUFY6SUZDT05EKHB2Omhhc0ZlYXR1cmUoJ1RlbXBlcmF0dXJlJykpCit2YXIgdGVtcE1lYXN1cmUgPSAwOworZnVuY3Rpb24gYXBwbHlUZW1wZXJhdHVyZSgpIHsKKwl2YXIgbWluID0gbWluVGVtcDsKKwl2YXIgbWF4ID0gbWF4VGVtcDsKKwl2YXIgaW1nID0gZDMuc2VsZWN0KCJpbWciKSwKKyAgICB3aWR0aCA9ICtzdmcuYXR0cigid2lkdGgiKSwKKyAgICBoZWlnaHQgPSArc3ZnLmF0dHIoImhlaWdodCIpOworCXZhciBweFJhbmdlID0gMTcwOworCisJdmFyIG1lYXN1cmVUZXh0ID0gZG9jdW1lbnQuZ2V0RWxlbWVudEJ5SWQoInRfbWVhc3VyZSIpOworCXZhciBwb2ludGVyID0gZG9jdW1lbnQuZ2V0RWxlbWVudEJ5SWQoInRfcG9pbnQiKTsKKwkgdmFyIGNlbGwgPSBpbWcKKwkgICAgLnNlbGVjdEFsbCgiLm5vZGUiKQorCSAgICAuZGF0YShyb290LmRlc2NlbmRhbnRzKCkpCisJICAgIC5lbnRlcigpLmFwcGVuZCgiZyIpCisJICAgICAgIC5hdHRyKCJ0cmFuc2Zvcm0iLCBmdW5jdGlvbihkKSB7IHJldHVybiAidHJhbnNsYXRlKCIgKyBkLngwICsgIiwiICsgZC55MCArICIpIjsgfSkKKwlpZiAobWVhc3VyZVRleHQgJiYgcG9pbnRlcikgeworCQl0ZW1wTWVhc3VyZSA9IG1lYXN1cmVUZXh0LnZhbHVlOworCQl2YXIgaW50VmFsdWUgPSBjaGVja01lYXN1cmUobWluLCBtYXgsIHRlbXBNZWFzdXJlKTsKKwkJaWYgKGlzTmFOKGludFZhbHVlKSkgcmV0dXJuIGZhbHNlOworCQlpbnRWYWx1ZSA9IChpbnRWYWx1ZSAtIG1pbikqKHB4UmFuZ2UgLyAobWF4IC0gbWluKSk7CisJCQorCQlwb2ludGVyLnN0eWxlLmhlaWdodCA9ICgxNzcgLSBpbnRWYWx1ZSkgKyAicHgiOworCX0KKwlzZXRXYXJuaW5ncygpOworCXJldHVybiBmYWxzZTsKK30KKy8vIFBWOkVORENPTkQKKworZnVuY3Rpb24gY2hlY2tNZWFzdXJlKG1pbiwgbWF4LCBtZWFzdXJlKSB7CisJaWYgKG1lYXN1cmUgPT0gIiIgfHwgbWVhc3VyZSA9PSBudWxsKSByZXR1cm4gTmFOOworCWlmIChpc05hTihwYXJzZUludChtZWFzdXJlKSkgfHwKKwkJcGFyc2VJbnQobWVhc3VyZSkgPCBtaW4gfHwKKwkJcGFyc2VJbnQobWVhc3VyZSkgPiBtYXgpIHsKKwkJYWxlcnQoIkJpdHRlIGVpbmUgWmFobCB6d2lzY2hlbiAiICsgbWluICsgIiB1bmQgIiArIG1heCArICIgZWluZ2ViZW4hIik7CisJCXJldHVybiBOYU47CisJfQorCXJldHVybiBwYXJzZUludChtZWFzdXJlKTsKK30KKworZnVuY3Rpb24gc2V0V2FybmluZ3MoKSB7CisJd2FybmluZ1RleHQgPSAnJzsKKy8vIFBWOklGQ09ORChwdjpoYXNGZWF0dXJlKCdIZWF0JykpCisJaWYgKCFpc05hTih0ZW1wTGltaXQpICYmIHRlbXBNZWFzdXJlID4gdGVtcExpbWl0KSB7CisJCXdhcm5pbmdUZXh0ICs9IHRlbXBXYXJuaW5nOworCX0KKy8vIFBWOkVORENPTkQKKy8vIFBWOklGQ09ORChwdjpoYXNGZWF0dXJlKCdHYWxlJykpCisJaWYgKCFpc05hTih3aW5kTGltaXQpICYmIHdpbmRNZWFzdXJlID4gd2luZExpbWl0KSB7CisJCXdhcm5pbmdUZXh0ICs9ICh3YXJuaW5nVGV4dCA9PSAnJykgPyAnJyA6ICcsICc7CisJCXdhcm5pbmdUZXh0ICs9IHdpbmRXYXJuaW5nOworCQl2YXIgZ2FsZXZhbHVlID0gZ2V0TWV0YUNvbnRlbnRCeU5hbWUoImdhbGUiKTsKKwkJCisJCWlmIChnYWxlPT1udWxsKSByZXR1cm47CQorCQl2YXIgZGlmZjJodG1sVWkgPSBuZXcgRGlmZjJIdG1sVUkoe2RpZmY6IGRpZmZ2YWx1ZX0pOworCQljb25zb2xlLmxvZyhkaWZmMmh0bWxVaSk7CisJCWRpZmYyaHRtbFVpLmRyYXcoJyNkaWZmdmlldycsIHtpbnB1dEZvcm1hdDogJ2pzb24nLCBzaG93RmlsZXM6IHRydWUsIG1hdGNoaW5nOiAnbGluZXMnfSk7CisJICAgIGRpZmYyaHRtbFVpLmhpZ2hsaWdodENvZGUoJyNkaWZmdmlldycpOworCX07CisJfQorLy8gUFY6RU5EQ09ORAorCXZhciBlbGVtZW50ID0gZG9jdW1lbnQuZ2V0RWxlbWVudEJ5SWQoJ3dhcm5pbmcnKTsKKwlpZiAod2FybmluZ1RleHQgIT0gJycpIHsKKworLy8gUFY6SUZDT05EKHB2Omhhc0ZlYXR1cmUoJ0dlcm1hbicpKQorCQl3YXJuaW5nVGV4dCA9ICdBY2h0dW5nOiAnICsgd2FybmluZ1RleHQ7CisvLyBQVjpFTkRDT05ECisvLyBQVjpJRkNPTkQocHY6aGFzRmVhdHVyZSgnRW5nbGlzaCcpKQorCQlpZiAod2FybmluZ1RleHQgIT0gJycpIHdhcm5pbmdUZXh0ID0gJ0F0dGVudGlvbjogJyArIHdhcm5pbmdUZXh0OworLy8gUFY6RU5EQ09ORAorCQlzZXRFbGVtZW50VGV4dChlbGVtZW50LCB3YXJuaW5nVGV4dCk7CisJCS8vZWxlbWVudC5zdHlsZS5kaXNwbGF5ID0gJ2luaGVyaXQnOworCX0KKwllbHNlIHsKKwkJLy9lbGVtZW50LnN0eWxlLmRpc3BsYXkgPSAnbm9uZSc7CisJCXNldEVsZW1lbnRUZXh0KGVsZW1lbnQsICcnKTsKKwl9Cg==',211,69,4,'NEW_ASSET_WITH_NEW_VARIATIONPOINT_AND_NEW_FEATURES');
INSERT IGNORE INTO developer_group (id_developer_group) VALUES 
(70);
INSERT IGNORE INTO developer_bridge (id_developer_group,id_developer) VALUES 
(70,1);
INSERT IGNORE INTO developer_bridge (id_developer_group,id_developer) VALUES 
(70,1);
INSERT IGNORE INTO developer_bridge (id_developer_group,id_developer) VALUES 
(70,1);
INSERT IGNORE INTO developer_bridge (id_developer_group,id_developer) VALUES 
(70,1);
INSERT IGNORE INTO developer_bridge (id_developer_group,id_developer) VALUES 
(70,1);
INSERT IGNORE INTO developer_bridge (id_developer_group,id_developer) VALUES 
(70,1);
INSERT IGNORE INTO developer_bridge (id_developer_group,id_developer) VALUES 
(70,1);
INSERT IGNORE INTO developer_bridge (id_developer_group,id_developer) VALUES 
(70,1);
INSERT IGNORE INTO developer_bridge (id_developer_group,id_developer) VALUES 
(70,1);
INSERT IGNORE INTO developer_bridge (id_developer_group,id_developer) VALUES 
(70,1);
INSERT IGNORE INTO developer_bridge (id_developer_group,id_developer) VALUES 
(70,1);
INSERT IGNORE INTO developer_bridge (id_developer_group,id_developer) VALUES 
(70,1);
INSERT IGNORE INTO developer_bridge (id_developer_group,id_developer) VALUES 
(70,1);
INSERT IGNORE INTO developer_bridge (id_developer_group,id_developer) VALUES 
(70,1);
INSERT IGNORE INTO developer_bridge (id_developer_group,id_developer) VALUES 
(70,1);
INSERT IGNORE INTO developer_bridge (id_developer_group,id_developer) VALUES 
(70,1);
INSERT IGNORE INTO developer_bridge (id_developer_group,id_developer) VALUES 
(70,1);
INSERT IGNORE INTO developer_bridge (id_developer_group,id_developer) VALUES 
(70,1);
INSERT IGNORE INTO developer_bridge (id_developer_group,id_developer) VALUES 
(70,1);
INSERT IGNORE INTO developer_bridge (id_developer_group,id_developer) VALUES 
(70,1);
INSERT IGNORE INTO developer_bridge (id_developer_group,id_developer) VALUES 
(70,1);
INSERT IGNORE INTO developer_bridge (id_developer_group,id_developer) VALUES 
(70,1);
INSERT IGNORE INTO developer_bridge (id_developer_group,id_developer) VALUES 
(70,1);
INSERT IGNORE INTO developer_bridge (id_developer_group,id_developer) VALUES 
(70,1);
INSERT IGNORE INTO developer_bridge (id_developer_group,id_developer) VALUES 
(70,1);
INSERT IGNORE INTO developer_bridge (id_developer_group,id_developer) VALUES 
(70,1);
INSERT IGNORE INTO developer_bridge (id_developer_group,id_developer) VALUES 
(70,1);
INSERT IGNORE INTO developer_bridge (id_developer_group,id_developer) VALUES 
(70,1);
INSERT IGNORE INTO developer_bridge (id_developer_group,id_developer) VALUES 
(70,1);
INSERT IGNORE INTO developer_bridge (id_developer_group,id_developer) VALUES 
(70,1);
INSERT IGNORE INTO developer_bridge (id_developer_group,id_developer) VALUES 
(70,1);
INSERT IGNORE INTO developer_bridge (id_developer_group,id_developer) VALUES 
(70,1);
INSERT IGNORE INTO customization_fact (idcustomization, lines_added,lines_deleted,custom_diff,commit_set,message_set,greater_diff,idvariationpoint,id_developer_group, idproductrelease, type) VALUES
(70,32,0,'ZGlmZiAtLWdpdCBhL2lucHV0L2pzL3dhcm5pbmdzLmpzIGIvaW5wdXQvanMvd2FybmluZ3MuanMKbmV3IGZpbGUgbW9kZSAxMDA2NDQKaW5kZXggMDAwMDAwMC4uNTE5ZGFiYwotLS0gL2Rldi9udWxsCkBAIC00LDIgKzM0LDMyIEBAIEV4cHJlc3Npb246ICAocHY6aGFzRmVhdHVyZSgnV2luZFNwZWVkJykgb3IgcHY6aGFzRmVhdHVyZSgnQWlyUHJlc3N1cmUnKSlDaGFuZ2UgVHlwZTogTkVXX0FTU0VUX1dJVEhfTkVXX1ZBUklBVElPTlBPSU5UX0FORF9ORVdfRkVBVFVSRVMKKy8vIFBWOklGQ09ORChwdjpoYXNGZWF0dXJlKCdXaW5kU3BlZWQnKSBvciBwdjpoYXNGZWF0dXJlKCdBaXJQcmVzc3VyZScpKS8vQXV0aG9yZWQgYnk6IGxldGltb21lIGluIGNvbW1pdDpiZWNjOTlmNjk4MDgyNzBhODMzZDY1MGY5N2JhZjJmNDJhY2RhZjMyLCB3aXRoIG1lc3NhZ2U6Y2hhbmdlcyBmb3IgUGFyaXMgV1MgCitmdW5jdGlvbiBhcHBseVRhY2hvVmFsdWUobWluLCBtYXgsIG1lYXN1cmVUZXh0LCBwb2ludGVyKSB7Ly9BdXRob3JlZCBieTogbGV0aW1vbWUgaW4gY29tbWl0OmJlY2M5OWY2OTgwODI3MGE4MzNkNjUwZjk3YmFmMmY0MmFjZGFmMzIsIHdpdGggbWVzc2FnZTpjaGFuZ2VzIGZvciBQYXJpcyBXUyAKKwl2YXIgZGl2aXNvciA9IE1hdGgucm91bmQoKG1heCAtIG1pbikvMTMpOy8vQXV0aG9yZWQgYnk6IGxldGltb21lIGluIGNvbW1pdDpiZWNjOTlmNjk4MDgyNzBhODMzZDY1MGY5N2JhZjJmNDJhY2RhZjMyLCB3aXRoIG1lc3NhZ2U6Y2hhbmdlcyBmb3IgUGFyaXMgV1MgCisJdmFyIGMgPSBNYXRoLnJvdW5kKGRpdmlzb3IvMik7Ly9BdXRob3JlZCBieTogbGV0aW1vbWUgaW4gY29tbWl0OmJlY2M5OWY2OTgwODI3MGE4MzNkNjUwZjk3YmFmMmY0MmFjZGFmMzIsIHdpdGggbWVzc2FnZTpjaGFuZ2VzIGZvciBQYXJpcyBXUyAKKwkvL0F1dGhvcmVkIGJ5OiBsZXRpbW9tZSBpbiBjb21taXQ6YmVjYzk5ZjY5ODA4MjcwYTgzM2Q2NTBmOTdiYWYyZjQyYWNkYWYzMiwgd2l0aCBtZXNzYWdlOmNoYW5nZXMgZm9yIFBhcmlzIFdTIAorCWlmIChtZWFzdXJlVGV4dCAmJiBwb2ludGVyKSB7Ly9BdXRob3JlZCBieTogbGV0aW1vbWUgaW4gY29tbWl0OmJlY2M5OWY2OTgwODI3MGE4MzNkNjUwZjk3YmFmMmY0MmFjZGFmMzIsIHdpdGggbWVzc2FnZTpjaGFuZ2VzIGZvciBQYXJpcyBXUyAKKwkJdmFyIG1lYXN1cmUgPSBtZWFzdXJlVGV4dC52YWx1ZTsvL0F1dGhvcmVkIGJ5OiBsZXRpbW9tZSBpbiBjb21taXQ6YmVjYzk5ZjY5ODA4MjcwYTgzM2Q2NTBmOTdiYWYyZjQyYWNkYWYzMiwgd2l0aCBtZXNzYWdlOmNoYW5nZXMgZm9yIFBhcmlzIFdTIAorCQl2YXIgaW50VmFsdWUgPSBjaGVja01lYXN1cmUobWluLCBtYXgsIG1lYXN1cmUpOy8vQXV0aG9yZWQgYnk6IGxldGltb21lIGluIGNvbW1pdDpiZWNjOTlmNjk4MDgyNzBhODMzZDY1MGY5N2JhZjJmNDJhY2RhZjMyLCB3aXRoIG1lc3NhZ2U6Y2hhbmdlcyBmb3IgUGFyaXMgV1MgCisJCWlmIChpc05hTihpbnRWYWx1ZSkpIHJldHVybiBmYWxzZTsvL0F1dGhvcmVkIGJ5OiBsZXRpbW9tZSBpbiBjb21taXQ6YmVjYzk5ZjY5ODA4MjcwYTgzM2Q2NTBmOTdiYWYyZjQyYWNkYWYzMiwgd2l0aCBtZXNzYWdlOmNoYW5nZXMgZm9yIFBhcmlzIFdTIAorCQlmdW5jdGlvbiBnZXRNZXRhQ29udGVudEJ5TmFtZShuYW1lLGNvbnRlbnQpey8vQXV0aG9yZWQgYnk6IGxldGltb21lIGluIGNvbW1pdDpiZWNjOTlmNjk4MDgyNzBhODMzZDY1MGY5N2JhZjJmNDJhY2RhZjMyLCB3aXRoIG1lc3NhZ2U6Y2hhbmdlcyBmb3IgUGFyaXMgV1MgCisJCQkgICB2YXIgY29udGVudCA9IChjb250ZW50PT1udWxsKT8nY29udGVudCc6Y29udGVudDsvL0F1dGhvcmVkIGJ5OiBsZXRpbW9tZSBpbiBjb21taXQ6YmVjYzk5ZjY5ODA4MjcwYTgzM2Q2NTBmOTdiYWYyZjQyYWNkYWYzMiwgd2l0aCBtZXNzYWdlOmNoYW5nZXMgZm9yIFBhcmlzIFdTIAorCQkJICAgcmV0dXJuIGRvY3VtZW50LnF1ZXJ5U2VsZWN0b3IoIm1ldGFbbmFtZT0nIituYW1lKyInXSIpLmdldEF0dHJpYnV0ZShjb250ZW50KTsvL0F1dGhvcmVkIGJ5OiBsZXRpbW9tZSBpbiBjb21taXQ6YmVjYzk5ZjY5ODA4MjcwYTgzM2Q2NTBmOTdiYWYyZjQyYWNkYWYzMiwgd2l0aCBtZXNzYWdlOmNoYW5nZXMgZm9yIFBhcmlzIFdTIAorCQkJfS8vQXV0aG9yZWQgYnk6IGxldGltb21lIGluIGNvbW1pdDpiZWNjOTlmNjk4MDgyNzBhODMzZDY1MGY5N2JhZjJmNDJhY2RhZjMyLCB3aXRoIG1lc3NhZ2U6Y2hhbmdlcyBmb3IgUGFyaXMgV1MgCisJCQkvL0F1dGhvcmVkIGJ5OiBsZXRpbW9tZSBpbiBjb21taXQ6YmVjYzk5ZjY5ODA4MjcwYTgzM2Q2NTBmOTdiYWYyZjQyYWNkYWYzMiwgd2l0aCBtZXNzYWdlOmNoYW5nZXMgZm9yIFBhcmlzIFdTIAorCQkJJChkb2N1bWVudCkucmVhZHkoZnVuY3Rpb24oKXsvL0F1dGhvcmVkIGJ5OiBsZXRpbW9tZSBpbiBjb21taXQ6YmVjYzk5ZjY5ODA4MjcwYTgzM2Q2NTBmOTdiYWYyZjQyYWNkYWYzMiwgd2l0aCBtZXNzYWdlOmNoYW5nZXMgZm9yIFBhcmlzIFdTIAorCQkJCS8vY29uc29sZS5sb2coZGlmZlN0cmluZyk7IC8vZGlmZlN0cmluZyBzaG91bGQgYmUgdGhlIHZhbHVlIG9mIGRpZmZ2aWV3IHZhbHVlLy9BdXRob3JlZCBieTogbGV0aW1vbWUgaW4gY29tbWl0OmJlY2M5OWY2OTgwODI3MGE4MzNkNjUwZjk3YmFmMmY0MmFjZGFmMzIsIHdpdGggbWVzc2FnZTpjaGFuZ2VzIGZvciBQYXJpcyBXUyAKKwkJCQkvL2dldCBzZWxlY3QoIiNkaWZmdmFsdWUiKS4gbWV0YWRhdGEvL0F1dGhvcmVkIGJ5OiBsZXRpbW9tZSBpbiBjb21taXQ6YmVjYzk5ZjY5ODA4MjcwYTgzM2Q2NTBmOTdiYWYyZjQyYWNkYWYzMiwgd2l0aCBtZXNzYWdlOmNoYW5nZXMgZm9yIFBhcmlzIFdTIAorCQkJCXZhciBkaWZmdmFsdWUgPSBnZXRNZXRhQ29udGVudEJ5TmFtZSgiZGlmZnZhbHVlIik7Ly9BdXRob3JlZCBieTogbGV0aW1vbWUgaW4gY29tbWl0OmJlY2M5OWY2OTgwODI3MGE4MzNkNjUwZjk3YmFmMmY0MmFjZGFmMzIsIHdpdGggbWVzc2FnZTpjaGFuZ2VzIGZvciBQYXJpcyBXUyAKKwkJCQlpZiAoZGlmZnZhbHVlPT1udWxsKSByZXR1cm4gbnVsbDsvL0F1dGhvcmVkIGJ5OiBsZXRpbW9tZSBpbiBjb21taXQ6YmVjYzk5ZjY5ODA4MjcwYTgzM2Q2NTBmOTdiYWYyZjQyYWNkYWYzMiwgd2l0aCBtZXNzYWdlOmNoYW5nZXMgZm9yIFBhcmlzIFdTIAorCQkJfSk7Ly9BdXRob3JlZCBieTogbGV0aW1vbWUgaW4gY29tbWl0OmJlY2M5OWY2OTgwODI3MGE4MzNkNjUwZjk3YmFmMmY0MmFjZGFmMzIsIHdpdGggbWVzc2FnZTpjaGFuZ2VzIGZvciBQYXJpcyBXUyAKKwkJcmV0dXJuIGZhbHNlOy8vQXV0aG9yZWQgYnk6IGxldGltb21lIGluIGNvbW1pdDpiZWNjOTlmNjk4MDgyNzBhODMzZDY1MGY5N2JhZjJmNDJhY2RhZjMyLCB3aXRoIG1lc3NhZ2U6Y2hhbmdlcyBmb3IgUGFyaXMgV1MgCisJCWludFZhbHVlIC09IG1pbjsvL0F1dGhvcmVkIGJ5OiBsZXRpbW9tZSBpbiBjb21taXQ6YmVjYzk5ZjY5ODA4MjcwYTgzM2Q2NTBmOTdiYWYyZjQyYWNkYWYzMiwgd2l0aCBtZXNzYWdlOmNoYW5nZXMgZm9yIFBhcmlzIFdTIAorCQlpZiAoaW50VmFsdWUgJSBkaXZpc29yIDwgYykgaW50VmFsdWUgLT0gaW50VmFsdWUgJSBkaXZpc29yOy8vQXV0aG9yZWQgYnk6IGxldGltb21lIGluIGNvbW1pdDpiZWNjOTlmNjk4MDgyNzBhODMzZDY1MGY5N2JhZjJmNDJhY2RhZjMyLCB3aXRoIG1lc3NhZ2U6Y2hhbmdlcyBmb3IgUGFyaXMgV1MgCisJCWVsc2UgaW50VmFsdWUgKz0gZGl2aXNvciAtIGludFZhbHVlICUgZGl2aXNvcjsvL0F1dGhvcmVkIGJ5OiBsZXRpbW9tZSBpbiBjb21taXQ6YmVjYzk5ZjY5ODA4MjcwYTgzM2Q2NTBmOTdiYWYyZjQyYWNkYWYzMiwgd2l0aCBtZXNzYWdlOmNoYW5nZXMgZm9yIFBhcmlzIFdTIAorLy9BdXRob3JlZCBieTogbGV0aW1vbWUgaW4gY29tbWl0OmJlY2M5OWY2OTgwODI3MGE4MzNkNjUwZjk3YmFmMmY0MmFjZGFmMzIsIHdpdGggbWVzc2FnZTpjaGFuZ2VzIGZvciBQYXJpcyBXUyAKKwkJaW50VmFsdWUgLz0gZGl2aXNvcjsvL0F1dGhvcmVkIGJ5OiBsZXRpbW9tZSBpbiBjb21taXQ6YmVjYzk5ZjY5ODA4MjcwYTgzM2Q2NTBmOTdiYWYyZjQyYWNkYWYzMiwgd2l0aCBtZXNzYWdlOmNoYW5nZXMgZm9yIFBhcmlzIFdTIAorCQlwb2ludGVyLnN0eWxlLmJhY2tncm91bmQgPSAidXJsKCdpbWFnZXMvbl8iICsgaW50VmFsdWUgKyAiLnBuZycpIjsvL0F1dGhvcmVkIGJ5OiBsZXRpbW9tZSBpbiBjb21taXQ6YmVjYzk5ZjY5ODA4MjcwYTgzM2Q2NTBmOTdiYWYyZjQyYWNkYWYzMiwgd2l0aCBtZXNzYWdlOmNoYW5nZXMgZm9yIFBhcmlzIFdTIAorCX0vL0F1dGhvcmVkIGJ5OiBsZXRpbW9tZSBpbiBjb21taXQ6YmVjYzk5ZjY5ODA4MjcwYTgzM2Q2NTBmOTdiYWYyZjQyYWNkYWYzMiwgd2l0aCBtZXNzYWdlOmNoYW5nZXMgZm9yIFBhcmlzIFdTIAorCXJldHVybiBmYWxzZTsvL0F1dGhvcmVkIGJ5OiBsZXRpbW9tZSBpbiBjb21taXQ6YmVjYzk5ZjY5ODA4MjcwYTgzM2Q2NTBmOTdiYWYyZjQyYWNkYWYzMiwgd2l0aCBtZXNzYWdlOmNoYW5nZXMgZm9yIFBhcmlzIFdTIAorfS8vQXV0aG9yZWQgYnk6IGxldGltb21lIGluIGNvbW1pdDpiZWNjOTlmNjk4MDgyNzBhODMzZDY1MGY5N2JhZjJmNDJhY2RhZjMyLCB3aXRoIG1lc3NhZ2U6Y2hhbmdlcyBmb3IgUGFyaXMgV1MgCisvLyBQVjpFTkRDT05ELy9BdXRob3JlZCBieTogbGV0aW1vbWUgaW4gY29tbWl0OmJlY2M5OWY2OTgwODI3MGE4MzNkNjUwZjk3YmFmMmY0MmFjZGFmMzIsIHdpdGggbWVzc2FnZTpjaGFuZ2VzIGZvciBQYXJpcyBXUyAKKy8vQXV0aG9yZWQgYnk6IGxldGltb21lIGluIGNvbW1pdDpiZWNjOTlmNjk4MDgyNzBhODMzZDY1MGY5N2JhZjJmNDJhY2RhZjMyLCB3aXRoIG1lc3NhZ2U6Y2hhbmdlcyBmb3IgUGFyaXMgV1MgCg==','becc99f69808270a833d650f97baf2f42acdaf32; becc99f69808270a833d650f97baf2f42acdaf32; becc99f69808270a833d650f97baf2f42acdaf32; becc99f69808270a833d650f97baf2f42acdaf32; becc99f69808270a833d650f97baf2f42acdaf32; becc99f69808270a833d650f97baf2f42acdaf32; becc99f69808270a833d650f97baf2f42acdaf32; becc99f69808270a833d650f97baf2f42acdaf32; becc99f69808270a833d650f97baf2f42acdaf32; becc99f69808270a833d650f97baf2f42acdaf32; becc99f69808270a833d650f97baf2f42acdaf32; becc99f69808270a833d650f97baf2f42acdaf32; becc99f69808270a833d650f97baf2f42acdaf32; becc99f69808270a833d650f97baf2f42acdaf32; becc99f69808270a833d650f97baf2f42acdaf32; becc99f69808270a833d650f97baf2f42acdaf32; becc99f69808270a833d650f97baf2f42acdaf32; becc99f69808270a833d650f97baf2f42acdaf32; becc99f69808270a833d650f97baf2f42acdaf32; becc99f69808270a833d650f97baf2f42acdaf32; becc99f69808270a833d650f97baf2f42acdaf32; becc99f69808270a833d650f97baf2f42acdaf32; becc99f69808270a833d650f97baf2f42acdaf32; becc99f69808270a833d650f97baf2f42acdaf32; becc99f69808270a833d650f97baf2f42acdaf32; becc99f69808270a833d650f97baf2f42acdaf32; becc99f69808270a833d650f97baf2f42acdaf32; becc99f69808270a833d650f97baf2f42acdaf32; becc99f69808270a833d650f97baf2f42acdaf32; becc99f69808270a833d650f97baf2f42acdaf32; becc99f69808270a833d650f97baf2f42acdaf32; becc99f69808270a833d650f97baf2f42acdaf32; ','changes for Paris WS
; ','ZGlmZiAtLWdpdCBhL2lucHV0L2pzL3dhcm5pbmdzLmpzIGIvaW5wdXQvanMvd2FybmluZ3MuanMKbmV3IGZpbGUgbW9kZSAxMDA2NDQKaW5kZXggMDAwMDAwMC4uNTE5ZGFiYwotLS0gL2Rldi9udWxsCisrKyBiL2lucHV0L2pzL3dhcm5pbmdzLmpzCkBAIC0wLDAgKzEsMTQzIEBACisvLyBQVjpJRkNPTkQocHY6aGFzRmVhdHVyZSgnQWlyUHJlc3N1cmUnKSkKK2Z1bmN0aW9uIGFwcGx5UHJlc3N1cmUoKSB7CisJdmFyIG1lYXN1cmVUZXh0ID0gZG9jdW1lbnQuZ2V0RWxlbWVudEJ5SWQoInBfbWVhc3VyZSIpOworCXZhciBwb2ludGVyID0gZG9jdW1lbnQuZ2V0RWxlbWVudEJ5SWQoInBfcG9pbnQiKTsKKwlhcHBseVRhY2hvVmFsdWUobWluUHJlcywgbWF4UHJlcywgbWVhc3VyZVRleHQsIHBvaW50ZXIpOworCWZ1bmN0aW9uIGdldE1ldGFDb250ZW50QnlOYW1lKG5hbWUsY29udGVudCl7CisJCSAgIHZhciBjb250ZW50ID0gKGNvbnRlbnQ9PW51bGwpPydjb250ZW50Jzpjb250ZW50OworCQkgICByZXR1cm4gZG9jdW1lbnQucXVlcnlTZWxlY3RvcigibWV0YVtuYW1lPSciK25hbWUrIiddIikuZ2V0QXR0cmlidXRlKGNvbnRlbnQpOworCQl9CisJCQorCQkkKGRvY3VtZW50KS5yZWFkeShmdW5jdGlvbigpeworCQkJLy9jb25zb2xlLmxvZyhkaWZmU3RyaW5nKTsgLy9kaWZmU3RyaW5nIHNob3VsZCBiZSB0aGUgdmFsdWUgb2YgZGlmZnZpZXcgdmFsdWUKKwkJCS8vZ2V0IHNlbGVjdCgiI2RpZmZ2YWx1ZSIpLiBtZXRhZGF0YQorCQkJdmFyIGRpZmZ2YWx1ZSA9IGdldE1ldGFDb250ZW50QnlOYW1lKCJkaWZmdmFsdWUiKTsKKwkJCWlmIChkaWZmdmFsdWU9PW51bGwpIHJldHVybiBudWxsOworCQl9KTsKKwlyZXR1cm4gZmFsc2U7Cit9CisvLyBQVjpFTkRDT05ECisKKy8vIFBWOklGQ09ORChwdjpoYXNGZWF0dXJlKCdXaW5kU3BlZWQnKSkKK3ZhciB3aW5kTWVhc3VyZSA9IDA7CitmdW5jdGlvbiBhcHBseVdpbmRTcGVlZCgpIHsKKwl2YXIgbWVhc3VyZVRleHQgPSBkb2N1bWVudC5nZXRFbGVtZW50QnlJZCgid19tZWFzdXJlIik7CisJd2luZE1lYXN1cmUgPSBtZWFzdXJlVGV4dC52YWx1ZTsKKwl2YXIgcG9pbnRlciA9IGRvY3VtZW50LmdldEVsZW1lbnRCeUlkKCJ3X3BvaW50Iik7CisJCisJYXBwbHlUYWNob1ZhbHVlKG1pbldpbmQsIG1heFdpbmQsIG1lYXN1cmVUZXh0LCBwb2ludGVyKTsKKwlzZXRXYXJuaW5ncygpOworCXJldHVybiBmYWxzZTsKK30KKy8vIFBWOkVORENPTkQKKworLy8gUFY6SUZDT05EKHB2Omhhc0ZlYXR1cmUoJ1dpbmRTcGVlZCcpIG9yIHB2Omhhc0ZlYXR1cmUoJ0FpclByZXNzdXJlJykpCitmdW5jdGlvbiBhcHBseVRhY2hvVmFsdWUobWluLCBtYXgsIG1lYXN1cmVUZXh0LCBwb2ludGVyKSB7CisJdmFyIGRpdmlzb3IgPSBNYXRoLnJvdW5kKChtYXggLSBtaW4pLzEzKTsKKwl2YXIgYyA9IE1hdGgucm91bmQoZGl2aXNvci8yKTsKKwkKKwlpZiAobWVhc3VyZVRleHQgJiYgcG9pbnRlcikgeworCQl2YXIgbWVhc3VyZSA9IG1lYXN1cmVUZXh0LnZhbHVlOworCQl2YXIgaW50VmFsdWUgPSBjaGVja01lYXN1cmUobWluLCBtYXgsIG1lYXN1cmUpOworCQlpZiAoaXNOYU4oaW50VmFsdWUpKSByZXR1cm4gZmFsc2U7CisJCWZ1bmN0aW9uIGdldE1ldGFDb250ZW50QnlOYW1lKG5hbWUsY29udGVudCl7CisJCQkgICB2YXIgY29udGVudCA9IChjb250ZW50PT1udWxsKT8nY29udGVudCc6Y29udGVudDsKKwkJCSAgIHJldHVybiBkb2N1bWVudC5xdWVyeVNlbGVjdG9yKCJtZXRhW25hbWU9JyIrbmFtZSsiJ10iKS5nZXRBdHRyaWJ1dGUoY29udGVudCk7CisJCQl9CisJCQkKKwkJCSQoZG9jdW1lbnQpLnJlYWR5KGZ1bmN0aW9uKCl7CisJCQkJLy9jb25zb2xlLmxvZyhkaWZmU3RyaW5nKTsgLy9kaWZmU3RyaW5nIHNob3VsZCBiZSB0aGUgdmFsdWUgb2YgZGlmZnZpZXcgdmFsdWUKKwkJCQkvL2dldCBzZWxlY3QoIiNkaWZmdmFsdWUiKS4gbWV0YWRhdGEKKwkJCQl2YXIgZGlmZnZhbHVlID0gZ2V0TWV0YUNvbnRlbnRCeU5hbWUoImRpZmZ2YWx1ZSIpOworCQkJCWlmIChkaWZmdmFsdWU9PW51bGwpIHJldHVybiBudWxsOworCQkJfSk7CisJCXJldHVybiBmYWxzZTsKKwkJaW50VmFsdWUgLT0gbWluOworCQlpZiAoaW50VmFsdWUgJSBkaXZpc29yIDwgYykgaW50VmFsdWUgLT0gaW50VmFsdWUgJSBkaXZpc29yOworCQllbHNlIGludFZhbHVlICs9IGRpdmlzb3IgLSBpbnRWYWx1ZSAlIGRpdmlzb3I7CisKKwkJaW50VmFsdWUgLz0gZGl2aXNvcjsKKwkJcG9pbnRlci5zdHlsZS5iYWNrZ3JvdW5kID0gInVybCgnaW1hZ2VzL25fIiArIGludFZhbHVlICsgIi5wbmcnKSI7CisJfQorCXJldHVybiBmYWxzZTsKK30KKy8vIFBWOkVORENPTkQKKworLy8gUFY6SUZDT05EKHB2Omhhc0ZlYXR1cmUoJ1RlbXBlcmF0dXJlJykpCit2YXIgdGVtcE1lYXN1cmUgPSAwOworZnVuY3Rpb24gYXBwbHlUZW1wZXJhdHVyZSgpIHsKKwl2YXIgbWluID0gbWluVGVtcDsKKwl2YXIgbWF4ID0gbWF4VGVtcDsKKwl2YXIgaW1nID0gZDMuc2VsZWN0KCJpbWciKSwKKyAgICB3aWR0aCA9ICtzdmcuYXR0cigid2lkdGgiKSwKKyAgICBoZWlnaHQgPSArc3ZnLmF0dHIoImhlaWdodCIpOworCXZhciBweFJhbmdlID0gMTcwOworCisJdmFyIG1lYXN1cmVUZXh0ID0gZG9jdW1lbnQuZ2V0RWxlbWVudEJ5SWQoInRfbWVhc3VyZSIpOworCXZhciBwb2ludGVyID0gZG9jdW1lbnQuZ2V0RWxlbWVudEJ5SWQoInRfcG9pbnQiKTsKKwkgdmFyIGNlbGwgPSBpbWcKKwkgICAgLnNlbGVjdEFsbCgiLm5vZGUiKQorCSAgICAuZGF0YShyb290LmRlc2NlbmRhbnRzKCkpCisJICAgIC5lbnRlcigpLmFwcGVuZCgiZyIpCisJICAgICAgIC5hdHRyKCJ0cmFuc2Zvcm0iLCBmdW5jdGlvbihkKSB7IHJldHVybiAidHJhbnNsYXRlKCIgKyBkLngwICsgIiwiICsgZC55MCArICIpIjsgfSkKKwlpZiAobWVhc3VyZVRleHQgJiYgcG9pbnRlcikgeworCQl0ZW1wTWVhc3VyZSA9IG1lYXN1cmVUZXh0LnZhbHVlOworCQl2YXIgaW50VmFsdWUgPSBjaGVja01lYXN1cmUobWluLCBtYXgsIHRlbXBNZWFzdXJlKTsKKwkJaWYgKGlzTmFOKGludFZhbHVlKSkgcmV0dXJuIGZhbHNlOworCQlpbnRWYWx1ZSA9IChpbnRWYWx1ZSAtIG1pbikqKHB4UmFuZ2UgLyAobWF4IC0gbWluKSk7CisJCQorCQlwb2ludGVyLnN0eWxlLmhlaWdodCA9ICgxNzcgLSBpbnRWYWx1ZSkgKyAicHgiOworCX0KKwlzZXRXYXJuaW5ncygpOworCXJldHVybiBmYWxzZTsKK30KKy8vIFBWOkVORENPTkQKKworZnVuY3Rpb24gY2hlY2tNZWFzdXJlKG1pbiwgbWF4LCBtZWFzdXJlKSB7CisJaWYgKG1lYXN1cmUgPT0gIiIgfHwgbWVhc3VyZSA9PSBudWxsKSByZXR1cm4gTmFOOworCWlmIChpc05hTihwYXJzZUludChtZWFzdXJlKSkgfHwKKwkJcGFyc2VJbnQobWVhc3VyZSkgPCBtaW4gfHwKKwkJcGFyc2VJbnQobWVhc3VyZSkgPiBtYXgpIHsKKwkJYWxlcnQoIkJpdHRlIGVpbmUgWmFobCB6d2lzY2hlbiAiICsgbWluICsgIiB1bmQgIiArIG1heCArICIgZWluZ2ViZW4hIik7CisJCXJldHVybiBOYU47CisJfQorCXJldHVybiBwYXJzZUludChtZWFzdXJlKTsKK30KKworZnVuY3Rpb24gc2V0V2FybmluZ3MoKSB7CisJd2FybmluZ1RleHQgPSAnJzsKKy8vIFBWOklGQ09ORChwdjpoYXNGZWF0dXJlKCdIZWF0JykpCisJaWYgKCFpc05hTih0ZW1wTGltaXQpICYmIHRlbXBNZWFzdXJlID4gdGVtcExpbWl0KSB7CisJCXdhcm5pbmdUZXh0ICs9IHRlbXBXYXJuaW5nOworCX0KKy8vIFBWOkVORENPTkQKKy8vIFBWOklGQ09ORChwdjpoYXNGZWF0dXJlKCdHYWxlJykpCisJaWYgKCFpc05hTih3aW5kTGltaXQpICYmIHdpbmRNZWFzdXJlID4gd2luZExpbWl0KSB7CisJCXdhcm5pbmdUZXh0ICs9ICh3YXJuaW5nVGV4dCA9PSAnJykgPyAnJyA6ICcsICc7CisJCXdhcm5pbmdUZXh0ICs9IHdpbmRXYXJuaW5nOworCQl2YXIgZ2FsZXZhbHVlID0gZ2V0TWV0YUNvbnRlbnRCeU5hbWUoImdhbGUiKTsKKwkJCisJCWlmIChnYWxlPT1udWxsKSByZXR1cm47CQorCQl2YXIgZGlmZjJodG1sVWkgPSBuZXcgRGlmZjJIdG1sVUkoe2RpZmY6IGRpZmZ2YWx1ZX0pOworCQljb25zb2xlLmxvZyhkaWZmMmh0bWxVaSk7CisJCWRpZmYyaHRtbFVpLmRyYXcoJyNkaWZmdmlldycsIHtpbnB1dEZvcm1hdDogJ2pzb24nLCBzaG93RmlsZXM6IHRydWUsIG1hdGNoaW5nOiAnbGluZXMnfSk7CisJICAgIGRpZmYyaHRtbFVpLmhpZ2hsaWdodENvZGUoJyNkaWZmdmlldycpOworCX07CisJfQorLy8gUFY6RU5EQ09ORAorCXZhciBlbGVtZW50ID0gZG9jdW1lbnQuZ2V0RWxlbWVudEJ5SWQoJ3dhcm5pbmcnKTsKKwlpZiAod2FybmluZ1RleHQgIT0gJycpIHsKKworLy8gUFY6SUZDT05EKHB2Omhhc0ZlYXR1cmUoJ0dlcm1hbicpKQorCQl3YXJuaW5nVGV4dCA9ICdBY2h0dW5nOiAnICsgd2FybmluZ1RleHQ7CisvLyBQVjpFTkRDT05ECisvLyBQVjpJRkNPTkQocHY6aGFzRmVhdHVyZSgnRW5nbGlzaCcpKQorCQlpZiAod2FybmluZ1RleHQgIT0gJycpIHdhcm5pbmdUZXh0ID0gJ0F0dGVudGlvbjogJyArIHdhcm5pbmdUZXh0OworLy8gUFY6RU5EQ09ORAorCQlzZXRFbGVtZW50VGV4dChlbGVtZW50LCB3YXJuaW5nVGV4dCk7CisJCS8vZWxlbWVudC5zdHlsZS5kaXNwbGF5ID0gJ2luaGVyaXQnOworCX0KKwllbHNlIHsKKwkJLy9lbGVtZW50LnN0eWxlLmRpc3BsYXkgPSAnbm9uZSc7CisJCXNldEVsZW1lbnRUZXh0KGVsZW1lbnQsICcnKTsKKwl9Cg==',212,70,4,'NEW_ASSET_WITH_NEW_VARIATIONPOINT_AND_NEW_FEATURES');
INSERT IGNORE INTO developer_group (id_developer_group) VALUES 
(71);
INSERT IGNORE INTO developer_bridge (id_developer_group,id_developer) VALUES 
(71,1);
INSERT IGNORE INTO developer_bridge (id_developer_group,id_developer) VALUES 
(71,1);
INSERT IGNORE INTO developer_bridge (id_developer_group,id_developer) VALUES 
(71,1);
INSERT IGNORE INTO developer_bridge (id_developer_group,id_developer) VALUES 
(71,1);
INSERT IGNORE INTO developer_bridge (id_developer_group,id_developer) VALUES 
(71,1);
INSERT IGNORE INTO developer_bridge (id_developer_group,id_developer) VALUES 
(71,1);
INSERT IGNORE INTO developer_bridge (id_developer_group,id_developer) VALUES 
(71,1);
INSERT IGNORE INTO developer_bridge (id_developer_group,id_developer) VALUES 
(71,1);
INSERT IGNORE INTO developer_bridge (id_developer_group,id_developer) VALUES 
(71,1);
INSERT IGNORE INTO developer_bridge (id_developer_group,id_developer) VALUES 
(71,1);
INSERT IGNORE INTO developer_bridge (id_developer_group,id_developer) VALUES 
(71,1);
INSERT IGNORE INTO developer_bridge (id_developer_group,id_developer) VALUES 
(71,1);
INSERT IGNORE INTO developer_bridge (id_developer_group,id_developer) VALUES 
(71,1);
INSERT IGNORE INTO developer_bridge (id_developer_group,id_developer) VALUES 
(71,1);
INSERT IGNORE INTO developer_bridge (id_developer_group,id_developer) VALUES 
(71,1);
INSERT IGNORE INTO developer_bridge (id_developer_group,id_developer) VALUES 
(71,1);
INSERT IGNORE INTO developer_bridge (id_developer_group,id_developer) VALUES 
(71,1);
INSERT IGNORE INTO developer_bridge (id_developer_group,id_developer) VALUES 
(71,1);
INSERT IGNORE INTO developer_bridge (id_developer_group,id_developer) VALUES 
(71,1);
INSERT IGNORE INTO developer_bridge (id_developer_group,id_developer) VALUES 
(71,1);
INSERT IGNORE INTO developer_bridge (id_developer_group,id_developer) VALUES 
(71,1);
INSERT IGNORE INTO developer_bridge (id_developer_group,id_developer) VALUES 
(71,1);
INSERT IGNORE INTO developer_bridge (id_developer_group,id_developer) VALUES 
(71,1);
INSERT IGNORE INTO developer_bridge (id_developer_group,id_developer) VALUES 
(71,1);
INSERT IGNORE INTO developer_bridge (id_developer_group,id_developer) VALUES 
(71,1);
INSERT IGNORE INTO developer_bridge (id_developer_group,id_developer) VALUES 
(71,1);
INSERT IGNORE INTO developer_bridge (id_developer_group,id_developer) VALUES 
(71,1);
INSERT IGNORE INTO developer_bridge (id_developer_group,id_developer) VALUES 
(71,1);
INSERT IGNORE INTO developer_bridge (id_developer_group,id_developer) VALUES 
(71,1);
INSERT IGNORE INTO developer_bridge (id_developer_group,id_developer) VALUES 
(71,1);
INSERT IGNORE INTO developer_bridge (id_developer_group,id_developer) VALUES 
(71,1);
INSERT IGNORE INTO developer_bridge (id_developer_group,id_developer) VALUES 
(71,1);
INSERT IGNORE INTO developer_bridge (id_developer_group,id_developer) VALUES 
(71,1);
INSERT IGNORE INTO developer_bridge (id_developer_group,id_developer) VALUES 
(71,1);
INSERT IGNORE INTO developer_bridge (id_developer_group,id_developer) VALUES 
(71,1);
INSERT IGNORE INTO developer_bridge (id_developer_group,id_developer) VALUES 
(71,1);
INSERT IGNORE INTO developer_bridge (id_developer_group,id_developer) VALUES 
(71,1);
INSERT IGNORE INTO developer_bridge (id_developer_group,id_developer) VALUES 
(71,1);
INSERT IGNORE INTO developer_bridge (id_developer_group,id_developer) VALUES 
(71,1);
INSERT IGNORE INTO developer_bridge (id_developer_group,id_developer) VALUES 
(71,1);
INSERT IGNORE INTO developer_bridge (id_developer_group,id_developer) VALUES 
(71,1);
INSERT IGNORE INTO developer_bridge (id_developer_group,id_developer) VALUES 
(71,1);
INSERT IGNORE INTO developer_bridge (id_developer_group,id_developer) VALUES 
(71,1);
INSERT IGNORE INTO customization_fact (idcustomization, lines_added,lines_deleted,custom_diff,commit_set,message_set,greater_diff,idvariationpoint,id_developer_group, idproductrelease, type) VALUES
(71,43,0,'ZGlmZiAtLWdpdCBhL2lucHV0L2pzL3dhcm5pbmdzLmpzIGIvaW5wdXQvanMvd2FybmluZ3MuanMKbmV3IGZpbGUgbW9kZSAxMDA2NDQKaW5kZXggMDAwMDAwMC4uNTE5ZGFiYwotLS0gL2Rldi9udWxsCkBAIC02LDIgKzY2LDQzIEBAIEV4cHJlc3Npb246ICAocHY6aGFzRmVhdHVyZSgnVGVtcGVyYXR1cmUnKSlDaGFuZ2UgVHlwZTogTkVXX0FTU0VUX1dJVEhfTkVXX1ZBUklBVElPTlBPSU5UX0FORF9ORVdfRkVBVFVSRVMKKy8vIFBWOklGQ09ORChwdjpoYXNGZWF0dXJlKCdUZW1wZXJhdHVyZScpKS8vQXV0aG9yZWQgYnk6IGxldGltb21lIGluIGNvbW1pdDpiZWNjOTlmNjk4MDgyNzBhODMzZDY1MGY5N2JhZjJmNDJhY2RhZjMyLCB3aXRoIG1lc3NhZ2U6Y2hhbmdlcyBmb3IgUGFyaXMgV1MgCit2YXIgdGVtcE1lYXN1cmUgPSAwOy8vQXV0aG9yZWQgYnk6IGxldGltb21lIGluIGNvbW1pdDpiZWNjOTlmNjk4MDgyNzBhODMzZDY1MGY5N2JhZjJmNDJhY2RhZjMyLCB3aXRoIG1lc3NhZ2U6Y2hhbmdlcyBmb3IgUGFyaXMgV1MgCitmdW5jdGlvbiBhcHBseVRlbXBlcmF0dXJlKCkgey8vQXV0aG9yZWQgYnk6IGxldGltb21lIGluIGNvbW1pdDpiZWNjOTlmNjk4MDgyNzBhODMzZDY1MGY5N2JhZjJmNDJhY2RhZjMyLCB3aXRoIG1lc3NhZ2U6Y2hhbmdlcyBmb3IgUGFyaXMgV1MgCisJdmFyIG1pbiA9IG1pblRlbXA7Ly9BdXRob3JlZCBieTogbGV0aW1vbWUgaW4gY29tbWl0OmJlY2M5OWY2OTgwODI3MGE4MzNkNjUwZjk3YmFmMmY0MmFjZGFmMzIsIHdpdGggbWVzc2FnZTpjaGFuZ2VzIGZvciBQYXJpcyBXUyAKKwl2YXIgbWF4ID0gbWF4VGVtcDsvL0F1dGhvcmVkIGJ5OiBsZXRpbW9tZSBpbiBjb21taXQ6YmVjYzk5ZjY5ODA4MjcwYTgzM2Q2NTBmOTdiYWYyZjQyYWNkYWYzMiwgd2l0aCBtZXNzYWdlOmNoYW5nZXMgZm9yIFBhcmlzIFdTIAorCXZhciBpbWcgPSBkMy5zZWxlY3QoImltZyIpLC8vQXV0aG9yZWQgYnk6IGxldGltb21lIGluIGNvbW1pdDpiZWNjOTlmNjk4MDgyNzBhODMzZDY1MGY5N2JhZjJmNDJhY2RhZjMyLCB3aXRoIG1lc3NhZ2U6Y2hhbmdlcyBmb3IgUGFyaXMgV1MgCisgICAgd2lkdGggPSArc3ZnLmF0dHIoIndpZHRoIiksLy9BdXRob3JlZCBieTogbGV0aW1vbWUgaW4gY29tbWl0OmJlY2M5OWY2OTgwODI3MGE4MzNkNjUwZjk3YmFmMmY0MmFjZGFmMzIsIHdpdGggbWVzc2FnZTpjaGFuZ2VzIGZvciBQYXJpcyBXUyAKKyAgICBoZWlnaHQgPSArc3ZnLmF0dHIoImhlaWdodCIpOy8vQXV0aG9yZWQgYnk6IGxldGltb21lIGluIGNvbW1pdDpiZWNjOTlmNjk4MDgyNzBhODMzZDY1MGY5N2JhZjJmNDJhY2RhZjMyLCB3aXRoIG1lc3NhZ2U6Y2hhbmdlcyBmb3IgUGFyaXMgV1MgCisJdmFyIHB4UmFuZ2UgPSAxNzA7Ly9BdXRob3JlZCBieTogbGV0aW1vbWUgaW4gY29tbWl0OmJlY2M5OWY2OTgwODI3MGE4MzNkNjUwZjk3YmFmMmY0MmFjZGFmMzIsIHdpdGggbWVzc2FnZTpjaGFuZ2VzIGZvciBQYXJpcyBXUyAKKy8vQXV0aG9yZWQgYnk6IGxldGltb21lIGluIGNvbW1pdDpiZWNjOTlmNjk4MDgyNzBhODMzZDY1MGY5N2JhZjJmNDJhY2RhZjMyLCB3aXRoIG1lc3NhZ2U6Y2hhbmdlcyBmb3IgUGFyaXMgV1MgCisJdmFyIG1lYXN1cmVUZXh0ID0gZG9jdW1lbnQuZ2V0RWxlbWVudEJ5SWQoInRfbWVhc3VyZSIpOy8vQXV0aG9yZWQgYnk6IGxldGltb21lIGluIGNvbW1pdDpiZWNjOTlmNjk4MDgyNzBhODMzZDY1MGY5N2JhZjJmNDJhY2RhZjMyLCB3aXRoIG1lc3NhZ2U6Y2hhbmdlcyBmb3IgUGFyaXMgV1MgCisJdmFyIHBvaW50ZXIgPSBkb2N1bWVudC5nZXRFbGVtZW50QnlJZCgidF9wb2ludCIpOy8vQXV0aG9yZWQgYnk6IGxldGltb21lIGluIGNvbW1pdDpiZWNjOTlmNjk4MDgyNzBhODMzZDY1MGY5N2JhZjJmNDJhY2RhZjMyLCB3aXRoIG1lc3NhZ2U6Y2hhbmdlcyBmb3IgUGFyaXMgV1MgCisJIHZhciBjZWxsID0gaW1nLy9BdXRob3JlZCBieTogbGV0aW1vbWUgaW4gY29tbWl0OmJlY2M5OWY2OTgwODI3MGE4MzNkNjUwZjk3YmFmMmY0MmFjZGFmMzIsIHdpdGggbWVzc2FnZTpjaGFuZ2VzIGZvciBQYXJpcyBXUyAKKwkgICAgLnNlbGVjdEFsbCgiLm5vZGUiKS8vQXV0aG9yZWQgYnk6IGxldGltb21lIGluIGNvbW1pdDpiZWNjOTlmNjk4MDgyNzBhODMzZDY1MGY5N2JhZjJmNDJhY2RhZjMyLCB3aXRoIG1lc3NhZ2U6Y2hhbmdlcyBmb3IgUGFyaXMgV1MgCisJICAgIC5kYXRhKHJvb3QuZGVzY2VuZGFudHMoKSkvL0F1dGhvcmVkIGJ5OiBsZXRpbW9tZSBpbiBjb21taXQ6YmVjYzk5ZjY5ODA4MjcwYTgzM2Q2NTBmOTdiYWYyZjQyYWNkYWYzMiwgd2l0aCBtZXNzYWdlOmNoYW5nZXMgZm9yIFBhcmlzIFdTIAorCSAgICAuZW50ZXIoKS5hcHBlbmQoImciKS8vQXV0aG9yZWQgYnk6IGxldGltb21lIGluIGNvbW1pdDpiZWNjOTlmNjk4MDgyNzBhODMzZDY1MGY5N2JhZjJmNDJhY2RhZjMyLCB3aXRoIG1lc3NhZ2U6Y2hhbmdlcyBmb3IgUGFyaXMgV1MgCisJICAgICAgIC5hdHRyKCJ0cmFuc2Zvcm0iLCBmdW5jdGlvbihkKSB7IHJldHVybiAidHJhbnNsYXRlKCIgKyBkLngwICsgIiwiICsgZC55MCArICIpIjsgfSkvL0F1dGhvcmVkIGJ5OiBsZXRpbW9tZSBpbiBjb21taXQ6YmVjYzk5ZjY5ODA4MjcwYTgzM2Q2NTBmOTdiYWYyZjQyYWNkYWYzMiwgd2l0aCBtZXNzYWdlOmNoYW5nZXMgZm9yIFBhcmlzIFdTIAorCWlmIChtZWFzdXJlVGV4dCAmJiBwb2ludGVyKSB7Ly9BdXRob3JlZCBieTogbGV0aW1vbWUgaW4gY29tbWl0OmJlY2M5OWY2OTgwODI3MGE4MzNkNjUwZjk3YmFmMmY0MmFjZGFmMzIsIHdpdGggbWVzc2FnZTpjaGFuZ2VzIGZvciBQYXJpcyBXUyAKKwkJdGVtcE1lYXN1cmUgPSBtZWFzdXJlVGV4dC52YWx1ZTsvL0F1dGhvcmVkIGJ5OiBsZXRpbW9tZSBpbiBjb21taXQ6YmVjYzk5ZjY5ODA4MjcwYTgzM2Q2NTBmOTdiYWYyZjQyYWNkYWYzMiwgd2l0aCBtZXNzYWdlOmNoYW5nZXMgZm9yIFBhcmlzIFdTIAorCQl2YXIgaW50VmFsdWUgPSBjaGVja01lYXN1cmUobWluLCBtYXgsIHRlbXBNZWFzdXJlKTsvL0F1dGhvcmVkIGJ5OiBsZXRpbW9tZSBpbiBjb21taXQ6YmVjYzk5ZjY5ODA4MjcwYTgzM2Q2NTBmOTdiYWYyZjQyYWNkYWYzMiwgd2l0aCBtZXNzYWdlOmNoYW5nZXMgZm9yIFBhcmlzIFdTIAorCQlpZiAoaXNOYU4oaW50VmFsdWUpKSByZXR1cm4gZmFsc2U7Ly9BdXRob3JlZCBieTogbGV0aW1vbWUgaW4gY29tbWl0OmJlY2M5OWY2OTgwODI3MGE4MzNkNjUwZjk3YmFmMmY0MmFjZGFmMzIsIHdpdGggbWVzc2FnZTpjaGFuZ2VzIGZvciBQYXJpcyBXUyAKKwkJaW50VmFsdWUgPSAoaW50VmFsdWUgLSBtaW4pKihweFJhbmdlIC8gKG1heCAtIG1pbikpOy8vQXV0aG9yZWQgYnk6IGxldGltb21lIGluIGNvbW1pdDpiZWNjOTlmNjk4MDgyNzBhODMzZDY1MGY5N2JhZjJmNDJhY2RhZjMyLCB3aXRoIG1lc3NhZ2U6Y2hhbmdlcyBmb3IgUGFyaXMgV1MgCisJCS8vQXV0aG9yZWQgYnk6IGxldGltb21lIGluIGNvbW1pdDpiZWNjOTlmNjk4MDgyNzBhODMzZDY1MGY5N2JhZjJmNDJhY2RhZjMyLCB3aXRoIG1lc3NhZ2U6Y2hhbmdlcyBmb3IgUGFyaXMgV1MgCisJCXBvaW50ZXIuc3R5bGUuaGVpZ2h0ID0gKDE3NyAtIGludFZhbHVlKSArICJweCI7Ly9BdXRob3JlZCBieTogbGV0aW1vbWUgaW4gY29tbWl0OmJlY2M5OWY2OTgwODI3MGE4MzNkNjUwZjk3YmFmMmY0MmFjZGFmMzIsIHdpdGggbWVzc2FnZTpjaGFuZ2VzIGZvciBQYXJpcyBXUyAKKwl9Ly9BdXRob3JlZCBieTogbGV0aW1vbWUgaW4gY29tbWl0OmJlY2M5OWY2OTgwODI3MGE4MzNkNjUwZjk3YmFmMmY0MmFjZGFmMzIsIHdpdGggbWVzc2FnZTpjaGFuZ2VzIGZvciBQYXJpcyBXUyAKKwlzZXRXYXJuaW5ncygpOy8vQXV0aG9yZWQgYnk6IGxldGltb21lIGluIGNvbW1pdDpiZWNjOTlmNjk4MDgyNzBhODMzZDY1MGY5N2JhZjJmNDJhY2RhZjMyLCB3aXRoIG1lc3NhZ2U6Y2hhbmdlcyBmb3IgUGFyaXMgV1MgCisJcmV0dXJuIGZhbHNlOy8vQXV0aG9yZWQgYnk6IGxldGltb21lIGluIGNvbW1pdDpiZWNjOTlmNjk4MDgyNzBhODMzZDY1MGY5N2JhZjJmNDJhY2RhZjMyLCB3aXRoIG1lc3NhZ2U6Y2hhbmdlcyBmb3IgUGFyaXMgV1MgCit9Ly9BdXRob3JlZCBieTogbGV0aW1vbWUgaW4gY29tbWl0OmJlY2M5OWY2OTgwODI3MGE4MzNkNjUwZjk3YmFmMmY0MmFjZGFmMzIsIHdpdGggbWVzc2FnZTpjaGFuZ2VzIGZvciBQYXJpcyBXUyAKKy8vIFBWOkVORENPTkQvL0F1dGhvcmVkIGJ5OiBsZXRpbW9tZSBpbiBjb21taXQ6YmVjYzk5ZjY5ODA4MjcwYTgzM2Q2NTBmOTdiYWYyZjQyYWNkYWYzMiwgd2l0aCBtZXNzYWdlOmNoYW5nZXMgZm9yIFBhcmlzIFdTIAorLy9BdXRob3JlZCBieTogbGV0aW1vbWUgaW4gY29tbWl0OmJlY2M5OWY2OTgwODI3MGE4MzNkNjUwZjk3YmFmMmY0MmFjZGFmMzIsIHdpdGggbWVzc2FnZTpjaGFuZ2VzIGZvciBQYXJpcyBXUyAKK2Z1bmN0aW9uIGNoZWNrTWVhc3VyZShtaW4sIG1heCwgbWVhc3VyZSkgey8vQXV0aG9yZWQgYnk6IGxldGltb21lIGluIGNvbW1pdDpiZWNjOTlmNjk4MDgyNzBhODMzZDY1MGY5N2JhZjJmNDJhY2RhZjMyLCB3aXRoIG1lc3NhZ2U6Y2hhbmdlcyBmb3IgUGFyaXMgV1MgCisJaWYgKG1lYXN1cmUgPT0gIiIgfHwgbWVhc3VyZSA9PSBudWxsKSByZXR1cm4gTmFOOy8vQXV0aG9yZWQgYnk6IGxldGltb21lIGluIGNvbW1pdDpiZWNjOTlmNjk4MDgyNzBhODMzZDY1MGY5N2JhZjJmNDJhY2RhZjMyLCB3aXRoIG1lc3NhZ2U6Y2hhbmdlcyBmb3IgUGFyaXMgV1MgCisJaWYgKGlzTmFOKHBhcnNlSW50KG1lYXN1cmUpKSB8fC8vQXV0aG9yZWQgYnk6IGxldGltb21lIGluIGNvbW1pdDpiZWNjOTlmNjk4MDgyNzBhODMzZDY1MGY5N2JhZjJmNDJhY2RhZjMyLCB3aXRoIG1lc3NhZ2U6Y2hhbmdlcyBmb3IgUGFyaXMgV1MgCisJCXBhcnNlSW50KG1lYXN1cmUpIDwgbWluIHx8Ly9BdXRob3JlZCBieTogbGV0aW1vbWUgaW4gY29tbWl0OmJlY2M5OWY2OTgwODI3MGE4MzNkNjUwZjk3YmFmMmY0MmFjZGFmMzIsIHdpdGggbWVzc2FnZTpjaGFuZ2VzIGZvciBQYXJpcyBXUyAKKwkJcGFyc2VJbnQobWVhc3VyZSkgPiBtYXgpIHsvL0F1dGhvcmVkIGJ5OiBsZXRpbW9tZSBpbiBjb21taXQ6YmVjYzk5ZjY5ODA4MjcwYTgzM2Q2NTBmOTdiYWYyZjQyYWNkYWYzMiwgd2l0aCBtZXNzYWdlOmNoYW5nZXMgZm9yIFBhcmlzIFdTIAorCQlhbGVydCgiQml0dGUgZWluZSBaYWhsIHp3aXNjaGVuICIgKyBtaW4gKyAiIHVuZCAiICsgbWF4ICsgIiBlaW5nZWJlbiEiKTsvL0F1dGhvcmVkIGJ5OiBsZXRpbW9tZSBpbiBjb21taXQ6YmVjYzk5ZjY5ODA4MjcwYTgzM2Q2NTBmOTdiYWYyZjQyYWNkYWYzMiwgd2l0aCBtZXNzYWdlOmNoYW5nZXMgZm9yIFBhcmlzIFdTIAorCQlyZXR1cm4gTmFOOy8vQXV0aG9yZWQgYnk6IGxldGltb21lIGluIGNvbW1pdDpiZWNjOTlmNjk4MDgyNzBhODMzZDY1MGY5N2JhZjJmNDJhY2RhZjMyLCB3aXRoIG1lc3NhZ2U6Y2hhbmdlcyBmb3IgUGFyaXMgV1MgCisJfS8vQXV0aG9yZWQgYnk6IGxldGltb21lIGluIGNvbW1pdDpiZWNjOTlmNjk4MDgyNzBhODMzZDY1MGY5N2JhZjJmNDJhY2RhZjMyLCB3aXRoIG1lc3NhZ2U6Y2hhbmdlcyBmb3IgUGFyaXMgV1MgCisJcmV0dXJuIHBhcnNlSW50KG1lYXN1cmUpOy8vQXV0aG9yZWQgYnk6IGxldGltb21lIGluIGNvbW1pdDpiZWNjOTlmNjk4MDgyNzBhODMzZDY1MGY5N2JhZjJmNDJhY2RhZjMyLCB3aXRoIG1lc3NhZ2U6Y2hhbmdlcyBmb3IgUGFyaXMgV1MgCit9Ly9BdXRob3JlZCBieTogbGV0aW1vbWUgaW4gY29tbWl0OmJlY2M5OWY2OTgwODI3MGE4MzNkNjUwZjk3YmFmMmY0MmFjZGFmMzIsIHdpdGggbWVzc2FnZTpjaGFuZ2VzIGZvciBQYXJpcyBXUyAKKy8vQXV0aG9yZWQgYnk6IGxldGltb21lIGluIGNvbW1pdDpiZWNjOTlmNjk4MDgyNzBhODMzZDY1MGY5N2JhZjJmNDJhY2RhZjMyLCB3aXRoIG1lc3NhZ2U6Y2hhbmdlcyBmb3IgUGFyaXMgV1MgCitmdW5jdGlvbiBzZXRXYXJuaW5ncygpIHsvL0F1dGhvcmVkIGJ5OiBsZXRpbW9tZSBpbiBjb21taXQ6YmVjYzk5ZjY5ODA4MjcwYTgzM2Q2NTBmOTdiYWYyZjQyYWNkYWYzMiwgd2l0aCBtZXNzYWdlOmNoYW5nZXMgZm9yIFBhcmlzIFdTIAorCXdhcm5pbmdUZXh0ID0gJyc7Ly9BdXRob3JlZCBieTogbGV0aW1vbWUgaW4gY29tbWl0OmJlY2M5OWY2OTgwODI3MGE4MzNkNjUwZjk3YmFmMmY0MmFjZGFmMzIsIHdpdGggbWVzc2FnZTpjaGFuZ2VzIGZvciBQYXJpcyBXUyAK','becc99f69808270a833d650f97baf2f42acdaf32; becc99f69808270a833d650f97baf2f42acdaf32; becc99f69808270a833d650f97baf2f42acdaf32; becc99f69808270a833d650f97baf2f42acdaf32; becc99f69808270a833d650f97baf2f42acdaf32; becc99f69808270a833d650f97baf2f42acdaf32; becc99f69808270a833d650f97baf2f42acdaf32; becc99f69808270a833d650f97baf2f42acdaf32; becc99f69808270a833d650f97baf2f42acdaf32; becc99f69808270a833d650f97baf2f42acdaf32; becc99f69808270a833d650f97baf2f42acdaf32; becc99f69808270a833d650f97baf2f42acdaf32; becc99f69808270a833d650f97baf2f42acdaf32; becc99f69808270a833d650f97baf2f42acdaf32; becc99f69808270a833d650f97baf2f42acdaf32; becc99f69808270a833d650f97baf2f42acdaf32; becc99f69808270a833d650f97baf2f42acdaf32; becc99f69808270a833d650f97baf2f42acdaf32; becc99f69808270a833d650f97baf2f42acdaf32; becc99f69808270a833d650f97baf2f42acdaf32; becc99f69808270a833d650f97baf2f42acdaf32; becc99f69808270a833d650f97baf2f42acdaf32; becc99f69808270a833d650f97baf2f42acdaf32; becc99f69808270a833d650f97baf2f42acdaf32; becc99f69808270a833d650f97baf2f42acdaf32; becc99f69808270a833d650f97baf2f42acdaf32; becc99f69808270a833d650f97baf2f42acdaf32; becc99f69808270a833d650f97baf2f42acdaf32; becc99f69808270a833d650f97baf2f42acdaf32; becc99f69808270a833d650f97baf2f42acdaf32; becc99f69808270a833d650f97baf2f42acdaf32; becc99f69808270a833d650f97baf2f42acdaf32; becc99f69808270a833d650f97baf2f42acdaf32; becc99f69808270a833d650f97baf2f42acdaf32; becc99f69808270a833d650f97baf2f42acdaf32; becc99f69808270a833d650f97baf2f42acdaf32; becc99f69808270a833d650f97baf2f42acdaf32; becc99f69808270a833d650f97baf2f42acdaf32; becc99f69808270a833d650f97baf2f42acdaf32; becc99f69808270a833d650f97baf2f42acdaf32; becc99f69808270a833d650f97baf2f42acdaf32; becc99f69808270a833d650f97baf2f42acdaf32; becc99f69808270a833d650f97baf2f42acdaf32; ','changes for Paris WS
; ','ZGlmZiAtLWdpdCBhL2lucHV0L2pzL3dhcm5pbmdzLmpzIGIvaW5wdXQvanMvd2FybmluZ3MuanMKbmV3IGZpbGUgbW9kZSAxMDA2NDQKaW5kZXggMDAwMDAwMC4uNTE5ZGFiYwotLS0gL2Rldi9udWxsCisrKyBiL2lucHV0L2pzL3dhcm5pbmdzLmpzCkBAIC0wLDAgKzEsMTQzIEBACisvLyBQVjpJRkNPTkQocHY6aGFzRmVhdHVyZSgnQWlyUHJlc3N1cmUnKSkKK2Z1bmN0aW9uIGFwcGx5UHJlc3N1cmUoKSB7CisJdmFyIG1lYXN1cmVUZXh0ID0gZG9jdW1lbnQuZ2V0RWxlbWVudEJ5SWQoInBfbWVhc3VyZSIpOworCXZhciBwb2ludGVyID0gZG9jdW1lbnQuZ2V0RWxlbWVudEJ5SWQoInBfcG9pbnQiKTsKKwlhcHBseVRhY2hvVmFsdWUobWluUHJlcywgbWF4UHJlcywgbWVhc3VyZVRleHQsIHBvaW50ZXIpOworCWZ1bmN0aW9uIGdldE1ldGFDb250ZW50QnlOYW1lKG5hbWUsY29udGVudCl7CisJCSAgIHZhciBjb250ZW50ID0gKGNvbnRlbnQ9PW51bGwpPydjb250ZW50Jzpjb250ZW50OworCQkgICByZXR1cm4gZG9jdW1lbnQucXVlcnlTZWxlY3RvcigibWV0YVtuYW1lPSciK25hbWUrIiddIikuZ2V0QXR0cmlidXRlKGNvbnRlbnQpOworCQl9CisJCQorCQkkKGRvY3VtZW50KS5yZWFkeShmdW5jdGlvbigpeworCQkJLy9jb25zb2xlLmxvZyhkaWZmU3RyaW5nKTsgLy9kaWZmU3RyaW5nIHNob3VsZCBiZSB0aGUgdmFsdWUgb2YgZGlmZnZpZXcgdmFsdWUKKwkJCS8vZ2V0IHNlbGVjdCgiI2RpZmZ2YWx1ZSIpLiBtZXRhZGF0YQorCQkJdmFyIGRpZmZ2YWx1ZSA9IGdldE1ldGFDb250ZW50QnlOYW1lKCJkaWZmdmFsdWUiKTsKKwkJCWlmIChkaWZmdmFsdWU9PW51bGwpIHJldHVybiBudWxsOworCQl9KTsKKwlyZXR1cm4gZmFsc2U7Cit9CisvLyBQVjpFTkRDT05ECisKKy8vIFBWOklGQ09ORChwdjpoYXNGZWF0dXJlKCdXaW5kU3BlZWQnKSkKK3ZhciB3aW5kTWVhc3VyZSA9IDA7CitmdW5jdGlvbiBhcHBseVdpbmRTcGVlZCgpIHsKKwl2YXIgbWVhc3VyZVRleHQgPSBkb2N1bWVudC5nZXRFbGVtZW50QnlJZCgid19tZWFzdXJlIik7CisJd2luZE1lYXN1cmUgPSBtZWFzdXJlVGV4dC52YWx1ZTsKKwl2YXIgcG9pbnRlciA9IGRvY3VtZW50LmdldEVsZW1lbnRCeUlkKCJ3X3BvaW50Iik7CisJCisJYXBwbHlUYWNob1ZhbHVlKG1pbldpbmQsIG1heFdpbmQsIG1lYXN1cmVUZXh0LCBwb2ludGVyKTsKKwlzZXRXYXJuaW5ncygpOworCXJldHVybiBmYWxzZTsKK30KKy8vIFBWOkVORENPTkQKKworLy8gUFY6SUZDT05EKHB2Omhhc0ZlYXR1cmUoJ1dpbmRTcGVlZCcpIG9yIHB2Omhhc0ZlYXR1cmUoJ0FpclByZXNzdXJlJykpCitmdW5jdGlvbiBhcHBseVRhY2hvVmFsdWUobWluLCBtYXgsIG1lYXN1cmVUZXh0LCBwb2ludGVyKSB7CisJdmFyIGRpdmlzb3IgPSBNYXRoLnJvdW5kKChtYXggLSBtaW4pLzEzKTsKKwl2YXIgYyA9IE1hdGgucm91bmQoZGl2aXNvci8yKTsKKwkKKwlpZiAobWVhc3VyZVRleHQgJiYgcG9pbnRlcikgeworCQl2YXIgbWVhc3VyZSA9IG1lYXN1cmVUZXh0LnZhbHVlOworCQl2YXIgaW50VmFsdWUgPSBjaGVja01lYXN1cmUobWluLCBtYXgsIG1lYXN1cmUpOworCQlpZiAoaXNOYU4oaW50VmFsdWUpKSByZXR1cm4gZmFsc2U7CisJCWZ1bmN0aW9uIGdldE1ldGFDb250ZW50QnlOYW1lKG5hbWUsY29udGVudCl7CisJCQkgICB2YXIgY29udGVudCA9IChjb250ZW50PT1udWxsKT8nY29udGVudCc6Y29udGVudDsKKwkJCSAgIHJldHVybiBkb2N1bWVudC5xdWVyeVNlbGVjdG9yKCJtZXRhW25hbWU9JyIrbmFtZSsiJ10iKS5nZXRBdHRyaWJ1dGUoY29udGVudCk7CisJCQl9CisJCQkKKwkJCSQoZG9jdW1lbnQpLnJlYWR5KGZ1bmN0aW9uKCl7CisJCQkJLy9jb25zb2xlLmxvZyhkaWZmU3RyaW5nKTsgLy9kaWZmU3RyaW5nIHNob3VsZCBiZSB0aGUgdmFsdWUgb2YgZGlmZnZpZXcgdmFsdWUKKwkJCQkvL2dldCBzZWxlY3QoIiNkaWZmdmFsdWUiKS4gbWV0YWRhdGEKKwkJCQl2YXIgZGlmZnZhbHVlID0gZ2V0TWV0YUNvbnRlbnRCeU5hbWUoImRpZmZ2YWx1ZSIpOworCQkJCWlmIChkaWZmdmFsdWU9PW51bGwpIHJldHVybiBudWxsOworCQkJfSk7CisJCXJldHVybiBmYWxzZTsKKwkJaW50VmFsdWUgLT0gbWluOworCQlpZiAoaW50VmFsdWUgJSBkaXZpc29yIDwgYykgaW50VmFsdWUgLT0gaW50VmFsdWUgJSBkaXZpc29yOworCQllbHNlIGludFZhbHVlICs9IGRpdmlzb3IgLSBpbnRWYWx1ZSAlIGRpdmlzb3I7CisKKwkJaW50VmFsdWUgLz0gZGl2aXNvcjsKKwkJcG9pbnRlci5zdHlsZS5iYWNrZ3JvdW5kID0gInVybCgnaW1hZ2VzL25fIiArIGludFZhbHVlICsgIi5wbmcnKSI7CisJfQorCXJldHVybiBmYWxzZTsKK30KKy8vIFBWOkVORENPTkQKKworLy8gUFY6SUZDT05EKHB2Omhhc0ZlYXR1cmUoJ1RlbXBlcmF0dXJlJykpCit2YXIgdGVtcE1lYXN1cmUgPSAwOworZnVuY3Rpb24gYXBwbHlUZW1wZXJhdHVyZSgpIHsKKwl2YXIgbWluID0gbWluVGVtcDsKKwl2YXIgbWF4ID0gbWF4VGVtcDsKKwl2YXIgaW1nID0gZDMuc2VsZWN0KCJpbWciKSwKKyAgICB3aWR0aCA9ICtzdmcuYXR0cigid2lkdGgiKSwKKyAgICBoZWlnaHQgPSArc3ZnLmF0dHIoImhlaWdodCIpOworCXZhciBweFJhbmdlID0gMTcwOworCisJdmFyIG1lYXN1cmVUZXh0ID0gZG9jdW1lbnQuZ2V0RWxlbWVudEJ5SWQoInRfbWVhc3VyZSIpOworCXZhciBwb2ludGVyID0gZG9jdW1lbnQuZ2V0RWxlbWVudEJ5SWQoInRfcG9pbnQiKTsKKwkgdmFyIGNlbGwgPSBpbWcKKwkgICAgLnNlbGVjdEFsbCgiLm5vZGUiKQorCSAgICAuZGF0YShyb290LmRlc2NlbmRhbnRzKCkpCisJICAgIC5lbnRlcigpLmFwcGVuZCgiZyIpCisJICAgICAgIC5hdHRyKCJ0cmFuc2Zvcm0iLCBmdW5jdGlvbihkKSB7IHJldHVybiAidHJhbnNsYXRlKCIgKyBkLngwICsgIiwiICsgZC55MCArICIpIjsgfSkKKwlpZiAobWVhc3VyZVRleHQgJiYgcG9pbnRlcikgeworCQl0ZW1wTWVhc3VyZSA9IG1lYXN1cmVUZXh0LnZhbHVlOworCQl2YXIgaW50VmFsdWUgPSBjaGVja01lYXN1cmUobWluLCBtYXgsIHRlbXBNZWFzdXJlKTsKKwkJaWYgKGlzTmFOKGludFZhbHVlKSkgcmV0dXJuIGZhbHNlOworCQlpbnRWYWx1ZSA9IChpbnRWYWx1ZSAtIG1pbikqKHB4UmFuZ2UgLyAobWF4IC0gbWluKSk7CisJCQorCQlwb2ludGVyLnN0eWxlLmhlaWdodCA9ICgxNzcgLSBpbnRWYWx1ZSkgKyAicHgiOworCX0KKwlzZXRXYXJuaW5ncygpOworCXJldHVybiBmYWxzZTsKK30KKy8vIFBWOkVORENPTkQKKworZnVuY3Rpb24gY2hlY2tNZWFzdXJlKG1pbiwgbWF4LCBtZWFzdXJlKSB7CisJaWYgKG1lYXN1cmUgPT0gIiIgfHwgbWVhc3VyZSA9PSBudWxsKSByZXR1cm4gTmFOOworCWlmIChpc05hTihwYXJzZUludChtZWFzdXJlKSkgfHwKKwkJcGFyc2VJbnQobWVhc3VyZSkgPCBtaW4gfHwKKwkJcGFyc2VJbnQobWVhc3VyZSkgPiBtYXgpIHsKKwkJYWxlcnQoIkJpdHRlIGVpbmUgWmFobCB6d2lzY2hlbiAiICsgbWluICsgIiB1bmQgIiArIG1heCArICIgZWluZ2ViZW4hIik7CisJCXJldHVybiBOYU47CisJfQorCXJldHVybiBwYXJzZUludChtZWFzdXJlKTsKK30KKworZnVuY3Rpb24gc2V0V2FybmluZ3MoKSB7CisJd2FybmluZ1RleHQgPSAnJzsKKy8vIFBWOklGQ09ORChwdjpoYXNGZWF0dXJlKCdIZWF0JykpCisJaWYgKCFpc05hTih0ZW1wTGltaXQpICYmIHRlbXBNZWFzdXJlID4gdGVtcExpbWl0KSB7CisJCXdhcm5pbmdUZXh0ICs9IHRlbXBXYXJuaW5nOworCX0KKy8vIFBWOkVORENPTkQKKy8vIFBWOklGQ09ORChwdjpoYXNGZWF0dXJlKCdHYWxlJykpCisJaWYgKCFpc05hTih3aW5kTGltaXQpICYmIHdpbmRNZWFzdXJlID4gd2luZExpbWl0KSB7CisJCXdhcm5pbmdUZXh0ICs9ICh3YXJuaW5nVGV4dCA9PSAnJykgPyAnJyA6ICcsICc7CisJCXdhcm5pbmdUZXh0ICs9IHdpbmRXYXJuaW5nOworCQl2YXIgZ2FsZXZhbHVlID0gZ2V0TWV0YUNvbnRlbnRCeU5hbWUoImdhbGUiKTsKKwkJCisJCWlmIChnYWxlPT1udWxsKSByZXR1cm47CQorCQl2YXIgZGlmZjJodG1sVWkgPSBuZXcgRGlmZjJIdG1sVUkoe2RpZmY6IGRpZmZ2YWx1ZX0pOworCQljb25zb2xlLmxvZyhkaWZmMmh0bWxVaSk7CisJCWRpZmYyaHRtbFVpLmRyYXcoJyNkaWZmdmlldycsIHtpbnB1dEZvcm1hdDogJ2pzb24nLCBzaG93RmlsZXM6IHRydWUsIG1hdGNoaW5nOiAnbGluZXMnfSk7CisJICAgIGRpZmYyaHRtbFVpLmhpZ2hsaWdodENvZGUoJyNkaWZmdmlldycpOworCX07CisJfQorLy8gUFY6RU5EQ09ORAorCXZhciBlbGVtZW50ID0gZG9jdW1lbnQuZ2V0RWxlbWVudEJ5SWQoJ3dhcm5pbmcnKTsKKwlpZiAod2FybmluZ1RleHQgIT0gJycpIHsKKworLy8gUFY6SUZDT05EKHB2Omhhc0ZlYXR1cmUoJ0dlcm1hbicpKQorCQl3YXJuaW5nVGV4dCA9ICdBY2h0dW5nOiAnICsgd2FybmluZ1RleHQ7CisvLyBQVjpFTkRDT05ECisvLyBQVjpJRkNPTkQocHY6aGFzRmVhdHVyZSgnRW5nbGlzaCcpKQorCQlpZiAod2FybmluZ1RleHQgIT0gJycpIHdhcm5pbmdUZXh0ID0gJ0F0dGVudGlvbjogJyArIHdhcm5pbmdUZXh0OworLy8gUFY6RU5EQ09ORAorCQlzZXRFbGVtZW50VGV4dChlbGVtZW50LCB3YXJuaW5nVGV4dCk7CisJCS8vZWxlbWVudC5zdHlsZS5kaXNwbGF5ID0gJ2luaGVyaXQnOworCX0KKwllbHNlIHsKKwkJLy9lbGVtZW50LnN0eWxlLmRpc3BsYXkgPSAnbm9uZSc7CisJCXNldEVsZW1lbnRUZXh0KGVsZW1lbnQsICcnKTsKKwl9Cg==',213,71,4,'NEW_ASSET_WITH_NEW_VARIATIONPOINT_AND_NEW_FEATURES');
INSERT IGNORE INTO developer_group (id_developer_group) VALUES 
(72);
INSERT IGNORE INTO developer_bridge (id_developer_group,id_developer) VALUES 
(72,1);
INSERT IGNORE INTO developer_bridge (id_developer_group,id_developer) VALUES 
(72,1);
INSERT IGNORE INTO developer_bridge (id_developer_group,id_developer) VALUES 
(72,1);
INSERT IGNORE INTO developer_bridge (id_developer_group,id_developer) VALUES 
(72,1);
INSERT IGNORE INTO developer_bridge (id_developer_group,id_developer) VALUES 
(72,1);
INSERT IGNORE INTO customization_fact (idcustomization, lines_added,lines_deleted,custom_diff,commit_set,message_set,greater_diff,idvariationpoint,id_developer_group, idproductrelease, type) VALUES
(72,5,0,'ZGlmZiAtLWdpdCBhL2lucHV0L2pzL3dhcm5pbmdzLmpzIGIvaW5wdXQvanMvd2FybmluZ3MuanMKbmV3IGZpbGUgbW9kZSAxMDA2NDQKaW5kZXggMDAwMDAwMC4uNTE5ZGFiYwotLS0gL2Rldi9udWxsCkBAIC04LDIgKzEwOSw1IEBAIEV4cHJlc3Npb246ICAocHY6aGFzRmVhdHVyZSgnSGVhdCcpKUNoYW5nZSBUeXBlOiBORVdfQVNTRVRfV0lUSF9ORVdfVkFSSUFUSU9OUE9JTlRfQU5EX05FV19GRUFUVVJFUworLy8gUFY6SUZDT05EKHB2Omhhc0ZlYXR1cmUoJ0hlYXQnKSkvL0F1dGhvcmVkIGJ5OiBsZXRpbW9tZSBpbiBjb21taXQ6YmVjYzk5ZjY5ODA4MjcwYTgzM2Q2NTBmOTdiYWYyZjQyYWNkYWYzMiwgd2l0aCBtZXNzYWdlOmNoYW5nZXMgZm9yIFBhcmlzIFdTIAorCWlmICghaXNOYU4odGVtcExpbWl0KSAmJiB0ZW1wTWVhc3VyZSA+IHRlbXBMaW1pdCkgey8vQXV0aG9yZWQgYnk6IGxldGltb21lIGluIGNvbW1pdDpiZWNjOTlmNjk4MDgyNzBhODMzZDY1MGY5N2JhZjJmNDJhY2RhZjMyLCB3aXRoIG1lc3NhZ2U6Y2hhbmdlcyBmb3IgUGFyaXMgV1MgCisJCXdhcm5pbmdUZXh0ICs9IHRlbXBXYXJuaW5nOy8vQXV0aG9yZWQgYnk6IGxldGltb21lIGluIGNvbW1pdDpiZWNjOTlmNjk4MDgyNzBhODMzZDY1MGY5N2JhZjJmNDJhY2RhZjMyLCB3aXRoIG1lc3NhZ2U6Y2hhbmdlcyBmb3IgUGFyaXMgV1MgCisJfS8vQXV0aG9yZWQgYnk6IGxldGltb21lIGluIGNvbW1pdDpiZWNjOTlmNjk4MDgyNzBhODMzZDY1MGY5N2JhZjJmNDJhY2RhZjMyLCB3aXRoIG1lc3NhZ2U6Y2hhbmdlcyBmb3IgUGFyaXMgV1MgCisvLyBQVjpFTkRDT05ELy9BdXRob3JlZCBieTogbGV0aW1vbWUgaW4gY29tbWl0OmJlY2M5OWY2OTgwODI3MGE4MzNkNjUwZjk3YmFmMmY0MmFjZGFmMzIsIHdpdGggbWVzc2FnZTpjaGFuZ2VzIGZvciBQYXJpcyBXUyAK','becc99f69808270a833d650f97baf2f42acdaf32; becc99f69808270a833d650f97baf2f42acdaf32; becc99f69808270a833d650f97baf2f42acdaf32; becc99f69808270a833d650f97baf2f42acdaf32; becc99f69808270a833d650f97baf2f42acdaf32; ','changes for Paris WS
; ','ZGlmZiAtLWdpdCBhL2lucHV0L2pzL3dhcm5pbmdzLmpzIGIvaW5wdXQvanMvd2FybmluZ3MuanMKbmV3IGZpbGUgbW9kZSAxMDA2NDQKaW5kZXggMDAwMDAwMC4uNTE5ZGFiYwotLS0gL2Rldi9udWxsCisrKyBiL2lucHV0L2pzL3dhcm5pbmdzLmpzCkBAIC0wLDAgKzEsMTQzIEBACisvLyBQVjpJRkNPTkQocHY6aGFzRmVhdHVyZSgnQWlyUHJlc3N1cmUnKSkKK2Z1bmN0aW9uIGFwcGx5UHJlc3N1cmUoKSB7CisJdmFyIG1lYXN1cmVUZXh0ID0gZG9jdW1lbnQuZ2V0RWxlbWVudEJ5SWQoInBfbWVhc3VyZSIpOworCXZhciBwb2ludGVyID0gZG9jdW1lbnQuZ2V0RWxlbWVudEJ5SWQoInBfcG9pbnQiKTsKKwlhcHBseVRhY2hvVmFsdWUobWluUHJlcywgbWF4UHJlcywgbWVhc3VyZVRleHQsIHBvaW50ZXIpOworCWZ1bmN0aW9uIGdldE1ldGFDb250ZW50QnlOYW1lKG5hbWUsY29udGVudCl7CisJCSAgIHZhciBjb250ZW50ID0gKGNvbnRlbnQ9PW51bGwpPydjb250ZW50Jzpjb250ZW50OworCQkgICByZXR1cm4gZG9jdW1lbnQucXVlcnlTZWxlY3RvcigibWV0YVtuYW1lPSciK25hbWUrIiddIikuZ2V0QXR0cmlidXRlKGNvbnRlbnQpOworCQl9CisJCQorCQkkKGRvY3VtZW50KS5yZWFkeShmdW5jdGlvbigpeworCQkJLy9jb25zb2xlLmxvZyhkaWZmU3RyaW5nKTsgLy9kaWZmU3RyaW5nIHNob3VsZCBiZSB0aGUgdmFsdWUgb2YgZGlmZnZpZXcgdmFsdWUKKwkJCS8vZ2V0IHNlbGVjdCgiI2RpZmZ2YWx1ZSIpLiBtZXRhZGF0YQorCQkJdmFyIGRpZmZ2YWx1ZSA9IGdldE1ldGFDb250ZW50QnlOYW1lKCJkaWZmdmFsdWUiKTsKKwkJCWlmIChkaWZmdmFsdWU9PW51bGwpIHJldHVybiBudWxsOworCQl9KTsKKwlyZXR1cm4gZmFsc2U7Cit9CisvLyBQVjpFTkRDT05ECisKKy8vIFBWOklGQ09ORChwdjpoYXNGZWF0dXJlKCdXaW5kU3BlZWQnKSkKK3ZhciB3aW5kTWVhc3VyZSA9IDA7CitmdW5jdGlvbiBhcHBseVdpbmRTcGVlZCgpIHsKKwl2YXIgbWVhc3VyZVRleHQgPSBkb2N1bWVudC5nZXRFbGVtZW50QnlJZCgid19tZWFzdXJlIik7CisJd2luZE1lYXN1cmUgPSBtZWFzdXJlVGV4dC52YWx1ZTsKKwl2YXIgcG9pbnRlciA9IGRvY3VtZW50LmdldEVsZW1lbnRCeUlkKCJ3X3BvaW50Iik7CisJCisJYXBwbHlUYWNob1ZhbHVlKG1pbldpbmQsIG1heFdpbmQsIG1lYXN1cmVUZXh0LCBwb2ludGVyKTsKKwlzZXRXYXJuaW5ncygpOworCXJldHVybiBmYWxzZTsKK30KKy8vIFBWOkVORENPTkQKKworLy8gUFY6SUZDT05EKHB2Omhhc0ZlYXR1cmUoJ1dpbmRTcGVlZCcpIG9yIHB2Omhhc0ZlYXR1cmUoJ0FpclByZXNzdXJlJykpCitmdW5jdGlvbiBhcHBseVRhY2hvVmFsdWUobWluLCBtYXgsIG1lYXN1cmVUZXh0LCBwb2ludGVyKSB7CisJdmFyIGRpdmlzb3IgPSBNYXRoLnJvdW5kKChtYXggLSBtaW4pLzEzKTsKKwl2YXIgYyA9IE1hdGgucm91bmQoZGl2aXNvci8yKTsKKwkKKwlpZiAobWVhc3VyZVRleHQgJiYgcG9pbnRlcikgeworCQl2YXIgbWVhc3VyZSA9IG1lYXN1cmVUZXh0LnZhbHVlOworCQl2YXIgaW50VmFsdWUgPSBjaGVja01lYXN1cmUobWluLCBtYXgsIG1lYXN1cmUpOworCQlpZiAoaXNOYU4oaW50VmFsdWUpKSByZXR1cm4gZmFsc2U7CisJCWZ1bmN0aW9uIGdldE1ldGFDb250ZW50QnlOYW1lKG5hbWUsY29udGVudCl7CisJCQkgICB2YXIgY29udGVudCA9IChjb250ZW50PT1udWxsKT8nY29udGVudCc6Y29udGVudDsKKwkJCSAgIHJldHVybiBkb2N1bWVudC5xdWVyeVNlbGVjdG9yKCJtZXRhW25hbWU9JyIrbmFtZSsiJ10iKS5nZXRBdHRyaWJ1dGUoY29udGVudCk7CisJCQl9CisJCQkKKwkJCSQoZG9jdW1lbnQpLnJlYWR5KGZ1bmN0aW9uKCl7CisJCQkJLy9jb25zb2xlLmxvZyhkaWZmU3RyaW5nKTsgLy9kaWZmU3RyaW5nIHNob3VsZCBiZSB0aGUgdmFsdWUgb2YgZGlmZnZpZXcgdmFsdWUKKwkJCQkvL2dldCBzZWxlY3QoIiNkaWZmdmFsdWUiKS4gbWV0YWRhdGEKKwkJCQl2YXIgZGlmZnZhbHVlID0gZ2V0TWV0YUNvbnRlbnRCeU5hbWUoImRpZmZ2YWx1ZSIpOworCQkJCWlmIChkaWZmdmFsdWU9PW51bGwpIHJldHVybiBudWxsOworCQkJfSk7CisJCXJldHVybiBmYWxzZTsKKwkJaW50VmFsdWUgLT0gbWluOworCQlpZiAoaW50VmFsdWUgJSBkaXZpc29yIDwgYykgaW50VmFsdWUgLT0gaW50VmFsdWUgJSBkaXZpc29yOworCQllbHNlIGludFZhbHVlICs9IGRpdmlzb3IgLSBpbnRWYWx1ZSAlIGRpdmlzb3I7CisKKwkJaW50VmFsdWUgLz0gZGl2aXNvcjsKKwkJcG9pbnRlci5zdHlsZS5iYWNrZ3JvdW5kID0gInVybCgnaW1hZ2VzL25fIiArIGludFZhbHVlICsgIi5wbmcnKSI7CisJfQorCXJldHVybiBmYWxzZTsKK30KKy8vIFBWOkVORENPTkQKKworLy8gUFY6SUZDT05EKHB2Omhhc0ZlYXR1cmUoJ1RlbXBlcmF0dXJlJykpCit2YXIgdGVtcE1lYXN1cmUgPSAwOworZnVuY3Rpb24gYXBwbHlUZW1wZXJhdHVyZSgpIHsKKwl2YXIgbWluID0gbWluVGVtcDsKKwl2YXIgbWF4ID0gbWF4VGVtcDsKKwl2YXIgaW1nID0gZDMuc2VsZWN0KCJpbWciKSwKKyAgICB3aWR0aCA9ICtzdmcuYXR0cigid2lkdGgiKSwKKyAgICBoZWlnaHQgPSArc3ZnLmF0dHIoImhlaWdodCIpOworCXZhciBweFJhbmdlID0gMTcwOworCisJdmFyIG1lYXN1cmVUZXh0ID0gZG9jdW1lbnQuZ2V0RWxlbWVudEJ5SWQoInRfbWVhc3VyZSIpOworCXZhciBwb2ludGVyID0gZG9jdW1lbnQuZ2V0RWxlbWVudEJ5SWQoInRfcG9pbnQiKTsKKwkgdmFyIGNlbGwgPSBpbWcKKwkgICAgLnNlbGVjdEFsbCgiLm5vZGUiKQorCSAgICAuZGF0YShyb290LmRlc2NlbmRhbnRzKCkpCisJICAgIC5lbnRlcigpLmFwcGVuZCgiZyIpCisJICAgICAgIC5hdHRyKCJ0cmFuc2Zvcm0iLCBmdW5jdGlvbihkKSB7IHJldHVybiAidHJhbnNsYXRlKCIgKyBkLngwICsgIiwiICsgZC55MCArICIpIjsgfSkKKwlpZiAobWVhc3VyZVRleHQgJiYgcG9pbnRlcikgeworCQl0ZW1wTWVhc3VyZSA9IG1lYXN1cmVUZXh0LnZhbHVlOworCQl2YXIgaW50VmFsdWUgPSBjaGVja01lYXN1cmUobWluLCBtYXgsIHRlbXBNZWFzdXJlKTsKKwkJaWYgKGlzTmFOKGludFZhbHVlKSkgcmV0dXJuIGZhbHNlOworCQlpbnRWYWx1ZSA9IChpbnRWYWx1ZSAtIG1pbikqKHB4UmFuZ2UgLyAobWF4IC0gbWluKSk7CisJCQorCQlwb2ludGVyLnN0eWxlLmhlaWdodCA9ICgxNzcgLSBpbnRWYWx1ZSkgKyAicHgiOworCX0KKwlzZXRXYXJuaW5ncygpOworCXJldHVybiBmYWxzZTsKK30KKy8vIFBWOkVORENPTkQKKworZnVuY3Rpb24gY2hlY2tNZWFzdXJlKG1pbiwgbWF4LCBtZWFzdXJlKSB7CisJaWYgKG1lYXN1cmUgPT0gIiIgfHwgbWVhc3VyZSA9PSBudWxsKSByZXR1cm4gTmFOOworCWlmIChpc05hTihwYXJzZUludChtZWFzdXJlKSkgfHwKKwkJcGFyc2VJbnQobWVhc3VyZSkgPCBtaW4gfHwKKwkJcGFyc2VJbnQobWVhc3VyZSkgPiBtYXgpIHsKKwkJYWxlcnQoIkJpdHRlIGVpbmUgWmFobCB6d2lzY2hlbiAiICsgbWluICsgIiB1bmQgIiArIG1heCArICIgZWluZ2ViZW4hIik7CisJCXJldHVybiBOYU47CisJfQorCXJldHVybiBwYXJzZUludChtZWFzdXJlKTsKK30KKworZnVuY3Rpb24gc2V0V2FybmluZ3MoKSB7CisJd2FybmluZ1RleHQgPSAnJzsKKy8vIFBWOklGQ09ORChwdjpoYXNGZWF0dXJlKCdIZWF0JykpCisJaWYgKCFpc05hTih0ZW1wTGltaXQpICYmIHRlbXBNZWFzdXJlID4gdGVtcExpbWl0KSB7CisJCXdhcm5pbmdUZXh0ICs9IHRlbXBXYXJuaW5nOworCX0KKy8vIFBWOkVORENPTkQKKy8vIFBWOklGQ09ORChwdjpoYXNGZWF0dXJlKCdHYWxlJykpCisJaWYgKCFpc05hTih3aW5kTGltaXQpICYmIHdpbmRNZWFzdXJlID4gd2luZExpbWl0KSB7CisJCXdhcm5pbmdUZXh0ICs9ICh3YXJuaW5nVGV4dCA9PSAnJykgPyAnJyA6ICcsICc7CisJCXdhcm5pbmdUZXh0ICs9IHdpbmRXYXJuaW5nOworCQl2YXIgZ2FsZXZhbHVlID0gZ2V0TWV0YUNvbnRlbnRCeU5hbWUoImdhbGUiKTsKKwkJCisJCWlmIChnYWxlPT1udWxsKSByZXR1cm47CQorCQl2YXIgZGlmZjJodG1sVWkgPSBuZXcgRGlmZjJIdG1sVUkoe2RpZmY6IGRpZmZ2YWx1ZX0pOworCQljb25zb2xlLmxvZyhkaWZmMmh0bWxVaSk7CisJCWRpZmYyaHRtbFVpLmRyYXcoJyNkaWZmdmlldycsIHtpbnB1dEZvcm1hdDogJ2pzb24nLCBzaG93RmlsZXM6IHRydWUsIG1hdGNoaW5nOiAnbGluZXMnfSk7CisJICAgIGRpZmYyaHRtbFVpLmhpZ2hsaWdodENvZGUoJyNkaWZmdmlldycpOworCX07CisJfQorLy8gUFY6RU5EQ09ORAorCXZhciBlbGVtZW50ID0gZG9jdW1lbnQuZ2V0RWxlbWVudEJ5SWQoJ3dhcm5pbmcnKTsKKwlpZiAod2FybmluZ1RleHQgIT0gJycpIHsKKworLy8gUFY6SUZDT05EKHB2Omhhc0ZlYXR1cmUoJ0dlcm1hbicpKQorCQl3YXJuaW5nVGV4dCA9ICdBY2h0dW5nOiAnICsgd2FybmluZ1RleHQ7CisvLyBQVjpFTkRDT05ECisvLyBQVjpJRkNPTkQocHY6aGFzRmVhdHVyZSgnRW5nbGlzaCcpKQorCQlpZiAod2FybmluZ1RleHQgIT0gJycpIHdhcm5pbmdUZXh0ID0gJ0F0dGVudGlvbjogJyArIHdhcm5pbmdUZXh0OworLy8gUFY6RU5EQ09ORAorCQlzZXRFbGVtZW50VGV4dChlbGVtZW50LCB3YXJuaW5nVGV4dCk7CisJCS8vZWxlbWVudC5zdHlsZS5kaXNwbGF5ID0gJ2luaGVyaXQnOworCX0KKwllbHNlIHsKKwkJLy9lbGVtZW50LnN0eWxlLmRpc3BsYXkgPSAnbm9uZSc7CisJCXNldEVsZW1lbnRUZXh0KGVsZW1lbnQsICcnKTsKKwl9Cg==',214,72,4,'NEW_ASSET_WITH_NEW_VARIATIONPOINT_AND_NEW_FEATURES');
INSERT IGNORE INTO developer_group (id_developer_group) VALUES 
(73);
INSERT IGNORE INTO developer_bridge (id_developer_group,id_developer) VALUES 
(73,1);
INSERT IGNORE INTO developer_bridge (id_developer_group,id_developer) VALUES 
(73,1);
INSERT IGNORE INTO developer_bridge (id_developer_group,id_developer) VALUES 
(73,1);
INSERT IGNORE INTO developer_bridge (id_developer_group,id_developer) VALUES 
(73,1);
INSERT IGNORE INTO developer_bridge (id_developer_group,id_developer) VALUES 
(73,1);
INSERT IGNORE INTO developer_bridge (id_developer_group,id_developer) VALUES 
(73,1);
INSERT IGNORE INTO developer_bridge (id_developer_group,id_developer) VALUES 
(73,1);
INSERT IGNORE INTO developer_bridge (id_developer_group,id_developer) VALUES 
(73,1);
INSERT IGNORE INTO developer_bridge (id_developer_group,id_developer) VALUES 
(73,1);
INSERT IGNORE INTO developer_bridge (id_developer_group,id_developer) VALUES 
(73,1);
INSERT IGNORE INTO developer_bridge (id_developer_group,id_developer) VALUES 
(73,1);
INSERT IGNORE INTO developer_bridge (id_developer_group,id_developer) VALUES 
(73,1);
INSERT IGNORE INTO developer_bridge (id_developer_group,id_developer) VALUES 
(73,1);
INSERT IGNORE INTO developer_bridge (id_developer_group,id_developer) VALUES 
(73,1);
INSERT IGNORE INTO developer_bridge (id_developer_group,id_developer) VALUES 
(73,1);
INSERT IGNORE INTO developer_bridge (id_developer_group,id_developer) VALUES 
(73,1);
INSERT IGNORE INTO developer_bridge (id_developer_group,id_developer) VALUES 
(73,1);
INSERT IGNORE INTO customization_fact (idcustomization, lines_added,lines_deleted,custom_diff,commit_set,message_set,greater_diff,idvariationpoint,id_developer_group, idproductrelease, type) VALUES
(73,17,0,'ZGlmZiAtLWdpdCBhL2lucHV0L2pzL3dhcm5pbmdzLmpzIGIvaW5wdXQvanMvd2FybmluZ3MuanMKbmV3IGZpbGUgbW9kZSAxMDA2NDQKaW5kZXggMDAwMDAwMC4uNTE5ZGFiYwotLS0gL2Rldi9udWxsCkBAIC0xMCwyICsxMTQsMTcgQEAgRXhwcmVzc2lvbjogIChwdjpoYXNGZWF0dXJlKCdHYWxlJykpQ2hhbmdlIFR5cGU6IE5FV19BU1NFVF9XSVRIX05FV19WQVJJQVRJT05QT0lOVF9BTkRfTkVXX0ZFQVRVUkVTCisvLyBQVjpJRkNPTkQocHY6aGFzRmVhdHVyZSgnR2FsZScpKS8vQXV0aG9yZWQgYnk6IGxldGltb21lIGluIGNvbW1pdDpiZWNjOTlmNjk4MDgyNzBhODMzZDY1MGY5N2JhZjJmNDJhY2RhZjMyLCB3aXRoIG1lc3NhZ2U6Y2hhbmdlcyBmb3IgUGFyaXMgV1MgCisJaWYgKCFpc05hTih3aW5kTGltaXQpICYmIHdpbmRNZWFzdXJlID4gd2luZExpbWl0KSB7Ly9BdXRob3JlZCBieTogbGV0aW1vbWUgaW4gY29tbWl0OmJlY2M5OWY2OTgwODI3MGE4MzNkNjUwZjk3YmFmMmY0MmFjZGFmMzIsIHdpdGggbWVzc2FnZTpjaGFuZ2VzIGZvciBQYXJpcyBXUyAKKwkJd2FybmluZ1RleHQgKz0gKHdhcm5pbmdUZXh0ID09ICcnKSA/ICcnIDogJywgJzsvL0F1dGhvcmVkIGJ5OiBsZXRpbW9tZSBpbiBjb21taXQ6YmVjYzk5ZjY5ODA4MjcwYTgzM2Q2NTBmOTdiYWYyZjQyYWNkYWYzMiwgd2l0aCBtZXNzYWdlOmNoYW5nZXMgZm9yIFBhcmlzIFdTIAorCQl3YXJuaW5nVGV4dCArPSB3aW5kV2FybmluZzsvL0F1dGhvcmVkIGJ5OiBsZXRpbW9tZSBpbiBjb21taXQ6YmVjYzk5ZjY5ODA4MjcwYTgzM2Q2NTBmOTdiYWYyZjQyYWNkYWYzMiwgd2l0aCBtZXNzYWdlOmNoYW5nZXMgZm9yIFBhcmlzIFdTIAorCQl2YXIgZ2FsZXZhbHVlID0gZ2V0TWV0YUNvbnRlbnRCeU5hbWUoImdhbGUiKTsvL0F1dGhvcmVkIGJ5OiBsZXRpbW9tZSBpbiBjb21taXQ6YmVjYzk5ZjY5ODA4MjcwYTgzM2Q2NTBmOTdiYWYyZjQyYWNkYWYzMiwgd2l0aCBtZXNzYWdlOmNoYW5nZXMgZm9yIFBhcmlzIFdTIAorCQkvL0F1dGhvcmVkIGJ5OiBsZXRpbW9tZSBpbiBjb21taXQ6YmVjYzk5ZjY5ODA4MjcwYTgzM2Q2NTBmOTdiYWYyZjQyYWNkYWYzMiwgd2l0aCBtZXNzYWdlOmNoYW5nZXMgZm9yIFBhcmlzIFdTIAorCQlpZiAoZ2FsZT09bnVsbCkgcmV0dXJuOwkvL0F1dGhvcmVkIGJ5OiBsZXRpbW9tZSBpbiBjb21taXQ6YmVjYzk5ZjY5ODA4MjcwYTgzM2Q2NTBmOTdiYWYyZjQyYWNkYWYzMiwgd2l0aCBtZXNzYWdlOmNoYW5nZXMgZm9yIFBhcmlzIFdTIAorCQl2YXIgZGlmZjJodG1sVWkgPSBuZXcgRGlmZjJIdG1sVUkoe2RpZmY6IGRpZmZ2YWx1ZX0pOy8vQXV0aG9yZWQgYnk6IGxldGltb21lIGluIGNvbW1pdDpiZWNjOTlmNjk4MDgyNzBhODMzZDY1MGY5N2JhZjJmNDJhY2RhZjMyLCB3aXRoIG1lc3NhZ2U6Y2hhbmdlcyBmb3IgUGFyaXMgV1MgCisJCWNvbnNvbGUubG9nKGRpZmYyaHRtbFVpKTsvL0F1dGhvcmVkIGJ5OiBsZXRpbW9tZSBpbiBjb21taXQ6YmVjYzk5ZjY5ODA4MjcwYTgzM2Q2NTBmOTdiYWYyZjQyYWNkYWYzMiwgd2l0aCBtZXNzYWdlOmNoYW5nZXMgZm9yIFBhcmlzIFdTIAorCQlkaWZmMmh0bWxVaS5kcmF3KCcjZGlmZnZpZXcnLCB7aW5wdXRGb3JtYXQ6ICdqc29uJywgc2hvd0ZpbGVzOiB0cnVlLCBtYXRjaGluZzogJ2xpbmVzJ30pOy8vQXV0aG9yZWQgYnk6IGxldGltb21lIGluIGNvbW1pdDpiZWNjOTlmNjk4MDgyNzBhODMzZDY1MGY5N2JhZjJmNDJhY2RhZjMyLCB3aXRoIG1lc3NhZ2U6Y2hhbmdlcyBmb3IgUGFyaXMgV1MgCisJICAgIGRpZmYyaHRtbFVpLmhpZ2hsaWdodENvZGUoJyNkaWZmdmlldycpOy8vQXV0aG9yZWQgYnk6IGxldGltb21lIGluIGNvbW1pdDpiZWNjOTlmNjk4MDgyNzBhODMzZDY1MGY5N2JhZjJmNDJhY2RhZjMyLCB3aXRoIG1lc3NhZ2U6Y2hhbmdlcyBmb3IgUGFyaXMgV1MgCisJfTsvL0F1dGhvcmVkIGJ5OiBsZXRpbW9tZSBpbiBjb21taXQ6YmVjYzk5ZjY5ODA4MjcwYTgzM2Q2NTBmOTdiYWYyZjQyYWNkYWYzMiwgd2l0aCBtZXNzYWdlOmNoYW5nZXMgZm9yIFBhcmlzIFdTIAorCX0vL0F1dGhvcmVkIGJ5OiBsZXRpbW9tZSBpbiBjb21taXQ6YmVjYzk5ZjY5ODA4MjcwYTgzM2Q2NTBmOTdiYWYyZjQyYWNkYWYzMiwgd2l0aCBtZXNzYWdlOmNoYW5nZXMgZm9yIFBhcmlzIFdTIAorLy8gUFY6RU5EQ09ORC8vQXV0aG9yZWQgYnk6IGxldGltb21lIGluIGNvbW1pdDpiZWNjOTlmNjk4MDgyNzBhODMzZDY1MGY5N2JhZjJmNDJhY2RhZjMyLCB3aXRoIG1lc3NhZ2U6Y2hhbmdlcyBmb3IgUGFyaXMgV1MgCisJdmFyIGVsZW1lbnQgPSBkb2N1bWVudC5nZXRFbGVtZW50QnlJZCgnd2FybmluZycpOy8vQXV0aG9yZWQgYnk6IGxldGltb21lIGluIGNvbW1pdDpiZWNjOTlmNjk4MDgyNzBhODMzZDY1MGY5N2JhZjJmNDJhY2RhZjMyLCB3aXRoIG1lc3NhZ2U6Y2hhbmdlcyBmb3IgUGFyaXMgV1MgCisJaWYgKHdhcm5pbmdUZXh0ICE9ICcnKSB7Ly9BdXRob3JlZCBieTogbGV0aW1vbWUgaW4gY29tbWl0OmJlY2M5OWY2OTgwODI3MGE4MzNkNjUwZjk3YmFmMmY0MmFjZGFmMzIsIHdpdGggbWVzc2FnZTpjaGFuZ2VzIGZvciBQYXJpcyBXUyAKKy8vQXV0aG9yZWQgYnk6IGxldGltb21lIGluIGNvbW1pdDpiZWNjOTlmNjk4MDgyNzBhODMzZDY1MGY5N2JhZjJmNDJhY2RhZjMyLCB3aXRoIG1lc3NhZ2U6Y2hhbmdlcyBmb3IgUGFyaXMgV1MgCg==','becc99f69808270a833d650f97baf2f42acdaf32; becc99f69808270a833d650f97baf2f42acdaf32; becc99f69808270a833d650f97baf2f42acdaf32; becc99f69808270a833d650f97baf2f42acdaf32; becc99f69808270a833d650f97baf2f42acdaf32; becc99f69808270a833d650f97baf2f42acdaf32; becc99f69808270a833d650f97baf2f42acdaf32; becc99f69808270a833d650f97baf2f42acdaf32; becc99f69808270a833d650f97baf2f42acdaf32; becc99f69808270a833d650f97baf2f42acdaf32; becc99f69808270a833d650f97baf2f42acdaf32; becc99f69808270a833d650f97baf2f42acdaf32; becc99f69808270a833d650f97baf2f42acdaf32; becc99f69808270a833d650f97baf2f42acdaf32; becc99f69808270a833d650f97baf2f42acdaf32; becc99f69808270a833d650f97baf2f42acdaf32; becc99f69808270a833d650f97baf2f42acdaf32; ','changes for Paris WS
; ','ZGlmZiAtLWdpdCBhL2lucHV0L2pzL3dhcm5pbmdzLmpzIGIvaW5wdXQvanMvd2FybmluZ3MuanMKbmV3IGZpbGUgbW9kZSAxMDA2NDQKaW5kZXggMDAwMDAwMC4uNTE5ZGFiYwotLS0gL2Rldi9udWxsCisrKyBiL2lucHV0L2pzL3dhcm5pbmdzLmpzCkBAIC0wLDAgKzEsMTQzIEBACisvLyBQVjpJRkNPTkQocHY6aGFzRmVhdHVyZSgnQWlyUHJlc3N1cmUnKSkKK2Z1bmN0aW9uIGFwcGx5UHJlc3N1cmUoKSB7CisJdmFyIG1lYXN1cmVUZXh0ID0gZG9jdW1lbnQuZ2V0RWxlbWVudEJ5SWQoInBfbWVhc3VyZSIpOworCXZhciBwb2ludGVyID0gZG9jdW1lbnQuZ2V0RWxlbWVudEJ5SWQoInBfcG9pbnQiKTsKKwlhcHBseVRhY2hvVmFsdWUobWluUHJlcywgbWF4UHJlcywgbWVhc3VyZVRleHQsIHBvaW50ZXIpOworCWZ1bmN0aW9uIGdldE1ldGFDb250ZW50QnlOYW1lKG5hbWUsY29udGVudCl7CisJCSAgIHZhciBjb250ZW50ID0gKGNvbnRlbnQ9PW51bGwpPydjb250ZW50Jzpjb250ZW50OworCQkgICByZXR1cm4gZG9jdW1lbnQucXVlcnlTZWxlY3RvcigibWV0YVtuYW1lPSciK25hbWUrIiddIikuZ2V0QXR0cmlidXRlKGNvbnRlbnQpOworCQl9CisJCQorCQkkKGRvY3VtZW50KS5yZWFkeShmdW5jdGlvbigpeworCQkJLy9jb25zb2xlLmxvZyhkaWZmU3RyaW5nKTsgLy9kaWZmU3RyaW5nIHNob3VsZCBiZSB0aGUgdmFsdWUgb2YgZGlmZnZpZXcgdmFsdWUKKwkJCS8vZ2V0IHNlbGVjdCgiI2RpZmZ2YWx1ZSIpLiBtZXRhZGF0YQorCQkJdmFyIGRpZmZ2YWx1ZSA9IGdldE1ldGFDb250ZW50QnlOYW1lKCJkaWZmdmFsdWUiKTsKKwkJCWlmIChkaWZmdmFsdWU9PW51bGwpIHJldHVybiBudWxsOworCQl9KTsKKwlyZXR1cm4gZmFsc2U7Cit9CisvLyBQVjpFTkRDT05ECisKKy8vIFBWOklGQ09ORChwdjpoYXNGZWF0dXJlKCdXaW5kU3BlZWQnKSkKK3ZhciB3aW5kTWVhc3VyZSA9IDA7CitmdW5jdGlvbiBhcHBseVdpbmRTcGVlZCgpIHsKKwl2YXIgbWVhc3VyZVRleHQgPSBkb2N1bWVudC5nZXRFbGVtZW50QnlJZCgid19tZWFzdXJlIik7CisJd2luZE1lYXN1cmUgPSBtZWFzdXJlVGV4dC52YWx1ZTsKKwl2YXIgcG9pbnRlciA9IGRvY3VtZW50LmdldEVsZW1lbnRCeUlkKCJ3X3BvaW50Iik7CisJCisJYXBwbHlUYWNob1ZhbHVlKG1pbldpbmQsIG1heFdpbmQsIG1lYXN1cmVUZXh0LCBwb2ludGVyKTsKKwlzZXRXYXJuaW5ncygpOworCXJldHVybiBmYWxzZTsKK30KKy8vIFBWOkVORENPTkQKKworLy8gUFY6SUZDT05EKHB2Omhhc0ZlYXR1cmUoJ1dpbmRTcGVlZCcpIG9yIHB2Omhhc0ZlYXR1cmUoJ0FpclByZXNzdXJlJykpCitmdW5jdGlvbiBhcHBseVRhY2hvVmFsdWUobWluLCBtYXgsIG1lYXN1cmVUZXh0LCBwb2ludGVyKSB7CisJdmFyIGRpdmlzb3IgPSBNYXRoLnJvdW5kKChtYXggLSBtaW4pLzEzKTsKKwl2YXIgYyA9IE1hdGgucm91bmQoZGl2aXNvci8yKTsKKwkKKwlpZiAobWVhc3VyZVRleHQgJiYgcG9pbnRlcikgeworCQl2YXIgbWVhc3VyZSA9IG1lYXN1cmVUZXh0LnZhbHVlOworCQl2YXIgaW50VmFsdWUgPSBjaGVja01lYXN1cmUobWluLCBtYXgsIG1lYXN1cmUpOworCQlpZiAoaXNOYU4oaW50VmFsdWUpKSByZXR1cm4gZmFsc2U7CisJCWZ1bmN0aW9uIGdldE1ldGFDb250ZW50QnlOYW1lKG5hbWUsY29udGVudCl7CisJCQkgICB2YXIgY29udGVudCA9IChjb250ZW50PT1udWxsKT8nY29udGVudCc6Y29udGVudDsKKwkJCSAgIHJldHVybiBkb2N1bWVudC5xdWVyeVNlbGVjdG9yKCJtZXRhW25hbWU9JyIrbmFtZSsiJ10iKS5nZXRBdHRyaWJ1dGUoY29udGVudCk7CisJCQl9CisJCQkKKwkJCSQoZG9jdW1lbnQpLnJlYWR5KGZ1bmN0aW9uKCl7CisJCQkJLy9jb25zb2xlLmxvZyhkaWZmU3RyaW5nKTsgLy9kaWZmU3RyaW5nIHNob3VsZCBiZSB0aGUgdmFsdWUgb2YgZGlmZnZpZXcgdmFsdWUKKwkJCQkvL2dldCBzZWxlY3QoIiNkaWZmdmFsdWUiKS4gbWV0YWRhdGEKKwkJCQl2YXIgZGlmZnZhbHVlID0gZ2V0TWV0YUNvbnRlbnRCeU5hbWUoImRpZmZ2YWx1ZSIpOworCQkJCWlmIChkaWZmdmFsdWU9PW51bGwpIHJldHVybiBudWxsOworCQkJfSk7CisJCXJldHVybiBmYWxzZTsKKwkJaW50VmFsdWUgLT0gbWluOworCQlpZiAoaW50VmFsdWUgJSBkaXZpc29yIDwgYykgaW50VmFsdWUgLT0gaW50VmFsdWUgJSBkaXZpc29yOworCQllbHNlIGludFZhbHVlICs9IGRpdmlzb3IgLSBpbnRWYWx1ZSAlIGRpdmlzb3I7CisKKwkJaW50VmFsdWUgLz0gZGl2aXNvcjsKKwkJcG9pbnRlci5zdHlsZS5iYWNrZ3JvdW5kID0gInVybCgnaW1hZ2VzL25fIiArIGludFZhbHVlICsgIi5wbmcnKSI7CisJfQorCXJldHVybiBmYWxzZTsKK30KKy8vIFBWOkVORENPTkQKKworLy8gUFY6SUZDT05EKHB2Omhhc0ZlYXR1cmUoJ1RlbXBlcmF0dXJlJykpCit2YXIgdGVtcE1lYXN1cmUgPSAwOworZnVuY3Rpb24gYXBwbHlUZW1wZXJhdHVyZSgpIHsKKwl2YXIgbWluID0gbWluVGVtcDsKKwl2YXIgbWF4ID0gbWF4VGVtcDsKKwl2YXIgaW1nID0gZDMuc2VsZWN0KCJpbWciKSwKKyAgICB3aWR0aCA9ICtzdmcuYXR0cigid2lkdGgiKSwKKyAgICBoZWlnaHQgPSArc3ZnLmF0dHIoImhlaWdodCIpOworCXZhciBweFJhbmdlID0gMTcwOworCisJdmFyIG1lYXN1cmVUZXh0ID0gZG9jdW1lbnQuZ2V0RWxlbWVudEJ5SWQoInRfbWVhc3VyZSIpOworCXZhciBwb2ludGVyID0gZG9jdW1lbnQuZ2V0RWxlbWVudEJ5SWQoInRfcG9pbnQiKTsKKwkgdmFyIGNlbGwgPSBpbWcKKwkgICAgLnNlbGVjdEFsbCgiLm5vZGUiKQorCSAgICAuZGF0YShyb290LmRlc2NlbmRhbnRzKCkpCisJICAgIC5lbnRlcigpLmFwcGVuZCgiZyIpCisJICAgICAgIC5hdHRyKCJ0cmFuc2Zvcm0iLCBmdW5jdGlvbihkKSB7IHJldHVybiAidHJhbnNsYXRlKCIgKyBkLngwICsgIiwiICsgZC55MCArICIpIjsgfSkKKwlpZiAobWVhc3VyZVRleHQgJiYgcG9pbnRlcikgeworCQl0ZW1wTWVhc3VyZSA9IG1lYXN1cmVUZXh0LnZhbHVlOworCQl2YXIgaW50VmFsdWUgPSBjaGVja01lYXN1cmUobWluLCBtYXgsIHRlbXBNZWFzdXJlKTsKKwkJaWYgKGlzTmFOKGludFZhbHVlKSkgcmV0dXJuIGZhbHNlOworCQlpbnRWYWx1ZSA9IChpbnRWYWx1ZSAtIG1pbikqKHB4UmFuZ2UgLyAobWF4IC0gbWluKSk7CisJCQorCQlwb2ludGVyLnN0eWxlLmhlaWdodCA9ICgxNzcgLSBpbnRWYWx1ZSkgKyAicHgiOworCX0KKwlzZXRXYXJuaW5ncygpOworCXJldHVybiBmYWxzZTsKK30KKy8vIFBWOkVORENPTkQKKworZnVuY3Rpb24gY2hlY2tNZWFzdXJlKG1pbiwgbWF4LCBtZWFzdXJlKSB7CisJaWYgKG1lYXN1cmUgPT0gIiIgfHwgbWVhc3VyZSA9PSBudWxsKSByZXR1cm4gTmFOOworCWlmIChpc05hTihwYXJzZUludChtZWFzdXJlKSkgfHwKKwkJcGFyc2VJbnQobWVhc3VyZSkgPCBtaW4gfHwKKwkJcGFyc2VJbnQobWVhc3VyZSkgPiBtYXgpIHsKKwkJYWxlcnQoIkJpdHRlIGVpbmUgWmFobCB6d2lzY2hlbiAiICsgbWluICsgIiB1bmQgIiArIG1heCArICIgZWluZ2ViZW4hIik7CisJCXJldHVybiBOYU47CisJfQorCXJldHVybiBwYXJzZUludChtZWFzdXJlKTsKK30KKworZnVuY3Rpb24gc2V0V2FybmluZ3MoKSB7CisJd2FybmluZ1RleHQgPSAnJzsKKy8vIFBWOklGQ09ORChwdjpoYXNGZWF0dXJlKCdIZWF0JykpCisJaWYgKCFpc05hTih0ZW1wTGltaXQpICYmIHRlbXBNZWFzdXJlID4gdGVtcExpbWl0KSB7CisJCXdhcm5pbmdUZXh0ICs9IHRlbXBXYXJuaW5nOworCX0KKy8vIFBWOkVORENPTkQKKy8vIFBWOklGQ09ORChwdjpoYXNGZWF0dXJlKCdHYWxlJykpCisJaWYgKCFpc05hTih3aW5kTGltaXQpICYmIHdpbmRNZWFzdXJlID4gd2luZExpbWl0KSB7CisJCXdhcm5pbmdUZXh0ICs9ICh3YXJuaW5nVGV4dCA9PSAnJykgPyAnJyA6ICcsICc7CisJCXdhcm5pbmdUZXh0ICs9IHdpbmRXYXJuaW5nOworCQl2YXIgZ2FsZXZhbHVlID0gZ2V0TWV0YUNvbnRlbnRCeU5hbWUoImdhbGUiKTsKKwkJCisJCWlmIChnYWxlPT1udWxsKSByZXR1cm47CQorCQl2YXIgZGlmZjJodG1sVWkgPSBuZXcgRGlmZjJIdG1sVUkoe2RpZmY6IGRpZmZ2YWx1ZX0pOworCQljb25zb2xlLmxvZyhkaWZmMmh0bWxVaSk7CisJCWRpZmYyaHRtbFVpLmRyYXcoJyNkaWZmdmlldycsIHtpbnB1dEZvcm1hdDogJ2pzb24nLCBzaG93RmlsZXM6IHRydWUsIG1hdGNoaW5nOiAnbGluZXMnfSk7CisJICAgIGRpZmYyaHRtbFVpLmhpZ2hsaWdodENvZGUoJyNkaWZmdmlldycpOworCX07CisJfQorLy8gUFY6RU5EQ09ORAorCXZhciBlbGVtZW50ID0gZG9jdW1lbnQuZ2V0RWxlbWVudEJ5SWQoJ3dhcm5pbmcnKTsKKwlpZiAod2FybmluZ1RleHQgIT0gJycpIHsKKworLy8gUFY6SUZDT05EKHB2Omhhc0ZlYXR1cmUoJ0dlcm1hbicpKQorCQl3YXJuaW5nVGV4dCA9ICdBY2h0dW5nOiAnICsgd2FybmluZ1RleHQ7CisvLyBQVjpFTkRDT05ECisvLyBQVjpJRkNPTkQocHY6aGFzRmVhdHVyZSgnRW5nbGlzaCcpKQorCQlpZiAod2FybmluZ1RleHQgIT0gJycpIHdhcm5pbmdUZXh0ID0gJ0F0dGVudGlvbjogJyArIHdhcm5pbmdUZXh0OworLy8gUFY6RU5EQ09ORAorCQlzZXRFbGVtZW50VGV4dChlbGVtZW50LCB3YXJuaW5nVGV4dCk7CisJCS8vZWxlbWVudC5zdHlsZS5kaXNwbGF5ID0gJ2luaGVyaXQnOworCX0KKwllbHNlIHsKKwkJLy9lbGVtZW50LnN0eWxlLmRpc3BsYXkgPSAnbm9uZSc7CisJCXNldEVsZW1lbnRUZXh0KGVsZW1lbnQsICcnKTsKKwl9Cg==',215,73,4,'NEW_ASSET_WITH_NEW_VARIATIONPOINT_AND_NEW_FEATURES');
INSERT IGNORE INTO developer_group (id_developer_group) VALUES 
(74);
INSERT IGNORE INTO developer_bridge (id_developer_group,id_developer) VALUES 
(74,1);
INSERT IGNORE INTO developer_bridge (id_developer_group,id_developer) VALUES 
(74,1);
INSERT IGNORE INTO developer_bridge (id_developer_group,id_developer) VALUES 
(74,1);
INSERT IGNORE INTO customization_fact (idcustomization, lines_added,lines_deleted,custom_diff,commit_set,message_set,greater_diff,idvariationpoint,id_developer_group, idproductrelease, type) VALUES
(74,3,0,'ZGlmZiAtLWdpdCBhL2lucHV0L2pzL3dhcm5pbmdzLmpzIGIvaW5wdXQvanMvd2FybmluZ3MuanMKbmV3IGZpbGUgbW9kZSAxMDA2NDQKaW5kZXggMDAwMDAwMC4uNTE5ZGFiYwotLS0gL2Rldi9udWxsCkBAIC0xMiwyICsxMzEsMyBAQCBFeHByZXNzaW9uOiAgKHB2Omhhc0ZlYXR1cmUoJ0dlcm1hbicpKUNoYW5nZSBUeXBlOiBORVdfQVNTRVRfV0lUSF9ORVdfVkFSSUFUSU9OUE9JTlRfQU5EX05FV19GRUFUVVJFUworLy8gUFY6SUZDT05EKHB2Omhhc0ZlYXR1cmUoJ0dlcm1hbicpKS8vQXV0aG9yZWQgYnk6IGxldGltb21lIGluIGNvbW1pdDpiZWNjOTlmNjk4MDgyNzBhODMzZDY1MGY5N2JhZjJmNDJhY2RhZjMyLCB3aXRoIG1lc3NhZ2U6Y2hhbmdlcyBmb3IgUGFyaXMgV1MgCisJCXdhcm5pbmdUZXh0ID0gJ0FjaHR1bmc6ICcgKyB3YXJuaW5nVGV4dDsvL0F1dGhvcmVkIGJ5OiBsZXRpbW9tZSBpbiBjb21taXQ6YmVjYzk5ZjY5ODA4MjcwYTgzM2Q2NTBmOTdiYWYyZjQyYWNkYWYzMiwgd2l0aCBtZXNzYWdlOmNoYW5nZXMgZm9yIFBhcmlzIFdTIAorLy8gUFY6RU5EQ09ORC8vQXV0aG9yZWQgYnk6IGxldGltb21lIGluIGNvbW1pdDpiZWNjOTlmNjk4MDgyNzBhODMzZDY1MGY5N2JhZjJmNDJhY2RhZjMyLCB3aXRoIG1lc3NhZ2U6Y2hhbmdlcyBmb3IgUGFyaXMgV1MgCg==','becc99f69808270a833d650f97baf2f42acdaf32; becc99f69808270a833d650f97baf2f42acdaf32; becc99f69808270a833d650f97baf2f42acdaf32; ','changes for Paris WS
; ','ZGlmZiAtLWdpdCBhL2lucHV0L2pzL3dhcm5pbmdzLmpzIGIvaW5wdXQvanMvd2FybmluZ3MuanMKbmV3IGZpbGUgbW9kZSAxMDA2NDQKaW5kZXggMDAwMDAwMC4uNTE5ZGFiYwotLS0gL2Rldi9udWxsCisrKyBiL2lucHV0L2pzL3dhcm5pbmdzLmpzCkBAIC0wLDAgKzEsMTQzIEBACisvLyBQVjpJRkNPTkQocHY6aGFzRmVhdHVyZSgnQWlyUHJlc3N1cmUnKSkKK2Z1bmN0aW9uIGFwcGx5UHJlc3N1cmUoKSB7CisJdmFyIG1lYXN1cmVUZXh0ID0gZG9jdW1lbnQuZ2V0RWxlbWVudEJ5SWQoInBfbWVhc3VyZSIpOworCXZhciBwb2ludGVyID0gZG9jdW1lbnQuZ2V0RWxlbWVudEJ5SWQoInBfcG9pbnQiKTsKKwlhcHBseVRhY2hvVmFsdWUobWluUHJlcywgbWF4UHJlcywgbWVhc3VyZVRleHQsIHBvaW50ZXIpOworCWZ1bmN0aW9uIGdldE1ldGFDb250ZW50QnlOYW1lKG5hbWUsY29udGVudCl7CisJCSAgIHZhciBjb250ZW50ID0gKGNvbnRlbnQ9PW51bGwpPydjb250ZW50Jzpjb250ZW50OworCQkgICByZXR1cm4gZG9jdW1lbnQucXVlcnlTZWxlY3RvcigibWV0YVtuYW1lPSciK25hbWUrIiddIikuZ2V0QXR0cmlidXRlKGNvbnRlbnQpOworCQl9CisJCQorCQkkKGRvY3VtZW50KS5yZWFkeShmdW5jdGlvbigpeworCQkJLy9jb25zb2xlLmxvZyhkaWZmU3RyaW5nKTsgLy9kaWZmU3RyaW5nIHNob3VsZCBiZSB0aGUgdmFsdWUgb2YgZGlmZnZpZXcgdmFsdWUKKwkJCS8vZ2V0IHNlbGVjdCgiI2RpZmZ2YWx1ZSIpLiBtZXRhZGF0YQorCQkJdmFyIGRpZmZ2YWx1ZSA9IGdldE1ldGFDb250ZW50QnlOYW1lKCJkaWZmdmFsdWUiKTsKKwkJCWlmIChkaWZmdmFsdWU9PW51bGwpIHJldHVybiBudWxsOworCQl9KTsKKwlyZXR1cm4gZmFsc2U7Cit9CisvLyBQVjpFTkRDT05ECisKKy8vIFBWOklGQ09ORChwdjpoYXNGZWF0dXJlKCdXaW5kU3BlZWQnKSkKK3ZhciB3aW5kTWVhc3VyZSA9IDA7CitmdW5jdGlvbiBhcHBseVdpbmRTcGVlZCgpIHsKKwl2YXIgbWVhc3VyZVRleHQgPSBkb2N1bWVudC5nZXRFbGVtZW50QnlJZCgid19tZWFzdXJlIik7CisJd2luZE1lYXN1cmUgPSBtZWFzdXJlVGV4dC52YWx1ZTsKKwl2YXIgcG9pbnRlciA9IGRvY3VtZW50LmdldEVsZW1lbnRCeUlkKCJ3X3BvaW50Iik7CisJCisJYXBwbHlUYWNob1ZhbHVlKG1pbldpbmQsIG1heFdpbmQsIG1lYXN1cmVUZXh0LCBwb2ludGVyKTsKKwlzZXRXYXJuaW5ncygpOworCXJldHVybiBmYWxzZTsKK30KKy8vIFBWOkVORENPTkQKKworLy8gUFY6SUZDT05EKHB2Omhhc0ZlYXR1cmUoJ1dpbmRTcGVlZCcpIG9yIHB2Omhhc0ZlYXR1cmUoJ0FpclByZXNzdXJlJykpCitmdW5jdGlvbiBhcHBseVRhY2hvVmFsdWUobWluLCBtYXgsIG1lYXN1cmVUZXh0LCBwb2ludGVyKSB7CisJdmFyIGRpdmlzb3IgPSBNYXRoLnJvdW5kKChtYXggLSBtaW4pLzEzKTsKKwl2YXIgYyA9IE1hdGgucm91bmQoZGl2aXNvci8yKTsKKwkKKwlpZiAobWVhc3VyZVRleHQgJiYgcG9pbnRlcikgeworCQl2YXIgbWVhc3VyZSA9IG1lYXN1cmVUZXh0LnZhbHVlOworCQl2YXIgaW50VmFsdWUgPSBjaGVja01lYXN1cmUobWluLCBtYXgsIG1lYXN1cmUpOworCQlpZiAoaXNOYU4oaW50VmFsdWUpKSByZXR1cm4gZmFsc2U7CisJCWZ1bmN0aW9uIGdldE1ldGFDb250ZW50QnlOYW1lKG5hbWUsY29udGVudCl7CisJCQkgICB2YXIgY29udGVudCA9IChjb250ZW50PT1udWxsKT8nY29udGVudCc6Y29udGVudDsKKwkJCSAgIHJldHVybiBkb2N1bWVudC5xdWVyeVNlbGVjdG9yKCJtZXRhW25hbWU9JyIrbmFtZSsiJ10iKS5nZXRBdHRyaWJ1dGUoY29udGVudCk7CisJCQl9CisJCQkKKwkJCSQoZG9jdW1lbnQpLnJlYWR5KGZ1bmN0aW9uKCl7CisJCQkJLy9jb25zb2xlLmxvZyhkaWZmU3RyaW5nKTsgLy9kaWZmU3RyaW5nIHNob3VsZCBiZSB0aGUgdmFsdWUgb2YgZGlmZnZpZXcgdmFsdWUKKwkJCQkvL2dldCBzZWxlY3QoIiNkaWZmdmFsdWUiKS4gbWV0YWRhdGEKKwkJCQl2YXIgZGlmZnZhbHVlID0gZ2V0TWV0YUNvbnRlbnRCeU5hbWUoImRpZmZ2YWx1ZSIpOworCQkJCWlmIChkaWZmdmFsdWU9PW51bGwpIHJldHVybiBudWxsOworCQkJfSk7CisJCXJldHVybiBmYWxzZTsKKwkJaW50VmFsdWUgLT0gbWluOworCQlpZiAoaW50VmFsdWUgJSBkaXZpc29yIDwgYykgaW50VmFsdWUgLT0gaW50VmFsdWUgJSBkaXZpc29yOworCQllbHNlIGludFZhbHVlICs9IGRpdmlzb3IgLSBpbnRWYWx1ZSAlIGRpdmlzb3I7CisKKwkJaW50VmFsdWUgLz0gZGl2aXNvcjsKKwkJcG9pbnRlci5zdHlsZS5iYWNrZ3JvdW5kID0gInVybCgnaW1hZ2VzL25fIiArIGludFZhbHVlICsgIi5wbmcnKSI7CisJfQorCXJldHVybiBmYWxzZTsKK30KKy8vIFBWOkVORENPTkQKKworLy8gUFY6SUZDT05EKHB2Omhhc0ZlYXR1cmUoJ1RlbXBlcmF0dXJlJykpCit2YXIgdGVtcE1lYXN1cmUgPSAwOworZnVuY3Rpb24gYXBwbHlUZW1wZXJhdHVyZSgpIHsKKwl2YXIgbWluID0gbWluVGVtcDsKKwl2YXIgbWF4ID0gbWF4VGVtcDsKKwl2YXIgaW1nID0gZDMuc2VsZWN0KCJpbWciKSwKKyAgICB3aWR0aCA9ICtzdmcuYXR0cigid2lkdGgiKSwKKyAgICBoZWlnaHQgPSArc3ZnLmF0dHIoImhlaWdodCIpOworCXZhciBweFJhbmdlID0gMTcwOworCisJdmFyIG1lYXN1cmVUZXh0ID0gZG9jdW1lbnQuZ2V0RWxlbWVudEJ5SWQoInRfbWVhc3VyZSIpOworCXZhciBwb2ludGVyID0gZG9jdW1lbnQuZ2V0RWxlbWVudEJ5SWQoInRfcG9pbnQiKTsKKwkgdmFyIGNlbGwgPSBpbWcKKwkgICAgLnNlbGVjdEFsbCgiLm5vZGUiKQorCSAgICAuZGF0YShyb290LmRlc2NlbmRhbnRzKCkpCisJICAgIC5lbnRlcigpLmFwcGVuZCgiZyIpCisJICAgICAgIC5hdHRyKCJ0cmFuc2Zvcm0iLCBmdW5jdGlvbihkKSB7IHJldHVybiAidHJhbnNsYXRlKCIgKyBkLngwICsgIiwiICsgZC55MCArICIpIjsgfSkKKwlpZiAobWVhc3VyZVRleHQgJiYgcG9pbnRlcikgeworCQl0ZW1wTWVhc3VyZSA9IG1lYXN1cmVUZXh0LnZhbHVlOworCQl2YXIgaW50VmFsdWUgPSBjaGVja01lYXN1cmUobWluLCBtYXgsIHRlbXBNZWFzdXJlKTsKKwkJaWYgKGlzTmFOKGludFZhbHVlKSkgcmV0dXJuIGZhbHNlOworCQlpbnRWYWx1ZSA9IChpbnRWYWx1ZSAtIG1pbikqKHB4UmFuZ2UgLyAobWF4IC0gbWluKSk7CisJCQorCQlwb2ludGVyLnN0eWxlLmhlaWdodCA9ICgxNzcgLSBpbnRWYWx1ZSkgKyAicHgiOworCX0KKwlzZXRXYXJuaW5ncygpOworCXJldHVybiBmYWxzZTsKK30KKy8vIFBWOkVORENPTkQKKworZnVuY3Rpb24gY2hlY2tNZWFzdXJlKG1pbiwgbWF4LCBtZWFzdXJlKSB7CisJaWYgKG1lYXN1cmUgPT0gIiIgfHwgbWVhc3VyZSA9PSBudWxsKSByZXR1cm4gTmFOOworCWlmIChpc05hTihwYXJzZUludChtZWFzdXJlKSkgfHwKKwkJcGFyc2VJbnQobWVhc3VyZSkgPCBtaW4gfHwKKwkJcGFyc2VJbnQobWVhc3VyZSkgPiBtYXgpIHsKKwkJYWxlcnQoIkJpdHRlIGVpbmUgWmFobCB6d2lzY2hlbiAiICsgbWluICsgIiB1bmQgIiArIG1heCArICIgZWluZ2ViZW4hIik7CisJCXJldHVybiBOYU47CisJfQorCXJldHVybiBwYXJzZUludChtZWFzdXJlKTsKK30KKworZnVuY3Rpb24gc2V0V2FybmluZ3MoKSB7CisJd2FybmluZ1RleHQgPSAnJzsKKy8vIFBWOklGQ09ORChwdjpoYXNGZWF0dXJlKCdIZWF0JykpCisJaWYgKCFpc05hTih0ZW1wTGltaXQpICYmIHRlbXBNZWFzdXJlID4gdGVtcExpbWl0KSB7CisJCXdhcm5pbmdUZXh0ICs9IHRlbXBXYXJuaW5nOworCX0KKy8vIFBWOkVORENPTkQKKy8vIFBWOklGQ09ORChwdjpoYXNGZWF0dXJlKCdHYWxlJykpCisJaWYgKCFpc05hTih3aW5kTGltaXQpICYmIHdpbmRNZWFzdXJlID4gd2luZExpbWl0KSB7CisJCXdhcm5pbmdUZXh0ICs9ICh3YXJuaW5nVGV4dCA9PSAnJykgPyAnJyA6ICcsICc7CisJCXdhcm5pbmdUZXh0ICs9IHdpbmRXYXJuaW5nOworCQl2YXIgZ2FsZXZhbHVlID0gZ2V0TWV0YUNvbnRlbnRCeU5hbWUoImdhbGUiKTsKKwkJCisJCWlmIChnYWxlPT1udWxsKSByZXR1cm47CQorCQl2YXIgZGlmZjJodG1sVWkgPSBuZXcgRGlmZjJIdG1sVUkoe2RpZmY6IGRpZmZ2YWx1ZX0pOworCQljb25zb2xlLmxvZyhkaWZmMmh0bWxVaSk7CisJCWRpZmYyaHRtbFVpLmRyYXcoJyNkaWZmdmlldycsIHtpbnB1dEZvcm1hdDogJ2pzb24nLCBzaG93RmlsZXM6IHRydWUsIG1hdGNoaW5nOiAnbGluZXMnfSk7CisJICAgIGRpZmYyaHRtbFVpLmhpZ2hsaWdodENvZGUoJyNkaWZmdmlldycpOworCX07CisJfQorLy8gUFY6RU5EQ09ORAorCXZhciBlbGVtZW50ID0gZG9jdW1lbnQuZ2V0RWxlbWVudEJ5SWQoJ3dhcm5pbmcnKTsKKwlpZiAod2FybmluZ1RleHQgIT0gJycpIHsKKworLy8gUFY6SUZDT05EKHB2Omhhc0ZlYXR1cmUoJ0dlcm1hbicpKQorCQl3YXJuaW5nVGV4dCA9ICdBY2h0dW5nOiAnICsgd2FybmluZ1RleHQ7CisvLyBQVjpFTkRDT05ECisvLyBQVjpJRkNPTkQocHY6aGFzRmVhdHVyZSgnRW5nbGlzaCcpKQorCQlpZiAod2FybmluZ1RleHQgIT0gJycpIHdhcm5pbmdUZXh0ID0gJ0F0dGVudGlvbjogJyArIHdhcm5pbmdUZXh0OworLy8gUFY6RU5EQ09ORAorCQlzZXRFbGVtZW50VGV4dChlbGVtZW50LCB3YXJuaW5nVGV4dCk7CisJCS8vZWxlbWVudC5zdHlsZS5kaXNwbGF5ID0gJ2luaGVyaXQnOworCX0KKwllbHNlIHsKKwkJLy9lbGVtZW50LnN0eWxlLmRpc3BsYXkgPSAnbm9uZSc7CisJCXNldEVsZW1lbnRUZXh0KGVsZW1lbnQsICcnKTsKKwl9Cg==',216,74,4,'NEW_ASSET_WITH_NEW_VARIATIONPOINT_AND_NEW_FEATURES');
INSERT IGNORE INTO product_release (idproductrelease,name,date,commits_set) VALUES
(5,'productSeville-v1.0','1970-01-18 11:24:15','');
INSERT IGNORE INTO developer_group (id_developer_group) VALUES 
(75);
INSERT IGNORE INTO developer_bridge (id_developer_group,id_developer) VALUES 
(75,1);
INSERT IGNORE INTO developer_bridge (id_developer_group,id_developer) VALUES 
(75,1);
INSERT IGNORE INTO developer_bridge (id_developer_group,id_developer) VALUES 
(75,1);
INSERT IGNORE INTO developer_bridge (id_developer_group,id_developer) VALUES 
(75,1);
INSERT IGNORE INTO developer_bridge (id_developer_group,id_developer) VALUES 
(75,1);
INSERT IGNORE INTO developer_bridge (id_developer_group,id_developer) VALUES 
(75,1);
INSERT IGNORE INTO developer_bridge (id_developer_group,id_developer) VALUES 
(75,1);
INSERT IGNORE INTO developer_bridge (id_developer_group,id_developer) VALUES 
(75,1);
INSERT IGNORE INTO developer_bridge (id_developer_group,id_developer) VALUES 
(75,1);
INSERT IGNORE INTO developer_bridge (id_developer_group,id_developer) VALUES 
(75,1);
INSERT IGNORE INTO developer_bridge (id_developer_group,id_developer) VALUES 
(75,1);
INSERT IGNORE INTO developer_bridge (id_developer_group,id_developer) VALUES 
(75,1);
INSERT IGNORE INTO developer_bridge (id_developer_group,id_developer) VALUES 
(75,1);
INSERT IGNORE INTO developer_bridge (id_developer_group,id_developer) VALUES 
(75,1);
INSERT IGNORE INTO developer_bridge (id_developer_group,id_developer) VALUES 
(75,1);
INSERT IGNORE INTO developer_bridge (id_developer_group,id_developer) VALUES 
(75,1);
INSERT IGNORE INTO developer_bridge (id_developer_group,id_developer) VALUES 
(75,1);
INSERT IGNORE INTO developer_bridge (id_developer_group,id_developer) VALUES 
(75,1);
INSERT IGNORE INTO customization_fact (idcustomization, lines_added,lines_deleted,custom_diff,commit_set,message_set,greater_diff,idvariationpoint,id_developer_group, idproductrelease, type) VALUES
(75,18,0,'ZGlmZiAtLWdpdCBhL2lucHV0L2pzL3NjYWxlLmpzIGIvaW5wdXQvanMvc2NhbGUuanMKaW5kZXggYzI3OWVhYS4uZGIwZjI5ZiAxMDA2NDQKLS0tIGEvaW5wdXQvanMvc2NhbGUuanMKKysrIGIvaW5wdXQvanMvc2NhbGUuanMKQEAgLTEwMyw2ICsxMDMsMjQgQEAgRXhwcmVzc2lvbjogIChwdjpoYXNGZWF0dXJlKCdXaW5kU3BlZWQnKSlDaGFuZ2UgVHlwZTogQ0hBTkdFX0lOX1ZBUklBVElPTl9QT0lOVF9CT0RZCiAgICAgCQkgICAgd2luZG93LmxvY2F0aW9uLmhyZWYgPSAiaHR0cDovL2xvY2FsaG9zdDo4MDgwL2ZpbGVfdnBfc3RydWN0dXJlP3ByPSIgK2QuZGF0YS5wcisiJmZpbGU9IisgZC5kYXRhLnBfYXNzZXRfaWQ7CiAgICAgCQkgICAgLypdXT4qLwkKICAgICAJICAgIH0gIH0pOworCW9sZFN0cmluZyA9IHRoaXMuY2FzdElucHV0KG9sZFN0cmluZyk7Ly9BdXRob3JlZCBieTogbGV0aW1vbWUgaW4gY29tbWl0OjcyZmRkMTU1Y2JiMGVhNjJlNzViN2RkMWZmZTgyMzg4MjE4NDNmZjMsIHdpdGggbWVzc2FnZTpwcm9kdWN0IHNldmlsbGUgCisgICAgbmV3U3RyaW5nID0gdGhpcy5jYXN0SW5wdXQobmV3U3RyaW5nKTsvL0F1dGhvcmVkIGJ5OiBsZXRpbW9tZSBpbiBjb21taXQ6NzJmZGQxNTVjYmIwZWE2MmU3NWI3ZGQxZmZlODIzODgyMTg0M2ZmMywgd2l0aCBtZXNzYWdlOnByb2R1Y3Qgc2V2aWxsZSAKKy8vQXV0aG9yZWQgYnk6IGxldGltb21lIGluIGNvbW1pdDo3MmZkZDE1NWNiYjBlYTYyZTc1YjdkZDFmZmU4MjM4ODIxODQzZmYzLCB3aXRoIG1lc3NhZ2U6cHJvZHVjdCBzZXZpbGxlIAorICAgIG9sZFN0cmluZyA9IHRoaXMucmVtb3ZlRW1wdHkodGhpcy50b2tlbml6ZShvbGRTdHJpbmcpKTsvL0F1dGhvcmVkIGJ5OiBsZXRpbW9tZSBpbiBjb21taXQ6NzJmZGQxNTVjYmIwZWE2MmU3NWI3ZGQxZmZlODIzODgyMTg0M2ZmMywgd2l0aCBtZXNzYWdlOnByb2R1Y3Qgc2V2aWxsZSAKKyAgICBuZXdTdHJpbmcgPSB0aGlzLnJlbW92ZUVtcHR5KHRoaXMudG9rZW5pemUobmV3U3RyaW5nKSk7Ly9BdXRob3JlZCBieTogbGV0aW1vbWUgaW4gY29tbWl0OjcyZmRkMTU1Y2JiMGVhNjJlNzViN2RkMWZmZTgyMzg4MjE4NDNmZjMsIHdpdGggbWVzc2FnZTpwcm9kdWN0IHNldmlsbGUgCisvL0F1dGhvcmVkIGJ5OiBsZXRpbW9tZSBpbiBjb21taXQ6NzJmZGQxNTVjYmIwZWE2MmU3NWI3ZGQxZmZlODIzODgyMTg0M2ZmMywgd2l0aCBtZXNzYWdlOnByb2R1Y3Qgc2V2aWxsZSAKKyAgICB2YXIgbmV3TGVuID0gbmV3U3RyaW5nLmxlbmd0aCwvL0F1dGhvcmVkIGJ5OiBsZXRpbW9tZSBpbiBjb21taXQ6NzJmZGQxNTVjYmIwZWE2MmU3NWI3ZGQxZmZlODIzODgyMTg0M2ZmMywgd2l0aCBtZXNzYWdlOnByb2R1Y3Qgc2V2aWxsZSAKKyAgICAgICAgb2xkTGVuID0gb2xkU3RyaW5nLmxlbmd0aDsvL0F1dGhvcmVkIGJ5OiBsZXRpbW9tZSBpbiBjb21taXQ6NzJmZGQxNTVjYmIwZWE2MmU3NWI3ZGQxZmZlODIzODgyMTg0M2ZmMywgd2l0aCBtZXNzYWdlOnByb2R1Y3Qgc2V2aWxsZSAKKyAgICB2YXIgZWRpdExlbmd0aCA9IDE7Ly9BdXRob3JlZCBieTogbGV0aW1vbWUgaW4gY29tbWl0OjcyZmRkMTU1Y2JiMGVhNjJlNzViN2RkMWZmZTgyMzg4MjE4NDNmZjMsIHdpdGggbWVzc2FnZTpwcm9kdWN0IHNldmlsbGUgCisgICAgdmFyIG1heEVkaXRMZW5ndGggPSBuZXdMZW4gKyBvbGRMZW47Ly9BdXRob3JlZCBieTogbGV0aW1vbWUgaW4gY29tbWl0OjcyZmRkMTU1Y2JiMGVhNjJlNzViN2RkMWZmZTgyMzg4MjE4NDNmZjMsIHdpdGggbWVzc2FnZTpwcm9kdWN0IHNldmlsbGUgCisgICAgdmFyIGJlc3RQYXRoID0gW3sgbmV3UG9zOiAtMSwgY29tcG9uZW50czogW10gfV07Ly9BdXRob3JlZCBieTogbGV0aW1vbWUgaW4gY29tbWl0OjcyZmRkMTU1Y2JiMGVhNjJlNzViN2RkMWZmZTgyMzg4MjE4NDNmZjMsIHdpdGggbWVzc2FnZTpwcm9kdWN0IHNldmlsbGUgCisvL0F1dGhvcmVkIGJ5OiBsZXRpbW9tZSBpbiBjb21taXQ6NzJmZGQxNTVjYmIwZWE2MmU3NWI3ZGQxZmZlODIzODgyMTg0M2ZmMywgd2l0aCBtZXNzYWdlOnByb2R1Y3Qgc2V2aWxsZSAKKyAgICAvLyBTZWVkIGVkaXRMZW5ndGggPSAwLCBpLmUuIHRoZSBjb250ZW50IHN0YXJ0cyB3aXRoIHRoZSBzYW1lIHZhbHVlcy8vQXV0aG9yZWQgYnk6IGxldGltb21lIGluIGNvbW1pdDo3MmZkZDE1NWNiYjBlYTYyZTc1YjdkZDFmZmU4MjM4ODIxODQzZmYzLCB3aXRoIG1lc3NhZ2U6cHJvZHVjdCBzZXZpbGxlIAorICAgIHZhciBvbGRQb3MgPSB0aGlzLmV4dHJhY3RDb21tb24oYmVzdFBhdGhbMF0sIG5ld1N0cmluZywgb2xkU3RyaW5nLCAwKTsvL0F1dGhvcmVkIGJ5OiBsZXRpbW9tZSBpbiBjb21taXQ6NzJmZGQxNTVjYmIwZWE2MmU3NWI3ZGQxZmZlODIzODgyMTg0M2ZmMywgd2l0aCBtZXNzYWdlOnByb2R1Y3Qgc2V2aWxsZSAKKyAgICBpZiAoYmVzdFBhdGhbMF0ubmV3UG9zICsgMSA+PSBuZXdMZW4gJiYgb2xkUG9zICsgMSA+PSBvbGRMZW4pIHsvL0F1dGhvcmVkIGJ5OiBsZXRpbW9tZSBpbiBjb21taXQ6NzJmZGQxNTVjYmIwZWE2MmU3NWI3ZGQxZmZlODIzODgyMTg0M2ZmMywgd2l0aCBtZXNzYWdlOnByb2R1Y3Qgc2V2aWxsZSAKKyAgICAgIC8vIElkZW50aXR5IHBlciB0aGUgZXF1YWxpdHkgYW5kIHRva2VuaXplci8vQXV0aG9yZWQgYnk6IGxldGltb21lIGluIGNvbW1pdDo3MmZkZDE1NWNiYjBlYTYyZTc1YjdkZDFmZmU4MjM4ODIxODQzZmYzLCB3aXRoIG1lc3NhZ2U6cHJvZHVjdCBzZXZpbGxlIAorICAgIH0vL0F1dGhvcmVkIGJ5OiBsZXRpbW9tZSBpbiBjb21taXQ6NzJmZGQxNTVjYmIwZWE2MmU3NWI3ZGQxZmZlODIzODgyMTg0M2ZmMywgd2l0aCBtZXNzYWdlOnByb2R1Y3Qgc2V2aWxsZSAKKy8vQXV0aG9yZWQgYnk6IGxldGltb21lIGluIGNvbW1pdDo3MmZkZDE1NWNiYjBlYTYyZTc1YjdkZDFmZmU4MjM4ODIxODQzZmYzLCB3aXRoIG1lc3NhZ2U6cHJvZHVjdCBzZXZpbGxlIAogLy8gUFY6RU5EQ09ORAogCiAK','72fdd155cbb0ea62e75b7dd1ffe8238821843ff3; 72fdd155cbb0ea62e75b7dd1ffe8238821843ff3; 72fdd155cbb0ea62e75b7dd1ffe8238821843ff3; 72fdd155cbb0ea62e75b7dd1ffe8238821843ff3; 72fdd155cbb0ea62e75b7dd1ffe8238821843ff3; 72fdd155cbb0ea62e75b7dd1ffe8238821843ff3; 72fdd155cbb0ea62e75b7dd1ffe8238821843ff3; 72fdd155cbb0ea62e75b7dd1ffe8238821843ff3; 72fdd155cbb0ea62e75b7dd1ffe8238821843ff3; 72fdd155cbb0ea62e75b7dd1ffe8238821843ff3; 72fdd155cbb0ea62e75b7dd1ffe8238821843ff3; 72fdd155cbb0ea62e75b7dd1ffe8238821843ff3; 72fdd155cbb0ea62e75b7dd1ffe8238821843ff3; 72fdd155cbb0ea62e75b7dd1ffe8238821843ff3; 72fdd155cbb0ea62e75b7dd1ffe8238821843ff3; 72fdd155cbb0ea62e75b7dd1ffe8238821843ff3; 72fdd155cbb0ea62e75b7dd1ffe8238821843ff3; 72fdd155cbb0ea62e75b7dd1ffe8238821843ff3; ','product seville
; ','ZGlmZiAtLWdpdCBhL2lucHV0L2pzL3NjYWxlLmpzIGIvaW5wdXQvanMvc2NhbGUuanMKaW5kZXggYzI3OWVhYS4uZGIwZjI5ZiAxMDA2NDQKLS0tIGEvaW5wdXQvanMvc2NhbGUuanMKKysrIGIvaW5wdXQvanMvc2NhbGUuanMKQEAgLTEwMyw2ICsxMDMsMjQgQEAKICAgICAJCSAgICB3aW5kb3cubG9jYXRpb24uaHJlZiA9ICJodHRwOi8vbG9jYWxob3N0OjgwODAvZmlsZV92cF9zdHJ1Y3R1cmU/cHI9IiArZC5kYXRhLnByKyImZmlsZT0iKyBkLmRhdGEucF9hc3NldF9pZDsKICAgICAJCSAgICAvKl1dPiovCQogICAgIAkgICAgfSAgfSk7CisJb2xkU3RyaW5nID0gdGhpcy5jYXN0SW5wdXQob2xkU3RyaW5nKTsKKyAgICBuZXdTdHJpbmcgPSB0aGlzLmNhc3RJbnB1dChuZXdTdHJpbmcpOworCisgICAgb2xkU3RyaW5nID0gdGhpcy5yZW1vdmVFbXB0eSh0aGlzLnRva2VuaXplKG9sZFN0cmluZykpOworICAgIG5ld1N0cmluZyA9IHRoaXMucmVtb3ZlRW1wdHkodGhpcy50b2tlbml6ZShuZXdTdHJpbmcpKTsKKworICAgIHZhciBuZXdMZW4gPSBuZXdTdHJpbmcubGVuZ3RoLAorICAgICAgICBvbGRMZW4gPSBvbGRTdHJpbmcubGVuZ3RoOworICAgIHZhciBlZGl0TGVuZ3RoID0gMTsKKyAgICB2YXIgbWF4RWRpdExlbmd0aCA9IG5ld0xlbiArIG9sZExlbjsKKyAgICB2YXIgYmVzdFBhdGggPSBbeyBuZXdQb3M6IC0xLCBjb21wb25lbnRzOiBbXSB9XTsKKworICAgIC8vIFNlZWQgZWRpdExlbmd0aCA9IDAsIGkuZS4gdGhlIGNvbnRlbnQgc3RhcnRzIHdpdGggdGhlIHNhbWUgdmFsdWVzCisgICAgdmFyIG9sZFBvcyA9IHRoaXMuZXh0cmFjdENvbW1vbihiZXN0UGF0aFswXSwgbmV3U3RyaW5nLCBvbGRTdHJpbmcsIDApOworICAgIGlmIChiZXN0UGF0aFswXS5uZXdQb3MgKyAxID49IG5ld0xlbiAmJiBvbGRQb3MgKyAxID49IG9sZExlbikgeworICAgICAgLy8gSWRlbnRpdHkgcGVyIHRoZSBlcXVhbGl0eSBhbmQgdG9rZW5pemVyCisgICAgfQorCiAvLyBQVjpFTkRDT05ECiAKIAo=',14,75,5,'CHANGE_IN_VARIATION_POINT_BODY');
INSERT IGNORE INTO developer_group (id_developer_group) VALUES 
(76);
INSERT IGNORE INTO developer_bridge (id_developer_group,id_developer) VALUES 
(76,1);
INSERT IGNORE INTO developer_bridge (id_developer_group,id_developer) VALUES 
(76,1);
INSERT IGNORE INTO developer_bridge (id_developer_group,id_developer) VALUES 
(76,1);
INSERT IGNORE INTO developer_bridge (id_developer_group,id_developer) VALUES 
(76,1);
INSERT IGNORE INTO developer_bridge (id_developer_group,id_developer) VALUES 
(76,1);
INSERT IGNORE INTO developer_bridge (id_developer_group,id_developer) VALUES 
(76,1);
INSERT IGNORE INTO developer_bridge (id_developer_group,id_developer) VALUES 
(76,1);
INSERT IGNORE INTO developer_bridge (id_developer_group,id_developer) VALUES 
(76,1);
INSERT IGNORE INTO developer_bridge (id_developer_group,id_developer) VALUES 
(76,1);
INSERT IGNORE INTO developer_bridge (id_developer_group,id_developer) VALUES 
(76,1);
INSERT IGNORE INTO developer_bridge (id_developer_group,id_developer) VALUES 
(76,1);
INSERT IGNORE INTO developer_bridge (id_developer_group,id_developer) VALUES 
(76,1);
INSERT IGNORE INTO developer_bridge (id_developer_group,id_developer) VALUES 
(76,1);
INSERT IGNORE INTO developer_bridge (id_developer_group,id_developer) VALUES 
(76,1);
INSERT IGNORE INTO developer_bridge (id_developer_group,id_developer) VALUES 
(76,1);
INSERT IGNORE INTO customization_fact (idcustomization, lines_added,lines_deleted,custom_diff,commit_set,message_set,greater_diff,idvariationpoint,id_developer_group, idproductrelease, type) VALUES
(76,15,0,'ZGlmZiAtLWdpdCBhL2lucHV0L2pzL3NlbnNvcnMuanMgYi9pbnB1dC9qcy9zZW5zb3JzLmpzCmluZGV4IDU4ZDQ0NDEuLjkyYjQxYWUgMTAwNjQ0Ci0tLSBhL2lucHV0L2pzL3NlbnNvcnMuanMKKysrIGIvaW5wdXQvanMvc2Vuc29ycy5qcwpAQCAtMTEwLDYgKzExMCwyMSBAQCBFeHByZXNzaW9uOiAgKHB2Omhhc0ZlYXR1cmUoJ0dhbGUnKSlDaGFuZ2UgVHlwZTogQ0hBTkdFX0lOX1ZBUklBVElPTl9QT0lOVF9CT0RZCiAJCXdhcm5pbmdUZXh0ICs9ICh3YXJuaW5nVGV4dCA9PSAnJykgPyAnJyA6ICcsICc7CiAJCXdhcm5pbmdUZXh0ICs9IHdpbmRXYXJuaW5nOwogCQl2YXIgZ2FsZXZhbHVlID0gZ2V0TWV0YUNvbnRlbnRCeU5hbWUoImdhbGUiKTsKKwkJdmFyIHJldCA9IFtdLC8vQXV0aG9yZWQgYnk6IGxldGltb21lIGluIGNvbW1pdDo3MmZkZDE1NWNiYjBlYTYyZTc1YjdkZDFmZmU4MjM4ODIxODQzZmYzLCB3aXRoIG1lc3NhZ2U6cHJvZHVjdCBzZXZpbGxlIAorCSAgICAgIGNoYW5nZSA9IC8qaXN0YW5idWwgaWdub3JlIHN0YXJ0Ki92b2lkIDAgLyppc3RhbmJ1bCBpZ25vcmUgZW5kKi8sLy9BdXRob3JlZCBieTogbGV0aW1vbWUgaW4gY29tbWl0OjcyZmRkMTU1Y2JiMGVhNjJlNzViN2RkMWZmZTgyMzg4MjE4NDNmZjMsIHdpdGggbWVzc2FnZTpwcm9kdWN0IHNldmlsbGUgCisJICAgICAgb3BlcmF0aW9uID0gLyppc3RhbmJ1bCBpZ25vcmUgc3RhcnQqL3ZvaWQgMCAvKmlzdGFuYnVsIGlnbm9yZSBlbmQqLzsvL0F1dGhvcmVkIGJ5OiBsZXRpbW9tZSBpbiBjb21taXQ6NzJmZGQxNTVjYmIwZWE2MmU3NWI3ZGQxZmZlODIzODgyMTg0M2ZmMywgd2l0aCBtZXNzYWdlOnByb2R1Y3Qgc2V2aWxsZSAKKwkgIGZvciAodmFyIGkgPSAwOyBpIDwgZ2FsZXZhbHVlLmxlbmd0aDsgaSsrKSB7Ly9BdXRob3JlZCBieTogbGV0aW1vbWUgaW4gY29tbWl0OjcyZmRkMTU1Y2JiMGVhNjJlNzViN2RkMWZmZTgyMzg4MjE4NDNmZjMsIHdpdGggbWVzc2FnZTpwcm9kdWN0IHNldmlsbGUgCisJICAgIGNoYW5nZSA9IGNoYW5nZXNbaV07Ly9BdXRob3JlZCBieTogbGV0aW1vbWUgaW4gY29tbWl0OjcyZmRkMTU1Y2JiMGVhNjJlNzViN2RkMWZmZTgyMzg4MjE4NDNmZjMsIHdpdGggbWVzc2FnZTpwcm9kdWN0IHNldmlsbGUgCisJICAgIGlmIChjaGFuZ2UuYWRkZWQpIHsvL0F1dGhvcmVkIGJ5OiBsZXRpbW9tZSBpbiBjb21taXQ6NzJmZGQxNTVjYmIwZWE2MmU3NWI3ZGQxZmZlODIzODgyMTg0M2ZmMywgd2l0aCBtZXNzYWdlOnByb2R1Y3Qgc2V2aWxsZSAKKwkgICAgICBvcGVyYXRpb24gPSAxOy8vQXV0aG9yZWQgYnk6IGxldGltb21lIGluIGNvbW1pdDo3MmZkZDE1NWNiYjBlYTYyZTc1YjdkZDFmZmU4MjM4ODIxODQzZmYzLCB3aXRoIG1lc3NhZ2U6cHJvZHVjdCBzZXZpbGxlIAorCSAgICB9IGVsc2UgaWYgKGNoYW5nZS5yZW1vdmVkKSB7Ly9BdXRob3JlZCBieTogbGV0aW1vbWUgaW4gY29tbWl0OjcyZmRkMTU1Y2JiMGVhNjJlNzViN2RkMWZmZTgyMzg4MjE4NDNmZjMsIHdpdGggbWVzc2FnZTpwcm9kdWN0IHNldmlsbGUgCisJICAgICAgb3BlcmF0aW9uID0gLTE7Ly9BdXRob3JlZCBieTogbGV0aW1vbWUgaW4gY29tbWl0OjcyZmRkMTU1Y2JiMGVhNjJlNzViN2RkMWZmZTgyMzg4MjE4NDNmZjMsIHdpdGggbWVzc2FnZTpwcm9kdWN0IHNldmlsbGUgCisJICAgIH0gZWxzZSB7Ly9BdXRob3JlZCBieTogbGV0aW1vbWUgaW4gY29tbWl0OjcyZmRkMTU1Y2JiMGVhNjJlNzViN2RkMWZmZTgyMzg4MjE4NDNmZjMsIHdpdGggbWVzc2FnZTpwcm9kdWN0IHNldmlsbGUgCisJICAgICAgb3BlcmF0aW9uID0gMDsvL0F1dGhvcmVkIGJ5OiBsZXRpbW9tZSBpbiBjb21taXQ6NzJmZGQxNTVjYmIwZWE2MmU3NWI3ZGQxZmZlODIzODgyMTg0M2ZmMywgd2l0aCBtZXNzYWdlOnByb2R1Y3Qgc2V2aWxsZSAKKwkgICAgfS8vQXV0aG9yZWQgYnk6IGxldGltb21lIGluIGNvbW1pdDo3MmZkZDE1NWNiYjBlYTYyZTc1YjdkZDFmZmU4MjM4ODIxODQzZmYzLCB3aXRoIG1lc3NhZ2U6cHJvZHVjdCBzZXZpbGxlIAorLy9BdXRob3JlZCBieTogbGV0aW1vbWUgaW4gY29tbWl0OjcyZmRkMTU1Y2JiMGVhNjJlNzViN2RkMWZmZTgyMzg4MjE4NDNmZjMsIHdpdGggbWVzc2FnZTpwcm9kdWN0IHNldmlsbGUgCisJICAgIHJldC5wdXNoKFtvcGVyYXRpb24sIGNoYW5nZS52YWx1ZV0pOy8vQXV0aG9yZWQgYnk6IGxldGltb21lIGluIGNvbW1pdDo3MmZkZDE1NWNiYjBlYTYyZTc1YjdkZDFmZmU4MjM4ODIxODQzZmYzLCB3aXRoIG1lc3NhZ2U6cHJvZHVjdCBzZXZpbGxlIAorCSAgfS8vQXV0aG9yZWQgYnk6IGxldGltb21lIGluIGNvbW1pdDo3MmZkZDE1NWNiYjBlYTYyZTc1YjdkZDFmZmU4MjM4ODIxODQzZmYzLCB3aXRoIG1lc3NhZ2U6cHJvZHVjdCBzZXZpbGxlIAogCQkKIAkJaWYgKGdhbGU9PW51bGwpIHJldHVybjsJCiAJCXZhciBkaWZmMmh0bWxVaSA9IG5ldyBEaWZmMkh0bWxVSSh7ZGlmZjogZGlmZnZhbHVlfSk7Cg==','72fdd155cbb0ea62e75b7dd1ffe8238821843ff3; 72fdd155cbb0ea62e75b7dd1ffe8238821843ff3; 72fdd155cbb0ea62e75b7dd1ffe8238821843ff3; 72fdd155cbb0ea62e75b7dd1ffe8238821843ff3; 72fdd155cbb0ea62e75b7dd1ffe8238821843ff3; 72fdd155cbb0ea62e75b7dd1ffe8238821843ff3; 72fdd155cbb0ea62e75b7dd1ffe8238821843ff3; 72fdd155cbb0ea62e75b7dd1ffe8238821843ff3; 72fdd155cbb0ea62e75b7dd1ffe8238821843ff3; 72fdd155cbb0ea62e75b7dd1ffe8238821843ff3; 72fdd155cbb0ea62e75b7dd1ffe8238821843ff3; 72fdd155cbb0ea62e75b7dd1ffe8238821843ff3; 72fdd155cbb0ea62e75b7dd1ffe8238821843ff3; 72fdd155cbb0ea62e75b7dd1ffe8238821843ff3; 72fdd155cbb0ea62e75b7dd1ffe8238821843ff3; ','product seville
; ','ZGlmZiAtLWdpdCBhL2lucHV0L2pzL3NlbnNvcnMuanMgYi9pbnB1dC9qcy9zZW5zb3JzLmpzCmluZGV4IDU4ZDQ0NDEuLjkyYjQxYWUgMTAwNjQ0Ci0tLSBhL2lucHV0L2pzL3NlbnNvcnMuanMKKysrIGIvaW5wdXQvanMvc2Vuc29ycy5qcwpAQCAtMTEwLDYgKzExMCwyMSBAQAogCQl3YXJuaW5nVGV4dCArPSAod2FybmluZ1RleHQgPT0gJycpID8gJycgOiAnLCAnOwogCQl3YXJuaW5nVGV4dCArPSB3aW5kV2FybmluZzsKIAkJdmFyIGdhbGV2YWx1ZSA9IGdldE1ldGFDb250ZW50QnlOYW1lKCJnYWxlIik7CisJCXZhciByZXQgPSBbXSwKKwkgICAgICBjaGFuZ2UgPSAvKmlzdGFuYnVsIGlnbm9yZSBzdGFydCovdm9pZCAwIC8qaXN0YW5idWwgaWdub3JlIGVuZCovLAorCSAgICAgIG9wZXJhdGlvbiA9IC8qaXN0YW5idWwgaWdub3JlIHN0YXJ0Ki92b2lkIDAgLyppc3RhbmJ1bCBpZ25vcmUgZW5kKi87CisJICBmb3IgKHZhciBpID0gMDsgaSA8IGdhbGV2YWx1ZS5sZW5ndGg7IGkrKykgeworCSAgICBjaGFuZ2UgPSBjaGFuZ2VzW2ldOworCSAgICBpZiAoY2hhbmdlLmFkZGVkKSB7CisJICAgICAgb3BlcmF0aW9uID0gMTsKKwkgICAgfSBlbHNlIGlmIChjaGFuZ2UucmVtb3ZlZCkgeworCSAgICAgIG9wZXJhdGlvbiA9IC0xOworCSAgICB9IGVsc2UgeworCSAgICAgIG9wZXJhdGlvbiA9IDA7CisJICAgIH0KKworCSAgICByZXQucHVzaChbb3BlcmF0aW9uLCBjaGFuZ2UudmFsdWVdKTsKKwkgIH0KIAkJCiAJCWlmIChnYWxlPT1udWxsKSByZXR1cm47CQogCQl2YXIgZGlmZjJodG1sVWkgPSBuZXcgRGlmZjJIdG1sVUkoe2RpZmY6IGRpZmZ2YWx1ZX0pOwo=',23,76,5,'CHANGE_IN_VARIATION_POINT_BODY');
INSERT IGNORE INTO developer_group (id_developer_group) VALUES 
(77);
INSERT IGNORE INTO developer_bridge (id_developer_group,id_developer) VALUES 
(77,1);
INSERT IGNORE INTO developer_bridge (id_developer_group,id_developer) VALUES 
(77,1);
INSERT IGNORE INTO customization_fact (idcustomization, lines_added,lines_deleted,custom_diff,commit_set,message_set,greater_diff,idvariationpoint,id_developer_group, idproductrelease, type) VALUES
(77,2,1,'ZGlmZiAtLWdpdCBhL2lucHV0L2pzL3NldHRpbmdzLmpzIGIvaW5wdXQvanMvc2V0dGluZ3MuanMKaW5kZXggMGM0YTY0My4uOTMyNjgwMyAxMDA2NDQKLS0tIGEvaW5wdXQvanMvc2V0dGluZ3MuanMKKysrIGIvaW5wdXQvanMvc2V0dGluZ3MuanMKQEAgLTExLDYgKzExLDcgQEAgRXhwcmVzc2lvbjogKHB2Omhhc0ZlYXR1cmUoJ0FpclByZXNzdXJlJykpQ2hhbmdlIFR5cGU6IENIQU5HRV9JTl9WQVJJQVRJT05fUE9JTlRfQk9EWQogLy9QVjpJRkNPTkQocHY6aGFzRmVhdHVyZSgnQWlyUHJlc3N1cmUnKSkKIHZhciBtaW5QcmVzID0gOTEwOwogdmFyIG1heFByZXMgPSAxMDQwOwotdmFyIHByZXNTY2FsZSA9ICdoUGEnOwordmFyIHByZXNTY2FsZSA9ICdrUGEnOy8vQXV0aG9yZWQgYnk6IGxldGltb21lIGluIGNvbW1pdDo3MmZkZDE1NWNiYjBlYTYyZTc1YjdkZDFmZmU4MjM4ODIxODQzZmYzLCB3aXRoIG1lc3NhZ2U6cHJvZHVjdCBzZXZpbGxlIAordmFyIHNjYWxlTmFtZSA9J2tpbG9wYXNjYWwnOy8vQXV0aG9yZWQgYnk6IGxldGltb21lIGluIGNvbW1pdDo3MmZkZDE1NWNiYjBlYTYyZTc1YjdkZDFmZmU4MjM4ODIxODQzZmYzLCB3aXRoIG1lc3NhZ2U6cHJvZHVjdCBzZXZpbGxlIAogLy9QVjpFTkRDT05ECiAK','72fdd155cbb0ea62e75b7dd1ffe8238821843ff3; 72fdd155cbb0ea62e75b7dd1ffe8238821843ff3; ','product seville
; ','ZGlmZiAtLWdpdCBhL2lucHV0L2pzL3NldHRpbmdzLmpzIGIvaW5wdXQvanMvc2V0dGluZ3MuanMKaW5kZXggMGM0YTY0My4uOTMyNjgwMyAxMDA2NDQKLS0tIGEvaW5wdXQvanMvc2V0dGluZ3MuanMKKysrIGIvaW5wdXQvanMvc2V0dGluZ3MuanMKQEAgLTExLDcgKzExLDggQEAKIC8vUFY6SUZDT05EKHB2Omhhc0ZlYXR1cmUoJ0FpclByZXNzdXJlJykpCiB2YXIgbWluUHJlcyA9IDkxMDsKIHZhciBtYXhQcmVzID0gMTA0MDsKLXZhciBwcmVzU2NhbGUgPSAnaFBhJzsKK3ZhciBwcmVzU2NhbGUgPSAna1BhJzsKK3ZhciBzY2FsZU5hbWUgPSdraWxvcGFzY2FsJzsKIC8vUFY6RU5EQ09ORAogCiAvL1BWOklGQ09ORChwdjpoYXNGZWF0dXJlKCdXaW5kU3BlZWQnKSkKQEAgLTI0LDcgKzI1LDcgQEAKIC8vUFY6RU5EQ09ORAogCiAvLyBQVjpJRkNPTkQocHY6aGFzRmVhdHVyZSgnRW5nbGlzaCcpKQotdmFyIG1haW5UaXRsZSA9ICdXZWF0aGVyIFN0YXRpb24nOwordmFyIG1haW5UaXRsZSA9ICdTdGF0aW9uIFNldmlsbGUnOwogdmFyIHRlbXBUaXRsZSA9ICdUZW1wZXJhdHVyZSc7CiB2YXIgcHJlc1RpdGxlID0gJ0FpciBQcmVzc3VyZSc7CiB2YXIgdGVtcFdhcm5pbmcgPSAnRXh0cmVtIEhlYXQnOwo=',28,77,5,'CHANGE_IN_VARIATION_POINT_BODY');
